timestamp_s,lap_number,lap_time_s,acc_current_lap_ms,acc_last_lap_ms,acc_best_lap_ms,completed_laps,sector_index,last_sector_ms,is_valid_lap,speed_kmh,throttle,brake,steering,rpm,gear,normalized_position,world_x,world_y,world_z
0.001443400004063733,0,,9140,142092,142092,2,0,0,True,0.0,0.0,0.0,0.0,0,0,0.9230315685272217,-985.7615356445312,3.1099960803985596,-1431.4658203125
2.287763600004837,0,,11400,142092,142092,2,0,0,True,0.0029271149542182684,0.0,1.0,0.0,3037,1,0.9230315685272217,-985.7599487304688,3.1099131107330322,-1431.46484375
2.2985142999968957,0,,11437,142092,142092,2,0,0,True,0.00293828290887177,0.0,1.0,0.0,3037,1,0.9230315685272217,-985.7599487304688,3.109912395477295,-1431.46484375
2.3109689999982947,0,,11450,142092,142092,2,0,0,True,0.0031169229187071323,0.0,0.0,0.0,3037,1,0.9230315685272217,-985.7599487304688,3.109910726547241,-1431.46484375
2.3219581000012113,0,,11450,142092,142092,2,0,0,True,0.003245698055252433,0.0,0.0,0.0,3037,1,0.9230315685272217,-985.7599487304688,3.109910726547241,-1431.46484375
2.333083400008036,0,,11470,142092,142092,2,0,0,True,0.003083164570853114,0.0,0.0,0.0,3037,1,0.9230315685272217,-985.7599487304688,3.109910488128662,-1431.46484375
2.3442437000048812,0,,11480,142092,142092,2,0,0,True,0.0031010592356324196,0.0,0.0,0.0,3037,1,0.9230315685272217,-985.7598876953125,3.109909772872925,-1431.46484375
2.3550262000062503,0,,11492,142092,142092,2,0,0,True,0.0031734390649944544,0.0,0.0,0.0,3037,1,0.9230315685272217,-985.7598876953125,3.1099092960357666,-1431.4647216796875
2.3656820000032894,0,,11502,142092,142092,2,0,0,True,0.0031382874585688114,0.0,0.0,0.0,3037,1,0.9230315685272217,-985.7598876953125,3.1099090576171875,-1431.4647216796875
2.3765918999997666,0,,11515,142092,142092,2,0,0,True,0.0031137848272919655,0.0,0.0,0.0,3037,1,0.9230315685272217,-985.7598876953125,3.1099085807800293,-1431.4647216796875
2.3874433000019053,0,,11525,142092,142092,2,0,0,True,0.003160516731441021,0.0,0.0,0.0,3037,1,0.9230315685272217,-985.7598876953125,3.10990834236145,-1431.4647216796875
2.3985066000022925,0,,11537,142092,142092,2,0,0,True,0.0031407156493514776,0.0,0.0,0.0,3037,1,0.9230315685272217,-985.7598876953125,3.109907865524292,-1431.4647216796875
2.4092203000036534,0,,11547,142092,142092,2,0,0,True,0.0031229855958372355,0.0,0.0,0.0,3037,1,0.9230315685272217,-985.7598876953125,3.109907627105713,-1431.4647216796875
2.4203032000077656,0,,11557,142092,142092,2,0,0,True,0.0031436746940016747,0.0,0.0,0.0,3037,1,0.9230315685272217,-985.7598266601562,3.1099071502685547,-1431.4647216796875
2.4313670999981696,0,,11570,142092,142092,2,0,0,True,0.0031319402623921633,0.0,0.0,0.0,3037,1,0.9230315685272217,-985.7598266601562,3.1099069118499756,-1431.4647216796875
2.4423081999993883,0,,11580,142092,142092,2,0,0,True,0.0031355114188045263,0.0,0.0,0.0,3037,1,0.9230315685272217,-985.7598266601562,3.1099066734313965,-1431.4647216796875
2.452954599997611,0,,11590,142092,142092,2,0,0,True,0.003132124664261937,0.0,0.0,0.0,3037,1,0.9230315685272217,-985.7598266601562,3.1099061965942383,-1431.4647216796875
2.4635198000032688,0,,11600,142092,142092,2,0,0,True,0.0031447275541722775,0.0,0.0,0.0,3037,1,0.9230315685272217,-985.7598266601562,3.109905958175659,-1431.4647216796875
2.474570500009577,0,,11610,142092,142092,2,0,0,True,0.0031300210393965244,0.0,0.0,0.0,3037,1,0.9230315685272217,-985.7598266601562,3.10990571975708,-1431.4647216796875
2.4856522000045516,0,,11620,142092,142092,2,0,0,True,0.003144515212625265,0.0,0.0,0.0,3037,1,0.9230315685272217,-985.7598266601562,3.109905242919922,-1431.4647216796875
2.4966643000079785,0,,11632,142092,142092,2,0,0,True,0.0031394329853355885,0.0,0.0,0.0,3037,1,0.9230315685272217,-985.7598266601562,3.1099050045013428,-1431.4647216796875
2.507727400006843,0,,11642,142092,142092,2,0,0,True,0.0031446514185518026,0.0,0.0,0.0,3037,1,0.9230315685272217,-985.759765625,3.1099045276641846,-1431.4647216796875
2.5188975000055507,0,,11652,142092,142092,2,0,0,True,0.003139393636956811,0.0,0.0,0.0,3037,1,0.9230315685272217,-985.759765625,3.1099042892456055,-1431.4647216796875
2.530293100004201,0,,11665,142092,142092,2,0,0,True,0.003143636044114828,0.0,0.0,0.0,3037,1,0.9230315685272217,-985.759765625,3.1099040508270264,-1431.4647216796875
2.5413761000090744,0,,11675,142092,142092,2,0,0,True,0.003138784086331725,0.0,0.0,0.0,3037,1,0.9230315685272217,-985.759765625,3.109903573989868,-1431.4647216796875
2.55283220000274,0,,11685,142092,142092,2,0,0,True,0.003144045127555728,0.0,0.0,0.0,3037,1,0.9230315685272217,-985.759765625,3.109903335571289,-1431.4647216796875
2.563752200003364,0,,11697,142092,142092,2,0,0,True,0.003138964530080557,0.0,0.0,0.0,3037,1,0.9230315685272217,-985.759765625,3.109902858734131,-1431.4647216796875
2.574912600000971,0,,11717,142092,142092,2,0,0,True,0.003145522205159068,0.0,0.0,0.0,3037,1,0.9230315685272217,-985.759765625,3.1099021434783936,-1431.4647216796875
2.586146000001463,0,,11717,142092,142092,2,0,0,True,0.0031401589512825012,0.0,0.0,0.0,3037,1,0.9230315685272217,-985.759765625,3.1099021434783936,-1431.4647216796875
2.5973231999960262,0,,11740,142092,142092,2,0,0,True,0.0031459631863981485,0.0,0.0,0.0,3037,1,0.9230315685272217,-985.7597045898438,3.1099014282226562,-1431.464599609375
2.608376899996074,0,,11750,142092,142092,2,0,0,True,0.00313961342908442,0.0,0.0,0.0,3037,1,0.9230315685272217,-985.7597045898438,3.109901189804077,-1431.464599609375
2.619490900004166,0,,11762,142092,142092,2,0,0,True,0.0031445275526493788,0.0,0.0,0.0,3037,1,0.9230315685272217,-985.7597045898438,3.109900951385498,-1431.464599609375
2.6305072999966796,0,,11772,142092,142092,2,0,0,True,0.0031387899070978165,0.0,0.0,0.0,3037,1,0.9230315685272217,-985.7597045898438,3.10990047454834,-1431.464599609375
2.641611600003671,0,,11782,142092,142092,2,0,0,True,0.0031312822829931974,0.0,0.0,0.0,3037,1,0.9230315685272217,-985.7597045898438,3.1099002361297607,-1431.464599609375
2.6527043000096455,0,,11795,142092,142092,2,0,0,True,0.003139067906886339,0.0,0.0,0.0,3037,1,0.9230315685272217,-985.7597045898438,3.1098997592926025,-1431.464599609375
2.6639804000005824,0,,11805,142092,142092,2,0,0,True,0.003132181242108345,0.0,0.0,0.0,3037,1,0.9230315685272217,-985.7597045898438,3.1098992824554443,-1431.464599609375
2.6752170999970986,0,,11815,142092,142092,2,0,0,True,0.0031397677958011627,0.0,0.0,0.0,3037,1,0.9230315685272217,-985.7596435546875,3.1098990440368652,-1431.464599609375
2.686470200002077,0,,11827,142092,142092,2,0,0,True,0.0031308564357459545,0.0,0.0,0.0,3037,1,0.9230315685272217,-985.7596435546875,3.109898805618286,-1431.464599609375
2.6972194999980275,0,,11840,142092,142092,2,0,0,True,0.0031377431005239487,0.0,0.0,0.0,3037,1,0.9230315685272217,-985.7596435546875,3.109898328781128,-1431.464599609375
2.7080241000076057,0,,11850,142092,142092,2,0,0,True,0.0031304131262004375,0.0,0.0,0.0,3037,1,0.9230315685272217,-985.7596435546875,3.1098978519439697,-1431.464599609375
2.7190608000091743,0,,11860,142092,142092,2,0,0,True,0.0031436020508408546,0.0,0.0,0.0,3037,1,0.9230315685272217,-985.7596435546875,3.1098976135253906,-1431.464599609375
2.730034499996691,0,,11870,142092,142092,2,0,0,True,0.0031313674990087748,0.0,0.0,0.0,3037,1,0.9230315685272217,-985.7596435546875,3.1098971366882324,-1431.464599609375
2.7412527999986196,0,,11882,142092,142092,2,0,0,True,0.0031448546797037125,0.0,0.0,0.0,3037,1,0.9230315685272217,-985.7596435546875,3.1098968982696533,-1431.464599609375
2.7520635999972,0,,11892,142092,142092,2,0,0,True,0.0031327123288065195,0.0,0.0,0.0,3037,1,0.9230315685272217,-985.7596435546875,3.109896421432495,-1431.464599609375
2.763315700009116,0,,11905,142092,142092,2,0,0,True,0.003144623711705208,0.0,0.0,0.0,3037,1,0.9230315685272217,-985.7595825195312,3.109896183013916,-1431.464599609375
2.7743346000061138,0,,11915,142092,142092,2,0,0,True,0.003139173611998558,0.0,0.0,0.0,3037,1,0.9230315685272217,-985.7595825195312,3.109895706176758,-1431.464599609375
2.7854242000030354,0,,11925,142092,142092,2,0,0,True,0.0031435282435268164,0.0,0.0,0.0,3037,1,0.9230315685272217,-985.7595825195312,3.1098954677581787,-1431.464599609375
2.796375799996895,0,,11937,142092,142092,2,0,0,True,0.0031386660411953926,0.0,0.0,0.0,3037,1,0.9230315685272217,-985.7595825195312,3.1098949909210205,-1431.464599609375
2.8074523999966914,0,,11947,142092,142092,2,0,0,True,0.003144647227600217,0.0,0.0,0.0,3037,1,0.9230315685272217,-985.7595825195312,3.1098945140838623,-1431.464599609375
2.8184391999966465,0,,11960,142092,142092,2,0,0,True,0.0031401722226291895,0.0,0.0,0.0,3037,1,0.9230315685272217,-985.7595825195312,3.109894275665283,-1431.464599609375
2.8294441000034567,0,,11970,142092,142092,2,0,0,True,0.003145843278616667,0.0,0.0,0.0,3037,1,0.9230315685272217,-985.7595825195312,3.109893798828125,-1431.464599609375
2.840666300005978,0,,11980,142092,142092,2,0,0,True,0.0031406208872795105,0.0,0.0,0.0,3037,1,0.9230315685272217,-985.7595825195312,3.109893560409546,-1431.4644775390625
2.851524600002449,0,,11992,142092,142092,2,0,0,True,0.0031317404936999083,0.19215688109397888,0.0,0.0,3090,1,0.9230315685272217,-985.759521484375,3.1098930835723877,-1431.4644775390625
2.862788800004637,0,,12002,142092,142092,2,0,0,True,0.0031390602234750986,0.44705885648727417,0.0,0.0,3239,1,0.9230315685272217,-985.759521484375,3.1098926067352295,-1431.4644775390625
2.8739150000037625,0,,12012,142092,142092,2,0,0,True,0.003130526514723897,0.6705882549285889,0.0,0.0,3528,1,0.9230315685272217,-985.759521484375,3.1098923683166504,-1431.4644775390625
2.8847587000054773,0,,12025,142092,142092,2,0,0,True,0.003139505395665765,0.8666667342185974,0.0,0.0,4006,1,0.9230315685272217,-985.759521484375,3.109891891479492,-1431.4644775390625
2.895722900007968,0,,12035,142092,142092,2,0,0,True,0.0031316664535552263,0.960784375667572,0.0,0.0,4521,1,0.9230315685272217,-985.759521484375,3.109891414642334,-1431.4644775390625
2.9067308000085177,0,,12045,142092,142092,2,0,0,True,0.003144885879009962,0.960784375667572,0.0,0.0,5027,1,0.9230315685272217,-985.759521484375,3.109891176223755,-1431.4644775390625
2.917610500007868,0,,12057,142092,142092,2,0,0,True,0.0031318338587880135,1.0,0.0,0.0,5669,1,0.9230315685272217,-985.759521484375,3.109890937805176,-1431.4644775390625
2.9284024000080535,0,,12067,142092,142092,2,0,0,True,0.003145350143313408,1.0,0.0,0.0,6190,1,0.9230315685272217,-985.759521484375,3.1098904609680176,-1431.4644775390625
2.939582499995595,0,,12077,142092,142092,2,0,0,True,0.0031316077802330256,1.0,0.0,0.0,6824,1,0.9230315685272217,-985.7594604492188,3.1098899841308594,-1431.4644775390625
2.9503819000092335,0,,12090,142092,142092,2,0,0,True,0.0031435033306479454,1.0,0.0,0.0,7155,1,0.9230315685272217,-985.7594604492188,3.1098897457122803,-1431.4644775390625
2.9616532000072766,0,,12100,142092,142092,2,0,0,True,0.003137055318802595,1.0,0.0,0.0,6996,1,0.9230315685272217,-985.7594604492188,3.109889268875122,-1431.4644775390625
2.9725316999974893,0,,12110,142092,142092,2,0,0,True,0.003144004847854376,1.0,0.0,0.0,6796,1,0.9230315685272217,-985.7594604492188,3.109888792037964,-1431.4644775390625
2.983470200008014,0,,12122,142092,142092,2,0,0,True,0.0031386492773890495,1.0,0.0,0.0,6637,1,0.9230315685272217,-985.7594604492188,3.1098885536193848,-1431.4644775390625
2.994518200008315,0,,12132,142092,142092,2,0,0,True,0.003145553870126605,1.0,0.0,0.0,6438,1,0.9230315685272217,-985.7594604492188,3.1098880767822266,-1431.4644775390625
3.005725600000005,0,,12142,142092,142092,2,0,0,True,0.003139512613415718,1.0,0.0,0.0,6279,1,0.9230315685272217,-985.7594604492188,3.1098875999450684,-1431.4644775390625
3.0168282000086037,0,,12155,142092,142092,2,0,0,True,0.0031323516741394997,1.0,0.0,0.0,6121,1,0.9230315685272217,-985.7594604492188,3.1098873615264893,-1431.4644775390625
3.0280297999997856,0,,12165,142092,142092,2,0,0,True,0.003174389945343137,1.0,0.0,0.0,5922,2,0.9230315685272217,-985.7593994140625,3.109886884689331,-1431.4644775390625
3.038912200005143,0,,12175,142092,142092,2,0,0,True,0.014306953176856041,1.0,0.0,0.0,5762,2,0.9230315685272217,-985.7593994140625,3.109886646270752,-1431.4644775390625
3.0497489999979734,0,,12187,142092,142092,2,0,0,True,0.02359982579946518,1.0,0.0,0.0,5559,2,0.9230315685272217,-985.7593994140625,3.1098859310150146,-1431.4644775390625
3.061113200004911,0,,12197,142092,142092,2,0,0,True,0.02909783273935318,1.0,0.0,0.0,4722,2,0.9230315685272217,-985.7593383789062,3.1098835468292236,-1431.46435546875
3.071801800004323,0,,12207,142092,142092,2,0,0,True,0.14011096954345703,1.0,0.0,0.0,4528,2,0.9230315685272217,-985.7593383789062,3.1098811626434326,-1431.46435546875
3.0825179999956163,0,,12220,142092,142092,2,0,0,True,0.3290649950504303,1.0,0.0,0.0,4488,2,0.9230315685272217,-985.75927734375,3.1098837852478027,-1431.46435546875
3.093198900009156,0,,12230,142092,142092,2,0,0,True,0.5468298196792603,1.0,0.0,0.0,4481,2,0.9230315685272217,-985.7593994140625,3.109930992126465,-1431.46484375
3.104224000009708,0,,12240,142092,142092,2,0,0,True,0.7843972444534302,1.0,0.0,0.0,4487,2,0.9230315685272217,-985.7595825195312,3.110015630722046,-1431.4658203125
3.1152466000057757,0,,12252,142092,142092,2,0,0,True,1.0972754955291748,1.0,0.0,0.0,4502,2,0.9230315685272217,-985.760009765625,3.1101396083831787,-1431.46728515625
3.1266696999955457,0,,12262,142092,142092,2,0,0,True,1.3635324239730835,1.0,0.0,0.0,4513,2,0.9230315685272217,-985.7607421875,3.1103358268737793,-1431.4700927734375
3.137822100004996,0,,12272,142092,142092,2,0,0,True,1.7172068357467651,1.0,0.0,0.0,4528,2,0.9230315685272217,-985.7615966796875,3.1105103492736816,-1431.47314453125
3.1489572999998927,0,,12285,142092,142092,2,0,0,True,1.99648118019104,1.0,0.0,0.0,4538,2,0.9230315685272217,-985.7626342773438,3.110684633255005,-1431.4769287109375
3.159980700002052,0,,12295,142092,142092,2,0,0,True,2.3469204902648926,1.0,0.0,0.0,4551,2,0.9230315685272217,-985.7642822265625,3.1108884811401367,-1431.482666015625
3.1711791999987327,0,,12305,142092,142092,2,0,0,True,2.6293091773986816,1.0,0.0,0.0,4561,2,0.9230315685272217,-985.7658081054688,3.1110329627990723,-1431.488037109375
3.182314200006658,0,,12317,142092,142092,2,0,0,True,2.8916404247283936,1.0,0.0,0.0,4573,2,0.9230315685272217,-985.767578125,3.11116361618042,-1431.4942626953125
3.1930470000079367,0,,12337,142092,142092,2,0,0,True,2.8591010570526123,1.0,0.0,0.0,4582,2,0.9230315685272217,-985.7725219726562,3.111447811126709,-1431.5106201171875
3.204334900001413,0,,12337,142092,142092,2,0,0,True,3.109802722930908,1.0,0.0,0.0,4592,2,0.9230315685272217,-985.7725219726562,3.111447811126709,-1431.5106201171875
3.21525950000796,0,,12350,142092,142092,2,0,0,True,3.40374493598938,1.0,0.0,0.0,4602,2,0.9230315685272217,-985.7747802734375,3.111553907394409,-1431.5181884765625
3.2264901000016835,0,,12370,142092,142092,2,0,0,True,3.669172525405884,1.0,0.0,-0.0005101589486002922,4610,2,0.9230315685272217,-985.7803955078125,3.1118931770324707,-1431.53759765625
3.237361699997564,0,,12370,142092,142092,2,0,0,True,3.987900495529175,1.0,0.0,0.0009509328519925475,4619,2,0.9230315685272217,-985.7803955078125,3.1118931770324707,-1431.53759765625
3.2486150000040652,0,,12392,142092,142092,2,0,0,True,4.2581353187561035,1.0,0.0,0.0016748688649386168,4627,2,0.9230315685272217,-985.787109375,3.112423896789551,-1431.560302734375
3.259624400001485,0,,12402,142092,142092,2,0,0,True,4.613080978393555,1.0,0.0,0.002260838635265827,4635,2,0.9230315685272217,-985.7904663085938,3.112729787826538,-1431.571533203125
3.270561199999065,0,,12402,142092,142092,2,0,0,True,4.892117500305176,1.0,0.0,0.002280771266669035,4642,2,0.9230315685272217,-985.7904663085938,3.112729787826538,-1431.571533203125
3.2814242000022205,0,,12425,142092,142092,2,0,0,True,5.125607013702393,1.0,0.0,0.001434227917343378,4648,2,0.9230315685272217,-985.7986450195312,3.1135778427124023,-1431.599609375
3.292362599997432,0,,12435,142092,142092,2,0,0,True,5.287759304046631,1.0,0.0,-0.0025867267977446318,4657,2,0.9230543375015259,-985.8026123046875,3.1139955520629883,-1431.6131591796875
3.3035144000023138,0,,12447,142092,142092,2,0,0,True,5.572556495666504,1.0,0.0,0.0010058635380119085,4663,2,0.9230543375015259,-985.8067016601562,3.1144187450408936,-1431.6270751953125
3.3145622000010917,0,,12457,142092,142092,2,0,0,True,5.923147201538086,1.0,0.0,0.002571526914834976,4670,2,0.9230543375015259,-985.8120727539062,3.114978551864624,-1431.6453857421875
3.3276264000014635,0,,12467,142092,142092,2,0,0,True,6.266483306884766,1.0,0.0,0.0030562570318579674,4676,2,0.9230543375015259,-985.816650390625,3.1154136657714844,-1431.660888671875
3.3384499000094365,0,,12480,142092,142092,2,0,0,True,6.509146690368652,1.0,0.0,0.0007501424406655133,4682,2,0.9230543375015259,-985.8214111328125,3.115854501724243,-1431.6771240234375
3.349423300009221,0,,12490,142092,142092,2,0,0,True,6.774186134338379,1.0,0.0,-0.001328416634351015,4688,2,0.9230543375015259,-985.8275756835938,3.116417407989502,-1431.698486328125
3.3605014000058873,0,,12500,142092,142092,2,0,0,True,7.042335510253906,1.0,0.0,-0.00012521885219030082,4693,2,0.9230543375015259,-985.832763671875,3.1168768405914307,-1431.716064453125
3.3711490999994567,0,,12512,142092,142092,2,0,0,True,7.309985637664795,1.0,0.0,0.0001033851585816592,4698,2,0.9230543375015259,-985.838134765625,3.1173715591430664,-1431.734375
3.382433000006131,0,,12522,142092,142092,2,0,0,True,7.622848033905029,1.0,0.0,0.0008270262042060494,4704,2,0.9230771660804749,-985.8450927734375,3.118056535720825,-1431.75830078125
3.3935341000033077,0,,12532,142092,142092,2,0,0,True,7.864771366119385,1.0,0.0,-0.00014101345732342452,4709,2,0.9230771660804749,-985.8508911132812,3.1186606884002686,-1431.7781982421875
3.4046349999989616,0,,12545,142092,142092,2,0,0,True,8.19803524017334,1.0,0.0,0.0007432468119077384,4714,2,0.9230771660804749,-985.8568725585938,3.119306802749634,-1431.798828125
3.4156207000050927,0,,12555,142092,142092,2,0,0,True,8.45705509185791,1.0,0.0,0.00042582000605762005,4718,2,0.9230771660804749,-985.8645629882812,3.120173931121826,-1431.825439453125
3.4261919999989914,0,,12565,142092,142092,2,0,0,True,8.705596923828125,1.0,0.0,-8.307183452416211e-05,4722,2,0.9230771660804749,-985.8710327148438,3.120903968811035,-1431.8475341796875
3.4370601999980863,0,,12577,142092,142092,2,0,0,True,9.037402153015137,1.0,0.0,0.000673846690915525,4727,2,0.9230771660804749,-985.8776245117188,3.1216554641723633,-1431.870361328125
3.447904300002847,0,,12587,142092,142092,2,0,0,True,9.295654296875,1.0,0.0,0.0006269450532272458,4731,2,0.9230771660804749,-985.88623046875,3.1226186752319336,-1431.8997802734375
3.4589284999965457,0,,12597,142092,142092,2,0,0,True,9.55534839630127,1.0,0.0,0.0005262227496132255,4734,2,0.9230999946594238,-985.893310546875,3.1234004497528076,-1431.9241943359375
3.4698169000039343,0,,12610,142092,142092,2,0,0,True,9.882530212402344,1.0,0.0,0.0007508296985179186,4739,2,0.9230999946594238,-985.900634765625,3.1241884231567383,-1431.94921875
3.4808150000026217,0,,12620,142092,142092,2,0,0,True,10.144304275512695,1.0,0.0,0.0009971256367862225,4742,2,0.9230999946594238,-985.9100341796875,3.125180244445801,-1431.9814453125
3.4919756000017514,0,,12630,142092,142092,2,0,0,True,10.473363876342773,1.0,0.0,0.0008895067730918527,4746,2,0.9230999946594238,-985.9177856445312,3.12597918510437,-1432.008056640625
3.502784199998132,0,,12642,142092,142092,2,0,0,True,10.738171577453613,1.0,0.0,0.0007126795244403183,4750,2,0.9230999946594238,-985.9257202148438,3.1267857551574707,-1432.035400390625
3.5140817000065,0,,12652,142092,142092,2,0,0,True,11.004921913146973,1.0,0.0,0.0008461673278361559,4753,2,0.923122763633728,-985.9359741210938,3.127810001373291,-1432.070556640625
3.5253566000028513,0,,12662,142092,142092,2,0,0,True,11.340104103088379,1.0,0.0,0.0007778277504257858,4757,2,0.923122763633728,-985.9443969726562,3.1286470890045166,-1432.099365234375
3.5364084000029834,0,,12675,142092,142092,2,0,0,True,11.608053207397461,1.0,0.0,0.0006978081655688584,4760,2,0.923122763633728,-985.9530639648438,3.129504919052124,-1432.1290283203125
3.5475146000098903,0,,12685,142092,142092,2,0,0,True,11.938889503479004,1.0,0.0,0.0001678318076301366,4763,2,0.923122763633728,-985.964111328125,3.1306099891662598,-1432.1669921875
3.5584648000076413,0,,12695,142092,142092,2,0,0,True,12.208709716796875,1.0,0.0,0.0003246883279643953,4766,2,0.923122763633728,-985.9732666015625,3.1315226554870605,-1432.1982421875
3.5700781000050483,0,,12707,142092,142092,2,0,0,True,12.544817924499512,1.0,0.0,0.0003935825079679489,4770,2,0.923145592212677,-985.9825439453125,3.1324613094329834,-1432.2301025390625
3.581087500002468,0,,12717,142092,142092,2,0,0,True,12.813958168029785,1.0,0.0,0.0003967299999203533,4772,2,0.923145592212677,-985.9945068359375,3.133671760559082,-1432.27099609375
3.5921150000067428,0,,12727,142092,142092,2,0,0,True,13.151274681091309,1.0,0.0,0.0005805658875033259,4776,2,0.923145592212677,-986.0042724609375,3.1346683502197266,-1432.3045654296875
3.603221900004428,0,,12740,142092,142092,2,0,0,True,13.421687126159668,1.0,0.0,0.0007513070595450699,4778,2,0.923145592212677,-986.0142822265625,3.1356890201568604,-1432.3387451171875
3.614048900009948,0,,12750,142092,142092,2,0,0,True,13.691898345947266,1.0,0.0,0.0008600039291195571,4781,2,0.923168420791626,-986.027099609375,3.1369941234588623,-1432.382568359375
3.6252357000048505,0,,12760,142092,142092,2,0,0,True,14.030106544494629,1.0,0.0,0.0008468434098176658,4784,2,0.923168420791626,-986.03759765625,3.138059139251709,-1432.41845703125
3.636431699997047,0,,12772,142092,142092,2,0,0,True,14.301774024963379,1.0,0.0,0.00092818692792207,4786,2,0.923168420791626,-986.0482788085938,3.1391408443450928,-1432.455078125
3.6472947000002023,0,,12785,142092,142092,2,0,0,True,14.64283561706543,1.0,0.0,0.0010336079867556691,4789,2,0.923168420791626,-986.0619506835938,3.140512704849243,-1432.5018310546875
3.6583926000021165,0,,12792,142092,142092,2,0,0,True,14.917464256286621,1.0,0.0,0.0010624241549521685,4791,2,0.923191249370575,-986.075927734375,3.1419036388397217,-1432.5496826171875
3.6699799000052735,0,,12805,142092,142092,2,0,0,True,15.262433052062988,1.0,0.0,0.0009996588341891766,4794,2,0.923191249370575,-986.08447265625,3.142747640609741,-1432.5789794921875
3.6809016000042902,0,,12825,142092,142092,2,0,0,True,15.539517402648926,1.0,0.0,0.0008403125684708357,4796,2,0.923191249370575,-986.11083984375,3.1453309059143066,-1432.669189453125
3.69199479999952,0,,12825,142092,142092,2,0,0,True,15.886188507080078,1.0,0.0,0.0007681096903979778,4799,2,0.923191249370575,-986.11083984375,3.1453309059143066,-1432.669189453125
3.7031046000047354,0,,12837,142092,142092,2,0,0,True,16.163204193115234,1.0,0.0,0.000763343705330044,4801,2,0.9232140183448792,-986.1228637695312,3.146510601043701,-1432.7105712890625
3.714022800006205,0,,12857,142092,142092,2,0,0,True,16.43817710876465,1.0,0.0,0.0006914360565133393,4803,2,0.9232140183448792,-986.15087890625,3.149251937866211,-1432.8062744140625
3.725215800004662,0,,12857,142092,142092,2,0,0,True,16.783565521240234,1.0,0.0,0.0008575924439355731,4805,2,0.9232140183448792,-986.15087890625,3.149251937866211,-1432.8062744140625
3.7365066000056686,0,,12880,142092,142092,2,0,0,True,17.060699462890625,1.0,0.0,0.0009577918681316078,4807,2,0.9232368469238281,-986.179931640625,3.1521213054656982,-1432.9056396484375
3.7472910000069533,0,,12890,142092,142092,2,0,0,True,17.407413482666016,1.0,0.0,0.0010398889426141977,4810,2,0.9232368469238281,-986.1931762695312,3.153437376022339,-1432.9510498046875
3.7584043000097154,0,,12902,142092,142092,2,0,0,True,17.685365676879883,1.0,0.0,0.0010409714886918664,4811,2,0.9232368469238281,-986.2066650390625,3.154777765274048,-1432.9970703125
3.769666699998197,0,,12912,142092,142092,2,0,0,True,18.033958435058594,1.0,0.0,0.0010580531088635325,4814,2,0.9232596755027771,-986.2238159179688,3.1564879417419434,-1433.0557861328125
3.780505400005495,0,,12922,142092,142092,2,0,0,True,18.313518524169922,1.0,0.0,0.0010570548474788666,4815,2,0.9232596755027771,-986.23779296875,3.1578850746154785,-1433.1036376953125
3.791693300008774,0,,12935,142092,142092,2,0,0,True,18.59337043762207,1.0,0.0,0.0010512550361454487,4817,2,0.9232596755027771,-986.251953125,3.1593105792999268,-1433.152099609375
3.8025583999988157,0,,12945,142092,142092,2,0,0,True,18.942960739135742,1.0,0.0,0.001054495689459145,4819,2,0.9232824444770813,-986.27001953125,3.161134958267212,-1433.2138671875
3.8134875999967335,0,,12955,142092,142092,2,0,0,True,19.222532272338867,1.0,0.0,0.0010793177643790841,4821,2,0.9232824444770813,-986.2847290039062,3.162630319595337,-1433.2640380859375
3.82468869999866,0,,12967,142092,142092,2,0,0,True,19.571969985961914,1.0,0.0,0.0011462976690381765,4823,2,0.9233052730560303,-986.2996215820312,3.1641581058502197,-1433.31494140625
3.8354242000059457,0,,12977,142092,142092,2,0,0,True,19.851680755615234,1.0,0.0,0.0011883450206369162,4825,2,0.9233052730560303,-986.318603515625,3.16611385345459,-1433.379638671875
3.846681000009994,0,,12987,142092,142092,2,0,0,True,20.131595611572266,1.0,0.0,0.001285706995986402,4826,2,0.9233052730560303,-986.333984375,3.1677145957946777,-1433.432373046875
3.8578825000004144,0,,13000,142092,142092,2,0,0,True,20.481788635253906,1.0,0.0,0.0013462570495903492,4829,2,0.9233281016349792,-986.349609375,3.169346332550049,-1433.4857177734375
3.8685688999976264,0,,13010,142092,142092,2,0,0,True,20.762086868286133,1.0,0.0,0.0015115471323952079,4830,2,0.9233281016349792,-986.3695068359375,3.171426296234131,-1433.553466796875
3.879742000004626,0,,13020,142092,142092,2,0,0,True,21.112621307373047,1.0,0.0,0.0016144609544426203,4832,2,0.9233281016349792,-986.3856201171875,3.1731204986572266,-1433.6085205078125
3.8906912000093143,0,,13032,142092,142092,2,0,0,True,21.39330291748047,1.0,0.0,0.0018821489065885544,4833,2,0.9233509302139282,-986.4019775390625,3.1748392581939697,-1433.664306640625
3.9016233000002103,0,,13042,142092,142092,2,0,0,True,21.674184799194336,1.0,0.0,0.002041914965957403,4835,2,0.9233509302139282,-986.4227294921875,3.177020311355591,-1433.7349853515625
3.9126554999966174,0,,13052,142092,142092,2,0,0,True,22.02454376220703,1.0,0.0,0.00237192097119987,4837,2,0.9233736991882324,-986.4395751953125,3.178788185119629,-1433.79248046875
3.923714700009441,0,,13065,142092,142092,2,0,0,True,22.30350112915039,1.0,0.0,0.0025424885097891092,4838,2,0.9233736991882324,-986.4566040039062,3.180572986602783,-1433.8507080078125
3.9347749000007752,0,,13075,142092,142092,2,0,0,True,22.65100860595703,1.0,0.0,0.002938621211796999,4840,2,0.9233736991882324,-986.4782104492188,3.182819128036499,-1433.924560546875
3.9461510999972234,0,,13085,142092,142092,2,0,0,True,22.929824829101562,1.0,0.0,0.0031896508298814297,4842,2,0.9233965277671814,-986.4957275390625,3.184622049331665,-1433.9844970703125
3.95710610000242,0,,13097,142092,142092,2,0,0,True,23.280458450317383,1.0,0.0,0.0036494829691946507,4843,2,0.9233965277671814,-986.513427734375,3.186429023742676,-1434.045166015625
3.968259000001126,0,,13107,142092,142092,2,0,0,True,23.56364631652832,1.0,0.0,0.0038388504181057215,4845,2,0.9234193563461304,-986.535888671875,3.1887006759643555,-1434.1219482421875
3.9792236000066623,0,,13117,142092,142092,2,0,0,True,23.849573135375977,1.0,0.0,0.00394781120121479,4846,2,0.9234193563461304,-986.5540771484375,3.1905357837677,-1434.184326171875
3.990198600004078,0,,13130,142092,142092,2,0,0,True,24.21021270751953,1.0,0.0,0.003917395137250423,4848,2,0.9234421253204346,-986.5724487304688,3.192392110824585,-1434.2474365234375
4.001514700008556,0,,13140,142092,142092,2,0,0,True,24.50037956237793,1.0,0.0,0.003816557815298438,4849,2,0.9234421253204346,-986.5957641601562,3.1947474479675293,-1434.327392578125
4.01229310000781,0,,13150,142092,142092,2,0,0,True,24.863990783691406,1.0,0.0,0.0036221235059201717,4851,2,0.9234649538993835,-986.6146850585938,3.1966614723205566,-1434.3922119140625
4.023241800008691,0,,13162,142092,142092,2,0,0,True,25.154958724975586,1.0,0.0,0.003501679515466094,4852,2,0.9234649538993835,-986.6338500976562,3.1986029148101807,-1434.457763671875
4.033949899996514,0,,13172,142092,142092,2,0,0,True,25.445518493652344,1.0,0.0,0.0032024364918470383,4853,2,0.9234649538993835,-986.6580810546875,3.2010676860809326,-1434.5408935546875
4.045190000004368,0,,13182,142092,142092,2,0,0,True,25.807743072509766,1.0,0.0,0.0030575080309063196,4855,2,0.9234877824783325,-986.677734375,3.2030701637268066,-1434.608154296875
4.056202000007033,0,,13195,142092,142092,2,0,0,True,26.096433639526367,1.0,0.0,0.00281770178116858,4856,2,0.9234877824783325,-986.6976928710938,3.2051000595092773,-1434.67626953125
4.067122300009942,0,,13205,142092,142092,2,0,0,True,26.45627784729004,1.0,0.0,0.002730882726609707,4857,2,0.9235106110572815,-986.722900390625,3.2076773643493652,-1434.762451171875
4.078145999999833,0,,13215,142092,142092,2,0,0,True,26.7435245513916,1.0,0.0,0.0026444520335644484,4859,2,0.9235106110572815,-986.743408203125,3.2097713947296143,-1434.832275390625
4.089170699997339,0,,13227,142092,142092,2,0,0,True,27.03037452697754,1.0,0.0,0.0026206187903881073,4860,2,0.9235333800315857,-986.7640991210938,3.2118935585021973,-1434.9029541015625
4.100187999996706,0,,13237,142092,142092,2,0,0,True,27.388065338134766,1.0,0.0,0.0026072345208376646,4861,2,0.9235333800315857,-986.7903442382812,3.2145848274230957,-1434.9921875
4.1107855000009295,0,,13247,142092,142092,2,0,0,True,27.674392700195312,1.0,0.0,0.002543237991631031,4863,2,0.9235562086105347,-986.8115844726562,3.216766595840454,-1435.064453125
4.121849900009693,0,,13260,142092,142092,2,0,0,True,28.03305435180664,1.0,0.0,0.002448541345074773,4864,2,0.9235562086105347,-986.8331298828125,3.2189712524414062,-1435.1375732421875
4.132462599998689,0,,13270,142092,142092,2,0,0,True,28.32029914855957,1.0,0.0,0.002408955479040742,4865,2,0.9235790371894836,-986.8603515625,3.2217588424682617,-1435.2298583984375
4.1436967000045115,0,,13280,142092,142092,2,0,0,True,28.607425689697266,1.0,0.0,0.002409942215308547,4866,2,0.9236018061637878,-986.8823852539062,3.224013566970825,-1435.3046875
4.155926999999792,0,,13292,142092,142092,2,0,0,True,28.96630859375,1.0,0.0,0.0024544193875044584,4868,2,0.9236018061637878,-986.9046020507812,3.226289749145508,-1435.380126953125
4.1668353999994,0,,13302,142092,142092,2,0,0,True,29.253772735595703,1.0,0.0,0.00249659176915884,4869,2,0.9236246347427368,-986.9328002929688,3.2291622161865234,-1435.4757080078125
4.177575900001102,0,,13312,142092,142092,2,0,0,True,29.613832473754883,1.0,0.0,0.0025760396383702755,4870,2,0.9236246347427368,-986.95556640625,3.2314789295196533,-1435.5528564453125
4.1887114999990445,0,,13325,142092,142092,2,0,0,True,29.902433395385742,1.0,0.0,0.002611192176118493,4872,2,0.9236474633216858,-986.978515625,3.233809232711792,-1435.630859375
4.199867999996059,0,,13335,142092,142092,2,0,0,True,30.264347076416016,1.0,0.0,0.002721009775996208,4873,2,0.9236474633216858,-987.0076293945312,3.23673415184021,-1435.7294921875
4.2110424999991665,0,,13345,142092,142092,2,0,0,True,30.55436134338379,1.0,0.0,0.0028039193712174892,4874,2,0.9236924052238464,-987.0311279296875,3.2390782833099365,-1435.8092041015625
4.222154500006582,0,,13357,142092,142092,2,0,0,True,30.916601181030273,1.0,0.0,0.002936918055638671,4875,2,0.9236924052238464,-987.0548095703125,3.2414257526397705,-1435.8897705078125
4.233477700006915,0,,13377,142092,142092,2,0,0,True,31.20612907409668,1.0,0.0,0.0029750822577625513,4877,2,0.9237138032913208,-987.1090698242188,3.2467408180236816,-1436.07373046875
4.244370800006436,0,,13377,142092,142092,2,0,0,True,31.568464279174805,1.0,0.0,0.0029244760517030954,4878,2,0.9237138032913208,-987.1090698242188,3.2467408180236816,-1436.07373046875
4.255380700007663,0,,13400,142092,142092,2,0,0,True,31.858257293701172,1.0,0.0,0.0027989596128463745,4879,2,0.9237352609634399,-987.1644287109375,3.25215482711792,-1436.2615966796875
4.2664744000067,0,,13410,142092,142092,2,0,0,True,32.14790725708008,1.0,0.0,0.002564478199928999,4880,2,0.9237566590309143,-987.189453125,3.254605770111084,-1436.3463134765625
4.277499400006491,0,,13410,142092,142092,2,0,0,True,32.51044464111328,1.0,0.0,0.002486584708094597,4881,2,0.9237566590309143,-987.189453125,3.254605770111084,-1436.3463134765625
4.288334400000167,0,,13432,142092,142092,2,0,0,True,32.80302047729492,1.0,0.0,0.0025697029195725918,4882,2,0.9237781167030334,-987.2465209960938,3.2602334022521973,-1436.539794921875
4.299228999996558,0,,13442,142092,142092,2,0,0,True,33.09903335571289,1.0,0.0,0.0027265020180493593,4883,2,0.9237781167030334,-987.2722778320312,3.2627902030944824,-1436.6270751953125
4.310818400001153,0,,13455,142092,142092,2,0,0,True,33.47029113769531,1.0,0.0,0.0027037987019866705,4884,2,0.9237995147705078,-987.2982788085938,3.265387535095215,-1436.7152099609375
4.32374439999694,0,,13465,142092,142092,2,0,0,True,33.84088134765625,1.0,0.0,0.0025993126910179853,4886,2,0.923820972442627,-987.3311157226562,3.2686970233917236,-1436.8262939453125
4.334572000007029,0,,13475,142092,142092,2,0,0,True,34.21040344238281,1.0,0.0,0.0023422823287546635,4887,2,0.923820972442627,-987.3576049804688,3.2713942527770996,-1436.9161376953125
4.345567299998947,0,,13487,142092,142092,2,0,0,True,34.50539779663086,1.0,0.0,0.0021994810085743666,4888,2,0.9238423705101013,-987.3843994140625,3.274132490158081,-1437.0067138671875
4.356778300003498,0,,13497,142092,142092,2,0,0,True,34.79969787597656,1.0,0.0,0.0019412407418712974,4889,2,0.9238638281822205,-987.418212890625,3.2776038646698,-1437.12109375
4.367609100008849,0,,13507,142092,142092,2,0,0,True,35.16611099243164,1.0,0.0,0.0018167400266975164,4890,2,0.9238852858543396,-987.445556640625,3.2804136276245117,-1437.2135009765625
4.378504699998302,0,,13520,142092,142092,2,0,0,True,35.45781326293945,1.0,0.0,0.0016306539764627814,4891,2,0.9238852858543396,-987.47314453125,3.283250331878662,-1437.306640625
4.389658500003861,0,,13530,142092,142092,2,0,0,True,35.820335388183594,1.0,0.0,0.0016107873525470495,4892,2,0.923906683921814,-987.5079956054688,3.286834239959717,-1437.424072265625
4.400795100009418,0,,13540,142092,142092,2,0,0,True,36.10856628417969,1.0,0.0,0.0017967524472624063,4893,2,0.9239281415939331,-987.5361328125,3.28973126411438,-1437.5189208984375
4.41191290000279,0,,13552,142092,142092,2,0,0,True,36.39555740356445,1.0,0.0,0.0019656342919915915,4894,2,0.9239281415939331,-987.5645141601562,3.292651891708374,-1437.6146240234375
4.422931100009009,0,,13562,142092,142092,2,0,0,True,36.752994537353516,1.0,0.0,0.002321700332686305,4896,2,0.9239495396614075,-987.600341796875,3.296330213546753,-1437.7352294921875
4.433724800008349,0,,13572,142092,142092,2,0,0,True,37.03800964355469,1.0,0.0,0.0024656483437865973,4897,2,0.9239709973335266,-987.6292724609375,3.299290657043457,-1437.83251953125
4.444556500006001,0,,13585,142092,142092,2,0,0,True,37.39423370361328,1.0,0.0,0.0027353649493306875,4898,2,0.923992395401001,-987.6583862304688,3.3022658824920654,-1437.9306640625
4.455353500001365,0,,13595,142092,142092,2,0,0,True,37.678749084472656,1.0,0.0,0.002797659719362855,4899,2,0.923992395401001,-987.6951293945312,3.306009531021118,-1438.0543212890625
4.466711900007795,0,,13605,142092,142092,2,0,0,True,37.96131896972656,1.0,0.0,0.0027634622529149055,4900,2,0.9240138530731201,-987.7247924804688,3.309025526046753,-1438.1541748046875
4.477599200006807,0,,13617,142092,142092,2,0,0,True,38.31293869018555,1.0,0.0,0.002565765520557761,4902,2,0.9240352511405945,-987.7546997070312,3.3120574951171875,-1438.2547607421875
4.488592499998049,0,,13627,142092,142092,2,0,0,True,38.59543991088867,1.0,0.0,0.002516246633604169,4903,2,0.9240567088127136,-987.7923583984375,3.315861225128174,-1438.3814697265625
4.499886200006586,0,,13637,142092,142092,2,0,0,True,38.953407287597656,1.0,0.0,0.0026379332412034273,4905,2,0.9240567088127136,-987.8226928710938,3.318910598754883,-1438.4837646484375
4.5110990999965,0,,13650,142092,142092,2,0,0,True,39.243892669677734,1.0,0.0,0.0027938238345086575,4906,2,0.924078106880188,-987.853271484375,3.3219666481018066,-1438.5867919921875
4.522022100005415,0,,13660,142092,142092,2,0,0,True,39.611175537109375,1.0,0.0,0.003063614247366786,4907,2,0.9240995645523071,-987.891845703125,3.3257997035980225,-1438.7166748046875
4.533098100000643,0,,13670,142092,142092,2,0,0,True,39.906166076660156,1.0,0.0,0.0032644872553646564,4908,2,0.9241209626197815,-987.9229125976562,3.328871488571167,-1438.8214111328125
4.544105900000432,0,,13682,142092,142092,2,0,0,True,40.20069885253906,1.0,0.0,0.003233720315620303,4252,2,0.9241424202919006,-987.9542846679688,3.331934928894043,-1438.927001953125
4.555339600003208,0,,13692,142092,142092,2,0,0,True,40.56707000732422,1.0,0.0,0.0032852415461093187,3153,2,0.924163818359375,-987.9937744140625,3.33573579788208,-1439.0599365234375
4.566336200005026,0,,13702,142092,142092,2,0,0,True,40.85036849975586,1.0,0.0,0.002869838150218129,2807,2,0.924163818359375,-988.0255737304688,3.338761568069458,-1439.167236328125
4.5774245000066,0,,13715,142092,142092,2,0,0,True,40.990699768066406,1.0,0.0,0.0004081168444827199,3298,2,0.9241852760314941,-988.0576782226562,3.3417916297912598,-1439.275390625
4.588361700007226,0,,13725,142092,142092,2,0,0,True,41.29222869873047,1.0,0.0,0.0005220648017711937,3451,2,0.9242067337036133,-988.0980834960938,3.3455748558044434,-1439.4114990234375
4.599457200005418,0,,13735,142092,142092,2,0,0,True,41.627403259277344,1.0,0.0,0.0009056511335074902,3531,2,0.9242281317710876,-988.1305541992188,3.3485772609710693,-1439.5206298828125
4.610476500005461,0,,13747,142092,142092,2,0,0,True,41.910221099853516,1.0,0.0,0.002670107875019312,2811,2,0.9242495894432068,-988.163330078125,3.351597547531128,-1439.630615234375
4.621507800009567,0,,13757,142092,142092,2,0,0,True,42.1953125,1.0,0.0,0.0025852001272141933,2646,2,0.9242495894432068,-988.2046508789062,3.3554019927978516,-1439.76904296875
4.632408100005705,0,,13767,142092,142092,2,0,0,True,42.46806716918945,1.0,0.0,0.00025813665706664324,2888,2,0.9242709875106812,-988.2379150390625,3.3584914207458496,-1439.8807373046875
4.64326820000133,0,,13780,142092,142092,2,0,0,True,42.738807678222656,1.0,0.0,-0.00038457231130450964,3021,2,0.9242924451828003,-988.271484375,3.361628770828247,-1439.9930419921875
4.65433910000138,0,,13790,142092,142092,2,0,0,True,43.01152801513672,1.0,0.0,-0.0006015831022523344,3109,2,0.9243138432502747,-988.313720703125,3.3655993938446045,-1440.13427734375
4.66556120000314,0,,13800,142092,142092,2,0,0,True,43.38492965698242,1.0,0.0,-0.0003630383580457419,3160,2,0.9243353009223938,-988.3477783203125,3.3688342571258545,-1440.248046875
4.676333399998839,0,,13812,142092,142092,2,0,0,True,43.69001007080078,1.0,0.0,0.011680249124765396,3179,2,0.9243566989898682,-988.382080078125,3.372124433517456,-1440.3626708984375
4.687444099996355,0,,13822,142092,142092,2,0,0,True,44.07636260986328,1.0,0.0,0.019249077886343002,3172,2,0.9243566989898682,-988.4253540039062,3.3763272762298584,-1440.5068359375
4.698483100000885,0,,13832,142092,142092,2,0,0,True,44.384979248046875,1.0,0.0,0.027503948658704758,3008,2,0.9243566989898682,-988.4602661132812,3.379772901535034,-1440.6231689453125
4.709576900000684,0,,13847,142092,142092,2,0,0,True,44.76997756958008,1.0,0.0,0.03125379607081413,3019,2,0.9244012832641602,-988.4953002929688,3.383296251296997,-1440.740234375
4.720538399997167,0,,13857,142092,142092,2,0,0,True,45.07426834106445,1.0,0.0,0.010119013488292694,3069,2,0.92442387342453,-988.54833984375,3.3887012004852295,-1440.9176025390625
4.731667800006107,0,,13867,142092,142092,2,0,0,True,45.37909698486328,1.0,0.0,0.016109216958284378,3109,2,0.9244464635848999,-988.5838623046875,3.3923656940460205,-1441.0367431640625
4.742774199999985,0,,13880,142092,142092,2,0,0,True,45.747642517089844,1.0,0.0,0.014299804344773293,3163,2,0.9244690537452698,-988.61962890625,3.396073818206787,-1441.1568603515625
4.7537986999959685,0,,13890,142092,142092,2,0,0,True,46.035221099853516,1.0,0.0,0.015130792744457722,3222,2,0.9244916439056396,-988.6646728515625,3.400763988494873,-1441.3079833984375
4.7651869999972405,0,,13900,142092,142092,2,0,0,True,46.3856201171875,1.0,0.0,0.014719920232892036,3227,2,0.9245141744613647,-988.700927734375,3.4045424461364746,-1441.4298095703125
4.77593760000309,0,,13912,142092,142092,2,0,0,True,46.66575241088867,1.0,0.0,0.029422111809253693,2963,2,0.9245367646217346,-988.7373657226562,3.4083187580108643,-1441.552490234375
4.7870010000042384,0,,13922,142092,142092,2,0,0,True,47.01554870605469,1.0,0.0,0.009922913275659084,3138,2,0.9245593547821045,-988.783203125,3.413020372390747,-1441.706787109375
4.798067499999888,0,,13932,142092,142092,2,0,0,True,47.28368377685547,1.0,0.0,0.017525475472211838,3257,2,0.9245593547821045,-988.8200073242188,3.416774272918701,-1441.8311767578125
4.809069299997645,0,,13945,142092,142092,2,0,0,True,47.5695686340332,1.0,0.0,0.0153940599411726,3342,2,0.9245819449424744,-988.8570556640625,3.420525312423706,-1441.9561767578125
4.8201103000028525,0,,13955,142092,142092,2,0,0,True,47.93798828125,1.0,0.0,0.015686331316828728,3417,2,0.9246045351028442,-988.903564453125,3.425232410430908,-1442.1136474609375
4.831141400005436,0,,13967,142092,142092,2,0,0,True,48.24179458618164,1.0,0.0,0.01533519383519888,3460,2,0.9246271252632141,-988.9409790039062,3.4290318489074707,-1442.2403564453125
4.8422432000079425,0,,13980,142092,142092,2,0,0,True,48.629459381103516,1.0,0.0,0.01490337960422039,3466,2,0.924649715423584,-988.9880981445312,3.433838129043579,-1442.39990234375
4.8531535000074655,0,,13990,142092,142092,2,0,0,True,48.94140625,1.0,0.0,0.014503274112939835,3297,2,0.9246722459793091,-989.0355224609375,3.438710927963257,-1442.560791015625
4.8640852000098675,0,,14000,142092,142092,2,0,0,True,49.251060485839844,1.0,0.0,0.014839640818536282,3328,2,0.924694836139679,-989.07373046875,3.4426493644714355,-1442.6904296875
4.875223399998504,0,,14012,142092,142092,2,0,0,True,49.63640594482422,1.0,0.0,0.015009566210210323,3406,2,0.9247174263000488,-989.1121215820312,3.4466142654418945,-1442.8209228515625
4.886285000000498,0,,14022,142092,142092,2,0,0,True,49.943687438964844,1.0,0.0,0.014855317771434784,3454,2,0.9247400164604187,-989.160400390625,3.451587438583374,-1442.985107421875
4.897258099997998,0,,14032,142092,142092,2,0,0,True,50.323699951171875,1.0,0.0,0.0150300282984972,3511,2,0.9247626066207886,-989.1992797851562,3.455573558807373,-1443.1175537109375
4.908309400008875,0,,14045,142092,142092,2,0,0,True,50.62615203857422,1.0,0.0,0.015067804604768753,3557,2,0.9247851967811584,-989.2383422851562,3.459578037261963,-1443.2506103515625
4.919434399998863,0,,14055,142092,142092,2,0,0,True,50.9288444519043,1.0,0.0,0.01476218830794096,3574,2,0.9248077273368835,-989.2874755859375,3.4646334648132324,-1443.4183349609375
4.930379199999152,0,,14067,142092,142092,2,0,0,True,51.30697250366211,1.0,0.0,0.027916038408875465,3403,2,0.9248303174972534,-989.3269653320312,3.468733310699463,-1443.5533447265625
4.941400199997588,0,,14080,142092,142092,2,0,0,True,51.607627868652344,1.0,0.0,0.006066963076591492,3508,2,0.9248529076576233,-989.3766479492188,3.473942279815674,-1443.72314453125
4.9526717999979155,0,,14090,142092,142092,2,0,0,True,51.982051849365234,1.0,0.0,0.01301919762045145,3606,2,0.9248754978179932,-989.4265747070312,3.4792399406433105,-1443.8944091796875
4.963685700000497,0,,14100,142092,142092,2,0,0,True,52.2828254699707,1.0,0.0,0.012487188912928104,3662,2,0.924898087978363,-989.4667358398438,3.483527898788452,-1444.0322265625
4.974873099999968,0,,14112,142092,142092,2,0,0,True,52.6652717590332,1.0,0.0,0.013315415009856224,3716,2,0.9249206781387329,-989.5071411132812,3.4878664016723633,-1444.1708984375
4.9857810999965295,0,,14122,142092,142092,2,0,0,True,52.97507858276367,1.0,0.0,0.013645974919199944,3750,2,0.9249432682991028,-989.5579223632812,3.4933598041534424,-1444.345458984375
4.99699130000954,0,,14132,142092,142092,2,0,0,True,53.361900329589844,1.0,0.0,0.027092985808849335,3647,2,0.9249657988548279,-989.5987548828125,3.4978187084198,-1444.4859619140625
5.008085599998594,0,,14145,142092,142092,2,0,0,True,53.66926956176758,1.0,0.0,0.006244467105716467,3684,2,0.9249883890151978,-989.6397705078125,3.502340316772461,-1444.6273193359375
5.019100799996522,0,,14155,142092,142092,2,0,0,True,53.97216033935547,1.0,0.0,0.013306587003171444,3750,2,0.9250109791755676,-989.6912841796875,3.5080864429473877,-1444.80517578125
5.030137499998091,0,,14165,142092,142092,2,0,0,True,54.34388732910156,1.0,0.0,0.019539829343557358,3826,2,0.9250335693359375,-989.7327270507812,3.512733221054077,-1444.9483642578125
5.041246499997214,0,,14180,142092,142092,2,0,0,True,54.63540267944336,1.0,0.0,0.01894647628068924,3728,2,0.9250561594963074,-989.7743530273438,3.517408847808838,-1445.092529296875
5.052263899997342,0,,14190,142092,142092,2,0,0,True,54.9899787902832,1.0,0.0,0.01206064224243164,3657,2,0.9250787496566772,-989.837158203125,3.5244264602661133,-1445.31005859375
5.063418100005947,0,,14200,142092,142092,2,0,0,True,55.271244049072266,1.0,0.0,0.026246637105941772,3791,2,0.9251012206077576,-989.8792724609375,3.529088258743286,-1445.4561767578125
5.074252799997339,0,,14212,142092,142092,2,0,0,True,55.55417251586914,1.0,0.0,0.019412843510508537,3889,2,0.9251236915588379,-989.9215087890625,3.533738136291504,-1445.6029052734375
5.0853490000008605,0,,14222,142092,142092,2,0,0,True,55.9166145324707,1.0,0.0,0.0055874730460345745,3976,2,0.9251461625099182,-989.974609375,3.5395302772521973,-1445.7874755859375
5.096435800005565,0,,14232,142092,142092,2,0,0,True,56.21315002441406,1.0,0.0,0.01066373847424984,3968,2,0.9251686334609985,-990.0172119140625,3.544154405593872,-1445.93603515625
5.107330500002718,0,,14245,142092,142092,2,0,0,True,56.58535385131836,1.0,0.0,0.024142088368535042,3813,2,0.9251911044120789,-990.06005859375,3.5487852096557617,-1446.08544921875
5.118518700008281,0,,14255,142092,142092,2,0,0,True,56.885807037353516,1.0,0.0,0.018746020272374153,3899,2,0.9252360463142395,-990.1138305664062,3.5545802116394043,-1446.273193359375
5.129588600000716,0,,14265,142092,142092,2,0,0,True,57.264625549316406,1.0,0.0,0.00502388458698988,3976,2,0.9252585172653198,-990.1571044921875,3.559222936630249,-1446.42431640625
5.14056719999644,0,,14277,142092,142092,2,0,0,True,57.570762634277344,1.0,0.0,0.010537544265389442,4014,2,0.9252809882164001,-990.2005615234375,3.563870429992676,-1446.5762939453125
5.151389899998321,0,,14287,142092,142092,2,0,0,True,57.87662887573242,1.0,0.0,0.010805100202560425,4041,2,0.9253034591674805,-990.2550659179688,3.569709300994873,-1446.7674560546875
5.162363800001913,0,,14297,142092,142092,2,0,0,True,58.264617919921875,1.0,0.0,0.011344416067004204,4065,2,0.9253259301185608,-990.2989501953125,3.5744171142578125,-1446.9212646484375
5.173743999999715,0,,14310,142092,142092,2,0,0,True,58.575008392333984,1.0,0.0,0.011524874716997147,4083,2,0.9253484010696411,-990.343017578125,3.579167604446411,-1447.075927734375
5.185199700004887,0,,14322,142092,142092,2,0,0,True,58.957550048828125,1.0,0.0,0.02433319389820099,4077,2,0.9253708720207214,-990.3983154296875,3.58518385887146,-1447.2703857421875
5.196103800000856,0,,14330,142092,142092,2,0,0,True,59.26163101196289,1.0,0.0,0.009961755014955997,4029,2,0.9254158139228821,-990.4539794921875,3.591297149658203,-1447.4661865234375
5.207146700005978,0,,14342,142092,142092,2,0,0,True,59.63976287841797,1.0,0.0,0.012187294661998749,4104,2,0.9254158139228821,-990.4874877929688,3.5950071811676025,-1447.5843505859375
5.2181701000081375,0,,14352,142092,142092,2,0,0,True,59.94601058959961,1.0,0.0,0.011640612035989761,4138,2,0.925460696220398,-990.5435180664062,3.6012442111968994,-1447.7822265625
5.229293700002017,0,,14365,142092,142092,2,0,0,True,60.2550163269043,1.0,0.0,0.011777943931519985,4158,2,0.9254831671714783,-990.5885620117188,3.6062874794006348,-1447.9415283203125
5.240310100009083,0,,14377,142092,142092,2,0,0,True,60.64022445678711,1.0,0.0,0.011827283538877964,4178,2,0.9255056381225586,-990.6451416015625,3.612668037414551,-1448.1417236328125
5.251337599998806,0,,14387,142092,142092,2,0,0,True,60.94418716430664,1.0,0.0,0.011964794248342514,4196,2,0.9255281090736389,-990.7020263671875,3.6191346645355225,-1448.34326171875
5.262353099999018,0,,14397,142092,142092,2,0,0,True,61.31785583496094,1.0,0.0,0.011900348588824272,4226,2,0.9255730509757996,-990.7476806640625,3.624345064163208,-1448.50537109375
5.273515599998063,0,,14410,142092,142092,2,0,0,True,61.612266540527344,1.0,0.0,0.011457136832177639,4255,2,0.9255955219268799,-990.7935791015625,3.6295645236968994,-1448.6683349609375
5.284620599995833,0,,14420,142092,142092,2,0,0,True,61.976993560791016,1.0,0.0,0.011402894742786884,4274,2,0.9256179928779602,-990.8511962890625,3.6360769271850586,-1448.8731689453125
5.295428700002958,0,,14430,142092,142092,2,0,0,True,62.26852035522461,1.0,0.0,0.011660043150186539,4257,2,0.9256404638290405,-990.8974609375,3.641270875930786,-1449.0379638671875
5.306755700003123,0,,14442,142092,142092,2,0,0,True,62.56229019165039,1.0,0.0,0.01149750780314207,4304,2,0.9256629347801208,-990.9439086914062,3.646453380584717,-1449.20361328125
5.317492900008801,0,,14462,142092,142092,2,0,0,True,62.932952880859375,1.0,0.0,0.011408261954784393,4337,2,0.9257303476333618,-991.0490112304688,3.658118724822998,-1449.5791015625
5.329005200008396,0,,14462,142092,142092,2,0,0,True,63.233856201171875,1.0,0.0,0.011257849633693695,4349,2,0.9257303476333618,-991.0490112304688,3.658118724822998,-1449.5791015625
5.339928100001998,0,,14475,142092,142092,2,0,0,True,63.615562438964844,1.0,0.0,0.010655532591044903,4352,2,0.9257528185844421,-991.0960083007812,3.6633222103118896,-1449.747314453125
5.350858100006008,0,,14495,142092,142092,2,0,0,True,63.925018310546875,1.0,0.0,0.010551784187555313,4353,2,0.9257977604866028,-991.202392578125,3.675137758255005,-1450.128662109375
5.361863500002073,0,,14495,142092,142092,2,0,0,True,64.31616973876953,1.0,0.0,0.010843094438314438,4346,2,0.9257977604866028,-991.202392578125,3.675137758255005,-1450.128662109375
5.373154400003841,0,,14507,142092,142092,2,0,0,True,64.62225341796875,1.0,0.0,0.011242025531828403,4336,2,0.9258202910423279,-991.2499389648438,3.680467128753662,-1450.299560546875
5.38394500000868,0,,14527,142092,142092,2,0,0,True,64.92520904541016,1.0,0.0,0.011487851850688457,4328,2,0.925888180732727,-991.3576049804688,3.6926817893981934,-1450.6871337890625
5.395026700003655,0,,14527,142092,142092,2,0,0,True,65.3033447265625,1.0,0.0,0.011255552992224693,4329,2,0.925888180732727,-991.3576049804688,3.6926817893981934,-1450.6871337890625
5.406317900007707,0,,14540,142092,142092,2,0,0,True,65.60237884521484,1.0,0.0,0.010927082039415836,4343,2,0.9259107708930969,-991.4057006835938,3.6982085704803467,-1450.86083984375
5.417009099997813,0,,14560,142092,142092,2,0,0,True,65.97357177734375,1.0,0.0,0.010979779995977879,4372,2,0.9259786605834961,-991.5145874023438,3.71077299118042,-1451.25439453125
5.428294900004403,0,,14560,142092,142092,2,0,0,True,66.26483917236328,1.0,0.0,0.011366462334990501,4401,2,0.9259786605834961,-991.5145874023438,3.71077299118042,-1451.25439453125
5.4394286000024294,0,,14572,142092,142092,2,0,0,True,66.55238342285156,1.0,0.0,0.01139597874134779,4432,2,0.9260013103485107,-991.563232421875,3.7163822650909424,-1451.4306640625
5.45014450000599,0,,14595,142092,142092,2,0,0,True,66.90859985351562,1.0,0.0,0.005367562174797058,4467,2,0.9260692000389099,-991.685546875,3.7304527759552,-1451.8748779296875
5.461127400005353,0,,14595,142092,142092,2,0,0,True,67.19375610351562,1.0,0.0,-0.005323379300534725,4491,2,0.9260692000389099,-991.685546875,3.7304527759552,-1451.8748779296875
5.472412400005851,0,,14607,142092,142092,2,0,0,True,67.55107116699219,1.0,0.0,0.0018839958356693387,4514,2,0.9260917901992798,-991.7347412109375,3.7361185550689697,-1452.053955078125
5.483224900002824,0,,14627,142092,142092,2,0,0,True,67.83645629882812,1.0,0.0,0.0013438683236017823,4529,2,0.926159679889679,-991.84619140625,3.7489001750946045,-1452.4595947265625
5.494302100007189,0,,14627,142092,142092,2,0,0,True,68.1950912475586,1.0,0.0,0.0028174077160656452,4543,2,0.926159679889679,-991.84619140625,3.7489001750946045,-1452.4595947265625
5.505318099996657,0,,14640,142092,142092,2,0,0,True,68.4804916381836,1.0,0.0,-0.007013473194092512,4553,2,0.9261823296546936,-991.8960571289062,3.7545926570892334,-1452.64111328125
5.516267300001346,0,,14660,142092,142092,2,0,0,True,68.7658462524414,1.0,0.0,-0.001648935955017805,4565,2,0.9262502193450928,-992.0088500976562,3.7675094604492188,-1453.0523681640625
5.52699610000127,0,,14660,142092,142092,2,0,0,True,69.11846923828125,1.0,0.0,-0.00040574674494564533,4583,2,0.9262502193450928,-992.0088500976562,3.7675094604492188,-1453.0523681640625
5.538236899999902,0,,14672,142092,142092,2,0,0,True,69.39972686767578,1.0,0.0,0.0003245763364247978,4600,2,0.9262728095054626,-992.0592651367188,3.773317813873291,-1453.2364501953125
5.549078399999416,0,,14682,142092,142092,2,0,0,True,69.67984008789062,1.0,0.0,0.000608137808740139,4620,2,0.9262954592704773,-992.1226196289062,3.780644416809082,-1453.467529296875
5.559996299998602,0,,14695,142092,142092,2,0,0,True,70.02728271484375,1.0,0.0,0.0005152258090674877,4645,2,0.9263406991958618,-992.1734619140625,3.786561965942383,-1453.6533203125
5.57101220000186,0,,14707,142092,142092,2,0,0,True,70.30386352539062,1.0,0.0,0.00016568106366321445,4665,2,0.9263633489608765,-992.2373657226562,3.794018507003784,-1453.886474609375
5.581957900009002,0,,14717,142092,142092,2,0,0,True,70.65059661865234,1.0,0.0,0.00022873780108056962,4687,2,0.926408588886261,-992.301513671875,3.801532030105591,-1454.1209716796875
5.592627699996228,0,,14727,142092,142092,2,0,0,True,70.92269897460938,1.0,0.0,0.00012002236326225102,4704,2,0.9264312386512756,-992.3530883789062,3.807583808898926,-1454.309326171875
5.603580499999225,0,,14740,142092,142092,2,0,0,True,71.19620513916016,1.0,0.0,-0.00017387697880622,4721,2,0.9264538288116455,-992.4048461914062,3.81368088722229,-1454.4984130859375
5.614638500002911,0,,14750,142092,142092,2,0,0,True,71.53717803955078,1.0,0.0,-0.00044609495671465993,4741,2,0.9264991283416748,-992.4697875976562,3.8213727474212646,-1454.73583984375
5.625535099999979,0,,14760,142092,142092,2,0,0,True,71.81025695800781,1.0,0.0,-0.0003394212981220335,4757,2,0.9265217185020447,-992.52197265625,3.827570915222168,-1454.926513671875
5.636420000009821,0,,14772,142092,142092,2,0,0,True,72.0821533203125,1.0,0.0,-0.00022124916722532362,4774,2,0.9265442490577698,-992.5744018554688,3.833799123764038,-1455.1180419921875
5.64731529999699,0,,14782,142092,142092,2,0,0,True,72.42044067382812,1.0,0.0,3.4099524782504886e-05,4794,2,0.9265891313552856,-992.64013671875,3.841618776321411,-1455.3583984375
5.65865520000807,0,,14792,142092,142092,2,0,0,True,72.69086456298828,1.0,0.0,0.0002247580559924245,4809,2,0.9266115427017212,-992.6929321289062,3.8478987216949463,-1455.551513671875
5.669533000007505,0,,14805,142092,142092,2,0,0,True,73.02540588378906,1.0,0.0,-5.880152457393706e-06,4828,2,0.9266339540481567,-992.7459106445312,3.854201316833496,-1455.745361328125
5.680639600002905,0,,14817,142092,142092,2,0,0,True,73.29121398925781,1.0,0.0,-9.364818834001198e-05,4844,2,0.9266788363456726,-992.8124389648438,3.8621177673339844,-1455.98876953125
5.692279299997608,0,,14827,142092,142092,2,0,0,True,73.55718994140625,1.0,0.0,-0.0002732931752689183,4861,2,0.9267237186431885,-992.8792724609375,3.870090961456299,-1456.2332763671875
5.703189300009399,0,,14840,142092,142092,2,0,0,True,73.88936614990234,1.0,0.0,-0.0003350641345605254,4882,2,0.926746129989624,-992.9329833984375,3.87652325630188,-1456.4295654296875
5.714289800002007,0,,14850,142092,142092,2,0,0,True,74.1539535522461,1.0,0.0,-0.00041236274410039186,4898,2,0.9267910122871399,-993.0003662109375,3.884638786315918,-1456.676025390625
5.725325499995961,0,,14860,142092,142092,2,0,0,True,74.48301696777344,1.0,0.0,-0.00038351642433553934,4919,2,0.9268134236335754,-993.054443359375,3.891191005706787,-1456.8740234375
5.736529400004656,0,,14872,142092,142092,2,0,0,True,74.74557495117188,1.0,0.0,-0.00036901250132359564,4935,2,0.926835834980011,-993.1087646484375,3.8977973461151123,-1457.07275390625
5.747310100006871,0,,14882,142092,142092,2,0,0,True,75.072265625,1.0,0.0,-0.0003096693835686892,4956,2,0.9268807172775269,-993.1769409179688,3.9061362743377686,-1457.322021484375
5.758690900009242,0,,14892,142092,142092,2,0,0,True,75.33307647705078,1.0,0.0,9.098630107473582e-05,4973,2,0.9269031286239624,-993.231689453125,3.9128737449645996,-1457.5223388671875
5.769498599998769,0,,14905,142092,142092,2,0,0,True,75.65760040283203,1.0,0.0,0.0002799869398586452,4994,2,0.9269480109214783,-993.28662109375,3.919661521911621,-1457.7232666015625
5.780339999997523,0,,14925,142092,142092,2,0,0,True,75.9159927368164,1.0,0.0,0.00025152703165076673,5012,2,0.9270153045654297,-993.410888671875,3.935011148452759,-1458.177978515625
5.79143739999563,0,,14925,142092,142092,2,0,0,True,76.17296600341797,1.0,0.0,0.0002368721761740744,5032,2,0.9270153045654297,-993.410888671875,3.935011148452759,-1458.177978515625
5.802298499998869,0,,14937,142092,142092,2,0,0,True,76.49671936035156,1.0,0.0,-4.458154580788687e-05,5059,2,0.9270377159118652,-993.4664306640625,3.9418506622314453,-1458.3812255859375
5.813407800000277,0,,14957,142092,142092,2,0,0,True,76.75482940673828,1.0,0.0,-6.365178705891594e-05,5080,2,0.9271050095558167,-993.5921020507812,3.957300901412964,-1458.8409423828125
5.824338699996588,0,,14957,142092,142092,2,0,0,True,77.07749938964844,1.0,0.0,0.00010575841588433832,5104,2,0.9271050095558167,-993.5921020507812,3.957300901412964,-1458.8409423828125
5.835427600002731,0,,14980,142092,142092,2,0,0,True,77.33746337890625,1.0,0.0,0.00012082455941708758,5121,2,0.9271723031997681,-993.7186889648438,3.9729583263397217,-1459.3043212890625
5.8467719000036595,0,,14990,142092,142092,2,0,0,True,77.59951782226562,1.0,0.0,0.00015835731755942106,5136,2,0.9271947145462036,-993.7752685546875,3.9799928665161133,-1459.5113525390625
5.857633599996916,0,,14990,142092,142092,2,0,0,True,77.92659759521484,1.0,0.0,0.00010822310287039727,5153,2,0.9271947145462036,-993.7752685546875,3.9799928665161133,-1459.5113525390625
5.868512300003204,0,,15012,142092,142092,2,0,0,True,78.1879653930664,1.0,0.0,-1.1500196706037968e-05,5168,2,0.9272621273994446,-993.9032592773438,3.995955467224121,-1459.979736328125
5.879878499996266,0,,15022,142092,142092,2,0,0,True,78.51311492919922,1.0,0.0,0.00019465429068077356,5189,2,0.9273074269294739,-993.96044921875,4.003117561340332,-1460.18896484375
5.890738900008728,0,,15035,142092,142092,2,0,0,True,78.77503967285156,1.0,0.0,0.0002311159041710198,5208,2,0.9273301362991333,-994.017822265625,4.010318279266357,-1460.3990478515625
5.901792700009537,0,,15045,142092,142092,2,0,0,True,79.03675079345703,1.0,0.0,0.00020617098198272288,5229,2,0.9273754358291626,-994.08984375,4.0193562507629395,-1460.6624755859375
5.91276160000416,0,,15055,142092,142092,2,0,0,True,79.36475372314453,1.0,0.0,0.00015536205319222063,5256,2,0.9273980855941772,-994.1476440429688,4.026614189147949,-1460.8740234375
5.924134100001538,0,,15067,142092,142092,2,0,0,True,79.62885284423828,1.0,0.0,-0.00010469140397617593,5275,2,0.9274433851242065,-994.2056274414062,4.033905506134033,-1461.0863037109375
5.93513179999718,0,,15075,142092,142092,2,0,0,True,79.95905303955078,1.0,0.0,-0.0001621508999960497,5296,2,0.9274887442588806,-994.2783813476562,4.0430707931518555,-1461.3526611328125
5.946223799997824,0,,15087,142092,142092,2,0,0,True,80.2233657836914,1.0,0.0,0.02157842367887497,5311,2,0.9275113940238953,-994.3222045898438,4.048595905303955,-1461.5130615234375
5.957238300004974,0,,15097,142092,142092,2,0,0,True,80.5550765991211,1.0,0.0,0.01329850684851408,5328,2,0.9275340437889099,-994.3954467773438,4.057845115661621,-1461.7811279296875
5.968528099998366,0,,15107,142092,142092,2,0,0,True,80.81832885742188,1.0,0.0,0.03490784391760826,5343,2,0.9275793433189392,-994.4542236328125,4.065268039703369,-1461.9964599609375
5.979527200004668,0,,15117,142092,142092,2,0,0,True,81.1526870727539,1.0,0.0,0.047701939940452576,5363,2,0.9276019930839539,-994.5130615234375,4.072710990905762,-1462.2125244140625
5.990649900006247,0,,15130,142092,142092,2,0,0,True,81.41654968261719,1.0,0.0,0.031342826783657074,5381,2,0.9276473522186279,-994.572021484375,4.080167293548584,-1462.4293212890625
6.001806200001738,0,,15140,142092,142092,2,0,0,True,81.68034362792969,1.0,0.0,0.03086995705962181,5400,2,0.9276700019836426,-994.6458129882812,4.08950138092041,-1462.7012939453125
6.012828899998567,0,,15150,142092,142092,2,0,0,True,82.01304626464844,1.0,0.0,0.028250467032194138,5425,2,0.9277153015136719,-994.7048950195312,4.096993923187256,-1462.9197998046875
6.0234622999996645,0,,15162,142092,142092,2,0,0,True,82.28033447265625,1.0,0.0,0.027745751664042473,5443,2,0.9277379512786865,-994.7640380859375,4.104525089263916,-1463.138916015625
6.034369000000879,0,,15172,142092,142092,2,0,0,True,82.54550170898438,1.0,0.0,0.027339542284607887,5462,2,0.9277833104133606,-994.8380737304688,4.113989353179932,-1463.4140625
6.045067500002915,0,,15182,142092,142092,2,0,0,True,82.87847137451172,1.0,0.0,0.02711617387831211,5482,2,0.9278286099433899,-994.8973999023438,4.121610164642334,-1463.6348876953125
6.0561584000097355,0,,15195,142092,142092,2,0,0,True,83.14622497558594,1.0,0.0,0.02696213498711586,5498,2,0.9278512597084045,-994.956787109375,4.129289150238037,-1463.8565673828125
6.067231499997433,0,,15205,142092,142092,2,0,0,True,83.48304748535156,1.0,0.0,0.026894671842455864,5517,2,0.9278965592384338,-995.0310668945312,4.138970375061035,-1464.1346435546875
6.078223600008641,0,,15215,142092,142092,2,0,0,True,83.75218200683594,1.0,0.0,0.026949677616357803,5532,2,0.9279192686080933,-995.090576171875,4.146772861480713,-1464.35791015625
6.089028800008236,0,,15227,142092,142092,2,0,0,True,84.02088165283203,1.0,0.0,0.026795048266649246,5547,2,0.9279645681381226,-995.1500854492188,4.154613971710205,-1464.58203125
6.1000406999955885,0,,15237,142092,142092,2,0,0,True,84.35552978515625,1.0,0.0,0.026752525940537453,5567,2,0.928009569644928,-995.224609375,4.16447114944458,-1464.8631591796875
6.111009500004002,0,,15247,142092,142092,2,0,0,True,84.62174987792969,1.0,0.0,0.02596890553832054,5584,2,0.9280319809913635,-995.2842407226562,4.172403812408447,-1465.0889892578125
6.12223960000847,0,,15260,142092,142092,2,0,0,True,84.9545669555664,1.0,0.0,0.003965652547776699,5609,2,0.9280769228935242,-995.3439331054688,4.180383205413818,-1465.3155517578125
6.13349360000575,0,,15270,142092,142092,2,0,0,True,85.22229766845703,1.0,0.0,0.006337489001452923,5630,2,0.92812180519104,-995.4185791015625,4.190433502197266,-1465.5997314453125
6.144239800007199,0,,15280,142092,142092,2,0,0,True,85.55754089355469,1.0,0.0,0.010595610365271568,5656,2,0.9281442165374756,-995.4783935546875,4.198519706726074,-1465.8280029296875
6.155533800003468,0,,15292,142092,142092,2,0,0,True,85.82711029052734,1.0,0.0,0.012863918207585812,5674,2,0.9281890988349915,-995.5382690429688,4.206632137298584,-1466.0570068359375
6.166444100002991,0,,15300,142092,142092,2,0,0,True,86.09355926513672,1.0,0.0,0.014019189402461052,5691,2,0.9282115697860718,-995.6132202148438,4.216799259185791,-1466.34423828125
6.17740890001005,0,,15310,142092,142092,2,0,0,True,86.42693328857422,1.0,0.0,0.015223091468214989,5711,2,0.9282564520835876,-995.6582641601562,4.222911357879639,-1466.5172119140625
6.188575599997421,0,,15322,142092,142092,2,0,0,True,86.6951904296875,1.0,0.0,0.015291227959096432,5726,2,0.928278923034668,-995.7183227539062,4.23108434677124,-1466.7484130859375
6.199563700007275,0,,15342,142092,142092,2,0,0,True,87.0298080444336,1.0,0.0,0.015225105918943882,5746,2,0.9283686876296997,-995.8536987304688,4.249566078186035,-1467.271484375
6.210494200000539,0,,15342,142092,142092,2,0,0,True,87.30042266845703,1.0,0.0,0.015150811523199081,5761,2,0.9283686876296997,-995.8536987304688,4.249566078186035,-1467.271484375
6.221537699995679,0,,15365,142092,142092,2,0,0,True,87.57095336914062,1.0,0.0,0.01554542500525713,5776,2,0.9284360408782959,-995.9893188476562,4.268218517303467,-1467.79833984375
6.232579600007739,0,,15375,142092,142092,2,0,0,True,87.90325164794922,1.0,0.0,0.015550412237644196,5796,2,0.9284809231758118,-996.0496826171875,4.276576519012451,-1468.03369140625
6.243617800006177,0,,15387,142092,142092,2,0,0,True,88.16924285888672,1.0,0.0,0.015316100791096687,5813,2,0.9285033345222473,-996.110107421875,4.284986972808838,-1468.2698974609375
6.254785500001162,0,,15397,142092,142092,2,0,0,True,88.50069427490234,1.0,0.0,0.015126760117709637,5837,2,0.9285482168197632,-996.1857299804688,4.295568466186523,-1468.566162109375
6.265880300008575,0,,15407,142092,142092,2,0,0,True,88.76874542236328,1.0,0.0,0.015342497266829014,5857,2,0.928593099117279,-996.2462768554688,4.304074287414551,-1468.803955078125
6.276838699996006,0,,15420,142092,142092,2,0,0,True,89.03718566894531,1.0,0.0,0.0160972997546196,5877,2,0.9286155700683594,-996.3068237304688,4.312600135803223,-1469.04248046875
6.287838700009161,0,,15430,142092,142092,2,0,0,True,89.370361328125,1.0,0.0,0.016172010451555252,5900,2,0.9286604523658752,-996.3826293945312,4.323273658752441,-1469.341796875
6.298670899996068,0,,15440,142092,142092,2,0,0,True,89.63844299316406,1.0,0.0,0.005283931735903025,5915,2,0.9287054538726807,-996.4432983398438,4.331829071044922,-1469.5821533203125
6.310112300008768,0,,15452,142092,142092,2,0,0,True,89.97097778320312,1.0,0.0,0.010327066294848919,5932,2,0.9287280440330505,-996.5040893554688,4.340399265289307,-1469.8231201171875
6.320866000009119,0,,15460,142092,142092,2,0,0,True,90.23709106445312,1.0,0.0,-0.004550783429294825,5946,2,0.9287732839584351,-996.580078125,4.351140975952148,-1470.12548828125
6.3318177000037394,0,,15470,142092,142092,2,0,0,True,90.57057189941406,1.0,0.0,0.0026372428983449936,5963,2,0.9288185238838196,-996.625732421875,4.357606410980225,-1470.307373046875
6.342948300007265,0,,15482,142092,142092,2,0,0,True,90.83694458007812,1.0,0.0,-0.006959788501262665,5979,2,0.9288411736488342,-996.686767578125,4.366248607635498,-1470.5506591796875
6.353503999998793,0,,15492,142092,142092,2,0,0,True,91.1031494140625,1.0,0.0,-0.0009975545108318329,5996,2,0.928886353969574,-996.7631225585938,4.377106666564941,-1470.8558349609375
6.364624499998172,0,,15502,142092,142092,2,0,0,True,91.43305206298828,1.0,0.0,0.0004718726850114763,6018,2,0.9289315938949585,-996.8243408203125,4.3858537673950195,-1471.1007080078125
6.375771999999415,0,,15515,142092,142092,2,0,0,True,91.69622802734375,1.0,0.0,-0.007605573162436485,6035,2,0.9289542436599731,-996.8857421875,4.394659519195557,-1471.3463134765625
6.386843300002511,0,,15525,142092,142092,2,0,0,True,91.95975494384766,1.0,0.0,-0.0028148768469691277,6053,2,0.9290220737457275,-996.9625854492188,4.405749320983887,-1471.6544189453125
6.397629800005234,0,,15535,142092,142092,2,0,0,True,92.28814697265625,1.0,0.0,-0.0017609269125387073,6075,2,0.9290447235107422,-997.024169921875,4.414673805236816,-1471.9017333984375
6.408820099997683,0,,15547,142092,142092,2,0,0,True,92.54985809326172,1.0,0.0,-0.0011652102693915367,6092,2,0.9290899634361267,-997.0859375,4.423629283905029,-1472.149658203125
6.419722599996021,0,,15557,142092,142092,2,0,0,True,92.8770523071289,1.0,0.0,-0.0008117532706819475,6113,2,0.9291352033615112,-997.1632690429688,4.434858798980713,-1472.460693359375
6.430666700005531,0,,15565,142092,142092,2,0,0,True,93.13896942138672,1.0,0.0,-0.0007288191118277609,6127,2,0.9291577935218811,-997.2252807617188,4.44386625289917,-1472.7103271484375
6.441827300004661,0,,15577,142092,142092,2,0,0,True,93.40044403076172,1.0,0.0,-0.0004988998989574611,6141,2,0.9292030334472656,-997.2719116210938,4.450639724731445,-1472.89794921875
6.453059100007522,0,,15587,142092,142092,2,0,0,True,93.72637939453125,1.0,0.0,-0.0003572933201212436,6157,2,0.9292482733726501,-997.3497924804688,4.46196985244751,-1473.211669921875
6.463908000005176,0,,15597,142092,142092,2,0,0,True,93.98739624023438,1.0,0.0,-0.00020685969502665102,6170,2,0.92927086353302,-997.4122314453125,4.47107458114624,-1473.46337890625
6.474929300005897,0,,15610,142092,142092,2,0,0,True,94.31188201904297,1.0,0.0,-0.00043869929504580796,6187,2,0.9293161034584045,-997.4747924804688,4.480212211608887,-1473.7158203125
6.485953399998834,0,,15630,142092,142092,2,0,0,True,94.56916809082031,1.0,0.0,-0.00022232613991945982,6203,2,0.9294065833091736,-997.6160888671875,4.500833988189697,-1474.2864990234375
6.497254400004749,0,,15642,142092,142092,2,0,0,True,94.887939453125,1.0,0.0,0.00011664443445624784,6224,2,0.9294291734695435,-997.6791381835938,4.510011672973633,-1474.541259765625
6.508158399999957,0,,15650,142092,142092,2,0,0,True,95.14141082763672,1.0,0.0,0.008894921280443668,6243,2,0.9294968247413635,-997.7581176757812,4.5214924812316895,-1474.8607177734375
6.519338900005096,0,,15660,142092,142092,2,0,0,True,95.39456939697266,1.0,0.0,0.004428111016750336,6263,2,0.9295193552970886,-997.8056030273438,4.528392791748047,-1475.0528564453125
6.530414799999562,0,,15672,142092,142092,2,0,0,True,95.71094512939453,1.0,0.0,0.00768115371465683,6288,2,0.9295418858528137,-997.8690795898438,4.537619113922119,-1475.3096923828125
6.541654600005131,0,,15682,142092,142092,2,0,0,True,95.9638442993164,1.0,0.0,0.0038775259163230658,6308,2,0.9296095371246338,-997.9485473632812,4.5492119789123535,-1475.6317138671875
6.552561300006346,0,,15692,142092,142092,2,0,0,True,96.28006744384766,1.0,0.0,0.006876891944557428,6331,2,0.9296320676803589,-998.0123291015625,4.558542728424072,-1475.89013671875
6.563251700004912,0,,15705,142092,142092,2,0,0,True,96.53205108642578,1.0,0.0,0.003272046335041523,6348,2,0.9296771883964539,-998.0762329101562,4.567918300628662,-1476.149169921875
6.57490950000647,0,,15715,142092,142092,2,0,0,True,96.85074615478516,1.0,0.0,-0.006230104714632034,6369,2,0.929722249507904,-998.1563720703125,4.579688549041748,-1476.4739990234375
6.585519700005534,0,,15725,142092,142092,2,0,0,True,97.10489654541016,1.0,0.0,-0.0029002511873841286,6385,2,0.929767370223999,-998.2205810546875,4.589108943939209,-1476.734619140625
6.596840700003668,0,,15737,142092,142092,2,0,0,True,97.35891723632812,1.0,0.0,-0.001433300320059061,6400,2,0.9298124313354492,-998.2849731445312,4.5985002517700195,-1476.9959716796875
6.607643099996494,0,,15747,142092,142092,2,0,0,True,97.6783676147461,1.0,0.0,-0.0010427453089505434,6417,2,0.9298575520515442,-998.36572265625,4.610195636749268,-1477.323486328125
6.618201699995552,0,,15757,142092,142092,2,0,0,True,97.93363952636719,1.0,0.0,-0.0008822863455861807,6430,2,0.9298800826072693,-998.4304809570312,4.619548320770264,-1477.58642578125
6.628993999998784,0,,15770,142092,142092,2,0,0,True,98.18824768066406,1.0,0.0,-0.0008215182460844517,6441,2,0.9299252033233643,-998.495361328125,4.628911972045898,-1477.8499755859375
6.639925700001186,0,,15780,142092,142092,2,0,0,True,98.50503540039062,1.0,0.0,-0.0008176768897101283,6456,2,0.9299702644348145,-998.5767211914062,4.640654563903809,-1478.180419921875
6.651030799999717,0,,15787,142092,142092,2,0,0,True,98.7577133178711,1.0,0.0,0.007611115463078022,6470,2,0.9300153851509094,-998.6420288085938,4.650094985961914,-1478.4454345703125
6.662271599998348,0,,15800,142092,142092,2,0,0,True,99.07079315185547,1.0,0.0,-0.005081863142549992,6491,2,0.9300379157066345,-998.6911010742188,4.6572065353393555,-1478.644775390625
6.6732692000077805,0,,15810,142092,142092,2,0,0,True,99.3202133178711,1.0,0.0,0.007398238405585289,6513,2,0.9301055669784546,-998.7730712890625,4.669127464294434,-1478.977783203125
6.684343600005377,0,,15820,142092,142092,2,0,0,True,99.56949615478516,1.0,0.0,-0.005881620571017265,6534,2,0.9301280975341797,-998.8388061523438,4.678719520568848,-1479.244873046875
6.695664300001226,0,,15832,142092,142092,2,0,0,True,99.88298797607422,1.0,0.0,0.0001479692873544991,6561,2,0.9301729798316956,-998.9046630859375,4.688331127166748,-1479.5126953125
6.706655700007104,0,,15842,142092,142092,2,0,0,True,100.13016510009766,1.0,0.0,-0.000332653580699116,6580,2,0.9302178025245667,-998.9872436523438,4.700378894805908,-1479.848388671875
6.7175374000071315,0,,15852,142092,142092,2,0,0,True,100.44337463378906,1.0,0.0,0.0006624733214266598,6599,2,0.9302626252174377,-999.053466796875,4.710082054138184,-1480.1177978515625
6.728573700005654,0,,15865,142092,142092,2,0,0,True,100.69580841064453,1.0,0.0,0.0007808309746906161,6610,2,0.9303074479103088,-999.1198120117188,4.719862461090088,-1480.3878173828125
6.739606400005869,0,,15885,142092,142092,2,0,0,True,101.01229095458984,1.0,0.0,0.004787502344697714,6623,2,0.9303971529006958,-999.2697143554688,4.74213171005249,-1480.997802734375
6.750830000004498,0,,15885,142092,142092,2,0,0,True,101.26578521728516,1.0,0.0,-0.004750814288854599,6631,2,0.9303971529006958,-999.2697143554688,4.74213171005249,-1480.997802734375
6.7620263999997405,0,,15905,142092,142092,2,0,0,True,101.5181655883789,1.0,0.0,-0.0001927991834236309,6642,2,0.930486798286438,-999.4035034179688,4.762195110321045,-1481.54296875
6.772992400001385,0,,15915,142092,142092,2,0,0,True,101.83210754394531,1.0,0.0,0.004211524501442909,6656,2,0.9305092096328735,-999.470703125,4.772319316864014,-1481.8165283203125
6.78414370000246,0,,15927,142092,142092,2,0,0,True,102.0859375,1.0,0.0,-0.0053632380440831184,6669,2,0.9305540323257446,-999.5379638671875,4.782492160797119,-1482.0908203125
6.795096600006218,0,,15937,142092,142092,2,0,0,True,102.39908599853516,1.0,0.0,-0.00044104468543082476,6687,2,0.9306212663650513,-999.622314453125,4.7952775955200195,-1482.4346923828125
6.8062882000085665,0,,15947,142092,142092,2,0,0,True,102.6468734741211,1.0,0.0,-0.0005769658018834889,6702,2,0.9306436777114868,-999.68994140625,4.805579662322998,-1482.7105712890625
6.817357499996433,0,,15957,142092,142092,2,0,0,True,102.9549789428711,1.0,0.0,0.023388568311929703,6723,2,0.9306885600090027,-999.7577514648438,4.815962791442871,-1482.987060546875
6.828309400007129,0,,15967,142092,142092,2,0,0,True,103.20164489746094,1.0,0.0,0.012590990401804447,6740,2,0.9307333827018738,-999.82568359375,4.826433181762695,-1483.26416015625
6.839353400006075,0,,15977,142092,142092,2,0,0,True,103.50758361816406,1.0,0.0,0.011059900745749474,6762,2,0.9307782053947449,-999.8937377929688,4.836984157562256,-1483.5419921875
6.850283000007039,0,,15990,142092,142092,2,0,0,True,103.75271606445312,1.0,0.0,0.010042522102594376,6780,2,0.930823028087616,-999.9618530273438,4.847599983215332,-1483.820556640625
6.861169199997676,0,,16000,142092,142092,2,0,0,True,103.9965591430664,1.0,0.0,0.01400039903819561,6798,2,0.9308680295944214,-1000.047119140625,4.860981464385986,-1484.169677734375
6.872131299998728,0,,16010,142092,142092,2,0,0,True,104.29996490478516,1.0,0.0,0.012211021967232227,6821,2,0.9309135675430298,-1000.1155395507812,4.871763229370117,-1484.44970703125
6.882803000000422,0,,16020,142092,142092,2,0,0,True,104.54206085205078,1.0,0.0,0.011648789048194885,6838,2,0.9309591054916382,-1000.1839599609375,4.882593631744385,-1484.7303466796875
6.893627900004503,0,,16030,142092,142092,2,0,0,True,104.78395080566406,1.0,0.0,0.011487362906336784,6856,2,0.9310045838356018,-1000.2525024414062,4.8934645652771,-1485.01171875
6.904604600000312,0,,16040,142092,142092,2,0,0,True,105.08605194091797,1.0,0.0,0.010826734825968742,6877,2,0.931027352809906,-1000.3211669921875,4.90437650680542,-1485.2938232421875
6.915613000004669,0,,16052,142092,142092,2,0,0,True,105.32774353027344,1.0,0.0,0.010366861708462238,6892,2,0.9310728907585144,-1000.389892578125,4.9153265953063965,-1485.576416015625
6.92664990000776,0,,16070,142092,142092,2,0,0,True,105.57036590576172,1.0,0.0,0.010492636822164059,6907,2,0.9311639666557312,-1000.544921875,4.940104007720947,-1486.2149658203125
6.937869500005036,0,,16070,142092,142092,2,0,0,True,105.873291015625,1.0,0.0,0.010465182363986969,6924,2,0.9311639666557312,-1000.544921875,4.940104007720947,-1486.2149658203125
6.94898159999866,0,,16092,142092,142092,2,0,0,True,106.1158218383789,1.0,0.0,0.019481392577290535,6938,2,0.9312549829483032,-1000.68310546875,4.96225118637085,-1486.785400390625
6.960098499999731,0,,16102,142092,142092,2,0,0,True,106.41917419433594,1.0,0.0,0.013673366978764534,6954,2,0.9313005208969116,-1000.7523193359375,4.9733052253723145,-1487.0716552734375
6.970994800009066,0,,16115,142092,142092,2,0,0,True,106.65988159179688,1.0,0.0,0.014523901976644993,6967,2,0.93134605884552,-1000.8215942382812,4.984320163726807,-1487.3585205078125
6.982168100003037,0,,16125,142092,142092,2,0,0,True,106.96012878417969,1.0,0.0,0.00884263589978218,6982,2,0.9313915967941284,-1000.9083251953125,4.99805212020874,-1487.7181396484375
6.993196600000374,0,,16135,142092,142092,2,0,0,True,107.20028686523438,1.0,0.0,0.019197972491383553,6994,2,0.9314371347427368,-1000.9777221679688,5.009035110473633,-1488.006591796875
7.003895200003171,0,,16145,142092,142092,2,0,0,True,107.4407958984375,1.0,0.0,0.0039458018727600574,7006,2,0.9314826130867004,-1001.0472412109375,5.02003812789917,-1488.295654296875
7.014975199999753,0,,16155,142092,142092,2,0,0,True,107.73735046386719,1.0,0.0,0.008995058946311474,7022,2,0.9315281510353088,-1001.1168212890625,5.031081676483154,-1488.58544921875
7.026120599999558,0,,16165,142092,142092,2,0,0,True,107.97183990478516,1.0,0.0,0.004499565344303846,7038,2,0.9315736889839172,-1001.1864624023438,5.042165279388428,-1488.8758544921875
7.036821500005317,0,,16177,142092,142092,2,0,0,True,108.26116180419922,1.0,0.0,0.008047697134315968,7061,2,0.9316185712814331,-1001.2561645507812,5.053290367126465,-1489.1668701171875
7.047868000008748,0,,16187,142092,142092,2,0,0,True,108.49608612060547,1.0,0.0,0.013087840750813484,7082,2,0.9316632151603699,-1001.3433227539062,5.0672383308410645,-1489.5316162109375
7.05903330000001,0,,16197,142092,142092,2,0,0,True,108.72994232177734,1.0,0.0,0.01207391731441021,7102,2,0.9317077994346619,-1001.4131469726562,5.07843017578125,-1489.82421875
7.069909700003336,0,,16210,142092,142092,2,0,0,True,109.02063751220703,1.0,0.0,0.0027668243274092674,7127,2,0.9317524433135986,-1001.4830322265625,5.089646339416504,-1490.117431640625
7.0805737000046065,0,,16220,142092,142092,2,0,0,True,109.25530242919922,1.0,0.0,0.007173896301537752,7141,2,0.9317970871925354,-1001.5703735351562,5.103705406188965,-1490.48486328125
7.0915099999983795,0,,16227,142092,142092,2,0,0,True,109.48799896240234,1.0,0.0,0.017787130549550056,7112,1,0.9318417310714722,-1001.6403198242188,5.114995002746582,-1490.779541015625
7.1022979999979725,0,,16240,142092,142092,2,0,0,True,109.53255462646484,1.0,0.0,0.011965861544013023,6912,1,0.9318863749504089,-1001.6927490234375,5.123495101928711,-1491.0009765625
7.113143700000364,0,,16250,142092,142092,2,0,0,True,109.52635955810547,1.0,0.0,0.012505491264164448,6753,1,0.9319310188293457,-1001.7802734375,5.137699127197266,-1491.370849609375
7.124059000008856,0,,16260,142092,142092,2,0,0,True,109.48441314697266,1.0,0.0,0.012323694303631783,6594,1,0.9319756627082825,-1001.85009765625,5.149023532867432,-1491.666748046875
7.135164100007387,0,,16272,142092,142092,2,0,0,True,109.44384765625,1.0,0.0,0.011814438737928867,6395,1,0.9320203065872192,-1001.9198608398438,5.160323619842529,-1491.962646484375
7.146323000008124,0,,16282,142092,142092,2,0,0,True,109.41384887695312,1.0,0.0,0.0020534968934953213,6236,1,0.932087242603302,-1002.0067749023438,5.17442512512207,-1492.3323974609375
7.157241000008071,0,,16292,142092,142092,2,0,0,True,109.37370300292969,1.0,0.0,0.0073883431032299995,6037,1,0.9321318864822388,-1002.0762329101562,5.185689449310303,-1492.628173828125
7.168272299997625,0,,16305,142092,142092,2,0,0,True,109.37606811523438,1.0,0.0,0.017200350761413574,5929,3,0.9321765303611755,-1002.1455078125,5.196954727172852,-1492.923828125
7.179517800002941,0,,16315,142092,142092,2,0,0,True,109.52750396728516,1.0,0.0,0.011919654905796051,6338,3,0.9322211146354675,-1002.2318725585938,5.211059093475342,-1493.29345703125
7.190913099999307,0,,16325,142092,142092,2,0,0,True,109.7022705078125,1.0,0.0,0.007732663303613663,6250,3,0.9322657585144043,-1002.3009033203125,5.222384929656982,-1493.5892333984375
7.202537899996969,0,,16345,142092,142092,2,0,0,True,110.00267791748047,1.0,0.0,0.009373048320412636,5796,3,0.9323555827140808,-1002.4559326171875,5.248110771179199,-1494.256103515625
7.213404000009177,0,,16355,142092,142092,2,0,0,True,110.30474853515625,1.0,0.0,0.004822961986064911,5361,3,0.932400643825531,-1002.5076293945312,5.256809234619141,-1494.47900390625
7.224428000001353,0,,16367,142092,142092,2,0,0,True,110.69718170166016,1.0,0.0,0.008214117027819157,4960,3,0.9324457049369812,-1002.5765380859375,5.268507480621338,-1494.7769775390625
7.235628499998711,0,,16377,142092,142092,2,0,0,True,110.96631622314453,1.0,0.0,0.009326343424618244,4882,3,0.9324907660484314,-1002.6627807617188,5.2832865715026855,-1495.1507568359375
7.246339999997872,0,,16387,142092,142092,2,0,0,True,111.17615509033203,1.0,0.0,0.010084616020321846,5011,3,0.9325358271598816,-1002.7318725585938,5.29522180557251,-1495.45068359375
7.257622400007676,0,,16400,142092,142092,2,0,0,True,111.37290954589844,1.0,0.0,0.010728230699896812,5339,3,0.9325808882713318,-1002.8009643554688,5.307220935821533,-1495.751220703125
7.26841279999644,0,,16410,142092,142092,2,0,0,True,111.50540924072266,1.0,0.0,0.010787030681967735,5622,3,0.9326484799385071,-1002.8873291015625,5.322246074676514,-1496.1275634765625
7.279560000009951,0,,16420,142092,142092,2,0,0,True,111.68190002441406,1.0,0.0,0.010428373701870441,5842,3,0.932693600654602,-1002.9563598632812,5.334258556365967,-1496.4290771484375
7.290587499999674,0,,16430,142092,142092,2,0,0,True,111.85208129882812,1.0,0.0,0.010734131559729576,5858,3,0.9327386617660522,-1003.0253295898438,5.346264839172363,-1496.7310791015625
7.301789799996186,0,,16440,142092,142092,2,0,0,True,112.05529022216797,1.0,0.0,0.009611315093934536,5757,3,0.9327837228775024,-1003.0942993164062,5.358263969421387,-1497.033447265625
7.312870699999621,0,,16450,142092,142092,2,0,0,True,112.34365844726562,1.0,0.0,0.004643667489290237,5561,3,0.9328287839889526,-1003.1632690429688,5.370268821716309,-1497.33642578125
7.323863199999323,0,,16462,142092,142092,2,0,0,True,112.58562469482422,1.0,0.0,0.008975226432085037,5427,3,0.9328738451004028,-1003.2322387695312,5.382286071777344,-1497.639892578125
7.334998100006487,0,,16472,142092,142092,2,0,0,True,112.88336944580078,1.0,0.0,0.010083794593811035,5357,3,0.932918906211853,-1003.3184204101562,5.397330284118652,-1498.020263671875
7.345865900002536,0,,16482,142092,142092,2,0,0,True,113.09687805175781,1.0,0.0,0.009448660537600517,5391,3,0.9329639673233032,-1003.3873901367188,5.409399509429932,-1498.3253173828125
7.356657600001199,0,,16495,142092,142092,2,0,0,True,113.29174041748047,1.0,0.0,0.009648478589951992,5483,3,0.9330090284347534,-1003.4564208984375,5.421474456787109,-1498.631103515625
7.367630299995653,0,,16505,142092,142092,2,0,0,True,113.51995086669922,1.0,0.0,0.010104048997163773,5621,3,0.9330772161483765,-1003.5427856445312,5.4365363121032715,-1499.0140380859375
7.378699699998833,0,,16515,142092,142092,2,0,0,True,113.7002182006836,1.0,0.0,0.009878115728497505,5702,3,0.9331227540969849,-1003.6118774414062,5.448551177978516,-1499.321044921875
7.389849500003038,0,,16525,142092,142092,2,0,0,True,113.93701934814453,1.0,0.0,0.00917105097323656,5735,3,0.9331682920455933,-1003.680908203125,5.4605393409729,-1499.6285400390625
7.400713299997733,0,,16535,142092,142092,2,0,0,True,114.14037322998047,1.0,0.0,0.00879694428294897,5711,3,0.9332138895988464,-1003.75,5.472504138946533,-1499.9365234375
7.411493000006885,0,,16545,142092,142092,2,0,0,True,114.3515396118164,1.0,0.0,0.000615590950474143,5662,3,0.9332594275474548,-1003.819091796875,5.48444128036499,-1500.2451171875
7.422620400000596,0,,16557,142092,142092,2,0,0,True,114.6173095703125,1.0,0.0,0.006920180283486843,5608,3,0.9333049654960632,-1003.88818359375,5.496350288391113,-1500.55419921875
7.433714700004202,0,,16577,142092,142092,2,0,0,True,114.83182525634766,1.0,0.0,0.006251209881156683,5593,3,0.93339604139328,-1004.043701171875,5.523016452789307,-1501.251953125
7.444669400007115,0,,16577,142092,142092,2,0,0,True,115.092529296875,1.0,0.0,0.006723267491906881,5615,3,0.93339604139328,-1004.043701171875,5.523016452789307,-1501.251953125
7.455981200007955,0,,16600,142092,142092,2,0,0,True,115.29276275634766,1.0,0.0,0.007085183169692755,5654,3,0.933509886264801,-1004.1993408203125,5.549503803253174,-1501.9527587890625
7.466961900005117,0,,16610,142092,142092,2,0,0,True,115.53897857666016,1.0,0.0,0.006754647940397263,5707,3,0.9335554242134094,-1004.2685546875,5.56124210357666,-1502.26513671875
7.47816359999706,0,,16622,142092,142092,2,0,0,True,115.73616027832031,1.0,0.0,0.006437280215322971,5738,3,0.9336010217666626,-1004.3378295898438,5.572980880737305,-1502.578125
7.489221299998462,0,,16632,142092,142092,2,0,0,True,115.93549346923828,1.0,0.0,0.006730334367603064,5751,3,0.933646559715271,-1004.4244384765625,5.587660789489746,-1502.9700927734375
7.500010100004147,0,,16642,142092,142092,2,0,0,True,116.19122314453125,1.0,0.0,0.007042058743536472,5747,3,0.9336920976638794,-1004.4937133789062,5.599412441253662,-1503.2843017578125
7.510978899998008,0,,16652,142092,142092,2,0,0,True,116.39962005615234,1.0,0.0,0.00722649646922946,5735,3,0.9337376356124878,-1004.5630493164062,5.611170768737793,-1503.59912109375
7.521708000000217,0,,16662,142092,142092,2,0,0,True,116.60279846191406,1.0,0.0,0.007844612002372742,5725,3,0.9337829351425171,-1004.6323852539062,5.6229400634765625,-1503.9144287109375
7.532425400000648,0,,16672,142092,142092,2,0,0,True,116.85989379882812,1.0,0.0,0.007965130731463432,5725,3,0.9338281750679016,-1004.70166015625,5.634745121002197,-1504.2303466796875
7.543227200003457,0,,16685,142092,142092,2,0,0,True,117.06712341308594,1.0,0.0,0.008330089040100574,5738,3,0.9338734149932861,-1004.77099609375,5.646628379821777,-1504.546875
7.5542817000095965,0,,16695,142092,142092,2,0,0,True,117.32174682617188,1.0,0.0,0.007985299453139305,5763,3,0.9339412450790405,-1004.857666015625,5.661600112915039,-1504.943359375
7.565170700007002,0,,16705,142092,142092,2,0,0,True,117.52445983886719,1.0,0.0,0.007402299903333187,5785,3,0.933986485004425,-1004.9270629882812,5.673662185668945,-1505.26123046875
7.576299000007566,0,,16717,142092,142092,2,0,0,True,117.72537994384766,1.0,0.0,0.0073902057483792305,5802,3,0.9340317249298096,-1004.9964599609375,5.6857733726501465,-1505.57958984375
7.587323300002026,0,,16727,142092,142092,2,0,0,True,117.97792053222656,1.0,0.0,0.007049191743135452,5816,3,0.9340996146202087,-1005.083251953125,5.700963973999023,-1505.9783935546875
7.598297500007902,0,,16737,142092,142092,2,0,0,True,118.18412017822266,1.0,0.0,0.006604511756449938,5820,3,0.9341448545455933,-1005.1527099609375,5.713143825531006,-1506.298095703125
7.609516199998325,0,,16747,142092,142092,2,0,0,True,118.38784790039062,1.0,0.0,0.006890461780130863,5818,3,0.9341900944709778,-1005.22216796875,5.725349426269531,-1506.618408203125
7.620279599999776,0,,16757,142092,142092,2,0,0,True,118.64491271972656,1.0,0.0,0.01588832028210163,5816,3,0.9342353343963623,-1005.2916870117188,5.737636566162109,-1506.939208984375
7.630890700005693,0,,16767,142092,142092,2,0,0,True,118.84979248046875,1.0,0.0,0.011488481424748898,5820,3,0.9342805743217468,-1005.3612060546875,5.750044822692871,-1507.2606201171875
7.64186800000607,0,,16780,142092,142092,2,0,0,True,119.04900360107422,1.0,0.0,0.010758201591670513,5832,3,0.9343257546424866,-1005.4307250976562,5.76255464553833,-1507.5826416015625
7.652920100008487,0,,16790,142092,142092,2,0,0,True,119.29910278320312,1.0,0.0,0.01042066141963005,5856,3,0.9343936443328857,-1005.5176391601562,5.778284072875977,-1507.98583984375
7.663969700006419,0,,16800,142092,142092,2,0,0,True,119.49607849121094,1.0,0.0,0.010106436908245087,5878,3,0.9344388842582703,-1005.587158203125,5.790931224822998,-1508.3092041015625
7.674787500000093,0,,16812,142092,142092,2,0,0,True,119.74713134765625,1.0,0.0,0.018663199618458748,5901,3,0.9344840049743652,-1005.65673828125,5.803624629974365,-1508.6329345703125
7.685603200006881,0,,16822,142092,142092,2,0,0,True,119.9498291015625,1.0,0.0,0.01215344574302435,5912,3,0.9345510601997375,-1005.7437133789062,5.819538593292236,-1509.03857421875
7.696661499998299,0,,16832,142092,142092,2,0,0,True,120.14936828613281,1.0,0.0,0.0039061747957021,5916,3,0.9345957636833191,-1005.8132934570312,5.83232307434082,-1509.3636474609375
7.707550799997989,0,,16845,142092,142092,2,0,0,True,120.39812469482422,1.0,0.0,0.017131483182311058,5920,3,0.9346404671669006,-1005.8828735351562,5.84513521194458,-1509.6893310546875
7.719058000002406,0,,16855,142092,142092,2,0,0,True,120.60066986083984,1.0,0.0,0.011872288770973682,5926,3,0.934707522392273,-1005.9698486328125,5.861177921295166,-1510.09716796875
7.730035200002021,0,,16865,142092,142092,2,0,0,True,120.85387420654297,1.0,0.0,0.011526579037308693,5936,3,0.9347522258758545,-1006.0394897460938,5.874034404754639,-1510.424072265625
7.741135500007658,0,,16885,142092,142092,2,0,0,True,121.05696105957031,1.0,0.0,0.0032157902605831623,5947,3,0.9348416924476624,-1006.1786499023438,5.899836540222168,-1511.0797119140625
7.752180900002713,0,,16897,142092,142092,2,0,0,True,121.30904388427734,1.0,0.0,0.008485483936965466,5962,3,0.9348863959312439,-1006.248291015625,5.912746906280518,-1511.4083251953125
7.763320700003533,0,,16897,142092,142092,2,0,0,True,121.50631713867188,1.0,0.0,0.01574661210179329,5975,3,0.9348863959312439,-1006.248291015625,5.912746906280518,-1511.4083251953125
7.774304500009748,0,,16917,142092,142092,2,0,0,True,121.70515441894531,1.0,0.0,0.0038288356736302376,5987,3,0.9349981546401978,-1006.405029296875,5.941704273223877,-1512.14990234375
7.785421900000074,0,,16927,142092,142092,2,0,0,True,121.95620727539062,1.0,0.0,0.008797370828688145,6001,3,0.9350428581237793,-1006.4746704101562,5.954517841339111,-1512.48046875
7.796967200003564,0,,16940,142092,142092,2,0,0,True,122.15731048583984,1.0,0.0,0.007949653081595898,6007,3,0.9351099133491516,-1006.5443115234375,5.9673171043396,-1512.8115234375
7.807947299996158,0,,16950,142092,142092,2,0,0,True,122.4030990600586,1.0,0.0,0.007838541641831398,6011,3,0.9351546168327332,-1006.6314697265625,5.983360767364502,-1513.22607421875
7.818613499999628,0,,16960,142092,142092,2,0,0,True,122.59937286376953,1.0,0.0,0.01611177809536457,6018,3,0.9352207779884338,-1006.701171875,5.996260643005371,-1513.5584716796875
7.829681200004416,0,,16970,142092,142092,2,0,0,True,122.84667205810547,1.0,0.0,0.01415317878127098,6033,3,0.9352642297744751,-1006.7708740234375,6.009217739105225,-1513.891357421875
7.840687300005811,0,,16980,142092,142092,2,0,0,True,123.044921875,1.0,0.0,0.011455523781478405,6048,3,0.9353076815605164,-1006.8405151367188,6.022199630737305,-1514.2247314453125
7.851938599997084,0,,16990,142092,142092,2,0,0,True,123.24226379394531,1.0,0.0,0.02693411335349083,6062,3,0.9353511333465576,-1006.9102172851562,6.0351996421813965,-1514.5587158203125
7.8628868000087095,0,,17002,142092,142092,2,0,0,True,123.49088287353516,1.0,0.0,0.018014010041952133,6075,3,0.9354163408279419,-1006.9798583984375,6.0482282638549805,-1514.893310546875
7.873835100006545,0,,17012,142092,142092,2,0,0,True,123.68910217285156,1.0,0.0,0.021095626056194305,6081,3,0.9354597926139832,-1007.06689453125,6.064547538757324,-1515.3123779296875
7.884871700007352,0,,17022,142092,142092,2,0,0,True,123.93783569335938,1.0,0.0,0.019538890570402145,6084,3,0.9355250000953674,-1007.136474609375,6.077603340148926,-1515.648193359375
7.895501100007095,0,,17035,142092,142092,2,0,0,True,124.1338882446289,1.0,0.0,0.027121134102344513,6086,3,0.9355684518814087,-1007.2059326171875,6.0906662940979,-1515.984619140625
7.906730000002426,0,,17045,142092,142092,2,0,0,True,124.32911682128906,1.0,0.0,0.0221263375133276,6091,3,0.935633659362793,-1007.2926635742188,6.107024669647217,-1516.406005859375
7.917646400004742,0,,17055,142092,142092,2,0,0,True,124.57130432128906,1.0,0.0,0.02019619010388851,6102,3,0.9356771111488342,-1007.3619995117188,6.1201677322387695,-1516.7437744140625
7.928730500003439,0,,17065,142092,142092,2,0,0,True,124.7632827758789,1.0,0.0,0.019281838089227676,6115,3,0.9357206225395203,-1007.4312133789062,6.133383750915527,-1517.08203125
7.939777699997649,0,,17075,142092,142092,2,0,0,True,125.00316619873047,1.0,0.0,0.018384834751486778,6133,3,0.9357857704162598,-1007.5003051757812,6.146690845489502,-1517.4208984375
7.950797600002261,0,,17085,142092,142092,2,0,0,True,125.1959457397461,1.0,0.0,0.018323330208659172,6148,3,0.9358292818069458,-1007.5693359375,6.160097599029541,-1517.7603759765625
7.961559700008365,0,,17097,142092,142092,2,0,0,True,125.38912963867188,1.0,0.0,0.018338389694690704,6161,3,0.9358727335929871,-1007.6382446289062,6.173601150512695,-1518.100341796875
7.972228300001007,0,,17107,142092,142092,2,0,0,True,125.63372802734375,1.0,0.0,0.018330324441194534,6172,3,0.9359381794929504,-1007.7241821289062,6.190585613250732,-1518.526123046875
7.9833161999995355,0,,17117,142092,142092,2,0,0,True,125.82880401611328,1.0,0.0,0.018772313371300697,6175,3,0.9360036849975586,-1007.7928466796875,6.204227447509766,-1518.867431640625
7.994703600008506,0,,17130,142092,142092,2,0,0,True,126.07292175292969,1.0,0.0,0.019019920378923416,6176,3,0.936047375202179,-1007.8614501953125,6.21791410446167,-1519.209228515625
8.00547099999676,0,,17147,142092,142092,2,0,0,True,126.26908111572266,1.0,0.0,0.01984107866883278,6178,3,0.9361565709114075,-1008.0152587890625,6.248891830444336,-1519.98046875
8.016052000006312,0,,17147,142092,142092,2,0,0,True,126.46175384521484,1.0,0.0,0.016133988276124,6184,3,0.9361565709114075,-1008.0152587890625,6.248891830444336,-1519.98046875
8.026893900008872,0,,17170,142092,142092,2,0,0,True,126.6524887084961,1.0,0.0,0.024605238810181618,6193,3,0.9362658262252808,-1008.1514892578125,6.276571750640869,-1520.66845703125
8.037736300000688,0,,17180,142092,142092,2,0,0,True,126.88888549804688,1.0,0.0,0.018971331417560577,6211,3,0.9363095164299011,-1008.219482421875,6.290459632873535,-1521.0133056640625
8.048415700002806,0,,17192,142092,142092,2,0,0,True,127.07371520996094,1.0,0.0,0.01986679621040821,6228,3,0.9363531470298767,-1008.2872924804688,6.304335594177246,-1521.358642578125
8.059645600005751,0,,17202,142092,142092,2,0,0,True,127.30248260498047,1.0,0.0,0.018507272005081177,6250,3,0.9364187121391296,-1008.3718872070312,6.321652889251709,-1521.791259765625
8.070537499996135,0,,17212,142092,142092,2,0,0,True,127.48475646972656,1.0,0.0,0.017544958740472794,6267,3,0.9364842176437378,-1008.4393920898438,6.335509300231934,-1522.1378173828125
8.081574199997704,0,,17225,142092,142092,2,0,0,True,127.66996002197266,1.0,0.0,0.017854155972599983,6283,3,0.9365279078483582,-1008.5067138671875,6.349373817443848,-1522.485107421875
8.09264470000926,0,,17232,142092,142092,2,0,0,True,127.90544128417969,1.0,0.0,0.017384342849254608,6298,3,0.9365715980529785,-1008.5907592773438,6.366694927215576,-1522.9197998046875
8.103921600006288,0,,17242,142092,142092,2,0,0,True,128.09548950195312,1.0,0.0,0.016862453892827034,6304,3,0.9366166591644287,-1008.6410522460938,6.377082347869873,-1523.18115234375
8.114878100008355,0,,17255,142092,142092,2,0,0,True,128.33518981933594,1.0,0.0,0.017830174416303635,6308,3,0.9366849660873413,-1008.7079467773438,6.390904426574707,-1523.5299072265625
8.125503600007505,0,,17265,142092,142092,2,0,0,True,128.52926635742188,1.0,0.0,0.019243089482188225,6308,3,0.9367532134056091,-1008.7914428710938,6.408094882965088,-1523.966796875
8.136613800001214,0,,17275,142092,142092,2,0,0,True,128.72125244140625,1.0,0.0,0.015808695927262306,6307,3,0.9367987513542175,-1008.8580322265625,6.4217681884765625,-1524.3170166015625
8.147282300007646,0,,17287,142092,142092,2,0,0,True,128.9619903564453,1.0,0.0,0.016295915469527245,6307,3,0.9368442893028259,-1008.9244995117188,6.4354166984558105,-1524.667724609375
8.158321900002193,0,,17297,142092,142092,2,0,0,True,129.15158081054688,1.0,0.0,0.0198828112334013,6312,3,0.9369125962257385,-1009.00732421875,6.452484607696533,-1525.10693359375
8.16919179999968,0,,17307,142092,142092,2,0,0,True,129.335205078125,1.0,0.0,0.01906360127031803,6323,3,0.9369580745697021,-1009.073486328125,6.466153621673584,-1525.4588623046875
8.180219300003955,0,,17320,142092,142092,2,0,0,True,129.5627899169922,1.0,0.0,0.017539149150252342,6344,3,0.9370036125183105,-1009.139404296875,6.4798407554626465,-1525.8115234375
8.191209700002219,0,,17330,142092,142092,2,0,0,True,129.74554443359375,1.0,0.0,0.01630936563014984,6366,3,0.9370719194412231,-1009.2216186523438,6.496983528137207,-1526.2529296875
8.201797600006103,0,,17337,142092,142092,2,0,0,True,129.9761962890625,1.0,0.0,0.016712399199604988,6389,3,0.9371402263641357,-1009.287109375,6.5107197761535645,-1526.6068115234375
8.212921099999221,0,,17350,142092,142092,2,0,0,True,130.1634063720703,1.0,0.0,0.01717747561633587,6400,3,0.9371629953384399,-1009.336181640625,6.521040916442871,-1526.87255859375
8.223752100006095,0,,17360,142092,142092,2,0,0,True,130.35037231445312,1.0,0.0,0.017509834840893745,6405,3,0.9372312426567078,-1009.4176635742188,6.538308143615723,-1527.3160400390625
8.234889500003192,0,,17370,142092,142092,2,0,0,True,130.58912658691406,1.0,0.0,0.0178956538438797,6406,3,0.9372767806053162,-1009.482666015625,6.5521674156188965,-1527.6715087890625
8.251837000003434,0,,17382,142092,142092,2,0,0,True,130.78282165527344,1.0,0.0,0.01863020844757557,6405,3,0.9373453855514526,-1009.5474853515625,6.566043853759766,-1528.027587890625
8.266769199995906,0,,17402,142092,142092,2,0,0,True,131.16024780273438,1.0,0.0,0.010710329748690128,6410,3,0.9374603033065796,-1009.6927490234375,6.597232341766357,-1528.8306884765625
8.280847700007143,0,,17425,142092,142092,2,0,0,True,131.39227294921875,1.0,0.0,0.007592990528792143,6421,3,0.9375751614570618,-1009.837158203125,6.628379821777344,-1529.63671875
8.291710999998031,0,,17432,142092,142092,2,0,0,True,131.6214599609375,1.0,0.0,0.011342944577336311,6438,3,0.9376211166381836,-1009.9010009765625,6.642308712005615,-1529.995849609375
8.302933099999791,0,,17445,142092,142092,2,0,0,True,131.84896850585938,1.0,0.0,0.008491217158734798,6459,3,0.9376670718193054,-1009.9488525390625,6.65278434753418,-1530.265625
8.313985800006776,0,,17455,142092,142092,2,0,0,True,132.0248565673828,1.0,0.0,0.010136507451534271,6478,3,0.9377360343933105,-1010.0283203125,6.6703009605407715,-1530.7158203125
8.325331000000006,0,,17465,142092,142092,2,0,0,True,132.25238037109375,1.0,0.0,0.009881964884698391,6501,3,0.9377819895744324,-1010.091796875,6.684356212615967,-1531.0765380859375
8.336144900007639,0,,17477,142092,142092,2,0,0,True,132.43710327148438,1.0,0.0,0.009391638450324535,6514,3,0.9378279447555542,-1010.1550903320312,6.698422431945801,-1531.4378662109375
8.347445499995956,0,,17487,142092,142092,2,0,0,True,132.67440795898438,1.0,0.0,0.010243387892842293,6518,3,0.9378968477249146,-1010.2340087890625,6.716045379638672,-1531.89013671875
8.35845660000632,0,,17497,142092,142092,2,0,0,True,132.86434936523438,1.0,0.0,0.010872612707316875,6515,3,0.9379658102989197,-1010.2969970703125,6.7302141189575195,-1532.252685546875
8.369546500005526,0,,17510,142092,142092,2,0,0,True,133.05718994140625,1.0,0.0,0.012187308631837368,6511,3,0.9380117654800415,-1010.3598022460938,6.74442720413208,-1532.61572265625
8.380553099996177,0,,17517,142092,142092,2,0,0,True,133.297119140625,1.0,0.0,0.011975930072367191,6509,3,0.9380796551704407,-1010.4381713867188,6.762205600738525,-1533.0703125
8.391549000007217,0,,17527,142092,142092,2,0,0,True,133.48727416992188,1.0,0.0,0.012894170358777046,6512,3,0.9381242990493774,-1010.485107421875,6.772866725921631,-1533.343505859375
8.402880699999514,0,,17540,142092,142092,2,0,0,True,133.7249755859375,1.0,0.0,0.013733351603150368,6523,3,0.9381688833236694,-1010.5475463867188,6.787075996398926,-1533.7083740234375
8.414207100009662,0,,17550,142092,142092,2,0,0,True,133.9095916748047,1.0,0.0,0.014442197047173977,6535,3,0.9382358193397522,-1010.6254272460938,6.804824352264404,-1534.1650390625
8.42502009999589,0,,17560,142092,142092,2,0,0,True,134.13722229003906,1.0,0.0,0.014077266678214073,6556,3,0.938280463218689,-1010.6876220703125,6.81898307800293,-1534.531005859375
8.436052999997628,0,,17572,142092,142092,2,0,0,True,134.31654357910156,1.0,0.0,0.01432233490049839,6576,3,0.938347339630127,-1010.7496337890625,6.83307409286499,-1534.8975830078125
8.447008300005109,0,,17582,142092,142092,2,0,0,True,134.53836059570312,1.0,0.0,0.015184897929430008,6603,3,0.9384142756462097,-1010.8270263671875,6.850509166717529,-1535.3565673828125
8.45819130000018,0,,17592,142092,142092,2,0,0,True,134.71142578125,1.0,0.0,0.015212255530059338,6623,3,0.9384589195251465,-1010.8888549804688,6.864255905151367,-1535.724365234375
8.469828300003428,0,,17612,142092,142092,2,0,0,True,134.87823486328125,1.0,0.0,0.014159626327455044,6644,3,0.9385704398155212,-1011.0120849609375,6.891161918640137,-1536.46142578125
8.481015900004422,0,,17625,142092,142092,2,0,0,True,135.0870361328125,1.0,0.0,0.012171030044555664,6670,3,0.9386150240898132,-1011.0735473632812,6.904361248016357,-1536.8306884765625
8.492244299995946,0,,17635,142092,142092,2,0,0,True,135.25852966308594,1.0,0.0,0.01088850386440754,6690,3,0.938681960105896,-1011.1502075195312,6.920680046081543,-1537.29296875
8.503463900007773,0,,17645,142092,142092,2,0,0,True,135.4783935546875,1.0,0.0,0.009608806110918522,6710,3,0.9387488961219788,-1011.2113037109375,6.93364953994751,-1537.6634521484375
8.514176399999997,0,,17655,142092,142092,2,0,0,True,135.6610107421875,1.0,0.0,0.009336593560874462,6719,3,0.9387943744659424,-1011.2723388671875,6.946569919586182,-1538.0343017578125
8.525816900000791,0,,17665,142092,142092,2,0,0,True,135.90298461914062,1.0,0.0,0.010082900524139404,6714,3,0.9388629794120789,-1011.3333129882812,6.959445953369141,-1538.40576171875
8.53700409999874,0,,17675,142092,142092,2,0,0,True,136.10003662109375,1.0,0.0,0.010487938299775124,6696,3,0.9389087557792664,-1011.3941040039062,6.972298622131348,-1538.77783203125
8.548181300007855,0,,17685,142092,142092,2,0,0,True,136.34808349609375,1.0,0.0,0.012046055868268013,6664,3,0.9389544725418091,-1011.4547729492188,6.98516845703125,-1539.150390625
8.559198600007221,0,,17697,142092,142092,2,0,0,True,136.54415893554688,1.0,0.0,0.013363245874643326,6642,3,0.9390231370925903,-1011.5153198242188,6.99809455871582,-1539.5235595703125
8.570302599997376,0,,17707,142092,142092,2,0,0,True,136.78363037109375,1.0,0.0,0.013873588293790817,6633,3,0.9390917420387268,-1011.5908203125,7.014397144317627,-1539.9908447265625
8.581211800003075,0,,17717,142092,142092,2,0,0,True,136.96896362304688,1.0,0.0,0.01347801648080349,6642,3,0.9391375184059143,-1011.6510620117188,7.0276031494140625,-1540.365234375
8.5924054000061,0,,17727,142092,142092,2,0,0,True,137.1921844482422,1.0,0.0,0.012709108181297779,6670,3,0.9392061233520508,-1011.711181640625,7.040978908538818,-1540.740234375
8.60312200000044,0,,17737,142092,142092,2,0,0,True,137.36634826660156,1.0,0.0,0.01218328345566988,6696,3,0.9392518997192383,-1011.7711181640625,7.05454158782959,-1541.1158447265625
8.61445750000712,0,,17747,142092,142092,2,0,0,True,137.53773498535156,1.0,0.0,0.012105381116271019,6720,3,0.9392976760864258,-1011.8309326171875,7.068324565887451,-1541.4918212890625
8.62578499999654,0,,17770,142092,142092,2,0,0,True,137.7554168701172,1.0,0.0,0.010985191911458969,6742,3,0.9394348859786987,-1011.9650268554688,7.10023307800293,-1542.33984375
8.637148000008892,0,,17780,142092,142092,2,0,0,True,137.9322967529297,1.0,0.0,0.010526778176426888,6753,3,0.9394806623458862,-1012.0244140625,7.1148200035095215,-1542.717529296875
8.648282399997697,0,,17790,142092,142092,2,0,0,True,138.15745544433594,1.0,0.0,0.01039586029946804,6760,3,0.9395483136177063,-1012.0836181640625,7.1296186447143555,-1543.095703125
8.659285100002307,0,,17800,142092,142092,2,0,0,True,138.34100341796875,1.0,0.0,0.009628751315176487,6762,3,0.9395932555198669,-1012.1427612304688,7.144595623016357,-1543.474365234375
8.670376000009128,0,,17810,142092,142092,2,0,0,True,138.5709228515625,1.0,0.0,0.006984821055084467,6765,3,0.9396382570266724,-1012.2017822265625,7.159719944000244,-1543.8536376953125
8.681280100005097,0,,17822,142092,142092,2,0,0,True,138.75621032714844,1.0,0.0,0.008925010450184345,6769,3,0.9397056698799133,-1012.2606811523438,7.174967288970947,-1544.2333984375
8.692211800007499,0,,17832,142092,142092,2,0,0,True,138.98324584960938,1.0,0.0,0.009541373699903488,6775,3,0.9397730827331543,-1012.334228515625,7.194162368774414,-1544.708740234375
8.70331989999977,0,,17840,142092,142092,2,0,0,True,139.16439819335938,1.0,0.0,0.009001148864626884,6783,3,0.93984055519104,-1012.3930053710938,7.209607124328613,-1545.0897216796875
8.71452649999992,0,,17852,142092,142092,2,0,0,True,139.3404541015625,1.0,0.0,0.009112021885812283,6794,3,0.9398630261421204,-1012.43701171875,7.2212371826171875,-1545.375732421875
8.725426799996058,0,,17862,142092,142092,2,0,0,True,139.55763244628906,1.0,0.0,0.01000205334275961,6812,3,0.9399304986000061,-1012.51025390625,7.240666389465332,-1545.8531494140625
8.736243200008175,0,,17872,142092,142092,2,0,0,True,139.728271484375,1.0,0.0,0.008836197666823864,6830,3,0.9399979114532471,-1012.5687255859375,7.256218910217285,-1546.235595703125
8.747119000006933,0,,17885,142092,142092,2,0,0,True,139.94244384765625,1.0,0.0,0.007731286343187094,6853,3,0.9400428533554077,-1012.6271362304688,7.27174711227417,-1546.61865234375
8.758285600008094,0,,17892,142092,142092,2,0,0,True,140.1164093017578,1.0,0.0,0.007682103663682938,6870,3,0.9401327967643738,-1012.7000732421875,7.291072845458984,-1547.0980224609375
8.769201999995857,0,,17902,142092,142092,2,0,0,True,140.28884887695312,1.0,0.0,0.0010538878850638866,6883,3,0.9401552677154541,-1012.7437744140625,7.302606582641602,-1547.3861083984375
8.780188999997335,0,,17915,142092,142092,2,0,0,True,140.50523376464844,1.0,0.0,0.006133819464594126,6892,3,0.9402227997779846,-1012.802001953125,7.317866802215576,-1547.7705078125
8.791376399996807,0,,17935,142092,142092,2,0,0,True,140.68016052246094,1.0,0.0,-0.001664033974520862,6894,3,0.940358579158783,-1012.9327392578125,7.351726055145264,-1548.637451171875
8.802482200000668,0,,17945,142092,142092,2,0,0,True,140.9014434814453,1.0,0.0,-0.006299254484474659,6893,3,0.9404038190841675,-1012.9907836914062,7.366610050201416,-1549.0235595703125
8.813313599996036,0,,17955,142092,142092,2,0,0,True,141.08038330078125,1.0,0.0,-0.0011393476743251085,6893,3,0.9404717087745667,-1013.0487670898438,7.3814311027526855,-1549.41015625
8.824820499998168,0,,17965,142092,142092,2,0,0,True,141.29446411132812,1.0,0.0,-0.006683835759758949,6898,3,0.940517008304596,-1013.106689453125,7.396195411682129,-1549.7972412109375
8.835604399995646,0,,17975,142092,142092,2,0,0,True,141.46949768066406,1.0,0.0,-0.0041365171782672405,6908,3,0.9405622482299805,-1013.1646728515625,7.410874366760254,-1550.184814453125
8.846752500001458,0,,17985,142092,142092,2,0,0,True,141.64483642578125,1.0,0.0,-0.002297624945640564,6920,3,0.9406301379203796,-1013.2225952148438,7.425472259521484,-1550.5728759765625
8.857631300008507,0,,17995,142092,142092,2,0,0,True,141.8610076904297,1.0,0.0,-0.001606738893315196,6933,3,0.9406754374504089,-1013.280517578125,7.440011024475098,-1550.9615478515625
8.868467799999053,0,,18007,142092,142092,2,0,0,True,142.03085327148438,1.0,0.0,-0.0010920254280790687,6940,3,0.9407433271408081,-1013.33837890625,7.4544901847839355,-1551.3505859375
8.879560900008073,0,,18015,142092,142092,2,0,0,True,142.24072265625,1.0,0.0,-0.00029281419119797647,6948,3,0.9408112168312073,-1013.4107055664062,7.472546577453613,-1551.837646484375
8.89055389999703,0,,18025,142092,142092,2,0,0,True,142.4153289794922,1.0,0.0,0.0007403191993944347,6955,3,0.9408564567565918,-1013.4541015625,7.483380317687988,-1552.1302490234375
8.901582300008158,0,,18037,142092,142092,2,0,0,True,142.5858612060547,1.0,0.0,0.00032505919807590544,6962,3,0.940924346446991,-1013.5119018554688,7.497821807861328,-1552.520751953125
8.91257709999627,0,,18055,142092,142092,2,0,0,True,142.7962188720703,1.0,0.0,9.968635276891291e-05,6971,3,0.9410378336906433,-1013.6419677734375,7.530317306518555,-1553.4012451171875
8.929740499996115,0,,18067,142092,142092,2,0,0,True,143.0524139404297,1.0,0.0,-0.0005909042665734887,6983,3,0.9410832524299622,-1013.685302734375,7.5411810874938965,-1553.6953125
8.947061200000462,0,,18077,142092,142092,2,0,0,True,143.31031799316406,1.0,0.0,-0.00011192738020326942,6993,3,0.9411513805389404,-1013.7575073242188,7.559324264526367,-1554.1859130859375
8.958631000001333,0,,18097,142092,142092,2,0,0,True,143.56361389160156,1.0,0.0,-1.2314052582951263e-05,7001,3,0.941287636756897,-1013.8875122070312,7.5922040939331055,-1555.071044921875
8.970040500003961,0,,18107,142092,142092,2,0,0,True,143.77613830566406,1.0,0.0,0.00022751021606381983,7009,3,0.9413330554962158,-1013.9308471679688,7.603239059448242,-1555.3665771484375
8.980850000007194,0,,18117,142092,142092,2,0,0,True,143.94647216796875,1.0,0.0,0.000252378435106948,7016,3,0.9413784742355347,-1013.9885864257812,7.61801290512085,-1555.760986328125
8.992165899995598,0,,18130,142092,142092,2,0,0,True,144.1596221923828,1.0,0.0,0.00038543963455595076,7024,3,0.9414466023445129,-1014.04638671875,7.632863998413086,-1556.156005859375
9.003016300004674,0,,18140,142092,142092,2,0,0,True,144.32687377929688,1.0,0.0,0.01984064280986786,7031,3,0.9415147304534912,-1014.11865234375,7.651533126831055,-1556.650390625
9.01408999999694,0,,18147,142092,142092,2,0,0,True,144.49679565429688,1.0,0.0,0.010622932575643063,7039,3,0.9415828585624695,-1014.1764526367188,7.666543483734131,-1557.04638671875
9.024866100007785,0,,18160,142092,142092,2,0,0,True,144.70596313476562,1.0,0.0,0.01752668060362339,7049,3,0.9416055679321289,-1014.2197875976562,7.677829265594482,-1557.3436279296875
9.035922600000049,0,,18180,142092,142092,2,0,0,True,144.87173461914062,1.0,0.0,0.011369148269295692,7057,3,0.9417410492897034,-1014.3496704101562,7.711791038513184,-1558.2373046875
9.047026700005517,0,,18180,142092,142092,2,0,0,True,145.0760040283203,1.0,0.0,0.01093720830976963,7067,3,0.9417410492897034,-1014.3496704101562,7.711791038513184,-1558.2373046875
9.058157599996775,0,,18202,142092,142092,2,0,0,True,145.24049377441406,1.0,0.0,0.009302104823291302,7076,3,0.9418760538101196,-1014.4793090820312,7.746028900146484,-1559.13330078125
9.069148499998846,0,,18210,142092,142092,2,0,0,True,145.40464782714844,1.0,0.0,0.009148750454187393,7086,3,0.9419435262680054,-1014.536865234375,7.761342525482178,-1559.5322265625
9.080314899998484,0,,18222,142092,142092,2,0,0,True,145.61155700683594,1.0,0.0,0.009024814702570438,7100,3,0.9419885277748108,-1014.5800170898438,7.772850036621094,-1559.831787109375
9.09122610000486,0,,18232,142092,142092,2,0,0,True,145.77490234375,1.0,0.0,0.008141010999679565,7110,3,0.9420560002326965,-1014.6519165039062,7.792038917541504,-1560.33154296875
9.10267730000487,0,,18242,142092,142092,2,0,0,True,145.9818115234375,1.0,0.0,0.007954965345561504,7120,3,0.942101001739502,-1014.7094116210938,7.807376861572266,-1560.73193359375
9.113907499995548,0,,18255,142092,142092,2,0,0,True,146.1477508544922,1.0,0.0,0.00841438863426447,7126,3,0.9421684741973877,-1014.766845703125,7.822700500488281,-1561.1328125
9.124777400007588,0,,18265,142092,142092,2,0,0,True,146.35501098632812,1.0,0.0,0.008869344368577003,7132,3,0.9422360062599182,-1014.838623046875,7.841819763183594,-1561.6343994140625
9.135712300005252,0,,18275,142092,142092,2,0,0,True,146.51792907714844,1.0,0.0,0.008127539418637753,7137,3,0.942303478717804,-1014.8960571289062,7.857059478759766,-1562.036376953125
9.146730100008426,0,,18285,142092,142092,2,0,0,True,146.6771697998047,1.0,0.0,0.008461219258606434,7145,3,0.9423484802246094,-1014.9534301757812,7.87222957611084,-1562.438720703125
9.157699999996112,0,,18295,142092,142092,2,0,0,True,146.8613739013672,1.0,0.0,0.007168669253587723,7030,1,0.9424164295196533,-1015.0107421875,7.8873291015625,-1562.841552734375
9.168475500002387,0,,18305,142092,142092,2,0,0,True,146.81781005859375,1.0,0.0,0.00735000753775239,6871,1,0.9424849152565002,-1015.0680541992188,7.902380466461182,-1563.2447509765625
9.179811800000607,0,,18317,142092,142092,2,0,0,True,146.77561950683594,1.0,0.0,0.007213573437184095,6671,1,0.9425305128097534,-1015.1253662109375,7.917397499084473,-1563.6484375
9.190987800000585,0,,18327,142092,142092,2,0,0,True,146.73828125,1.0,0.0,0.007722426671534777,6512,1,0.9425989985466003,-1015.19677734375,7.93609619140625,-1564.15283203125
9.202020400000038,0,,18337,142092,142092,2,0,0,True,146.68382263183594,1.0,0.0,0.007290443405508995,6314,1,0.9426674246788025,-1015.2537841796875,7.950953006744385,-1564.5562744140625
9.212791600002674,0,,18350,142092,142092,2,0,0,True,146.63851928710938,1.0,0.0,0.0001807054504752159,6155,1,0.9427359104156494,-1015.3106689453125,7.965689659118652,-1564.9595947265625
9.223841700004414,0,,18360,142092,142092,2,0,0,True,146.59217834472656,1.0,0.0,0.004469019826501608,5996,1,0.9428043365478516,-1015.3816528320312,7.983967304229736,-1565.463623046875
9.234884300007252,0,,18367,142092,142092,2,0,0,True,146.62054443359375,1.0,0.0,0.004143016878515482,6377,4,0.9428499937057495,-1015.438232421875,7.998525619506836,-1565.86669921875
9.245963000008487,0,,18380,142092,142092,2,0,0,True,146.6676483154297,1.0,0.0,0.005190222058445215,6494,4,0.9428955912590027,-1015.4806518554688,8.00944709777832,-1566.1689453125
9.256976100004977,0,,18400,142092,142092,2,0,0,True,146.8471221923828,1.0,0.0,0.004855466540902853,6209,4,0.9430325031280518,-1015.607421875,8.042506217956543,-1567.075927734375
9.268000900003244,0,,18400,142092,142092,2,0,0,True,147.0543212890625,1.0,0.0,0.005034959875047207,5850,4,0.9430325031280518,-1015.607421875,8.042506217956543,-1567.075927734375
9.278950599997188,0,,18422,142092,142092,2,0,0,True,147.2750701904297,1.0,0.0,0.005558480974286795,5575,4,0.9431684017181396,-1015.7338256835938,8.076156616210938,-1567.9847412109375
9.291660000002594,0,,18432,142092,142092,2,0,0,True,147.52232360839844,1.0,0.0,0.00633257208392024,5494,4,0.9432132244110107,-1015.7899169921875,8.091287612915039,-1568.3896484375
9.303714499998023,0,,18445,142092,142092,2,0,0,True,147.70166015625,1.0,0.0,0.007100723218172789,5679,4,0.9432804584503174,-1015.8458862304688,8.106483459472656,-1568.7950439453125
9.314781100008986,0,,18452,142092,142092,2,0,0,True,147.84237670898438,1.0,0.0,0.0073023405857384205,5947,4,0.943347692489624,-1015.9158325195312,8.125602722167969,-1569.302490234375
9.325687999997172,0,,18462,142092,142092,2,0,0,True,147.9524383544922,1.0,0.0,0.007813740521669388,6081,4,0.9433925151824951,-1015.9577026367188,8.137151718139648,-1569.6072998046875
9.336986800000886,0,,18475,142092,142092,2,0,0,True,148.07701110839844,1.0,0.0,0.00753562618046999,6090,4,0.9434597492218018,-1016.013427734375,8.152599334716797,-1570.013916015625
9.34778379999625,0,,18485,142092,142092,2,0,0,True,148.2571563720703,1.0,0.0,0.006406822241842747,5979,4,0.9435270428657532,-1016.0829467773438,8.171952247619629,-1570.5225830078125
9.358929699999862,0,,18495,142092,142092,2,0,0,True,148.4215850830078,1.0,0.0,0.0053952704183757305,5873,4,0.9435942769050598,-1016.1385498046875,8.1874418258667,-1570.9300537109375
9.369883599996683,0,,18507,142092,142092,2,0,0,True,148.6290740966797,1.0,0.0,0.005999813787639141,5801,4,0.9436615109443665,-1016.1940307617188,8.202924728393555,-1571.337890625
9.381042799999705,0,,18517,142092,142092,2,0,0,True,148.78086853027344,1.0,0.0,0.0060150292702019215,5817,4,0.9437287449836731,-1016.2633056640625,8.222289085388184,-1571.8482666015625
9.392075399999158,0,,18527,142092,142092,2,0,0,True,148.96017456054688,1.0,0.0,0.00564530398696661,5899,4,0.9437959790229797,-1016.3186645507812,8.23779296875,-1572.2572021484375
9.403233000004548,0,,18547,142092,142092,2,0,0,True,149.0974884033203,1.0,0.0,0.0059591722674667835,5970,4,0.9439100027084351,-1016.4291381835938,8.268757820129395,-1573.0762939453125
9.4141299000039,0,,18557,142092,142092,2,0,0,True,149.2339630126953,1.0,0.0,0.006838552188128233,6009,4,0.9439559578895569,-1016.4843139648438,8.284165382385254,-1573.4864501953125
9.4252364999993,0,,18567,142092,142092,2,0,0,True,149.41058349609375,1.0,0.0,0.0061749424785375595,6002,4,0.9440248608589172,-1016.5394287109375,8.29953384399414,-1573.89697265625
9.436102200008463,0,,18577,142092,142092,2,0,0,True,149.56076049804688,1.0,0.0,0.005880212411284447,5969,4,0.9440937638282776,-1016.5944213867188,8.314895629882812,-1574.307861328125
9.447205999997095,0,,18587,142092,142092,2,0,0,True,149.7579345703125,1.0,0.0,0.005995253566652536,5929,4,0.9441397190093994,-1016.6494140625,8.330272674560547,-1574.71923828125
9.458239800005686,0,,18600,142092,142092,2,0,0,True,149.91131591796875,1.0,0.0,0.0069258688017725945,5919,4,0.9442086219787598,-1016.7042846679688,8.345674514770508,-1575.1309814453125
9.469340399999055,0,,18607,142092,142092,2,0,0,True,150.0594482421875,1.0,0.0,0.006386414170265198,5932,4,0.9442775249481201,-1016.7727661132812,8.364906311035156,-1575.6463623046875
9.480408200004604,0,,18617,142092,142092,2,0,0,True,150.2410888671875,1.0,0.0,0.006099782418459654,5967,4,0.9443234801292419,-1016.8138427734375,8.37644100189209,-1575.9559326171875
9.491244500008179,0,,18630,142092,142092,2,0,0,True,150.38526916503906,1.0,0.0,0.006777390372008085,5991,4,0.9443923830986023,-1016.8685302734375,8.391839027404785,-1576.3690185546875
9.502418400006718,0,,18637,142092,142092,2,0,0,True,150.56710815429688,1.0,0.0,0.006383206229656935,6004,4,0.9444612860679626,-1016.936767578125,8.411155700683594,-1576.885986328125
9.513544500005082,0,,18647,142092,142092,2,0,0,True,150.71096801757812,1.0,0.0,-0.006240548565983772,6004,4,0.9445072412490845,-1016.9776611328125,8.42279052734375,-1577.1964111328125
9.525034400008735,0,,18660,142092,142092,2,0,0,True,150.89842224121094,1.0,0.0,-0.0041347648948431015,5999,4,0.9445756077766418,-1017.0321044921875,8.438343048095703,-1577.61083984375
9.535914000007324,0,,18677,142092,142092,2,0,0,True,151.04527282714844,1.0,0.0,-0.006159625947475433,5996,4,0.9447072148323059,-1017.1544189453125,8.473315238952637,-1578.5445556640625
9.547143000003416,0,,18690,142092,142092,2,0,0,True,151.22605895996094,1.0,0.0,-0.0014757451135665178,5998,4,0.9447510242462158,-1017.1951293945312,8.484984397888184,-1578.8563232421875
9.55850339999597,0,,18700,142092,142092,2,0,0,True,151.37091064453125,1.0,0.0,-0.001493058050982654,6007,4,0.9448168277740479,-1017.2630004882812,8.504535675048828,-1579.3763427734375
9.56957130000228,0,,18710,142092,142092,2,0,0,True,151.51658630371094,1.0,0.0,-0.0005970855127088726,6022,4,0.9448826313018799,-1017.3173217773438,8.520268440246582,-1579.7928466796875
9.580380300001707,0,,18722,142092,142092,2,0,0,True,151.69676208496094,1.0,0.0,-8.04451119620353e-05,6040,4,0.9449484348297119,-1017.3715209960938,8.536051750183105,-1580.2098388671875
9.591513899998972,0,,18730,142092,142092,2,0,0,True,151.84735107421875,1.0,0.0,0.0010907970136031508,6052,4,0.945014238357544,-1017.4392700195312,8.555791854858398,-1580.7315673828125
9.602787800002261,0,,18740,142092,142092,2,0,0,True,152.03294372558594,1.0,0.0,6.234622560441494e-07,6053,4,0.9450581073760986,-1017.4799194335938,8.567595481872559,-1581.044921875
9.613446300005307,0,,18752,142092,142092,2,0,0,True,152.18174743652344,1.0,0.0,0.0005051441839896142,6047,4,0.9451238512992859,-1017.5341186523438,8.58327865600586,-1581.4630126953125
9.62463230000867,0,,18762,142092,142092,2,0,0,True,152.36732482910156,1.0,0.0,0.000890495372004807,6040,4,0.9452115893363953,-1017.601806640625,8.602869033813477,-1581.986328125
9.635530600004131,0,,18770,142092,142092,2,0,0,True,152.51510620117188,1.0,0.0,0.0008792138542048633,6043,4,0.94525545835495,-1017.6558837890625,8.618555068969727,-1582.4053955078125
9.646725700004026,0,,18782,142092,142092,2,0,0,True,152.65989685058594,1.0,0.0,2.004177076742053e-05,6053,4,0.9453015327453613,-1017.696533203125,8.630322456359863,-1582.7200927734375
9.657840800005943,0,,18802,142092,142092,2,0,0,True,152.8375244140625,1.0,0.0,-0.0006533305859193206,6076,4,0.9454420208930969,-1017.8182983398438,8.665491104125977,-1583.665283203125
9.668795699995826,0,,18802,142092,142092,2,0,0,True,152.97998046875,1.0,0.0,0.0008077149977907538,6093,4,0.9454420208930969,-1017.8182983398438,8.665491104125977,-1583.665283203125
9.679949600002146,0,,18822,142092,142092,2,0,0,True,153.15191650390625,1.0,0.0,0.0007621117983944714,6104,4,0.9455825090408325,-1017.9401245117188,8.700114250183105,-1584.612548828125
9.690847899997607,0,,18832,142092,142092,2,0,0,True,153.2884063720703,1.0,0.0,0.00036441415431909263,6107,4,0.945629358291626,-1017.9807739257812,8.711563110351562,-1584.9287109375
9.701951399998507,0,,18845,142092,142092,2,0,0,True,153.42822265625,1.0,0.0,0.0010042142821475863,6109,4,0.9456995725631714,-1018.0349731445312,8.726806640625,-1585.3505859375
9.713418500003172,0,,18855,142092,142092,2,0,0,True,153.60549926757812,1.0,0.0,0.0005997950793243945,6115,4,0.9457697868347168,-1018.1027221679688,8.745877265930176,-1585.8785400390625
9.724557900000946,0,,18862,142092,142092,2,0,0,True,153.78976440429688,1.0,0.0,0.0005869937594980001,6124,4,0.945840060710907,-1018.1569213867188,8.761157989501953,-1586.3013916015625
9.735564700007671,0,,18875,142092,142092,2,0,0,True,153.9357147216797,1.0,0.0,0.00027940564905293286,6129,4,0.9458634853363037,-1018.1975708007812,8.772624015808105,-1586.6187744140625
9.746630299996468,0,,18885,142092,142092,2,0,0,True,154.08509826660156,1.0,0.0,0.0005542303551919758,6128,4,0.9459571242332458,-1018.2654418945312,8.791732788085938,-1587.148193359375
9.757657000009203,0,,18892,142092,142092,2,0,0,True,154.2679901123047,1.0,0.0,0.00018962728790938854,6121,4,0.9460271000862122,-1018.3197021484375,8.80705738067627,-1587.5721435546875
9.768870500003686,0,,18905,142092,142092,2,0,0,True,154.41452026367188,1.0,0.0,-7.787347567500547e-05,6117,4,0.9460500478744507,-1018.3604736328125,8.818609237670898,-1587.8905029296875
9.779729100002442,0,,18915,142092,142092,2,0,0,True,154.59469604492188,1.0,0.0,0.00018763904517982155,6120,4,0.9461417198181152,-1018.4283447265625,8.838045120239258,-1588.4215087890625
9.790535100008128,0,,18925,142092,142092,2,0,0,True,154.73834228515625,1.0,0.0,0.0005446906434372067,6131,4,0.9461876153945923,-1018.4827270507812,8.853797912597656,-1588.8466796875
9.801580100000137,0,,18945,142092,142092,2,0,0,True,154.8824005126953,1.0,0.0,0.0002225701609859243,6144,4,0.9463251233100891,-1018.6050415039062,8.889813423156738,-1589.804931640625
9.812687300000107,0,,18955,142092,142092,2,0,0,True,155.0625762939453,1.0,0.0,-0.00033683539368212223,6156,4,0.9463710188865662,-1018.6458740234375,8.901948928833008,-1590.124755859375
9.824065900000278,0,,18967,142092,142092,2,0,0,True,155.20579528808594,1.0,0.0,-0.0004910088609904051,6161,4,0.946439802646637,-1018.7003173828125,8.918211936950684,-1590.551513671875
9.835054199997103,0,,18977,142092,142092,2,0,0,True,155.38571166992188,1.0,0.0,6.12157818977721e-05,6163,4,0.946508526802063,-1018.7683715820312,8.938643455505371,-1591.085693359375
9.846212400007062,0,,18985,142092,142092,2,0,0,True,155.52772521972656,1.0,0.0,0.0006009649951010942,6165,4,0.9465773105621338,-1018.8228759765625,8.955053329467773,-1591.5133056640625
9.857262000004994,0,,18997,142092,142092,2,0,0,True,155.70201110839844,1.0,0.0,-0.000558358384296298,6173,4,0.9466232061386108,-1018.86376953125,8.96737289428711,-1591.8343505859375
9.868298000001232,0,,19007,142092,142092,2,0,0,True,155.84164428710938,1.0,0.0,-0.0008931551710702479,6185,4,0.9467148780822754,-1018.9320068359375,8.987885475158691,-1592.3699951171875
9.879303299996536,0,,19017,142092,142092,2,0,0,True,155.9770050048828,1.0,0.0,0.0001617670786799863,6200,4,0.9467802047729492,-1018.986572265625,9.004250526428223,-1592.798828125
9.890469400008442,0,,19027,142092,142092,2,0,0,True,156.1446533203125,1.0,0.0,0.0008022811962291598,6219,4,0.9468420743942261,-1019.041259765625,9.020523071289062,-1593.22802734375
9.90151130000595,0,,19037,142092,142092,2,0,0,True,156.27926635742188,1.0,0.0,0.0007395835709758103,6232,4,0.9469039440155029,-1019.095947265625,9.036681175231934,-1593.65771484375
9.912616900008288,0,,19047,142092,142092,2,0,0,True,156.45248413085938,1.0,0.0,5.2811839850619435e-05,6242,4,0.9469658136367798,-1019.150634765625,9.05273151397705,-1594.0877685546875
9.92361759999767,0,,19060,142092,142092,2,0,0,True,156.5928192138672,1.0,0.0,0.0005949180922470987,6241,4,0.9470276832580566,-1019.2054443359375,9.068668365478516,-1594.5181884765625
9.934799900001963,0,,19077,142092,142092,2,0,0,True,156.77020263671875,1.0,0.0,0.0012598399771377444,6237,4,0.9471513628959656,-1019.3151245117188,9.100284576416016,-1595.380126953125
9.945882700005313,0,,19090,142092,142092,2,0,0,True,156.91419982910156,1.0,0.0,0.0003487906651571393,6233,4,0.9472132325172424,-1019.3699951171875,9.115984916687012,-1595.8116455078125
9.957040499997674,0,,19100,142092,142092,2,0,0,True,157.0575408935547,1.0,0.0,0.0006307767471298575,6229,4,0.9472957253456116,-1019.4386596679688,9.135581970214844,-1596.3516845703125
9.967845100007253,0,,19107,142092,142092,2,0,0,True,157.23919677734375,1.0,0.0,-2.344053064007312e-05,6229,4,0.9473575949668884,-1019.49365234375,9.151288986206055,-1596.7840576171875
9.97886620000645,0,,19120,142092,142092,2,0,0,True,157.37782287597656,1.0,0.0,1.1550117051228881e-05,6234,4,0.947398841381073,-1019.534912109375,9.163098335266113,-1597.1087646484375
9.989626900001895,0,,19130,142092,142092,2,0,0,True,157.5552215576172,1.0,0.0,-0.0003643303061835468,6245,4,0.9474886655807495,-1019.603759765625,9.182877540588379,-1597.6502685546875
10.000563800000236,0,,19137,142092,142092,2,0,0,True,157.69564819335938,1.0,0.0,-0.00035345315700396895,6254,4,0.9475340843200684,-1019.6588745117188,9.198759078979492,-1598.0838623046875
10.011594399999012,0,,19150,142092,142092,2,0,0,True,157.8328857421875,1.0,0.0,-4.3461244786158204e-05,6261,4,0.9476022124290466,-1019.7002563476562,9.210707664489746,-1598.4093017578125
10.022776099998737,0,,19160,142092,142092,2,0,0,True,158.00315856933594,1.0,0.0,-0.0002937583776656538,6267,4,0.9476704001426697,-1019.769287109375,9.230691909790039,-1598.9522705078125
10.034019800004899,0,,19167,142092,142092,2,0,0,True,158.14242553710938,1.0,0.0,3.539938188623637e-05,6271,4,0.947738528251648,-1019.8245239257812,9.246773719787598,-1599.3870849609375
10.045068100007484,0,,19180,142092,142092,2,0,0,True,158.31204223632812,1.0,0.0,0.0001513500901637599,6277,4,0.9477839469909668,-1019.865966796875,9.258893013000488,-1599.71337890625
10.056376499996986,0,,19197,142092,142092,2,0,0,True,158.45091247558594,1.0,0.0,-0.0005630961968563497,6286,4,0.9479202628135681,-1019.9905395507812,9.29553508758545,-1600.693603515625
10.067597700006445,0,,19210,142092,142092,2,0,0,True,158.624755859375,1.0,0.0,-0.0007893070578575134,6299,4,0.947965681552887,-1020.0321044921875,9.307812690734863,-1601.020751953125
10.078752200002782,0,,19220,142092,142092,2,0,0,True,158.76341247558594,1.0,0.0,-0.0007219784311018884,6307,4,0.9480565190315247,-1020.1014404296875,9.328272819519043,-1601.5665283203125
10.089834900005371,0,,19230,142092,142092,2,0,0,True,158.93777465820312,1.0,0.0,2.243516792077571e-05,6312,4,0.9481019377708435,-1020.156982421875,9.344630241394043,-1602.003662109375
10.100964900004328,0,,19240,142092,142092,2,0,0,True,159.0811004638672,1.0,0.0,-0.00044498839997686446,6314,4,0.9481697082519531,-1020.2125854492188,9.360974311828613,-1602.4410400390625
10.111900700008846,0,,19250,142092,142092,2,0,0,True,159.25375366210938,1.0,0.0,-0.001030119601637125,6314,4,0.9482371211051941,-1020.2682495117188,9.377285957336426,-1602.87890625
10.122905199998058,0,,19260,142092,142092,2,0,0,True,159.3905029296875,1.0,0.0,-0.0007606891449540854,6319,4,0.9483044743537903,-1020.3239135742188,9.393559455871582,-1603.3170166015625
10.1338553000096,0,,19270,142092,142092,2,0,0,True,159.5275421142578,1.0,0.0,0.00026942742988467216,6328,4,0.9483718872070312,-1020.3796997070312,9.409773826599121,-1603.755615234375
10.145066700002644,0,,19287,142092,142092,2,0,0,True,159.6983642578125,1.0,0.0,-0.00015969338710419834,6343,4,0.9484841823577881,-1020.4913330078125,9.442036628723145,-1604.634033203125
10.155998400005046,0,,19287,142092,142092,2,0,0,True,159.83474731445312,1.0,0.0,-0.0008304861257784069,6353,4,0.9484841823577881,-1020.4913330078125,9.442036628723145,-1604.634033203125
10.16701180000382,0,,19310,142092,142092,2,0,0,True,160.0015411376953,1.0,0.0,-0.0005777471233159304,6363,4,0.9486188888549805,-1020.6032104492188,9.474031448364258,-1605.5137939453125
10.178121400007512,0,,19317,142092,142092,2,0,0,True,160.1404571533203,1.0,0.0,-1.9665691070258617e-05,6367,4,0.9486863017082214,-1020.6591796875,9.489906311035156,-1605.954345703125
10.189327200001571,0,,19330,142092,142092,2,0,0,True,160.28070068359375,1.0,0.0,-0.00026193339726887643,6367,4,0.9487312436103821,-1020.7012329101562,9.501794815063477,-1606.284912109375
10.200350300001446,0,,19337,142092,142092,2,0,0,True,160.4565887451172,1.0,0.0,1.4322766219265759e-05,6365,4,0.9488210678100586,-1020.7713012695312,9.521596908569336,-1606.83642578125
10.211373700003605,0,,19347,142092,142092,2,0,0,True,160.5931854248047,1.0,0.0,0.00038598227547481656,6366,4,0.9488660097122192,-1020.8134155273438,9.533467292785645,-1607.1676025390625
10.222434900002554,0,,19360,142092,142092,2,0,0,True,160.7679901123047,1.0,0.0,-7.131389429559931e-05,6376,4,0.9489335417747498,-1020.8695678710938,9.549272537231445,-1607.6094970703125
10.233553800004302,0,,19377,142092,142092,2,0,0,True,160.90304565429688,1.0,0.0,0.00010567823483143002,6381,4,0.9490461945533752,-1020.9820556640625,9.580853462219238,-1608.4945068359375
10.244768600008683,0,,19387,142092,142092,2,0,0,True,161.07420349121094,1.0,0.0,-0.0002913048374466598,6388,4,0.9491137266159058,-1021.0383911132812,9.596720695495605,-1608.9376220703125
10.255673400009982,0,,19397,142092,142092,2,0,0,True,161.2099609375,1.0,0.0,-0.0001823506609071046,6394,4,0.949181318283081,-1021.0947265625,9.612653732299805,-1609.3809814453125
10.26670500000182,0,,19405,142092,142092,2,0,0,True,161.3472137451172,1.0,0.0,0.00022016017464920878,6402,4,0.9492488503456116,-1021.151123046875,9.62863826751709,-1609.8248291015625
10.277715500007616,0,,19417,142092,142092,2,0,0,True,161.51992797851562,1.0,0.0,0.00018432822253089398,6408,4,0.9492939114570618,-1021.1934204101562,9.640655517578125,-1610.157958984375
10.28872599999886,0,,19425,142092,142092,2,0,0,True,161.65841674804688,1.0,0.0,-0.0005721278139390051,6410,4,0.9493839740753174,-1021.2640380859375,9.660758018493652,-1610.713623046875
10.299744600008125,0,,19435,142092,142092,2,0,0,True,161.8288116455078,1.0,0.0,-0.00025378246209584177,6413,4,0.9494290351867676,-1021.306396484375,9.672876358032227,-1611.0472412109375
10.31065130000934,0,,19445,142092,142092,2,0,0,True,161.96705627441406,1.0,0.0,0.00023757846793159842,6417,4,0.9494966268539429,-1021.3629150390625,9.689116477966309,-1611.492431640625
10.32243680000829,0,,19462,142092,142092,2,0,0,True,162.10755920410156,1.0,0.3176470696926117,-0.0004527308919932693,6428,4,0.9496093392372131,-1021.4761352539062,9.721858978271484,-1612.384033203125
10.334311800004798,0,,19475,142092,142092,2,0,0,True,162.05889892578125,1.0,0.9490196704864502,-0.0009905510814860463,6397,4,0.9496772289276123,-1021.5186767578125,9.734201431274414,-1612.71875
10.345405400003074,0,,19485,142092,142092,2,0,0,True,161.7105712890625,0.847058892250061,1.0,-0.0011888917069882154,6200,4,0.9497451186180115,-1021.5895385742188,9.754817962646484,-1613.27685546875
10.356406200007768,0,,19492,142092,142092,2,0,0,True,161.36160278320312,0.40000003576278687,1.0,-0.003135637380182743,5947,4,0.9498130083084106,-1021.6461181640625,9.771328926086426,-1613.72265625
10.367450000005192,0,,19505,142092,142092,2,0,0,True,160.84487915039062,0.0,1.0,-0.0028834613040089607,5355,4,0.9498583078384399,-1021.6884765625,9.783716201782227,-1614.0565185546875
10.378463300003204,0,,19522,142092,142092,2,0,0,True,160.274658203125,0.0,1.0,0.0007269004127010703,5153,4,0.9499940872192383,-1021.8011474609375,9.816883087158203,-1614.9437255859375
10.389647600008175,0,,19532,142092,142092,2,0,0,True,159.45535278320312,0.0,1.0,1.2401702406350523e-05,5370,4,0.9500619769096375,-1021.857177734375,9.8335542678833,-1615.3853759765625
10.401075600006152,0,,19542,142092,142092,2,0,0,True,158.796875,0.0,1.0,0.0006164046935737133,5671,4,0.9501298666000366,-1021.9129638671875,9.850265502929688,-1615.8250732421875
10.412021299998742,0,,19550,142092,142092,2,0,0,True,158.00186157226562,0.0,1.0,0.0006571406847797334,5851,4,0.9501751065254211,-1021.968505859375,9.866985321044922,-1616.2630615234375
10.423111299998709,0,,19562,142092,142092,2,0,0,True,157.36659240722656,0.0,1.0,0.0019833745900541544,5850,4,0.9502203464508057,-1022.010009765625,9.879501342773438,-1616.59033203125
10.434270900004776,0,,19570,142092,142092,2,0,0,True,156.73477172851562,0.0,1.0,0.0026383239310234785,5677,4,0.9503108859062195,-1022.078857421875,9.900267601013184,-1617.1336669921875
10.44521240000904,0,,19580,142092,142092,2,0,0,True,155.95736694335938,0.0,1.0,0.0008197881979867816,5416,4,0.9503561854362488,-1022.1199951171875,9.912654876708984,-1617.4583740234375
10.456283499996061,0,,19600,142092,142092,2,0,0,True,155.3499298095703,0.0,1.0,-0.00041649601189419627,5299,4,0.9504919648170471,-1022.22900390625,9.945393562316895,-1618.3194580078125
10.467510800008313,0,,19607,142092,142092,2,0,0,True,154.61087036132812,0.0,1.0,-0.0010670713381841779,5293,4,0.9505372643470764,-1022.2831420898438,9.961573600769043,-1618.74755859375
10.478730100003304,0,,19620,142092,142092,2,0,0,True,154.063720703125,0.0,1.0,-0.0024989426601678133,5297,4,0.9505825638771057,-1022.3236083984375,9.973623275756836,-1619.0673828125
10.489632099997834,0,,19627,142092,142092,2,0,0,True,153.3778533935547,0.0,1.0,0.000393856898881495,5432,4,0.9506731033325195,-1022.3908081054688,9.993461608886719,-1619.5987548828125
10.500613800002611,0,,19635,142092,142092,2,0,0,True,152.82040405273438,0.0,1.0,-0.0001267088227905333,5448,4,0.9507184028625488,-1022.4310302734375,10.005172729492188,-1619.9163818359375
10.511607499996899,0,,19647,142092,142092,2,0,0,True,152.24984741210938,0.0,1.0,-5.875477654626593e-05,5468,4,0.9507636427879333,-1022.4710693359375,10.016745567321777,-1620.233154296875
10.522827799999504,0,,19665,142092,142092,2,0,0,True,151.48583984375,0.0,1.0,0.0011297025484964252,5450,4,0.9508994817733765,-1022.5906372070312,10.05069351196289,-1621.1783447265625
10.533668200005195,0,,19677,142092,142092,2,0,0,True,150.8685760498047,0.0,1.0,0.001051760627888143,5393,4,0.9509447813034058,-1022.6302490234375,10.061808586120605,-1621.4915771484375
10.544727400003467,0,,19685,142092,142092,2,0,0,True,150.09239196777344,0.0,1.0,-0.002655250485986471,5270,4,0.9510126709938049,-1022.6959838867188,10.080223083496094,-1622.011474609375
10.555698399999528,0,,19692,142092,142092,2,0,0,True,149.4525909423828,0.0,1.0,-0.0027112155221402645,5158,4,0.9510577917098999,-1022.7352294921875,10.091201782226562,-1622.322265625
10.56681980000576,0,,19705,142092,142092,2,0,0,True,148.8113555908203,0.0,1.0,-0.0008742471691220999,5161,4,0.9511028528213501,-1022.7744140625,10.102130889892578,-1622.6319580078125
10.577883999998448,0,,19712,142092,142092,2,0,0,True,148.02056884765625,0.0,1.0,-0.00043975815060548484,5200,4,0.9511929154396057,-1022.83935546875,10.120309829711914,-1623.1458740234375
10.588949400000274,0,,19722,142092,142092,2,0,0,True,147.39830017089844,0.0,1.0,2.8312642825767398e-06,5219,4,0.9512379765510559,-1022.8782348632812,10.131205558776855,-1623.452880859375
10.599956000005477,0,,19742,142092,142092,2,0,0,True,146.63540649414062,0.0,1.0,0.0008259713067673147,5225,4,0.9513506293296814,-1022.9939575195312,10.163692474365234,-1624.3682861328125
10.610971200003405,0,,19750,142092,142092,2,0,0,True,145.9973602294922,0.0,1.0,0.00029220705619081855,5201,4,0.9513956308364868,-1023.0323486328125,10.17441463470459,-1624.6715087890625
10.622149400005583,0,,19762,142092,142092,2,0,0,True,145.1980743408203,0.0,1.0,-0.00016435765428468585,5183,4,0.951440691947937,-1023.0704956054688,10.185098648071289,-1624.9737548828125
10.63355440000305,0,,19770,142092,142092,2,0,0,True,144.5428009033203,0.0,1.0,-0.0017643438186496496,5161,4,0.9515308141708374,-1023.1339111328125,10.202863693237305,-1625.4752197265625
10.644352400006028,0,,19780,142092,142092,2,0,0,True,143.77725219726562,0.0,1.0,-0.0010530039435252547,5087,4,0.9515758752822876,-1023.1717529296875,10.213525772094727,-1625.7747802734375
10.655265599998529,0,,19800,142092,142092,2,0,0,True,143.20179748535156,0.0,1.0,-0.0016451268456876278,4987,4,0.9516884684562683,-1023.2720947265625,10.2418851852417,-1626.56884765625
10.666515700009768,0,,19807,142092,142092,2,0,0,True,142.66111755371094,0.0,1.0,-0.0011855843476951122,4918,4,0.9517335295677185,-1023.3219604492188,10.255899429321289,-1626.9635009765625
10.677397200008272,0,,19820,142092,142092,2,0,0,True,141.96836853027344,0.0,1.0,-0.0006795108201913536,4901,4,0.951778769493103,-1023.3592529296875,10.266277313232422,-1627.2584228515625
10.688566700002411,0,,19827,142092,142092,2,0,0,True,141.4098663330078,0.0,1.0,-0.00043585317325778306,5006,4,0.9518466591835022,-1023.421142578125,10.283308982849121,-1627.7481689453125
10.699709399996209,0,,19837,142092,142092,2,0,0,True,140.71788024902344,0.0,1.0,0.004699538461863995,5069,4,0.9518918991088867,-1023.4581298828125,10.293377876281738,-1628.0408935546875
10.711010900005931,0,,19847,142092,142092,2,0,0,True,140.1256103515625,0.0,1.0,0.0025412545073777437,5065,4,0.9519597887992859,-1023.5072631835938,10.306653022766113,-1628.4298095703125
10.721667699996033,0,,19865,142092,142092,2,0,0,True,139.52743530273438,0.0,1.0,0.001972951227799058,4955,4,0.9520729780197144,-1023.6049194335938,10.332831382751465,-1629.202880859375
10.732848200001172,0,,19877,142092,142092,2,0,0,True,138.81431579589844,0.0,1.0,0.0011301491176709533,4860,4,0.9521182179450989,-1023.641357421875,10.342540740966797,-1629.4910888671875
10.74381440000434,0,,19885,142092,142092,2,0,0,True,138.21681213378906,0.0,1.0,0.0009946939535439014,4773,4,0.9521861672401428,-1023.7017211914062,10.35860824584961,-1629.969482421875
10.75448060000781,0,,19895,142092,142092,2,0,0,True,137.4764404296875,0.0,1.0,0.00040668644942343235,4763,4,0.9522087574005127,-1023.73779296875,10.368171691894531,-1630.25537109375
10.765639400007785,0,,19905,142092,142092,2,0,0,True,136.8796844482422,0.0,1.0,0.002488909289240837,4827,4,0.9522766470909119,-1023.7857666015625,10.38083267211914,-1630.635009765625
10.77686260000337,0,,19912,142092,142092,2,0,0,True,136.2760009765625,0.0,1.0,0.003748388960957527,4841,4,0.9523219466209412,-1023.83349609375,10.393392562866211,-1631.0130615234375
10.787760300008813,0,,19922,142092,142092,2,0,0,True,135.47779846191406,0.0,1.0,0.0030503817833960056,4868,4,0.9523671865463257,-1023.869140625,10.402754783630371,-1631.2955322265625
10.798510200009332,0,,19942,142092,142092,2,0,0,True,134.8116455078125,0.0,1.0,-0.0005071763880550861,4853,4,0.9524803757667542,-1023.9635620117188,10.427560806274414,-1632.0440673828125
10.809483300006832,0,,19950,142092,142092,2,0,0,True,133.95594787597656,0.0,1.0,-0.0004730738000944257,4756,4,0.9525256752967834,-1024.010498046875,10.439982414245605,-1632.4156494140625
10.820686899998691,0,,19962,142092,142092,2,0,0,True,133.28915405273438,0.0,1.0,0.0021655980963259935,4660,4,0.9525709748268127,-1024.04541015625,10.449356079101562,-1632.6929931640625
10.831650300009642,0,,19970,142092,142092,2,0,0,True,132.63845825195312,0.0,1.0,0.0028368323110044003,4625,4,0.9526388645172119,-1024.103515625,10.465149879455566,-1633.153076171875
10.842606599995634,0,,19980,142092,142092,2,0,0,True,131.83267211914062,0.0,1.0,0.004367292392998934,4597,4,0.9526841640472412,-1024.13818359375,10.474722862243652,-1633.427734375
10.853580399998464,0,,19990,142092,142092,2,0,0,True,131.17347717285156,0.0,1.0,0.004891527816653252,4618,4,0.9527294635772705,-1024.1842041015625,10.487565040588379,-1633.7923583984375
10.86459250000189,0,,20007,142092,142092,2,0,0,True,130.3532257080078,0.0,1.0,0.004363793879747391,4624,4,0.952842652797699,-1024.2755126953125,10.513440132141113,-1634.516357421875
10.8757678999973,0,,20020,142092,142092,2,0,0,True,129.67884826660156,0.0,1.0,0.003275318071246147,4633,4,0.9528879523277283,-1024.3095703125,10.52320384979248,-1634.785888671875
10.886704899996403,0,,20027,142092,142092,2,0,0,True,129.0206298828125,0.0,1.0,0.001365481410175562,4679,4,0.9529332518577576,-1024.365966796875,10.539543151855469,-1635.23291015625
10.897743299996364,0,,20035,142092,142092,2,0,0,True,128.250244140625,0.0,1.0,-0.0021621945779770613,4725,4,0.9529785513877869,-1024.3995361328125,10.54940414428711,-1635.499755859375
10.908539900003234,0,,20047,142092,142092,2,0,0,True,127.6351089477539,0.0,1.0,-0.003233020193874836,4701,4,0.9530238509178162,-1024.43310546875,10.559301376342773,-1635.765625
10.919689400005154,0,,20055,142092,142092,2,0,0,True,126.88491821289062,0.0,1.0,-0.001658893539570272,4601,4,0.9530917406082153,-1024.48876953125,10.575807571411133,-1636.2066650390625
10.93146639999759,0,,20075,142092,142092,2,0,0,True,126.31101989746094,0.0,1.0,0.0010730066569522023,4503,4,0.9531823396682739,-1024.56640625,10.598836898803711,-1636.819580078125
10.942274100001669,0,,20082,142092,142092,2,0,0,True,125.61005401611328,0.0,1.0,0.0023143873549997807,4411,4,0.9532274603843689,-1024.6104736328125,10.611884117126465,-1637.1676025390625
10.953307800009497,0,,20092,142092,142092,2,0,0,True,125.08071899414062,0.0,1.0,0.001395003986544907,4358,4,0.9532725811004639,-1024.643310546875,10.621593475341797,-1637.4276123046875
10.964310299998033,0,,20102,142092,142092,2,0,0,True,124.55415344238281,0.0,1.0,-0.0015943029429763556,4279,4,0.9533177018165588,-1024.6871337890625,10.63440990447998,-1637.77294921875
10.975351200002478,0,,20112,142092,142092,2,0,0,True,123.9059066772461,0.0,1.0,-0.0010453861905261874,4346,4,0.953362762928009,-1024.7305908203125,10.647049903869629,-1638.1168212890625
10.986409799996181,0,,20120,142092,142092,2,0,0,True,123.36653137207031,0.0,1.0,-0.0009219122584909201,4337,4,0.953407883644104,-1024.7740478515625,10.65948486328125,-1638.4593505859375
10.997419899998931,0,,20140,142092,142092,2,0,0,True,122.67035675048828,0.0,1.0,-0.0015211338177323341,4360,4,0.9534980654716492,-1024.8494873046875,10.680764198303223,-1639.05517578125
11.008463400008623,0,,20147,142092,142092,2,0,0,True,122.10598754882812,0.0,1.0,0.001122501795180142,4342,4,0.9535431861877441,-1024.8924560546875,10.692717552185059,-1639.3936767578125
11.021077500001411,0,,20157,142092,142092,2,0,0,True,121.39384460449219,0.0,1.0,0.003938804846256971,4262,4,0.9535882472991943,-1024.924560546875,10.701605796813965,-1639.646484375
11.032311500006472,0,,20175,142092,142092,2,0,0,True,120.69192504882812,0.0,1.0,0.0017372629372403026,4287,4,0.9536784887313843,-1025.009521484375,10.725053787231445,-1640.3162841796875
11.043400399998063,0,,20187,142092,142092,2,0,0,True,120.1440200805664,0.0,1.0,0.000555882346816361,4215,4,0.9537235498428345,-1025.0411376953125,10.733758926391602,-1640.56591796875
11.054281799995806,0,,20195,142092,142092,2,0,0,True,119.47570037841797,0.0,1.0,0.0005895731737837195,4223,4,0.9537686705589294,-1025.09375,10.748100280761719,-1640.97998046875
11.065455700008897,0,,20202,142092,142092,2,0,0,True,118.93946838378906,0.0,1.0,0.00165114039555192,4197,4,0.9538137912750244,-1025.1251220703125,10.756587982177734,-1641.227294921875
11.076390900008846,0,,20215,142092,142092,2,0,0,True,118.37291717529297,0.0,1.0,0.0013480570632964373,4203,4,0.9538588523864746,-1025.1563720703125,10.764981269836426,-1641.4737548828125
11.087421800009906,0,,20230,142092,142092,2,0,0,True,117.66522979736328,0.0,1.0,0.0029790312983095646,4210,4,0.953948974609375,-1025.2392578125,10.786952018737793,-1642.1270751953125
11.098619900003541,0,,20242,142092,142092,2,0,0,True,117.05400848388672,0.0,1.0,-0.0008569235214963555,4204,4,0.9539715051651001,-1025.2701416015625,10.795116424560547,-1642.370361328125
11.10959069999808,0,,20250,142092,142092,2,0,0,True,116.32755279541016,0.0,1.0,-0.005022040568292141,4164,4,0.9540389776229858,-1025.3214111328125,10.808712005615234,-1642.77392578125
11.12088699999731,0,,20260,142092,142092,2,0,0,True,115.72840118408203,0.0,1.0,-0.0035173362120985985,4085,4,0.9540839791297913,-1025.35205078125,10.816884994506836,-1643.0147705078125
11.131659300008323,0,,20270,142092,142092,2,0,0,True,115.14370727539062,0.0,1.0,-0.0023202323354780674,4019,4,0.9541289806365967,-1025.3927001953125,10.827798843383789,-1643.3345947265625
11.14277600000787,0,,20280,142092,142092,2,0,0,True,114.4261474609375,0.0,1.0,-0.0008309819968417287,4023,4,0.9541739821434021,-1025.4332275390625,10.838693618774414,-1643.652587890625
11.153959200004465,0,,20287,142092,142092,2,0,0,True,113.85977172851562,0.0,1.0,0.0010628881864249706,3967,4,0.9542189240455627,-1025.4735107421875,10.849568367004395,-1643.9691162109375
11.16489040000306,0,,20307,142092,142092,2,0,0,True,113.148681640625,0.0,1.0,0.0026610319036990404,4018,4,0.9542864561080933,-1025.543701171875,10.868456840515137,-1644.5191650390625
11.175745000000461,0,,20315,142092,142092,2,0,0,True,112.5836410522461,0.0,1.0,0.0009596783202141523,4010,4,0.9543314576148987,-1025.5833740234375,10.879141807556152,-1644.8314208984375
11.186777900002198,0,,20327,142092,142092,2,0,0,True,112.0057144165039,0.0,1.0,0.00030647212406620383,3966,4,0.9543763995170593,-1025.6131591796875,10.887104988098145,-1645.0645751953125
11.19780150000588,0,,20335,142092,142092,2,0,0,True,111.32779693603516,0.0,1.0,-0.002225743606686592,4017,4,0.9544214010238647,-1025.662353515625,10.900288581848145,-1645.4510498046875
11.208817000006093,0,,20342,142092,142092,2,0,0,True,110.76754760742188,0.0,1.0,-0.0037205186672508717,3988,4,0.9544664025306702,-1025.6917724609375,10.908146858215332,-1645.681884765625
11.219949000005727,0,,20362,142092,142092,2,0,0,True,110.0185317993164,0.0,1.0,-0.0014980321284383535,3892,4,0.954556405544281,-1025.7696533203125,10.92892837524414,-1646.2930908203125
11.231194599997252,0,,20370,142092,142092,2,0,0,True,109.43923950195312,0.0,1.0,-0.0017478570807725191,3808,4,0.9545788764953613,-1025.7987060546875,10.936690330505371,-1646.5206298828125
11.241940899999463,0,,20382,142092,142092,2,0,0,True,108.7599868774414,0.0,1.0,-0.00012033665552735329,3669,1,0.9546238780021667,-1025.82763671875,10.944442749023438,-1646.747314453125
11.252997900010087,0,,20390,142092,142092,2,0,0,True,108.23091125488281,0.75,1.0,-0.00043687503784894943,4175,1,0.9546687602996826,-1025.87548828125,10.957286834716797,-1647.123046875
11.26405579999846,0,,20397,142092,142092,2,0,0,True,107.6939697265625,0.6527777910232544,1.0,0.0014373003505170345,4786,1,0.9547135233879089,-1025.9041748046875,10.964903831481934,-1647.347412109375
11.27527710000868,0,,20417,142092,142092,2,0,0,True,107.0332260131836,0.5944444537162781,1.0,0.002237871987745166,5355,1,0.9547806978225708,-1025.97998046875,10.984844207763672,-1647.941650390625
11.286189200007357,0,,20425,142092,142092,2,0,0,True,106.50286102294922,0.47777774930000305,1.0,0.0029222415760159492,5707,1,0.9548255205154419,-1026.0081787109375,10.992193222045898,-1648.1630859375
11.2971358000068,0,,20437,142092,142092,2,0,0,True,105.79788208007812,0.4194445013999939,1.0,0.000778533925767988,6041,1,0.9548479318618774,-1026.036376953125,10.999466896057129,-1648.383544921875
11.308542900005705,0,,20445,142092,142092,2,0,0,True,105.25183868408203,0.10588222742080688,1.0,-0.0003435818071011454,6106,1,0.9549151062965393,-1026.0828857421875,11.011455535888672,-1648.749267578125
11.319581800009473,0,,20452,142092,142092,2,0,0,True,104.67870330810547,0.0,1.0,-0.0012707952409982681,5027,3,0.9549375176429749,-1026.1107177734375,11.018593788146973,-1648.967529296875
11.33037310000509,0,,20472,142092,142092,2,0,0,True,104.12681579589844,0.0,1.0,-0.0047205667942762375,4786,3,0.9550271034240723,-1026.184326171875,11.037675857543945,-1649.545654296875
11.341766900004586,0,,20482,142092,142092,2,0,0,True,103.57438659667969,0.0,1.0,-0.003661314956843853,4501,3,0.955049455165863,-1026.2117919921875,11.044881820678711,-1649.760986328125
11.352702600008342,0,,20492,142092,142092,2,0,0,True,102.83966827392578,0.0,1.0,-0.0010490213753655553,4226,3,0.9550942778587341,-1026.2481689453125,11.054525375366211,-1650.0467529296875
11.363730700002634,0,,20500,142092,142092,2,0,0,True,102.25430297851562,0.0,1.0,0.0016927628312259912,4141,3,0.9551390409469604,-1026.284423828125,11.064188003540039,-1650.3310546875
11.374741799998446,0,,20510,142092,142092,2,0,0,True,101.54656982421875,0.0,1.0,0.0055652763694524765,4175,3,0.955161452293396,-1026.3115234375,11.071443557739258,-1650.5430908203125
11.38560010000947,0,,20527,142092,142092,2,0,0,True,100.9858627319336,0.0,1.0,0.004480596631765366,4269,3,0.9552510380744934,-1026.3831787109375,11.090752601623535,-1651.1043701171875
11.396787300007418,0,,20537,142092,142092,2,0,0,True,100.4294662475586,0.0,1.0,0.0036533635575324297,4363,3,0.955273449420929,-1026.4097900390625,11.09793758392334,-1651.313232421875
11.407731600003899,0,,20547,142092,142092,2,0,0,True,99.76551818847656,0.0,1.0,0.004734707064926624,4443,3,0.9553182125091553,-1026.4449462890625,11.107449531555176,-1651.59033203125
11.419022200003383,0,,20555,142092,142092,2,0,0,True,99.21168518066406,0.0,1.0,-0.00048200064338743687,4487,3,0.9553630948066711,-1026.47998046875,11.116905212402344,-1651.8660888671875
11.430084599996917,0,,20565,142092,142092,2,0,0,True,98.48416900634766,0.0,1.0,0.00021598092280328274,4465,3,0.955385684967041,-1026.506103515625,11.123971939086914,-1652.0718994140625
11.440945099995588,0,,20582,142092,142092,2,0,0,True,97.88349151611328,0.0,1.0,0.00017677480354905128,4364,3,0.955475926399231,-1026.5753173828125,11.14283561706543,-1652.6163330078125
11.451780500006862,0,,20592,142092,142092,2,0,0,True,97.29766082763672,0.0,1.0,-0.00010751555964816362,4230,3,0.955498456954956,-1026.6009521484375,11.149947166442871,-1652.81884765625
11.462991000007605,0,,20602,142092,142092,2,0,0,True,96.5769271850586,0.0,1.0,0.00014627222844865173,4070,3,0.955543577671051,-1026.6351318359375,11.15943431854248,-1653.08740234375
11.474072400000296,0,,20610,142092,142092,2,0,0,True,96.0157241821289,0.0,1.0,0.0019752713851630688,3995,3,0.955588698387146,-1026.6690673828125,11.168917655944824,-1653.3543701171875
11.484896100009792,0,,20620,142092,142092,2,0,0,True,95.3111572265625,0.0,1.0,0.002071165246888995,4008,3,0.9556112289428711,-1026.6943359375,11.176012992858887,-1653.553466796875
11.495960700005526,0,,20637,142092,142092,2,0,0,True,94.75167083740234,0.0,1.0,0.004761308431625366,4058,3,0.9556789398193359,-1026.76123046875,11.19482421875,-1654.0804443359375
11.506965699998545,0,,20647,142092,142092,2,0,0,True,94.06121063232422,0.0,1.0,0.001680626766756177,4141,3,0.9557240605354309,-1026.7861328125,11.201836585998535,-1654.2763671875
11.51786350000475,0,,20657,142092,142092,2,0,0,True,93.511474609375,0.0,1.0,0.012071391567587852,4165,3,0.955746591091156,-1026.819091796875,11.211143493652344,-1654.536376953125
11.529092199998558,0,,20665,142092,142092,2,0,0,True,92.95768737792969,0.0,1.0,0.0071382285095751286,4166,3,0.955791711807251,-1026.8519287109375,11.220380783081055,-1654.7947998046875
11.540279200009536,0,,20675,142092,142092,2,0,0,True,92.27816009521484,0.0,1.0,0.012195433489978313,4131,3,0.9558143019676208,-1026.8763427734375,11.227263450622559,-1654.9876708984375
11.551292999996804,0,,20692,142092,142092,2,0,0,True,91.82725524902344,0.0,1.0,0.01069928053766489,4055,3,0.9558819532394409,-1026.94091796875,11.245465278625488,-1655.4979248046875
11.562256000004709,0,,20702,142092,142092,2,0,0,True,91.12352752685547,0.0,1.0,0.01546591054648161,3917,3,0.9559270739555359,-1026.9649658203125,11.252226829528809,-1655.687744140625
11.573466700006975,0,,20712,142092,142092,2,0,0,True,90.657470703125,0.0,1.0,0.037154823541641235,3816,3,0.955949604511261,-1026.9967041015625,11.261207580566406,-1655.939697265625
11.58446240000194,0,,20720,142092,142092,2,0,0,True,90.00151062011719,0.0,1.0,0.030894938856363297,3742,3,0.955994725227356,-1027.0281982421875,11.270121574401855,-1656.190185546875
11.595504900004016,0,,20730,142092,142092,2,0,0,True,89.45854187011719,0.0,1.0,0.060412898659706116,3740,3,0.9560173153877258,-1027.0517578125,11.276772499084473,-1656.377197265625
11.606835800004774,0,,20750,142092,142092,2,0,0,True,88.9488754272461,0.0,1.0,0.05702708289027214,3771,3,0.9560849070549011,-1027.1134033203125,11.294310569763184,-1656.8719482421875
11.61802290000196,0,,20757,142092,142092,2,0,0,True,88.39456176757812,0.0,1.0,0.045945800840854645,3814,3,0.9561297297477722,-1027.1435546875,11.302937507629395,-1657.1171875
11.629030299998703,0,,20767,142092,142092,2,0,0,True,87.85992431640625,0.0,1.0,0.04937724396586418,3850,3,0.9561521410942078,-1027.166015625,11.30932903289795,-1657.3004150390625
11.640410200008773,0,,20785,142092,142092,2,0,0,True,87.22137451171875,0.0,1.0,0.053882014006376266,3840,3,0.9562193155288696,-1027.2174072265625,11.324056625366211,-1657.724853515625
11.651490300006117,0,,20795,142092,142092,2,0,0,True,86.7149658203125,0.0,1.0,0.06397365033626556,3812,3,0.9562417268753052,-1027.2462158203125,11.332354545593262,-1657.9654541015625
11.66243700000632,0,,20802,142092,142092,2,0,0,True,86.04315948486328,0.0,1.0,0.0725945234298706,3753,3,0.9562865495681763,-1027.274658203125,11.340561866760254,-1658.20458984375
11.673461500002304,0,,20812,142092,142092,2,0,0,True,85.54927825927734,0.0,1.0,0.06345193833112717,3705,3,0.9563089609146118,-1027.295654296875,11.346662521362305,-1658.3831787109375
11.684511500003282,0,,20822,142092,142092,2,0,0,True,84.85259246826172,0.0,1.0,0.06683658063411713,3658,3,0.9563537836074829,-1027.3232421875,11.35473346710205,-1658.619873046875
11.695570099996985,0,,20840,142092,142092,2,0,0,True,84.31525421142578,0.0,1.0,0.0708567202091217,3629,3,0.9564210176467896,-1027.376953125,11.370725631713867,-1659.089111328125
11.706772400008049,0,,20850,142092,142092,2,0,0,True,83.77084350585938,0.0,1.0,0.06963201612234116,3601,3,0.9564433693885803,-1027.3966064453125,11.376676559448242,-1659.2635498046875
11.717724200003431,0,,20860,142092,142092,2,0,0,True,83.27631378173828,0.0,1.0,0.07238314300775528,3565,3,0.9564657807350159,-1027.42236328125,11.384562492370605,-1659.494873046875
11.728874200009159,0,,20867,142092,142092,2,0,0,True,82.75501251220703,0.0,1.0,0.07608647644519806,3576,3,0.956510603427887,-1027.447509765625,11.392349243164062,-1659.72509765625
11.740353300003335,0,,20877,142092,142092,2,0,0,True,82.12385559082031,0.0,1.0,0.07173097878694534,3582,3,0.9565330147743225,-1027.4661865234375,11.39815616607666,-1659.8968505859375
11.751138300009188,0,,20895,142092,142092,2,0,0,True,81.65766906738281,0.0,1.0,0.07210337370634079,3589,3,0.9566002488136292,-1027.514404296875,11.413325309753418,-1660.3514404296875
11.762250400002813,0,,20905,142092,142092,2,0,0,True,81.04686737060547,0.0,1.0,0.07941842079162598,3588,3,0.9566226601600647,-1027.531982421875,11.418915748596191,-1660.5206298828125
11.773199000002933,0,,20912,142092,142092,2,0,0,True,80.54776000976562,0.0,1.0,0.07655680179595947,3568,3,0.9566450715065002,-1027.554931640625,11.426274299621582,-1660.7449951171875
11.784364400009508,0,,20922,142092,142092,2,0,0,True,80.069580078125,0.0,1.0,0.07552996277809143,3547,3,0.9566674828529358,-1027.57177734375,11.431722640991211,-1660.912353515625
11.795363900004304,0,,20932,142092,142092,2,0,0,True,79.44954681396484,0.0,1.0,0.07104289531707764,3497,3,0.9567122459411621,-1027.59375,11.438920974731445,-1661.1343994140625
11.806496300006984,0,,20950,142092,142092,2,0,0,True,78.91895294189453,0.0,1.0,0.07363777607679367,3454,3,0.9567794799804688,-1027.6358642578125,11.453069686889648,-1661.574462890625
11.817572500003735,0,,20960,142092,142092,2,0,0,True,78.38825988769531,0.0,1.0,0.06401671469211578,3409,3,0.9568019509315491,-1027.651123046875,11.458300590515137,-1661.7381591796875
11.82840959999885,0,,20967,142092,142092,2,0,0,True,77.83627319335938,0.0,1.0,0.07467128336429596,3388,3,0.956824541091919,-1027.6708984375,11.465197563171387,-1661.955322265625
11.83990960000665,0,,20977,142092,142092,2,0,0,True,77.30900573730469,0.0,1.0,0.07133148610591888,3372,3,0.956847071647644,-1027.685302734375,11.470342636108398,-1662.1173095703125
11.850987500001793,0,,20987,142092,142092,2,0,0,True,76.80597686767578,0.0,1.0,0.07861864566802979,3372,3,0.956892192363739,-1027.7042236328125,11.477120399475098,-1662.3321533203125
11.8621576000005,0,,21005,142092,142092,2,0,0,True,76.21277618408203,0.0,1.0,0.07725773751735687,3358,3,0.956937313079834,-1027.740234375,11.490396499633789,-1662.75830078125
11.873416500005987,0,,21015,142092,142092,2,0,0,True,75.71489715576172,0.0,1.0,0.06892189383506775,3343,3,0.9569598436355591,-1027.7530517578125,11.495319366455078,-1662.916748046875
11.884318299998995,0,,21025,142092,142092,2,0,0,True,75.1716537475586,0.0,1.0,0.07461144775152206,3317,3,0.957004964351654,-1027.7696533203125,11.501872062683105,-1663.1268310546875
11.895357100002002,0,,21032,142092,142092,2,0,0,True,74.49060821533203,0.0,1.0,0.07380500435829163,3287,3,0.9570274949073792,-1027.78564453125,11.508427619934082,-1663.33544921875
11.906381699998747,0,,21042,142092,142092,2,0,0,True,74.07234954833984,0.0,1.0,0.0689128115773201,3261,3,0.957050085067749,-1027.797119140625,11.513347625732422,-1663.4910888671875
11.917430800007423,0,,21060,142092,142092,2,0,0,True,73.4170150756836,0.0,1.0,0.07497082650661469,3241,3,0.9570951461791992,-1027.82275390625,11.524831771850586,-1663.85107421875
11.928265299997292,0,,21070,142092,142092,2,0,0,True,72.92853546142578,0.0,1.0,0.0796186774969101,3223,3,0.9571402668952942,-1027.83642578125,11.531367301940918,-1664.054931640625
11.939322100006393,0,,21077,142092,142092,2,0,0,True,72.44674682617188,0.0,1.0,0.07903137058019638,3188,3,0.9571628570556641,-1027.849609375,11.537850379943848,-1664.2574462890625
11.950309499996365,0,,21087,142092,142092,2,0,0,True,71.87451934814453,0.0,1.0,0.07885956764221191,3158,3,0.9571853876113892,-1027.859130859375,11.542655944824219,-1664.4085693359375
11.961508699998376,0,,21097,142092,142092,2,0,0,True,71.3600082397461,0.0,1.0,0.08126812428236008,3131,3,0.957207977771759,-1027.8712158203125,11.54899787902832,-1664.60888671875
11.972534500004258,0,,21115,142092,142092,2,0,0,True,70.8128662109375,0.0,1.0,0.07185519486665726,3106,3,0.9572530388832092,-1027.8909912109375,11.559906959533691,-1664.956298828125
11.983536900006584,0,,21125,142092,142092,2,0,0,True,70.40267944335938,0.0,1.0,0.0728674978017807,3093,3,0.9572981595993042,-1027.9014892578125,11.565997123718262,-1665.153076171875
11.994249399998807,0,,21132,142092,142092,2,0,0,True,69.74440002441406,0.0,1.0,0.07973785698413849,3078,3,0.9573207497596741,-1027.911376953125,11.571989059448242,-1665.3486328125
12.005407400007243,0,,21142,142092,142092,2,0,0,True,69.4238052368164,0.0,1.0,0.0747421607375145,3070,3,0.9573432803153992,-1027.91845703125,11.576427459716797,-1665.49462890625
12.016404599999078,0,,21160,142092,142092,2,0,0,True,68.89922332763672,0.0,1.0,0.0839795395731926,3061,3,0.9573884010314941,-1027.9356689453125,11.58807373046875,-1665.8802490234375
12.027584299998125,0,,21170,142092,142092,2,0,0,True,68.41532135009766,0.0,1.0,0.07624537497758865,3043,3,0.9574109315872192,-1027.9415283203125,11.59235668182373,-1666.023681640625
12.03862800000934,0,,21180,142092,142092,2,0,0,True,67.9229507446289,0.0,1.0,0.08372744917869568,3024,3,0.9574335217475891,-1027.9488525390625,11.59796142578125,-1666.2137451171875
12.04975689999992,0,,21187,142092,142092,2,0,0,True,67.39881896972656,0.0,1.0,0.07516007870435715,3011,3,0.9574785828590393,-1027.9554443359375,11.603468894958496,-1666.40283203125
12.060748100004275,0,,21197,142092,142092,2,0,0,True,66.88346862792969,0.0,1.0,0.08945942670106888,2993,3,0.9574785828590393,-1027.960205078125,11.607568740844727,-1666.543701171875
12.071705099995597,0,,21215,142092,142092,2,0,0,True,66.5329818725586,0.0,1.0,0.05837127938866615,2977,3,0.9575461149215698,-1027.9710693359375,11.618311882019043,-1666.916015625
12.082825400008005,0,,21225,142092,142092,2,0,0,True,65.85152435302734,0.0,1.0,0.057481635361909866,2964,3,0.9575685262680054,-1027.9744873046875,11.622259140014648,-1667.054443359375
12.09365959999559,0,,21235,142092,142092,2,0,0,True,65.36195373535156,0.0,1.0,0.05658671259880066,2956,3,0.9575909972190857,-1027.978759765625,11.627530097961426,-1667.23779296875
12.104987200000323,0,,21242,142092,142092,2,0,0,True,64.71996307373047,0.0,1.0,0.041511256247758865,2944,3,0.9576134085655212,-1027.9825439453125,11.6328125,-1667.4197998046875
12.115847599998233,0,,21252,142092,142092,2,0,0,True,64.26714324951172,0.0,1.0,0.014401458203792572,2929,3,0.9576358795166016,-1027.9849853515625,11.636772155761719,-1667.555419921875
12.126914399996167,0,,21270,142092,142092,2,0,0,True,63.62242889404297,0.0,1.0,0.00936959683895111,2908,3,0.9576807618141174,-1027.9908447265625,11.647356986999512,-1667.9130859375
12.137975200006622,0,,21280,142092,142092,2,0,0,True,63.15480422973633,0.0,1.0,0.010555922985076904,2890,3,0.9577032327651978,-1027.99267578125,11.65131664276123,-1668.0458984375
12.148923600005219,0,,21290,142092,142092,2,0,0,True,62.6577262878418,0.0,1.0,-0.0001484057866036892,2872,3,0.9577256441116333,-1027.994873046875,11.656560897827148,-1668.2216796875
12.159910600006697,0,,21297,142092,142092,2,0,0,True,62.18814468383789,0.0,1.0,0.001060581300407648,2851,3,0.9577481150627136,-1027.996826171875,11.66177749633789,-1668.3961181640625
12.170971600004123,0,,21305,142092,142092,2,0,0,True,61.7220344543457,0.0,1.0,0.009238481521606445,2836,3,0.9577705264091492,-1027.9981689453125,11.665633201599121,-1668.5262451171875
12.181888499995694,0,,21325,142092,142092,2,0,0,True,61.407386779785156,0.0,1.0,0.00850453320890665,2820,3,0.957815408706665,-1028.0010986328125,11.675715446472168,-1668.8699951171875
12.19279010000173,0,,21332,142092,142092,2,0,0,True,60.858123779296875,0.0,1.0,0.018461065366864204,2791,3,0.9578378796577454,-1028.001953125,11.679380416870117,-1668.997802734375
12.203814100008458,0,,21345,142092,142092,2,0,0,True,60.483909606933594,0.0,1.0,0.01576632261276245,2764,3,0.9578602910041809,-1028.002685546875,11.683012008666992,-1669.125
12.214870299998438,0,,21352,142092,142092,2,0,0,True,59.949947357177734,0.0,1.0,0.02280532382428646,2728,3,0.9578827619552612,-1028.003662109375,11.688943862915039,-1669.3355712890625
12.225915100003476,0,,21362,142092,142092,2,0,0,True,59.529327392578125,0.0,1.0,0.020475303754210472,2700,3,0.9579051733016968,-1028.0040283203125,11.69243335723877,-1669.4610595703125
12.236845100007486,0,,21380,142092,142092,2,0,0,True,59.12614440917969,0.0,1.0,0.022080451250076294,2676,3,0.9579500555992126,-1028.00439453125,11.701519966125488,-1669.7926025390625
12.247757400007686,0,,21387,142092,142092,2,0,0,True,58.692142486572266,0.0,1.0,0.016679096966981888,2651,3,0.957972526550293,-1028.0042724609375,11.704840660095215,-1669.915771484375
12.258773399997153,0,,21400,142092,142092,2,0,0,True,58.269744873046875,0.0,1.0,0.019041186198592186,2636,3,0.9579949378967285,-1028.0040283203125,11.708133697509766,-1670.0384521484375
12.26992259999679,0,,21407,142092,142092,2,0,0,True,57.90903091430664,0.0,1.0,0.014745837077498436,2623,3,0.9580174088478088,-1028.00341796875,11.713541030883789,-1670.241455078125
12.280828400005703,0,,21415,142092,142092,2,0,0,True,57.466670989990234,0.0,1.0,0.018091917037963867,2615,3,0.9580398201942444,-1028.0029296875,11.71669864654541,-1670.3626708984375
12.292437500000233,0,,21435,142092,142092,2,0,0,True,57.11627197265625,0.0,1.0,0.015825379639863968,2604,3,0.958084762096405,-1028.0013427734375,11.725000381469727,-1670.6827392578125
12.303269399999408,0,,21442,142092,142092,2,0,0,True,56.621341705322266,0.0,1.0,0.018181169405579567,2594,3,0.9581071734428406,-1028.0006103515625,11.728034019470215,-1670.8018798828125
12.314279300000635,0,,21455,142092,142092,2,0,0,True,56.21406555175781,0.0,1.0,0.01458683330565691,2576,3,0.9581071734428406,-1027.999755859375,11.731091499328613,-1670.9202880859375
12.325272200003383,0,,21462,142092,142092,2,0,0,True,55.72382736206055,0.0,1.0,0.01213923841714859,2557,3,0.9581520557403564,-1027.998291015625,11.73617172241211,-1671.1162109375
12.336328999997932,0,,21470,142092,142092,2,0,0,True,55.379886627197266,0.0,1.0,0.016601942479610443,2534,3,0.9581520557403564,-1027.997314453125,11.739262580871582,-1671.23291015625
12.347135600008187,0,,21490,142092,142092,2,0,0,True,54.81839370727539,0.0,1.0,0.017539391294121742,2504,3,0.9581969380378723,-1027.99462890625,11.747601509094238,-1671.5411376953125
12.358066800006782,0,,21497,142092,142092,2,0,0,True,54.47551727294922,0.0,0.8078432083129883,0.012559756636619568,2482,3,0.9582194089889526,-1027.993408203125,11.750753402709961,-1671.655517578125
12.36924510000972,0,,21510,142092,142092,2,0,0,True,54.06151580810547,0.0,0.6470588445663452,0.020839285105466843,2474,3,0.9582418203353882,-1027.9923095703125,11.753893852233887,-1671.7694091796875
12.380585999999312,0,,21517,142092,142092,2,0,0,True,53.77822494506836,0.0,0.45098042488098145,0.01395744550973177,2487,3,0.9582643508911133,-1027.990234375,11.759127616882324,-1671.9576416015625
12.391663900009007,0,,21525,142092,142092,2,0,0,True,53.483177185058594,0.0,0.0,0.03357220068573952,2521,3,0.9582867622375488,-1027.9888916015625,11.762226104736328,-1672.070068359375
12.40301740000723,0,,21545,142092,142092,2,0,0,True,53.5845832824707,0.0,0.0,0.06737092137336731,2593,3,0.9583092927932739,-1027.985107421875,11.770381927490234,-1672.3677978515625
12.414126100004069,0,,21552,142092,142092,2,0,0,True,53.616943359375,0.0,0.0,0.08262836933135986,2646,3,0.9583317041397095,-1027.9833984375,11.773358345031738,-1672.4793701171875
12.425139700004365,0,,21565,142092,142092,2,0,0,True,53.68778610229492,0.0,0.0,0.09152998775243759,2678,3,0.9583542346954346,-1027.9815673828125,11.776261329650879,-1672.5909423828125
12.436250500002643,0,,21572,142092,142092,2,0,0,True,53.753395080566406,0.0,0.0,0.1184225082397461,2672,3,0.9583766460418701,-1027.9781494140625,11.780933380126953,-1672.777099609375
12.44747460000508,0,,21592,142092,142092,2,0,0,True,53.83922576904297,0.0,0.0,0.1501690000295639,2633,3,0.9583991765975952,-1027.973388671875,11.786303520202637,-1673.0008544921875
12.458410100007313,0,,21600,142092,142092,2,0,0,True,53.90639877319336,0.0,0.0,0.13209301233291626,2594,3,0.9584441184997559,-1027.96875,11.790587425231934,-1673.1876220703125
12.469409099998302,0,,21607,142092,142092,2,0,0,True,53.98019790649414,0.0,0.0,0.1802583932876587,2563,3,0.9584441184997559,-1027.9656982421875,11.793065071105957,-1673.2999267578125
12.481010700008483,0,,21617,142092,142092,2,0,0,True,54.04847717285156,0.0,0.0,0.22431369125843048,2550,3,0.9584665298461914,-1027.9622802734375,11.795503616333008,-1673.4122314453125
12.492127999998047,0,,21635,142092,142092,2,0,0,True,54.10608673095703,0.0,0.0,0.22148701548576355,2570,3,0.958511471748352,-1027.95166015625,11.801963806152344,-1673.7120361328125
12.50314200000139,0,,21645,142092,142092,2,0,0,True,54.14567947387695,0.0,0.0,0.20117908716201782,2600,3,0.9585340023040771,-1027.9468994140625,11.804396629333496,-1673.82470703125
12.514339400004246,0,,21655,142092,142092,2,0,0,True,54.19511413574219,0.0,0.0,0.24796298146247864,2632,3,0.9585564136505127,-1027.93994140625,11.807701110839844,-1673.974853515625
12.525380699997186,0,,21662,142092,142092,2,0,0,True,54.2335205078125,0.0,0.0,0.24534915387630463,2661,3,0.9585564136505127,-1027.93212890625,11.8110990524292,-1674.125
12.536587800001143,0,,21672,142092,142092,2,0,0,True,54.25920867919922,0.0,0.0,0.2205667346715927,2667,3,0.9585789442062378,-1027.92578125,11.813713073730469,-1674.23779296875
12.547391400003107,0,,21690,142092,142092,2,0,0,True,54.34049987792969,0.0,0.0,0.21335569024085999,2654,3,0.9586238861083984,-1027.9063720703125,11.820877075195312,-1674.53857421875
12.55871389999811,0,,21700,142092,142092,2,0,0,True,54.43142318725586,0.0,0.0,0.21730169653892517,2636,3,0.958646297454834,-1027.898193359375,11.823665618896484,-1674.6513671875
12.569583700009389,0,,21707,142092,142092,2,0,0,True,54.499637603759766,0.0,0.0,0.21390897035598755,2615,3,0.9586688280105591,-1027.88671875,11.827454566955566,-1674.802001953125
12.580981000006432,0,,21717,142092,142092,2,0,0,True,54.538631439208984,0.0,0.0,0.2124158889055252,2609,3,0.9586688280105591,-1027.87744140625,11.83035945892334,-1674.9150390625
12.592032400003518,0,,21735,142092,142092,2,0,0,True,54.61738204956055,0.0,0.0,0.21316087245941162,2616,3,0.9587137699127197,-1027.8507080078125,11.838245391845703,-1675.2166748046875
12.603244600002654,0,,21745,142092,142092,2,0,0,True,54.68485641479492,0.0,0.0,0.21321792900562286,2631,3,0.9587361812591553,-1027.83984375,11.841243743896484,-1675.329833984375
12.614295499995933,0,,21755,142092,142092,2,0,0,True,54.73516082763672,0.0313725508749485,0.0,0.2141895741224289,2650,3,0.9587587118148804,-1027.82470703125,11.845248222351074,-1675.4808349609375
12.625236799998675,0,,21762,142092,142092,2,0,0,True,54.80418014526367,0.19215688109397888,0.0,0.21522551774978638,2697,3,0.9587811231613159,-1027.8087158203125,11.849241256713867,-1675.6319580078125
12.6363629999978,0,,21770,142092,142092,2,0,0,True,54.869178771972656,0.2549019753932953,0.0,0.21620044112205505,2736,3,0.958803653717041,-1027.7962646484375,11.852222442626953,-1675.745361328125
12.647235600001295,0,,21790,142092,142092,2,0,0,True,54.95705032348633,0.34117648005485535,0.0,0.21580559015274048,2756,3,0.9588485956192017,-1027.760986328125,11.860041618347168,-1676.0478515625
12.658474900003057,0,,21797,142092,142092,2,0,0,True,55.035030364990234,0.45098042488098145,0.0,0.21624577045440674,2754,3,0.9588485956192017,-1027.7469482421875,11.862921714782715,-1676.161376953125
12.669598100008443,0,,21810,142092,142092,2,0,0,True,55.12046813964844,0.5098039507865906,0.0,0.21691372990608215,2738,3,0.9588710069656372,-1027.7325439453125,11.865774154663086,-1676.2750244140625
12.680614199998672,0,,21817,142092,142092,2,0,0,True,55.238407135009766,0.5333333611488342,0.0,0.2160113900899887,2702,3,0.9588935375213623,-1027.7073974609375,11.870471954345703,-1676.464599609375
12.691640300006839,0,,21835,142092,142092,2,0,0,True,55.33482360839844,0.5490196347236633,0.0,0.21438364684581757,2676,3,0.958938479423523,-1027.675537109375,11.876028060913086,-1676.6922607421875
12.702812700008508,0,,21845,142092,142092,2,0,0,True,55.448890686035156,0.572549045085907,0.0,0.2126327008008957,2662,3,0.9589609503746033,-1027.6533203125,11.879695892333984,-1676.8443603515625
12.713783600003808,0,,21852,142092,142092,2,0,0,True,55.535221099853516,0.5764706134796143,0.0,0.21227937936782837,2671,3,0.9589834809303284,-1027.630126953125,11.883347511291504,-1676.9964599609375
12.724849300007918,0,,21862,142092,142092,2,0,0,True,55.644065856933594,0.5803921818733215,0.0,0.21137511730194092,2699,3,0.9589834809303284,-1027.6121826171875,11.886082649230957,-1677.110595703125
12.735727200008114,0,,21880,142092,142092,2,0,0,True,55.731407165527344,0.5764706134796143,0.0,0.21092469990253448,2726,3,0.9590285420417786,-1027.568603515625,11.8924560546875,-1677.3773193359375
12.747184100007871,0,,21890,142092,142092,2,0,0,True,55.815162658691406,0.572549045085907,0.0,0.21209146082401276,2747,3,0.9590510129928589,-1027.5423583984375,11.896093368530273,-1677.52978515625
12.758192900000722,0,,21897,142092,142092,2,0,0,True,55.92449188232422,0.5803921818733215,0.0,0.21304236352443695,2759,3,0.959073543548584,-1027.515380859375,11.899726867675781,-1677.682373046875
12.769181700001354,0,,21905,142092,142092,2,0,0,True,56.01832962036133,0.5686274766921997,0.0,0.20004254579544067,2754,3,0.9590960741043091,-1027.49462890625,11.902454376220703,-1677.796875
12.780930399996578,0,,21925,142092,142092,2,0,0,True,56.14547348022461,0.5568627715110779,0.0,0.22167707979679108,2735,3,0.9591186046600342,-1027.444091796875,11.908821105957031,-1678.0643310546875
12.792045399997733,0,,21932,142092,142092,2,0,0,True,56.260536193847656,0.5490196347236633,0.0,0.21574155986309052,2716,3,0.9591411352157593,-1027.4141845703125,11.912446975708008,-1678.21728515625
12.803080700003193,0,,21942,142092,142092,2,0,0,True,56.3516960144043,0.5529412031173706,0.0,0.20426613092422485,2712,3,0.9591636657714844,-1027.39111328125,11.91513442993164,-1678.33203125
12.814088800005266,0,,21950,142092,142092,2,0,0,True,56.442623138427734,0.5490196347236633,0.0,0.22199556231498718,2720,3,0.9591861963272095,-1027.3597412109375,11.918657302856445,-1678.4852294921875
12.82540919999883,0,,21960,142092,142092,2,0,0,True,56.543304443359375,0.545098066329956,0.0,0.2134573757648468,2744,3,0.9592087268829346,-1027.3355712890625,11.92125129699707,-1678.60009765625
12.836403499997687,0,,21977,142092,142092,2,0,0,True,56.62670135498047,0.5411764979362488,0.0,0.19916410744190216,2768,3,0.95925372838974,-1027.2689208984375,11.927925109863281,-1678.90673828125
12.847574100000202,0,,21985,142092,142092,2,0,0,True,56.734920501708984,0.545098066329956,0.0,0.21637848019599915,2794,3,0.95925372838974,-1027.2430419921875,11.930339813232422,-1679.021728515625
12.85857229999965,0,,21997,142092,142092,2,0,0,True,56.81901168823242,0.545098066329956,0.0,0.21019227802753448,2804,3,0.9592762589454651,-1027.2166748046875,11.93271541595459,-1679.1368408203125
12.86969069999759,0,,22012,142092,142092,2,0,0,True,56.93326950073242,0.545098066329956,0.0,0.2100573629140854,2801,3,0.9593213200569153,-1027.14404296875,11.938901901245117,-1679.4437255859375
12.880998000007821,0,,22022,142092,142092,2,0,0,True,57.02557373046875,0.545098066329956,0.0,0.19788508117198944,2790,3,0.9593438506126404,-1027.115966796875,11.941165924072266,-1679.5589599609375
12.892260499997064,0,,22030,142092,142092,2,0,0,True,57.1511116027832,0.5372549295425415,0.0,0.2134549915790558,2772,3,0.9593663811683655,-1027.0777587890625,11.944149017333984,-1679.7125244140625
12.903349100000923,0,,22040,142092,142092,2,0,0,True,57.24299621582031,0.5411764979362488,0.0,0.21423490345478058,2764,3,0.9593663811683655,-1027.0484619140625,11.946357727050781,-1679.8277587890625
12.91434930000105,0,,22057,142092,142092,2,0,0,True,57.332157135009766,0.5411764979362488,0.0,0.20237746834754944,2764,3,0.9594113826751709,-1026.968017578125,11.952093124389648,-1680.1351318359375
12.925377599996864,0,,22065,142092,142092,2,0,0,True,57.45127487182617,0.5411764979362488,0.0,0.20864616334438324,2777,3,0.959433913230896,-1026.93701171875,11.95417308807373,-1680.25048828125
12.93616350000957,0,,22077,142092,142092,2,0,0,True,57.5412712097168,0.5411764979362488,0.0,0.2168872058391571,2793,3,0.9594564437866211,-1026.9053955078125,11.95621395111084,-1680.3658447265625
12.947086300002411,0,,22085,142092,142092,2,0,0,True,57.64595031738281,0.545098066329956,0.0,0.20281073451042175,2814,3,0.9594789743423462,-1026.851806640625,11.959517478942871,-1680.55810546875
12.958192200007034,0,,22092,142092,142092,2,0,0,True,57.73321533203125,0.5490196347236633,0.0,0.2127862423658371,2829,3,0.9595015048980713,-1026.8189697265625,11.961421966552734,-1680.6734619140625
12.969106200005626,0,,22110,142092,142092,2,0,0,True,57.81180191040039,0.5490196347236633,0.0,0.21098589897155762,2838,3,0.9595465660095215,-1026.740478515625,11.965621948242188,-1680.942626953125
12.980160699997214,0,,22120,142092,142092,2,0,0,True,57.9188346862793,0.5490196347236633,0.0,0.207681804895401,2840,3,0.9595465660095215,-1026.7060546875,11.96732234954834,-1681.0579833984375
12.991108100002748,0,,22130,142092,142092,2,0,0,True,58.01026153564453,0.5568627715110779,0.0,0.20478159189224243,2840,3,0.9595690965652466,-1026.659423828125,11.96950912475586,-1681.2117919921875
13.002284200003487,0,,22145,142092,142092,2,0,0,True,58.12447738647461,0.5568627715110779,0.0,0.2042359560728073,2841,3,0.959614098072052,-1026.5755615234375,11.97319507598877,-1681.48095703125
13.013707699996303,0,,22155,142092,142092,2,0,0,True,58.21540451049805,0.5568627715110779,0.0,0.20544493198394775,2844,3,0.9596366286277771,-1026.538818359375,11.974747657775879,-1681.5963134765625
13.024876600000425,0,,22165,142092,142092,2,0,0,True,58.32964324951172,0.5568627715110779,0.0,0.20596763491630554,2846,3,0.9596591591835022,-1026.489013671875,11.976805686950684,-1681.75
13.035945499999798,0,,22172,142092,142092,2,0,0,True,58.4240837097168,0.5568627715110779,0.0,0.205889031291008,2846,3,0.9596816897392273,-1026.438232421875,11.978841781616211,-1681.9036865234375
13.04719510000723,0,,22190,142092,142092,2,0,0,True,58.539920806884766,0.5607843399047852,0.0,0.2069937288761139,2848,3,0.9597266912460327,-1026.3472900390625,11.982319831848145,-1682.172607421875
13.058374900007038,0,,22197,142092,142092,2,0,0,True,58.63066101074219,0.5568627715110779,0.0,0.20832136273384094,2850,3,0.9597266912460327,-1026.307373046875,11.983762741088867,-1682.2877197265625
13.069332099999883,0,,22210,142092,142092,2,0,0,True,58.71887969970703,0.5568627715110779,0.0,0.2079758644104004,2854,3,0.959749162197113,-1026.26708984375,11.985161781311035,-1682.4029541015625
13.080431399997906,0,,22217,142092,142092,2,0,0,True,58.82802200317383,0.5647059082984924,0.0,0.20690225064754486,2862,3,0.9597716331481934,-1026.19873046875,11.987377166748047,-1682.5948486328125
13.091759400005685,0,,22235,142092,142092,2,0,0,True,58.91136932373047,0.5647059082984924,0.0,0.20552532374858856,2869,3,0.9598166346549988,-1026.11474609375,11.98984432220459,-1682.824951171875
13.103024600000936,0,,22242,142092,142092,2,0,0,True,59.01139831542969,0.5568627715110779,0.0,0.20009537041187286,2877,3,0.9598391652107239,-1026.0577392578125,11.991385459899902,-1682.978271484375
13.114018300009775,0,,22252,142092,142092,2,0,0,True,59.0916862487793,0.5607843399047852,0.0,0.19728700816631317,2882,3,0.9598616361618042,-1026.0142822265625,11.992488861083984,-1683.09326171875
13.125234499995713,0,,22270,142092,142092,2,0,0,True,59.19603729248047,0.5607843399047852,0.0,0.19566002488136292,2888,3,0.9599066376686096,-1025.89599609375,11.99530029296875,-1683.3994140625
13.13638290000381,0,,22277,142092,142092,2,0,0,True,59.280235290527344,0.5568627715110779,0.0,0.19628235697746277,2890,3,0.9599291086196899,-1025.8507080078125,11.996339797973633,-1683.51416015625
13.14722559999791,0,,22287,142092,142092,2,0,0,True,59.38347244262695,0.5568627715110779,0.0,0.19734515249729156,2892,3,0.9599291086196899,-1025.804931640625,11.997387886047363,-1683.6287841796875
13.1581986000092,0,,22295,142092,142092,2,0,0,True,59.46406173706055,0.5568627715110779,0.0,0.19795900583267212,2895,3,0.959951639175415,-1025.7430419921875,11.998818397521973,-1683.781494140625
13.169795499998145,0,,22302,142092,142092,2,0,0,True,59.56523895263672,0.5568627715110779,0.0,0.20498354732990265,2897,3,0.9599741101264954,-1025.6959228515625,11.999926567077637,-1683.89599609375
13.18087120000564,0,,22322,142092,142092,2,0,0,True,59.649044036865234,0.5490196347236633,0.0,0.2691587805747986,2900,3,0.9600191116333008,-1025.567626953125,12.003070831298828,-1684.20068359375
13.191881599996123,0,,22330,142092,142092,2,0,0,True,59.7015380859375,0.545098066329956,0.0,0.2893180847167969,2903,3,0.9600415825843811,-1025.5184326171875,12.004315376281738,-1684.314697265625
13.202963000003365,0,,22340,142092,142092,2,0,0,True,59.78535842895508,0.5333333611488342,0.0,0.2953513562679291,2906,3,0.9600641131401062,-1025.4686279296875,12.005592346191406,-1684.4285888671875
13.213937300010002,0,,22357,142092,142092,2,0,0,True,59.85304641723633,0.5215686559677124,0.0,0.30331873893737793,2909,3,0.9601090550422668,-1025.3499755859375,12.00861644744873,-1684.6937255859375
13.224987599998713,0,,22365,142092,142092,2,0,0,True,59.924278259277344,0.5215686559677124,0.0,0.30651190876960754,2915,3,0.9601315855979919,-1025.2806396484375,12.010358810424805,-1684.8448486328125
13.236132100006216,0,,22375,142092,142092,2,0,0,True,59.975181579589844,0.5058823823928833,0.0,0.31187254190444946,2919,3,0.9601315855979919,-1025.2279052734375,12.011665344238281,-1684.9578857421875
13.247514200003934,0,,22382,142092,142092,2,0,0,True,60.04146194458008,0.501960813999176,0.0,0.3142140507698059,2924,3,0.9601540565490723,-1025.1566162109375,12.013410568237305,-1685.1083984375
13.258442000005743,0,,22400,142092,142092,2,0,0,True,60.095767974853516,0.4901961088180542,0.0,0.3186433017253876,2926,3,0.9601990580558777,-1025.029052734375,12.016509056091309,-1685.3707275390625
13.26925470000424,0,,22407,142092,142092,2,0,0,True,60.15391540527344,0.4862745404243469,0.0,0.32067999243736267,2926,3,0.960221529006958,-1024.97314453125,12.017877578735352,-1685.4827880859375
13.2805354000011,0,,22417,142092,142092,2,0,0,True,60.218814849853516,0.48235297203063965,0.0,0.32418909668922424,2925,3,0.9602440595626831,-1024.916748046875,12.01927661895752,-1685.594482421875
13.29142039999715,0,,22435,142092,142092,2,0,0,True,60.26276779174805,0.4784314036369324,0.0,0.32633382081985474,2924,3,0.9602665305137634,-1024.7822265625,12.022680282592773,-1685.8543701171875
13.302176099998178,0,,22445,142092,142092,2,0,0,True,60.318607330322266,0.4705882668495178,0.0,0.33074721693992615,2924,3,0.9603115320205688,-1024.7037353515625,12.024740219116211,-1686.002197265625
13.313251300001866,0,,22452,142092,142092,2,0,0,True,60.36469268798828,0.46666669845581055,0.0,0.333437979221344,2926,3,0.9603340029716492,-1024.6240234375,12.02690601348877,-1686.1495361328125
13.324418300006073,0,,22460,142092,142092,2,0,0,True,60.421749114990234,0.46274513006210327,0.0,0.33785682916641235,2930,3,0.9603340029716492,-1024.5633544921875,12.028608322143555,-1686.2596435546875
13.335546700007399,0,,22477,142092,142092,2,0,0,True,60.467979431152344,0.4549019932746887,0.0,0.33889126777648926,2933,3,0.9603790044784546,-1024.419189453125,12.032864570617676,-1686.515380859375
13.346878800002742,0,,22485,142092,142092,2,0,0,True,60.49683380126953,0.45098042488098145,0.0,0.34038496017456055,2936,3,0.9604015350341797,-1024.356201171875,12.034809112548828,-1686.6243896484375
13.357780999998795,0,,22495,142092,142092,2,0,0,True,60.53691864013672,0.43137258291244507,0.0,0.34235116839408875,2939,3,0.96042400598526,-1024.2926025390625,12.036823272705078,-1686.7330322265625
13.368803200006369,0,,22510,142092,142092,2,0,0,True,60.56700897216797,0.4235294461250305,0.0,0.3427070379257202,2942,3,0.9604689478874207,-1024.1412353515625,12.041810035705566,-1686.9853515625
13.379878000007011,0,,22520,142092,142092,2,0,0,True,60.60456085205078,0.3764706254005432,0.0,0.34486740827560425,2942,3,0.9604689478874207,-1024.0751953125,12.044063568115234,-1687.0928955078125
13.390901799997664,0,,22527,142092,142092,2,0,0,True,60.64823913574219,0.3450980484485626,0.0,0.3458004891872406,2938,3,0.960491418838501,-1023.9860229492188,12.0471773147583,-1687.235595703125
13.402004800009308,0,,22545,142092,142092,2,0,0,True,60.65627670288086,0.3333333432674408,0.0,0.3478047549724579,2940,3,0.9605363607406616,-1023.826904296875,12.052932739257812,-1687.4835205078125
13.412969800003339,0,,22555,142092,142092,2,0,0,True,60.674530029296875,0.27450981736183167,0.0,0.3488582968711853,2938,3,0.9605588316917419,-1023.757568359375,12.055508613586426,-1687.5892333984375
13.42397340000025,0,,22562,142092,142092,2,0,0,True,60.67900466918945,0.1568627506494522,0.0,0.3488752841949463,2930,3,0.960581362247467,-1023.6640014648438,12.05902099609375,-1687.729248046875
13.435101499999291,0,,22580,142092,142092,2,0,0,True,60.700504302978516,0.04313725605607033,0.0,0.34891295433044434,2906,3,0.9606263041496277,-1023.5213623046875,12.064414024353027,-1687.9381103515625
13.445921300008195,0,,22587,142092,142092,2,0,0,True,60.74685287475586,0.0,0.0,0.3483688235282898,2900,3,0.960648775100708,-1023.4247436523438,12.068070411682129,-1688.0762939453125
13.456568399997195,0,,22597,142092,142092,2,0,0,True,60.741050720214844,0.0,0.0,0.34689533710479736,2908,3,0.960648775100708,-1023.3515014648438,12.070842742919922,-1688.179443359375
13.467707400006475,0,,22605,142092,142092,2,0,0,True,60.72579574584961,0.0,0.0,0.34562915563583374,2920,3,0.9606712460517883,-1023.2528686523438,12.074562072753906,-1688.316162109375
13.479164300006232,0,,22622,142092,142092,2,0,0,True,60.67558670043945,0.0,0.0,0.34615957736968994,2929,3,0.960716187953949,-1023.1026611328125,12.080239295959473,-1688.5196533203125
13.490297700001975,0,,22630,142092,142092,2,0,0,True,60.657371520996094,0.0,0.0,0.3441691994667053,2933,3,0.9607386589050293,-1023.0010986328125,12.084087371826172,-1688.6541748046875
13.501420400003553,0,,22637,142092,142092,2,0,0,True,60.69632339477539,0.0,0.0,0.3429999053478241,2935,3,0.9607611894607544,-1022.924072265625,12.087013244628906,-1688.754638671875
13.512778300006175,0,,22655,142092,142092,2,0,0,True,60.693363189697266,0.0,0.0,0.3419856131076813,2936,3,0.960806131362915,-1022.7420654296875,12.093977928161621,-1688.986572265625
13.523983599996427,0,,22662,142092,142092,2,0,0,True,60.688926696777344,0.0,0.0,0.33995360136032104,2932,3,0.960806131362915,-1022.6629028320312,12.097040176391602,-1689.0850830078125
13.535216000003857,0,,22672,142092,142092,2,0,0,True,60.654762268066406,0.0,0.0,0.3391936421394348,2932,3,0.9608286023139954,-1022.5831298828125,12.100143432617188,-1689.1829833984375
13.546159999998054,0,,22687,142092,142092,2,0,0,True,60.559104919433594,0.0,0.0,0.3401254713535309,2935,3,0.960873544216156,-1022.3943481445312,12.107678413391113,-1689.4093017578125
13.557158600000548,0,,22697,142092,142092,2,0,0,True,60.52493667602539,0.0,0.0,0.33974316716194153,2935,3,0.9608960151672363,-1022.3123779296875,12.111042022705078,-1689.5052490234375
13.568002700005309,0,,22705,142092,142092,2,0,0,True,60.53044891357422,0.0,0.0,0.3414511978626251,2936,3,0.9609184861183167,-1022.2019653320312,12.115691184997559,-1689.6322021484375
13.579272600007243,0,,22722,142092,142092,2,0,0,True,60.58210754394531,0.0,0.0,0.3404957354068756,2932,3,0.9609410166740417,-1022.0341796875,12.122970581054688,-1689.8204345703125
13.590326600009575,0,,22730,142092,142092,2,0,0,True,60.56070327758789,0.0,0.0,0.3417174518108368,2931,3,0.9609634876251221,-1021.9208374023438,12.128026008605957,-1689.9447021484375
13.601356200000737,0,,22737,142092,142092,2,0,0,True,60.486106872558594,0.0,0.0,0.34348970651626587,2930,3,0.9609859585762024,-1021.8351440429688,12.13191032409668,-1690.0369873046875
13.612341100000776,0,,22755,142092,142092,2,0,0,True,60.43972396850586,0.0,0.0,0.3430756628513336,2931,3,0.961030900478363,-1021.6326293945312,12.141274452209473,-1690.25
13.623628300003475,0,,22762,142092,142092,2,0,0,True,60.39374542236328,0.0,0.0,0.34347617626190186,2934,3,0.9610533714294434,-1021.5448608398438,12.14539623260498,-1690.3402099609375
13.63430900000094,0,,22772,142092,142092,2,0,0,True,60.37995910644531,0.0,0.0,0.3438122570514679,2934,3,0.9610758423805237,-1021.4564208984375,12.149589538574219,-1690.4298095703125
13.645210800008499,0,,22787,142092,142092,2,0,0,True,60.42683029174805,0.0,0.0,0.3422195315361023,2932,3,0.961098313331604,-1021.2477416992188,12.159603118896484,-1690.63623046875
13.656242500001099,0,,22797,142092,142092,2,0,0,True,60.40147018432617,0.0,0.0,0.34193599224090576,2930,3,0.9611208438873291,-1021.1572875976562,12.164002418518066,-1690.7236328125
13.667224700009683,0,,22805,142092,142092,2,0,0,True,60.35239028930664,0.0,0.0,0.34250661730766296,2933,3,0.9611433148384094,-1021.0358276367188,12.169953346252441,-1690.839111328125
13.678438400005689,0,,22812,142092,142092,2,0,0,True,60.25874328613281,0.0,0.0,0.3413238525390625,2938,3,0.9611657857894897,-1020.9440307617188,12.17448902130127,-1690.9249267578125
13.689330499997595,0,,22830,142092,142092,2,0,0,True,60.24821090698242,0.0,0.0,0.3415396213531494,2943,3,0.9612107872962952,-1020.7276611328125,12.185344696044922,-1691.1224365234375
13.700471700009075,0,,22840,142092,142092,2,0,0,True,60.22550582885742,0.0,0.0,0.3395046889781952,2945,3,0.9612332582473755,-1020.6339111328125,12.190114974975586,-1691.2059326171875
13.711526900005993,0,,22855,142092,142092,2,0,0,True,60.26103973388672,0.0,0.0,0.3367949426174164,2942,3,0.9612557888031006,-1020.4131469726562,12.201498031616211,-1691.3980712890625
13.722538200003328,0,,22865,142092,142092,2,0,0,True,60.23041534423828,0.0,0.0,0.33445361256599426,2941,3,0.9612782597541809,-1020.3175659179688,12.206491470336914,-1691.479248046875
13.733979099997669,0,,22872,142092,142092,2,0,0,True,60.154483795166016,0.0,0.0,0.3323240280151367,2939,3,0.9613007307052612,-1020.1893920898438,12.213235855102539,-1691.5863037109375
13.745005300006596,0,,22887,142092,142092,2,0,0,True,60.10335159301758,0.0,0.0,0.32922691106796265,2937,3,0.9613457322120667,-1019.9953002929688,12.223526954650879,-1691.74462890625
13.755944100004854,0,,22897,142092,142092,2,0,0,True,60.04961395263672,0.0,0.0,0.3296457827091217,2940,3,0.961368203163147,-1019.8975219726562,12.228740692138672,-1691.8226318359375
13.76703709999856,0,,22905,142092,142092,2,0,0,True,60.02450942993164,0.0,0.0,0.3276385962963104,2940,3,0.9613906741142273,-1019.766357421875,12.235763549804688,-1691.9256591796875
13.7781665000075,0,,22912,142092,142092,2,0,0,True,60.05419158935547,0.0,0.0,0.32650795578956604,2938,3,0.9613906741142273,-1019.6673583984375,12.2410888671875,-1692.002197265625
13.78920189999917,0,,22930,142092,142092,2,0,0,True,60.02606201171875,0.0,0.0,0.32689741253852844,2937,3,0.9614356756210327,-1019.4345092773438,12.253670692443848,-1692.177734375
13.800149800008512,0,,22937,142092,142092,2,0,0,True,59.97257995605469,0.0,0.0,0.326208233833313,2939,3,0.961458146572113,-1019.333984375,12.259161949157715,-1692.251708984375
13.811669200003962,0,,22955,142092,142092,2,0,0,True,59.88096618652344,0.0,0.0,0.32693836092948914,2943,3,0.9615031480789185,-1019.0973510742188,12.272248268127441,-1692.4215087890625
13.82268880000629,0,,22965,142092,142092,2,0,0,True,59.831329345703125,0.0,0.0,0.32549849152565,2944,3,0.9615256190299988,-1018.9952392578125,12.277984619140625,-1692.492919921875
13.833728700003121,0,,22972,142092,142092,2,0,0,True,59.81427764892578,0.0,0.0,0.3234691321849823,2946,3,0.9615481495857239,-1018.8582763671875,12.285771369934082,-1692.5869140625
13.844930300008855,0,,22987,142092,142092,2,0,0,True,59.7895393371582,0.0,0.0,0.32073742151260376,2944,3,0.9615706205368042,-1018.6512451171875,12.297748565673828,-1692.7254638671875
13.856131900000037,0,,22997,142092,142092,2,0,0,True,59.82118606567383,0.0,0.0,0.31705284118652344,2940,3,0.9615930914878845,-1018.5470581054688,12.303863525390625,-1692.7935791015625
13.867253300006269,0,,23005,142092,142092,2,0,0,True,59.794532775878906,0.0,0.0,0.3113706111907959,2937,3,0.9616156220436096,-1018.407470703125,12.31212043762207,-1692.8831787109375
13.878405700001167,0,,23012,142092,142092,2,0,0,True,59.72516632080078,0.0,0.0,0.3097856938838959,2934,3,0.9616380929946899,-1018.3023071289062,12.318366050720215,-1692.949462890625
13.889497399999527,0,,23030,142092,142092,2,0,0,True,59.662750244140625,0.0,0.0,0.3035735785961151,2935,3,0.9616830348968506,-1018.0552978515625,12.3330659866333,-1693.1015625
13.900512300009723,0,,23037,142092,142092,2,0,0,True,59.64544677734375,0.0,0.0,0.30084285140037537,2932,3,0.9616830348968506,-1017.9488525390625,12.339374542236328,-1693.16552734375
13.911624500004109,0,,23055,142092,142092,2,0,0,True,59.670867919921875,0.0,0.0,0.2977520823478699,2929,3,0.961728036403656,-1017.6988525390625,12.354072570800781,-1693.31201171875
13.922580700003891,0,,23062,142092,142092,2,0,0,True,59.64658737182617,0.0,0.0,0.2959677577018738,2927,3,0.9617505073547363,-1017.5911254882812,12.360350608825684,-1693.3736572265625
13.933563800004777,0,,23072,142092,142092,2,0,0,True,59.60477828979492,0.0,0.0,0.29479894042015076,2926,3,0.9617730379104614,-1017.4830322265625,12.366617202758789,-1693.4345703125
13.945030500006396,0,,23087,142092,142092,2,0,0,True,59.55598449707031,0.0,0.0,0.29507771134376526,2928,3,0.9618179798126221,-1017.2294311523438,12.381248474121094,-1693.5738525390625
13.955652000004193,0,,23097,142092,142092,2,0,0,True,59.499183654785156,0.0,0.0,0.2958979308605194,2931,3,0.9618405103683472,-1017.1201171875,12.387556076049805,-1693.63232421875
13.96694870000647,0,,23105,142092,142092,2,0,0,True,59.48634338378906,0.0,0.0,0.296712189912796,2932,3,0.9618629813194275,-1016.973876953125,12.396042823791504,-1693.708984375
13.977903100007097,0,,23122,142092,142092,2,0,0,True,59.44844055175781,0.0,0.0,0.29710379242897034,2934,3,0.9618854522705078,-1016.7532958984375,12.409006118774414,-1693.8214111328125
13.989007800002582,0,,23130,142092,142092,2,0,0,True,59.435787200927734,0.0,0.0,0.29618313908576965,2935,3,0.9619079232215881,-1016.6054077148438,12.417824745178223,-1693.8944091796875
14.00046999999904,0,,23137,142092,142092,2,0,0,True,59.39182662963867,0.0,0.0,0.295418918132782,2938,3,0.9619303941726685,-1016.494140625,12.424538612365723,-1693.9482421875
14.011385000005248,0,,23155,142092,142092,2,0,0,True,59.32768630981445,0.0,0.0,0.29443952441215515,2941,3,0.9619753360748291,-1016.2332763671875,12.440502166748047,-1694.0706787109375
14.02246720000403,0,,23162,142092,142092,2,0,0,True,59.280303955078125,0.0,0.0,0.29243022203445435,2943,3,0.9619978070259094,-1016.1209716796875,12.4474515914917,-1694.1217041015625
14.033485300009488,0,,23172,142092,142092,2,0,0,True,59.24042892456055,0.0,0.0,0.2924642264842987,2945,3,0.9620202779769897,-1016.00830078125,12.45444393157959,-1694.172119140625
14.044672500007437,0,,23187,142092,142092,2,0,0,True,59.205726623535156,0.0,0.0,0.2903459966182709,2945,3,0.9620427489280701,-1015.7444458007812,12.470846176147461,-1694.2864990234375
14.055999600008363,0,,23197,142092,142092,2,0,0,True,59.194889068603516,0.0,0.0,0.28882113099098206,2946,3,0.9620652198791504,-1015.6309204101562,12.477863311767578,-1694.3343505859375
14.066933800000697,0,,23205,142092,142092,2,0,0,True,59.15616226196289,0.0,0.0,0.28834807872772217,2948,3,0.9620876908302307,-1015.4791870117188,12.487170219421387,-1694.39697265625
14.078275799998664,0,,23222,142092,142092,2,0,0,True,59.114524841308594,0.0,0.0,0.28552496433258057,2950,3,0.9621326327323914,-1015.212646484375,12.503236770629883,-1694.503662109375
14.089314900003956,0,,23230,142092,142092,2,0,0,True,59.07722854614258,0.0,0.0,0.2839280962944031,2950,3,0.9621551036834717,-1015.0980224609375,12.51002025604248,-1694.54833984375
14.100365999998758,0,,23237,142092,142092,2,0,0,True,59.03955841064453,0.019607843831181526,0.0,0.2803323566913605,2951,3,0.962177574634552,-1014.9832153320312,12.516742706298828,-1694.5921630859375
14.111490099996445,0,,23255,142092,142092,2,0,0,True,59.01480484008789,0.04313725605607033,0.0,0.2783116400241852,2954,3,0.9622225165367126,-1014.7144775390625,12.532261848449707,-1694.69189453125
14.122446200010017,0,,23262,142092,142092,2,0,0,True,58.978355407714844,0.09019608050584793,0.0,0.27332496643066406,2959,3,0.9622225165367126,-1014.5989379882812,12.5388765335083,-1694.7333984375
14.133457500007353,0,,23272,142092,142092,2,0,0,True,58.94697189331055,0.09019608050584793,0.0,0.2704297602176666,2957,3,0.962244987487793,-1014.4832153320312,12.545490264892578,-1694.774169921875
14.144514600004186,0,,23287,142092,142092,2,0,0,True,58.910789489746094,0.16470588743686676,0.0,0.2655903398990631,2941,3,0.9622899293899536,-1014.2122192382812,12.560976028442383,-1694.8662109375
14.155571700001019,0,,23297,142092,142092,2,0,0,True,58.88180923461914,0.19215688109397888,0.0,0.26399096846580505,2940,3,0.9623124003410339,-1014.0957641601562,12.567657470703125,-1694.904296875
14.166853400005493,0,,23305,142092,142092,2,0,0,True,58.86098861694336,0.2352941334247589,0.0,0.26109400391578674,2939,3,0.9623348712921143,-1013.9401245117188,12.576635360717773,-1694.953857421875
14.177801700003329,0,,23322,142092,142092,2,0,0,True,58.83232116699219,0.250980406999588,0.0,0.2600650489330292,2938,3,0.9623798131942749,-1013.7059936523438,12.590246200561523,-1695.025634765625
14.188894100007019,0,,23330,142092,142092,2,0,0,True,58.81000518798828,0.29411765933036804,0.0,0.2598680555820465,2938,3,0.9624022841453552,-1013.5494384765625,12.599404335021973,-1695.07177734375
14.199799100009841,0,,23337,142092,142092,2,0,0,True,58.783843994140625,0.3176470696926117,0.0,0.26016852259635925,2938,3,0.9624247550964355,-1013.4318237304688,12.606310844421387,-1695.1053466796875
14.210900799997034,0,,23355,142092,142092,2,0,0,True,58.76103973388672,0.34117648005485535,0.0,0.2601422369480133,2940,3,0.9624472260475159,-1013.15673828125,12.622490882873535,-1695.180908203125
14.22182900000189,0,,23362,142092,142092,2,0,0,True,58.74130630493164,0.3686274588108063,0.0,0.2598448395729065,2939,3,0.9624696969985962,-1013.0385131835938,12.629429817199707,-1695.2120361328125
14.233026200003223,0,,23372,142092,142092,2,0,0,True,58.72230529785156,0.4117647409439087,0.0,0.2587132155895233,2936,3,0.9624921679496765,-1012.920166015625,12.636354446411133,-1695.2423095703125
14.244200000001001,0,,23387,142092,142092,2,0,0,True,58.70722961425781,0.4274510145187378,0.0,0.25817030668258667,2936,3,0.9625371098518372,-1012.6433715820312,12.652396202087402,-1695.3104248046875
14.255441500004963,0,,23397,142092,142092,2,0,0,True,58.68925094604492,0.458823561668396,0.0,0.19429832696914673,2936,3,0.9625596404075623,-1012.5245361328125,12.659201622009277,-1695.3385009765625
14.266471099996124,0,,23405,142092,142092,2,0,0,True,58.6783561706543,0.48235297203063965,0.0,0.1871143877506256,2932,3,0.9625822305679321,-1012.3658447265625,12.668197631835938,-1695.374755859375
14.27752380000311,0,,23412,142092,142092,2,0,0,True,58.67325973510742,0.4941176772117615,0.0,0.1837119311094284,2933,3,0.962604820728302,-1012.2466430664062,12.674888610839844,-1695.401123046875
14.288549000004423,0,,23430,142092,142092,2,0,0,True,58.69565200805664,0.5176470875740051,0.0,0.10827852785587311,2935,3,0.9626500010490417,-1011.968017578125,12.690362930297852,-1695.4603271484375
14.299466600001324,0,,23437,142092,142092,2,0,0,True,58.73036193847656,0.5607843399047852,0.0,0.10598999261856079,2934,3,0.9626725316047668,-1011.848388671875,12.696952819824219,-1695.484619140625
14.310771300006309,0,,23447,142092,142092,2,0,0,True,58.73455047607422,0.572549045085907,0.0,0.0857544019818306,2934,3,0.9626725316047668,-1011.7286376953125,12.703497886657715,-1695.5084228515625
14.321655000007013,0,,23462,142092,142092,2,0,0,True,58.77006912231445,0.5882353186607361,0.0,0.09418217837810516,2934,3,0.9627177119255066,-1011.4486083984375,12.718704223632812,-1695.5621337890625
14.332679300001473,0,,23472,142092,142092,2,0,0,True,58.812564849853516,0.6117647290229797,0.0,0.07155922055244446,2935,3,0.9627403020858765,-1011.3284301757812,12.72515869140625,-1695.584228515625
14.343774599998142,0,,23480,142092,142092,2,0,0,True,58.851314544677734,0.6196078658103943,0.0,0.0919075682759285,2933,3,0.9627628922462463,-1011.1678466796875,12.733697891235352,-1695.6129150390625
14.355041600007098,0,,23497,142092,142092,2,0,0,True,58.90386962890625,0.6274510025978088,0.0,0.09644080698490143,2926,3,0.9628080129623413,-1010.9265747070312,12.746384620666504,-1695.654296875
14.36595930000476,0,,23505,142092,142092,2,0,0,True,58.94783401489258,0.6431372761726379,0.0,0.08853811025619507,2928,3,0.9628306031227112,-1010.765380859375,12.754781723022461,-1695.6807861328125
14.376999400003115,0,,23515,142092,142092,2,0,0,True,59.0111083984375,0.6784313917160034,0.0,0.10164481401443481,2936,3,0.962853193283081,-1010.644287109375,12.761059761047363,-1695.699951171875
14.388159299996914,0,,23530,142092,142092,2,0,0,True,59.062705993652344,0.7058823704719543,0.0,0.09183400869369507,2946,3,0.9628983736038208,-1010.361083984375,12.775691032409668,-1695.74267578125
14.398989200009964,0,,23540,142092,142092,2,0,0,True,59.12495040893555,0.7333333492279053,0.0,0.0964353084564209,2942,3,0.9629209041595459,-1010.239501953125,12.781974792480469,-1695.760009765625
14.41030590000446,0,,23550,142092,142092,2,0,0,True,59.21345901489258,0.7411764860153198,0.0,0.09916651248931885,2952,3,0.9629434943199158,-1010.0770874023438,12.790374755859375,-1695.7823486328125
14.422559600003297,0,,23565,142092,142092,2,0,0,True,59.292869567871094,0.7490196228027344,0.0,0.09226007014513016,2952,3,0.9629886746406555,-1009.7920532226562,12.805108070373535,-1695.8193359375
14.433465800000704,0,,23575,142092,142092,2,0,0,True,59.397300720214844,0.760784387588501,0.0,0.10105464607477188,2945,3,0.9629886746406555,-1009.6696166992188,12.811407089233398,-1695.83447265625
14.444523500002106,0,,23582,142092,142092,2,0,0,True,59.5048713684082,0.7725490927696228,0.0,0.09986138343811035,2935,3,0.9630112648010254,-1009.506103515625,12.819761276245117,-1695.853759765625
14.45577110000886,0,,23600,142092,142092,2,0,0,True,59.59291076660156,0.7647059559822083,0.0,0.10778647661209106,2930,3,0.9630563855171204,-1009.2601318359375,12.832157135009766,-1695.8814697265625
14.46682879999571,0,,23607,142092,142092,2,0,0,True,59.68189239501953,0.7803922295570374,0.0,0.11048497259616852,2928,3,0.9630789756774902,-1009.0957641601562,12.84028434753418,-1695.89892578125
14.47780039999634,0,,23615,142092,142092,2,0,0,True,59.79485321044922,0.7843137979507446,0.0,0.11002572625875473,2928,3,0.9631015658378601,-1008.9722900390625,12.846302032470703,-1695.91162109375
14.489038800005801,0,,23632,142092,142092,2,0,0,True,59.88336944580078,0.8000000715255737,0.0,0.10948880761861801,2931,3,0.9631467461585999,-1008.6834106445312,12.860081672668457,-1695.9398193359375
14.50004149999586,0,,23640,142092,142092,2,0,0,True,59.995155334472656,0.803921639919281,0.0,0.10944517701864243,2938,3,0.963169276714325,-1008.559326171875,12.865903854370117,-1695.951171875
14.510866700002225,0,,23650,142092,142092,2,0,0,True,60.085655212402344,0.8352941870689392,0.0,0.03875070810317993,2947,3,0.9631918668746948,-1008.43505859375,12.871696472167969,-1695.9622802734375
14.521794500004034,0,,23657,142092,142092,2,0,0,True,60.18235397338867,0.8431373238563538,0.0,0.06072545051574707,2940,3,0.9632144570350647,-1008.2691040039062,12.879409790039062,-1695.9765625
14.532838099999935,0,,23675,142092,142092,2,0,0,True,60.307518005371094,0.8705883026123047,0.0,0.03566352277994156,2960,3,0.9632596373558044,-1007.9779052734375,12.892998695373535,-1696.000244140625
14.5438448000059,0,,23682,142092,142092,2,0,0,True,60.425201416015625,0.874509871006012,0.0,0.040262527763843536,2968,3,0.9632596373558044,-1007.8528442382812,12.898914337158203,-1696.010009765625
14.554834599999595,0,,23692,142092,142092,2,0,0,True,60.562103271484375,0.8784314393997192,0.0,0.053253818303346634,2972,3,0.9632821679115295,-1007.7276000976562,12.904873847961426,-1696.01953125
14.565989299997455,0,,23710,142092,142092,2,0,0,True,60.67268371582031,0.8901961445808411,0.0,0.054280925542116165,2976,3,0.9633497595787048,-1007.3926391601562,12.92101001739502,-1696.0440673828125
14.577280400000745,0,,23717,142092,142092,2,0,0,True,60.814701080322266,0.9058824181556702,0.0,0.04911969229578972,2985,3,0.9633497595787048,-1007.2667236328125,12.927118301391602,-1696.052978515625
14.588279500007047,0,,23727,142092,142092,2,0,0,True,60.929664611816406,0.9098039865493774,0.0,0.050620920956134796,2995,3,0.9633722901344299,-1007.1405639648438,12.933242797851562,-1696.0615234375
14.599446799998987,0,,23742,142092,142092,2,0,0,True,61.0479621887207,0.917647123336792,0.0,0.04962188005447388,3006,3,0.9634173512458801,-1006.8455200195312,12.947563171386719,-1696.0811767578125
14.610397500000545,0,,23752,142092,142092,2,0,0,True,61.1979866027832,0.9215686917304993,0.0,0.04917091503739357,3019,3,0.9634398818016052,-1006.71875,12.953680992126465,-1696.0892333984375
14.621386700004223,0,,23760,142092,142092,2,0,0,True,61.32133483886719,0.9254902601242065,0.0,0.0497615784406662,3029,3,0.9634624123573303,-1006.5493774414062,12.961786270141602,-1696.099853515625
14.632364100005361,0,,23767,142092,142092,2,0,0,True,61.48112487792969,0.988235354423523,0.0,0.0496416874229908,3050,3,0.9634849429130554,-1006.422119140625,12.967808723449707,-1696.107666015625
14.643339600006584,0,,23785,142092,142092,2,0,0,True,61.616092681884766,1.0,0.0,0.04894609376788139,3071,3,0.9635300040245056,-1006.1244506835938,12.981622695922852,-1696.125244140625
14.6549609000067,0,,23792,142092,142092,2,0,0,True,61.794288635253906,1.0,0.0,0.04991884529590607,3080,3,0.9635525345802307,-1005.9964599609375,12.987451553344727,-1696.132568359375
14.665959699996165,0,,23802,142092,142092,2,0,0,True,61.942874908447266,1.0,0.0,0.050719715654850006,3079,3,0.9635750651359558,-1005.8682861328125,12.993241310119629,-1696.1397705078125
14.677187100009178,0,,23820,142092,142092,2,0,0,True,62.130435943603516,1.0,0.0,0.05115262791514397,3093,3,0.963620126247406,-1005.5253295898438,13.008572578430176,-1696.1583251953125
14.688415299999178,0,,23830,142092,142092,2,0,0,True,62.279266357421875,1.0,0.0,0.06369507312774658,3097,3,0.9636425971984863,-1005.396240234375,13.014313697814941,-1696.1650390625
14.699466100006248,0,,23837,142092,142092,2,0,0,True,62.471012115478516,1.0,0.0,0.08088729530572891,3091,3,0.9636651277542114,-1005.2238159179688,13.021984100341797,-1696.1737060546875
14.710448700003326,0,,23855,142092,142092,2,0,0,True,62.62548828125,1.0,0.0,0.08505374193191528,3083,3,0.9637101888656616,-1004.9642944335938,13.033547401428223,-1696.186279296875
14.721541300008539,0,,23862,142092,142092,2,0,0,True,62.7817268371582,1.0,0.0,0.08127658069133759,3079,3,0.9637327194213867,-1004.790771484375,13.041297912597656,-1696.1942138671875
14.73253960000875,0,,23870,142092,142092,2,0,0,True,62.97524642944336,1.0,0.0,0.07911217212677002,3085,3,0.9637552499771118,-1004.6602783203125,13.047138214111328,-1696.199951171875
14.744703300006222,0,,23887,142092,142092,2,0,0,True,63.1697998046875,1.0,0.0,0.0767902210354805,3107,3,0.963800311088562,-1004.3549194335938,13.060863494873047,-1696.2125244140625
14.755787000001874,0,,23895,142092,142092,2,0,0,True,63.326011657714844,1.0,0.0,0.07614082098007202,3131,3,0.9638228416442871,-1004.2236328125,13.066793441772461,-1696.217529296875
14.766834000009112,0,,23905,142092,142092,2,0,0,True,63.483280181884766,1.0,0.0,0.07541018724441528,3157,3,0.9638453722000122,-1004.0921020507812,13.07274055480957,-1696.222412109375
14.777932800003327,0,,23922,142092,142092,2,0,0,True,63.6843376159668,1.0,0.0,0.07449675351381302,3182,3,0.9638904333114624,-1003.7841796875,13.086597442626953,-1696.2332763671875
14.789036700007273,0,,23932,142092,142092,2,0,0,True,63.850101470947266,1.0,0.0,0.07421450316905975,3193,3,0.9639129638671875,-1003.6076049804688,13.09444522857666,-1696.239013671875
14.800272599997697,0,,23940,142092,142092,2,0,0,True,64.06021118164062,1.0,0.0,0.07495719939470291,3192,3,0.9639354944229126,-1003.4305419921875,13.102216720581055,-1696.244384765625
14.811292700003833,0,,23947,142092,142092,2,0,0,True,64.23068237304688,1.0,0.0,0.07368706911802292,3184,3,0.9639580249786377,-1003.2974853515625,13.108002662658691,-1696.248291015625
14.822297100006836,0,,23965,142092,142092,2,0,0,True,64.4457778930664,1.0,0.0,0.07258690148591995,3174,3,0.9640030860900879,-1002.98583984375,13.12143325805664,-1696.2567138671875
14.833180600006017,0,,23972,142092,142092,2,0,0,True,64.61685180664062,1.0,0.0,0.07150638103485107,3175,3,0.964025616645813,-1002.851806640625,13.127188682556152,-1696.260009765625
14.84416059999785,0,,23982,142092,142092,2,0,0,True,64.7898941040039,1.0,0.0,0.07143766433000565,3185,3,0.9640480875968933,-1002.717529296875,13.13296127319336,-1696.2630615234375
14.855297800007975,0,,23997,142092,142092,2,0,0,True,65.00407409667969,1.0,0.0,0.07166285812854767,3210,3,0.9640931487083435,-1002.4031982421875,13.146513938903809,-1696.26953125
14.866211700005806,0,,24007,142092,142092,2,0,0,True,65.17393493652344,1.0,0.0,0.0719008669257164,3234,3,0.9641156792640686,-1002.2680053710938,13.15235424041748,-1696.2720947265625
14.877264700000524,0,,24015,142092,142092,2,0,0,True,65.3883056640625,1.0,0.0,0.07191048562526703,3261,3,0.9641382098197937,-1002.0873413085938,13.160170555114746,-1696.2750244140625
14.88824050000403,0,,24025,142092,142092,2,0,0,True,65.56312561035156,1.0,0.0,0.07229574024677277,3275,3,0.964160680770874,-1001.9514770507812,13.166051864624023,-1696.277099609375
14.899245000007795,0,,24042,142092,142092,2,0,0,True,65.73951721191406,1.0,0.0,0.07211847603321075,3281,3,0.9642057418823242,-1001.5880126953125,13.181782722473145,-1696.281494140625
14.91030529999989,0,,24050,142092,142092,2,0,0,True,65.96405792236328,1.0,0.0,0.07159668952226639,3283,3,0.9642282724380493,-1001.451171875,13.18767261505127,-1696.2828369140625
14.921491800007061,0,,24060,142092,142092,2,0,0,True,66.1439437866211,1.0,0.0,0.07204640656709671,3286,3,0.9642507433891296,-1001.3140869140625,13.193531036376953,-1696.283935546875
14.932497600006172,0,,24075,142092,142092,2,0,0,True,66.37207794189453,1.0,0.0,0.027601584792137146,3297,3,0.9642958045005798,-1000.9930419921875,13.207010269165039,-1696.285888671875
14.943328399996972,0,,24085,142092,142092,2,0,0,True,66.55989837646484,1.0,0.0,0.0210149884223938,3311,3,0.9643183350563049,-1000.85498046875,13.212669372558594,-1696.286376953125
14.95441920000303,0,,24092,142092,142092,2,0,0,True,66.74813842773438,1.0,0.0,0.002493601758033037,3324,3,0.96434086561203,-1000.67041015625,13.220096588134766,-1696.2869873046875
14.96569989999989,0,,24102,142092,142092,2,0,0,True,66.98544311523438,1.0,0.0,-0.017140716314315796,3332,3,0.9643633365631104,-1000.5316772460938,13.225603103637695,-1696.287353515625
14.976391899996088,0,,24117,142092,142092,2,0,0,True,67.17488861083984,1.0,0.0,-0.013394832611083984,3331,3,0.9644083976745605,-1000.206787109375,13.238312721252441,-1696.2877197265625
14.987315999998827,0,,24127,142092,142092,2,0,0,True,67.40935516357422,0.9058824181556702,0.0,-0.026501286774873734,3280,3,0.9644309282302856,-1000.0670166015625,13.243736267089844,-1696.287841796875
14.998480199996266,0,,24137,142092,142092,2,0,0,True,67.59027862548828,0.7058823704719543,0.0,-0.007196316495537758,3199,3,0.9644759297370911,-999.8802490234375,13.250993728637695,-1696.287841796875
15.009370600004331,0,,24152,142092,142092,2,0,0,True,67.79177856445312,0.4901961088180542,0.0,-0.006213792134076357,2967,3,0.9645209908485413,-999.5521240234375,13.263864517211914,-1696.287841796875
15.020652300008805,0,,24162,142092,142092,2,0,0,True,67.91381072998047,0.0,0.0,-0.002673163777217269,2837,3,0.9645435214042664,-999.4111328125,13.26948070526123,-1696.2877197265625
15.03157760000613,0,,24170,142092,142092,2,0,0,True,67.99385833740234,0.0,0.0,-0.0016206493601202965,2844,3,0.9645659923553467,-999.2227172851562,13.277067184448242,-1696.287353515625
15.042614100006176,0,,24180,142092,142092,2,0,0,True,68.03621673583984,0.0,0.0,-0.0002740855561569333,2966,3,0.9645885229110718,-999.0812377929688,13.282814979553223,-1696.287109375
15.053740100003779,0,,24195,142092,142092,2,0,0,True,68.02568054199219,0.0,0.0,0.00015888790949247777,3044,3,0.964633584022522,-998.7508544921875,13.29631233215332,-1696.2862548828125
15.065062100009527,0,,24202,142092,142092,2,0,0,True,67.97908782958984,0.0,0.0,-0.04632185772061348,3142,3,0.9646561145782471,-998.6092529296875,13.302081108093262,-1696.285888671875
15.07645500000217,0,,24212,142092,142092,2,0,0,True,67.93231201171875,0.0,0.0,-0.07444065809249878,3222,3,0.9646785855293274,-998.4677124023438,13.30781078338623,-1696.285400390625
15.087549700008822,0,,24230,142092,142092,2,0,0,True,67.86994171142578,0.0,0.0,-0.11440184712409973,3280,3,0.9647236466407776,-998.1376342773438,13.320919036865234,-1696.284423828125
15.098752500009141,0,,24240,142092,142092,2,0,0,True,67.821044921875,0.0,0.0,-0.083920419216156,3281,3,0.9647461771965027,-997.9491577148438,13.328143119812012,-1696.2841796875
15.109867799998028,0,,24247,142092,142092,2,0,0,True,67.77261352539062,0.0,0.0,-0.13899767398834229,3242,3,0.9647687077522278,-997.7608642578125,13.33515453338623,-1696.2843017578125
15.120717099998728,0,,24265,142092,142092,2,0,0,True,67.7338638305664,0.0,0.0,-0.13223814964294434,3200,3,0.9648137092590332,-997.4786376953125,13.345378875732422,-1696.2850341796875
15.131705699997838,0,,24272,142092,142092,2,0,0,True,67.7026596069336,0.0,0.0,-0.17176201939582825,3167,3,0.9648362398147583,-997.2905883789062,13.352099418640137,-1696.2861328125
15.142766899996786,0,,24280,142092,142092,2,0,0,True,67.64888763427734,0.0,0.0,-0.18176624178886414,3149,3,0.9648587703704834,-997.1495971679688,13.357109069824219,-1696.2872314453125
15.15395510000235,0,,24297,142092,142092,2,0,0,True,67.60263061523438,0.0,0.0,-0.19104069471359253,3156,3,0.9649037718772888,-996.8209228515625,13.368813514709473,-1696.2913818359375
15.164899099996546,0,,24307,142092,142092,2,0,0,True,67.54127502441406,0.0,0.0,-0.18270614743232727,3178,3,0.9649263024330139,-996.68017578125,13.373869895935059,-1696.2938232421875
15.175976300000912,0,,24315,142092,142092,2,0,0,True,67.50360107421875,0.0,0.0,-0.22667546570301056,3196,3,0.964948832988739,-996.49267578125,13.380658149719238,-1696.2978515625
15.186771900000167,0,,24322,142092,142092,2,0,0,True,67.42364501953125,0.0,0.0,-0.23341040313243866,3207,3,0.9649713635444641,-996.3521728515625,13.38577938079834,-1696.3013916015625
15.197980500000995,0,,24342,142092,142092,2,0,0,True,67.36067199707031,0.0,0.0,-0.23595228791236877,3207,3,0.9650163650512695,-996.024658203125,13.397812843322754,-1696.3115234375
15.208962500008056,0,,24350,142092,142092,2,0,0,True,67.32284545898438,0.0,0.0,-0.2770431935787201,3197,3,0.9650614261627197,-995.8377685546875,13.4046630859375,-1696.318603515625
15.22010790000786,0,,24357,142092,142092,2,0,0,True,67.25386047363281,0.0,0.0,-0.28967219591140747,3180,3,0.9650614261627197,-995.6976928710938,13.409758567810059,-1696.324462890625
15.230948700002045,0,,24375,142092,142092,2,0,0,True,67.19196319580078,0.0,0.0,-0.2897772490978241,3168,3,0.9651064872741699,-995.371337890625,13.421435356140137,-1696.340576171875
15.242043999998714,0,,24382,142092,142092,2,0,0,True,67.12462615966797,0.0,0.0,-0.28479066491127014,3159,3,0.965129017829895,-995.2316284179688,13.426328659057617,-1696.348388671875
15.25323090000893,0,,24392,142092,142092,2,0,0,True,67.07333374023438,0.0,0.0,-0.30036982893943787,3159,3,0.9651514887809753,-995.0921020507812,13.431171417236328,-1696.3568115234375
15.264460000005784,0,,24400,142092,142092,2,0,0,True,67.00997161865234,0.0,0.0,-0.2782229483127594,3162,3,0.9651740193367004,-994.9061889648438,13.437564849853516,-1696.369140625
15.275439999997616,0,,24420,142092,142092,2,0,0,True,66.94187927246094,0.0,0.0,-0.29127758741378784,3166,3,0.9652190804481506,-994.5814819335938,13.448644638061523,-1696.393310546875
15.286470799997915,0,,24427,142092,142092,2,0,0,True,66.86907958984375,0.0,0.0,-0.2892429530620575,3168,3,0.965264081954956,-994.396240234375,13.454927444458008,-1696.4088134765625
15.297360700002173,0,,24435,142092,142092,2,0,0,True,66.79623413085938,0.0,0.0,-0.28622984886169434,3165,3,0.965264081954956,-994.257568359375,13.459619522094727,-1696.4212646484375
15.308652300009271,0,,24452,142092,142092,2,0,0,True,66.74393463134766,0.0,0.0,-0.2847500145435333,3160,3,0.9653091430664062,-993.9345092773438,13.470492362976074,-1696.4530029296875
15.320179400005145,0,,24460,142092,142092,2,0,0,True,66.67665100097656,0.0,0.0,-0.28437331318855286,3151,3,0.9653316736221313,-993.7963256835938,13.475104331970215,-1696.4677734375
15.33130030000757,0,,24470,142092,142092,2,0,0,True,66.62257385253906,0.0,0.0,-0.2840406000614166,3144,3,0.9653542041778564,-993.6582641601562,13.479677200317383,-1696.483154296875
15.34234170000127,0,,24485,142092,142092,2,0,0,True,66.55491638183594,0.0,0.0,-0.28352972865104675,3137,3,0.9653992056846619,-993.3368530273438,13.490148544311523,-1696.5218505859375
15.353377599996747,0,,24497,142092,142092,2,0,0,True,66.4990234375,0.0,0.0,-0.2841091454029083,3133,3,0.965421736240387,-993.1994018554688,13.49452018737793,-1696.53955078125
15.364432000002125,0,,24505,142092,142092,2,0,0,True,66.4268569946289,0.0,0.0,-0.2809152901172638,3129,3,0.9654442667961121,-992.9706420898438,13.501615524291992,-1696.5706787109375
15.375209300007555,0,,24512,142092,142092,2,0,0,True,66.36729431152344,0.0,0.0,-0.277717649936676,3127,3,0.9654668569564819,-992.8336181640625,13.505753517150879,-1696.5902099609375
15.386198899999727,0,,24530,142092,142092,2,0,0,True,66.30441284179688,0.0,0.0,-0.2767605781555176,3126,3,0.9655119776725769,-992.5147094726562,13.515083312988281,-1696.638427734375
15.39699219999602,0,,24537,142092,142092,2,0,0,True,66.22506713867188,0.0,0.0,-0.27427998185157776,3125,3,0.965534508228302,-992.3783569335938,13.518967628479004,-1696.6602783203125
15.40807489999861,0,,24547,142092,142092,2,0,0,True,66.16157531738281,0.0,0.0,-0.2727588415145874,3124,3,0.9655570983886719,-992.2422485351562,13.52280044555664,-1696.682861328125
15.419305700008408,0,,24562,142092,142092,2,0,0,True,66.10075378417969,0.0,0.0,-0.27344393730163574,3123,3,0.9656022191047668,-991.925537109375,13.531574249267578,-1696.738525390625
15.430263200003537,0,,24572,142092,142092,2,0,0,True,66.02393341064453,0.0,0.0,-0.2630133628845215,3121,3,0.9656247496604919,-991.7901611328125,13.535271644592285,-1696.7635498046875
15.441119299997808,0,,24580,142092,142092,2,0,0,True,65.95572662353516,0.0,0.0,-0.20132263004779816,3118,3,0.965647280216217,-991.6100463867188,13.54014778137207,-1696.7982177734375
15.452312800000072,0,,24590,142092,142092,2,0,0,True,65.90203857421875,0.0,0.0,-0.19300541281700134,3114,3,0.9656698703765869,-991.4752807617188,13.543767929077148,-1696.8250732421875
15.463296600006288,0,,24607,142092,142092,2,0,0,True,65.86722564697266,0.0,0.0,-0.18459901213645935,3110,3,0.9657149910926819,-991.1168823242188,13.553265571594238,-1696.89990234375
15.474247799997102,0,,24615,142092,142092,2,0,0,True,65.8370590209961,0.0784313753247261,0.0,-0.16558149456977844,3131,3,0.965737521648407,-990.9828491210938,13.556731224060059,-1696.92919921875
15.48544530000072,0,,24625,142092,142092,2,0,0,True,65.79044342041016,0.27450981736183167,0.0,-0.12530703842639923,3242,3,0.9657601118087769,-990.8490600585938,13.560125350952148,-1696.9591064453125
15.496486200005165,0,,24640,142092,142092,2,0,0,True,65.76313018798828,0.3294117748737335,0.0,-0.1380852907896042,3338,3,0.9658052325248718,-990.5375366210938,13.567652702331543,-1697.03125
15.507366600009846,0,,24650,142092,142092,2,0,0,True,65.75935363769531,0.45098042488098145,0.0,-0.09194886684417725,3412,3,0.9658277630805969,-990.404296875,13.570703506469727,-1697.0631103515625
15.51825770000869,0,,24657,142092,142092,2,0,0,True,65.80699920654297,0.4941176772117615,0.0,-0.09132444858551025,3374,3,0.9658503532409668,-990.2268676757812,13.574610710144043,-1697.1064453125
15.529267799996887,0,,24667,142092,142092,2,0,0,True,65.86630249023438,0.5176470875740051,0.0,-0.08696568012237549,3263,3,0.9658728837966919,-990.0939331054688,13.577432632446289,-1697.1395263671875
15.540533499995945,0,,24685,142092,142092,2,0,0,True,65.94745635986328,0.5411764979362488,0.0,-0.09937703609466553,3184,3,0.9659180045127869,-989.7396240234375,13.584716796875,-1697.23046875
15.551500400004443,0,,24692,142092,142092,2,0,0,True,66.00086212158203,0.5647059082984924,0.0,-0.09864307940006256,3181,3,0.9659405946731567,-989.6068725585938,13.587398529052734,-1697.2657470703125
15.562406400000327,0,,24702,142092,142092,2,0,0,True,66.06747436523438,0.5843137502670288,0.0,-0.1123972088098526,3211,3,0.9659631252288818,-989.4741821289062,13.59005355834961,-1697.301513671875
15.573294000001624,0,,24717,142092,142092,2,0,0,True,66.12355041503906,0.5960784554481506,0.0,-0.10548510402441025,3260,3,0.9659856557846069,-989.1648559570312,13.596161842346191,-1697.3875732421875
15.584088000003248,0,,24727,142092,142092,2,0,0,True,66.20002746582031,0.5960784554481506,0.0,-0.11997315287590027,3286,3,0.9660082459449768,-989.032470703125,13.598747253417969,-1697.425537109375
15.595621000000392,0,,24735,142092,142092,2,0,0,True,66.29510498046875,0.5960784554481506,0.0,-0.12458709627389908,3287,3,0.9660307765007019,-988.8560180664062,13.602164268493652,-1697.47705078125
15.606705199999851,0,,24745,142092,142092,2,0,0,True,66.36864471435547,0.6000000238418579,0.0,-0.13874481618404388,3277,3,0.9660533666610718,-988.7237548828125,13.604708671569824,-1697.5164794921875
15.617905899998732,0,,24760,142092,142092,2,0,0,True,66.46874237060547,0.6000000238418579,0.0,-0.12104659527540207,3262,3,0.9660984873771667,-988.4154052734375,13.610550880432129,-1697.6109619140625
15.628915799999959,0,,24770,142092,142092,2,0,0,True,66.5607681274414,0.6039215922355652,0.0,-0.12828102707862854,3255,3,0.9661210179328918,-988.2833862304688,13.612987518310547,-1697.6524658203125
15.639915799998562,0,,24780,142092,142092,2,0,0,True,66.66290283203125,0.6039215922355652,0.0,-0.12868231534957886,3252,3,0.9661436080932617,-988.1073608398438,13.616156578063965,-1697.708740234375
15.650875100007397,0,,24795,142092,142092,2,0,0,True,66.7484130859375,0.6039215922355652,0.0,-0.13043895363807678,3250,3,0.9661886692047119,-987.799560546875,13.621418952941895,-1697.8094482421875
15.662053200008813,0,,24805,142092,142092,2,0,0,True,66.84070587158203,0.6078431606292725,0.0,-0.11798260360956192,3249,3,0.9662111401557922,-987.6676635742188,13.62353515625,-1697.8536376953125
15.673340699999244,0,,24812,142092,142092,2,0,0,True,66.9595718383789,0.615686297416687,0.0,-0.12360306084156036,3251,3,0.9662336707115173,-987.4918823242188,13.626215934753418,-1697.9132080078125
15.684146500003408,0,,24820,142092,142092,2,0,0,True,67.03544616699219,0.6196078658103943,0.0,-0.1332615166902542,3255,3,0.9662562012672424,-987.3600463867188,13.62812328338623,-1697.95849609375
15.695397300005425,0,,24837,142092,142092,2,0,0,True,67.14962005615234,0.6235294342041016,0.0,-0.136249840259552,3261,3,0.9663012027740479,-987.0525512695312,13.632235527038574,-1698.0660400390625
15.706124899996212,0,,24845,142092,142092,2,0,0,True,67.24678802490234,0.6274510025978088,0.0,-0.1336412876844406,3264,3,0.966323733329773,-986.9208374023438,13.633864402770996,-1698.1129150390625
15.717238500001258,0,,24855,142092,142092,2,0,0,True,67.3592300415039,0.6352941393852234,0.0,-0.1443144679069519,3271,3,0.9663462042808533,-986.7891235351562,13.635408401489258,-1698.1602783203125
15.728206400002819,0,,24872,142092,142092,2,0,0,True,67.44427490234375,0.6352941393852234,0.0,-0.13808506727218628,3277,3,0.9663912653923035,-986.4818725585938,13.63876724243164,-1698.2728271484375
15.739348999995855,0,,24882,142092,142092,2,0,0,True,67.5309066772461,0.6274510025978088,0.0,-0.13511134684085846,3277,3,0.9664137363433838,-986.306396484375,13.640573501586914,-1698.3382568359375
15.750516200001584,0,,24890,142092,142092,2,0,0,True,67.6425552368164,0.6352941393852234,0.0,-0.1312999129295349,3278,3,0.9664362668991089,-986.1309814453125,13.642324447631836,-1698.4046630859375
15.761628499996732,0,,24897,142092,142092,2,0,0,True,67.73229217529297,0.6431372761726379,0.0,-0.12862299382686615,3283,3,0.966458797454834,-985.9994506835938,13.643619537353516,-1698.455078125
15.772817200006102,0,,24915,142092,142092,2,0,0,True,67.8433837890625,0.6352941393852234,0.0,-0.17276139557361603,3289,3,0.9665037989616394,-985.6927490234375,13.646623611450195,-1698.574462890625
15.784125400008634,0,,24922,142092,142092,2,0,0,True,67.92131042480469,0.6352941393852234,0.0,-0.1924588829278946,3293,3,0.9665263295173645,-985.5614013671875,13.64792251586914,-1698.62646484375
15.79510940000182,0,,24932,142092,142092,2,0,0,True,68.0125732421875,0.6313725709915161,0.0,-0.20946316421031952,3300,3,0.9665263295173645,-985.4301147460938,13.649246215820312,-1698.6790771484375
15.806133300007787,0,,24950,142092,142092,2,0,0,True,68.08455657958984,0.6313725709915161,0.0,-0.2104371339082718,3309,3,0.9665713310241699,-985.1242065429688,13.652420043945312,-1698.8040771484375
15.817060200002743,0,,24960,142092,142092,2,0,0,True,68.14839172363281,0.6235294342041016,0.0,-0.19083237648010254,3322,3,0.9666163921356201,-984.9497680664062,13.654301643371582,-1698.876953125
15.828038100007689,0,,24967,142092,142092,2,0,0,True,68.22914123535156,0.6196078658103943,0.0,-0.22188611328601837,3351,3,0.9666388630867004,-984.7755737304688,13.656233787536621,-1698.9510498046875
15.839054600000964,0,,24975,142092,142092,2,0,0,True,68.27090454101562,0.5921568870544434,0.0,-0.21951477229595184,3375,3,0.9666613936424255,-984.6451416015625,13.657719612121582,-1699.0072021484375
15.850287900000694,0,,24992,142092,142092,2,0,0,True,68.35590362548828,0.572549045085907,0.0,-0.20117531716823578,3391,3,0.966706395149231,-984.34130859375,13.661333084106445,-1699.1407470703125
15.861241100006737,0,,25000,142092,142092,2,0,0,True,68.46084594726562,0.5411764979362488,0.0,-0.23320218920707703,3383,3,0.966706395149231,-984.2113647460938,13.662940979003906,-1699.198974609375
15.872226799998316,0,,25010,142092,142092,2,0,0,True,68.55613708496094,0.5137255191802979,0.0,-0.24876412749290466,3344,3,0.966728925704956,-984.0816040039062,13.66454792022705,-1699.2579345703125
15.88321349999751,0,,25027,142092,142092,2,0,0,True,68.61930084228516,0.4862745404243469,0.0,-0.2524605989456177,3295,3,0.9667739272117615,-983.7793579101562,13.668267250061035,-1699.397705078125
15.894435800000792,0,,25037,142092,142092,2,0,0,True,68.6705551147461,0.46666669845581055,0.0,-0.27246755361557007,3261,3,0.9668189883232117,-983.6070556640625,13.670310020446777,-1699.4791259765625
15.905216099999961,0,,25045,142092,142092,2,0,0,True,68.73159790039062,0.43529415130615234,0.0,-0.27444565296173096,3240,3,0.966841459274292,-983.4351196289062,13.672290802001953,-1699.561767578125
15.916409700002987,0,,25052,142092,142092,2,0,0,True,68.77468872070312,0.3960784673690796,0.0,-0.276253879070282,3242,3,0.9668639898300171,-983.3064575195312,13.673747062683105,-1699.62451171875
15.927344700001413,0,,25070,142092,142092,2,0,0,True,68.80339813232422,0.34117648005485535,0.0,-0.27953585982322693,3247,3,0.9669089913368225,-983.0072021484375,13.677179336547852,-1699.7733154296875
15.938303700007964,0,,25077,142092,142092,2,0,0,True,68.81571197509766,0.3137255012989044,0.0,-0.2813147306442261,3255,3,0.9669315218925476,-982.87939453125,13.678723335266113,-1699.8382568359375
15.949421500001336,0,,25087,142092,142092,2,0,0,True,68.81329345703125,0.24313727021217346,0.0,-0.28609204292297363,3269,3,0.9669315218925476,-982.7520141601562,13.680336952209473,-1699.9039306640625
15.960092699999223,0,,25105,142092,142092,2,0,0,True,68.79177856445312,0.20000001788139343,0.0,-0.2887376844882965,3248,3,0.9669764637947083,-982.4560546875,13.684416770935059,-1700.0596923828125
15.971512200005236,0,,25115,142092,142092,2,0,0,True,68.77511596679688,0.12156863510608673,0.0,-0.29140156507492065,3202,3,0.9670214653015137,-982.2879028320312,13.686967849731445,-1700.1505126953125
15.982225100000505,0,,25122,142092,142092,2,0,0,True,68.73474884033203,0.0,0.0,-0.2976047992706299,3103,3,0.9670439958572388,-982.1204833984375,13.689712524414062,-1700.2425537109375
15.993534799999907,0,,25130,142092,142092,2,0,0,True,68.70323944091797,0.0,0.0,-0.3001362681388855,3099,3,0.9670664668083191,-981.9954833984375,13.691910743713379,-1700.3125
16.004798499998287,0,,25147,142092,142092,2,0,0,True,68.6211166381836,0.0,0.0,-0.3045293986797333,3161,3,0.9671114683151245,-981.7056274414062,13.697461128234863,-1700.478271484375
16.015954400005285,0,,25155,142092,142092,2,0,0,True,68.5179672241211,0.0,0.0,-0.3068844974040985,3229,3,0.9671339988708496,-981.582275390625,13.69997787475586,-1700.5504150390625
16.026957199996104,0,,25165,142092,142092,2,0,0,True,68.40582275390625,0.0,0.0,-0.3094463050365448,3292,3,0.9671339988708496,-981.4594116210938,13.702547073364258,-1700.623291015625
16.037932499995804,0,,25180,142092,142092,2,0,0,True,68.33026123046875,0.0,0.0,-0.3101666569709778,3309,3,0.9672014713287354,-981.1749267578125,13.708706855773926,-1700.7957763671875
16.04928629999631,0,,25190,142092,142092,2,0,0,True,68.28236389160156,0.0,0.0,-0.3106759786605835,3294,3,0.9672014713287354,-981.0538330078125,13.711383819580078,-1700.870849609375
16.060123300005216,0,,25197,142092,142092,2,0,0,True,68.20259857177734,0.0,0.0,-0.3099202811717987,3253,3,0.9672464728355408,-980.893310546875,13.714960098266602,-1700.9718017578125
16.070994000008795,0,,25207,142092,142092,2,0,0,True,68.1263656616211,0.0,0.0,-0.3077046573162079,3220,3,0.9672464728355408,-980.7734985351562,13.717634201049805,-1701.04833984375
16.08229590000701,0,,25225,142092,142092,2,0,0,True,68.04964447021484,0.0,0.0,-0.30629080533981323,3193,3,0.9673139452934265,-980.4566650390625,13.724685668945312,-1701.25537109375
16.093127600004664,0,,25232,142092,142092,2,0,0,True,67.98735809326172,0.0,0.0,-0.30245041847229004,3189,3,0.9673364162445068,-980.3388061523438,13.727282524108887,-1701.334228515625
16.104255600002944,0,,25242,142092,142092,2,0,0,True,67.9378890991211,0.0,0.0,-0.301017165184021,3195,3,0.9673589468002319,-980.221435546875,13.729853630065918,-1701.4136962890625
16.115368900005706,0,,25257,142092,142092,2,0,0,True,67.84883117675781,0.0,0.0,-0.29759931564331055,3209,3,0.9674039483070374,-979.9498901367188,13.735773086547852,-1701.6015625
16.126386400006595,0,,25267,142092,142092,2,0,0,True,67.76306915283203,0.0,0.0,-0.29680895805358887,3219,3,0.9674039483070374,-979.83447265625,13.738303184509277,-1701.6832275390625
16.137456800002838,0,,25275,142092,142092,2,0,0,True,67.65679931640625,0.0,0.0,-0.29738086462020874,3223,3,0.9674489498138428,-979.6815795898438,13.741707801818848,-1701.79296875
16.14850120000483,0,,25285,142092,142092,2,0,0,True,67.56562805175781,0.0,0.0,-0.29793214797973633,3220,3,0.9674489498138428,-979.567626953125,13.744304656982422,-1701.876220703125
16.15956470000674,0,,25300,142092,142092,2,0,0,True,67.46437072753906,0.0,0.0,-0.2982291579246521,3210,3,0.9675164222717285,-979.3045043945312,13.750624656677246,-1702.072998046875
16.17082690000825,0,,25310,142092,142092,2,0,0,True,67.39601135253906,0.0,0.0,-0.29799389839172363,3202,3,0.9675164222717285,-979.1928100585938,13.753464698791504,-1702.1585693359375
16.181592100008857,0,,25320,142092,142092,2,0,0,True,67.32721710205078,0.0,0.0,-0.2972777187824249,3195,3,0.9675614237785339,-979.0451049804688,13.757389068603516,-1702.273681640625
16.192598499997985,0,,25335,142092,142092,2,0,0,True,67.23399353027344,0.0,0.0,-0.2944071888923645,3190,3,0.9676064252853394,-978.78955078125,13.764607429504395,-1702.4781494140625
16.20360239999718,0,,25345,142092,142092,2,0,0,True,67.15009307861328,0.0,0.0,-0.2924109995365143,3189,3,0.9676288962364197,-978.6812133789062,13.767810821533203,-1702.56689453125
16.214682400008314,0,,25352,142092,142092,2,0,0,True,67.05842590332031,0.0,0.0,-0.28740060329437256,3187,3,0.9676514267921448,-978.5377807617188,13.77214527130127,-1702.6861572265625
16.2259183999995,0,,25360,142092,142092,2,0,0,True,66.98673248291016,0.0,0.0,-0.28542083501815796,3185,3,0.9676738977432251,-978.4310302734375,13.775433540344238,-1702.7763671875
16.236823400002322,0,,25377,142092,142092,2,0,0,True,66.91924285888672,0.0,0.0,-0.28270959854125977,3182,3,0.9677189588546753,-978.1845703125,13.783172607421875,-1702.9893798828125
16.24774679999973,0,,25385,142092,142092,2,0,0,True,66.82322692871094,0.0,0.0,-0.28184884786605835,3176,3,0.9677414298057556,-978.080078125,13.786517143249512,-1703.0816650390625
16.258860100002494,0,,25395,142092,142092,2,0,0,True,66.7418212890625,0.0,0.0,-0.28111714124679565,3172,3,0.9677414298057556,-977.976318359375,13.789877891540527,-1703.174560546875
16.270408600001247,0,,25412,142092,142092,2,0,0,True,66.6419677734375,0.0,0.0,-0.28101328015327454,3168,3,0.9678089618682861,-977.7030029296875,13.799001693725586,-1703.4251708984375
16.28126990000601,0,,25422,142092,142092,2,0,0,True,66.56026458740234,0.0,0.0,-0.27983322739601135,3166,3,0.9678314328193665,-977.6019287109375,13.802522659301758,-1703.5203857421875
16.29227940000419,0,,25430,142092,142092,2,0,0,True,66.45975494384766,0.0,0.0,-0.2789072096347809,3163,3,0.9678539633750916,-977.4683227539062,13.807343482971191,-1703.648193359375
16.30326420000347,0,,25447,142092,142092,2,0,0,True,66.38338470458984,0.0,0.0,-0.27624961733818054,3160,3,0.967898964881897,-977.2705688476562,13.814884185791016,-1703.842041015625
16.3145050000021,0,,25455,142092,142092,2,0,0,True,66.28521728515625,0.0,0.0,-0.2745946943759918,3155,3,0.9679214954376221,-977.1405029296875,13.820144653320312,-1703.9727783203125
16.325498300007894,0,,25462,142092,142092,2,0,0,True,66.20484924316406,0.0,0.0,-0.27190858125686646,3150,3,0.9679439663887024,-977.0438842773438,13.824212074279785,-1704.0714111328125
16.33649570000125,0,,25480,142092,142092,2,0,0,True,66.1188735961914,0.0,0.0,-0.2713277041912079,3145,3,0.9679889678955078,-976.8215942382812,13.834091186523438,-1704.3040771484375
16.347693100004108,0,,25490,142092,142092,2,0,0,True,66.01849365234375,0.0,0.0,-0.2718570828437805,3138,3,0.9680114984512329,-976.7277221679688,13.838482856750488,-1704.40478515625
16.358495599997696,0,,25500,142092,142092,2,0,0,True,65.9377670288086,0.0,0.0,-0.27233338356018066,3134,3,0.9680339694023132,-976.603759765625,13.844465255737305,-1704.5399169921875
16.369364700003644,0,,25507,142092,142092,2,0,0,True,65.85750579833984,0.0,0.0,-0.27309903502464294,3131,3,0.9680564999580383,-976.481201171875,13.850565910339355,-1704.676025390625
16.380256300006295,0,,25515,142092,142092,2,0,0,True,65.75687408447266,0.0,0.0,-0.27577638626098633,3128,3,0.9680790305137634,-976.3902587890625,13.855217933654785,-1704.77880859375
16.39141820000077,0,,25532,142092,142092,2,0,0,True,65.67375946044922,0.09019608050584793,0.0,-0.2768310010433197,3163,3,0.9681240320205688,-976.1812133789062,13.866332054138184,-1705.0205078125
16.402458299999125,0,,25542,142092,142092,2,0,0,True,65.57864379882812,0.19215688109397888,0.0,-0.2785141170024872,3243,3,0.9681465029716492,-976.0929565429688,13.871200561523438,-1705.125
16.413376700002118,0,,25550,142092,142092,2,0,0,True,65.51107788085938,0.2352941334247589,0.0,-0.2786829471588135,3289,3,0.9681690335273743,-975.9765014648438,13.877789497375488,-1705.26513671875
16.424481699999887,0,,25565,142092,142092,2,0,0,True,65.44178771972656,0.25882354378700256,0.0,-0.27790749073028564,3298,3,0.9682140350341797,-975.8046875,13.887917518615723,-1705.4771728515625
16.435292499998468,0,,25577,142092,142092,2,0,0,True,65.39874267578125,0.25882354378700256,0.0,-0.27740126848220825,3266,3,0.9682365655899048,-975.719970703125,13.893110275268555,-1705.5838623046875
16.446521500009112,0,,25585,142092,142092,2,0,0,True,65.36122131347656,0.3019607961177826,0.0,-0.2750518321990967,3236,3,0.9682590365409851,-975.5806884765625,13.90198040008545,-1705.7630615234375
16.457784800004447,0,,25592,142092,142092,2,0,0,True,65.3286361694336,0.29019609093666077,0.0,-0.2738732397556305,3206,3,0.9682815670967102,-975.4981689453125,13.907431602478027,-1705.871337890625
16.468747599996277,0,,25610,142092,142092,2,0,0,True,65.28768157958984,0.3176470696926117,0.0,-0.2718205451965332,3197,3,0.9683489799499512,-975.308837890625,13.920553207397461,-1706.1259765625
16.479750700003933,0,,25620,142092,142092,2,0,0,True,65.25289916992188,0.3333333432674408,0.0,-0.27098068594932556,3201,3,0.9683714509010315,-975.22900390625,13.926347732543945,-1706.236083984375
16.491050900003756,0,,25627,142092,142092,2,0,0,True,65.22605895996094,0.3333333432674408,0.0,-0.2651354968547821,3216,3,0.9683939218521118,-975.1239013671875,13.934233665466309,-1706.383544921875
16.50195010000607,0,,25645,142092,142092,2,0,0,True,65.16541290283203,0.35686275362968445,0.0,-0.242207869887352,3229,3,0.9684388637542725,-974.9432983398438,13.948352813720703,-1706.643798828125
16.512980700004846,0,,25655,142092,142092,2,0,0,True,65.1181411743164,0.38823533058166504,0.0,-0.1731300950050354,3202,3,0.9684613347053528,-974.8672485351562,13.954536437988281,-1706.756103515625
16.52404440000828,0,,25662,142092,142092,2,0,0,True,65.0876235961914,0.3921568989753723,0.0,-0.16933982074260712,3196,3,0.9684838056564331,-974.7672729492188,13.96298599243164,-1706.9066162109375
16.535181800005375,0,,25670,142092,142092,2,0,0,True,65.0848159790039,0.4117647409439087,0.0,-0.2005414068698883,3215,3,0.9685062766075134,-974.6931762695312,13.969513893127441,-1707.0201416015625
16.546577200002503,0,,25687,142092,142092,2,0,0,True,65.05061340332031,0.4274510145187378,0.0,-0.18841953575611115,3223,3,0.9685512185096741,-974.5228881835938,13.98521900177002,-1707.2862548828125
16.557696500007296,0,,25695,142092,142092,2,0,0,True,65.00909423828125,0.4431372880935669,0.0,-0.19483691453933716,3215,3,0.9685736894607544,-974.4511108398438,13.991963386535645,-1707.401123046875
16.56899919999705,0,,25705,142092,142092,2,0,0,True,64.97185516357422,0.458823561668396,0.0,-0.20068714022636414,3230,3,0.9685961604118347,-974.3800659179688,13.998749732971191,-1707.5162353515625
16.58001130000048,0,,25722,142092,142092,2,0,0,True,64.94061279296875,0.48235297203063965,0.0,-0.20203407108783722,3249,3,0.9686411023139954,-974.21728515625,14.01480484008789,-1707.7864990234375
16.591105600004084,0,,25732,142092,142092,2,0,0,True,64.88224792480469,0.48235297203063965,0.0,-0.20880088210105896,3269,3,0.968686044216156,-974.1259765625,14.024124145507812,-1707.94189453125
16.60189150000224,0,,25740,142092,142092,2,0,0,True,64.82510375976562,0.5058823823928833,0.0,-0.20237861573696136,3240,3,0.9687085151672363,-974.0361328125,14.03360366821289,-1708.097900390625
16.613395000007586,0,,25757,142092,142092,2,0,0,True,64.80081939697266,0.5215686559677124,0.0,-0.20698785781860352,3270,3,0.968753457069397,-973.9041137695312,14.048426628112793,-1708.3331298828125
16.624484300002223,0,,25765,142092,142092,2,0,0,True,64.78831481933594,0.5490196347236633,0.0,-0.21831969916820526,3411,3,0.9687759280204773,-973.8178100585938,14.058670043945312,-1708.4908447265625
16.635458400007337,0,,25772,142092,142092,2,0,0,True,64.77570343017578,0.572549045085907,0.0,-0.21909071505069733,3472,3,0.9687983989715576,-973.75390625,14.066431045532227,-1708.609375
16.646647600005963,0,,25790,142092,142092,2,0,0,True,64.76922607421875,0.5803921818733215,0.0,-0.22285890579223633,3515,3,0.9688433408737183,-973.6075439453125,14.084794044494629,-1708.8875732421875
16.657457699999213,0,,25797,142092,142092,2,0,0,True,64.77684783935547,0.5843137502670288,0.0,-0.22837577760219574,3562,3,0.9688658118247986,-973.5460205078125,14.092848777770996,-1709.0074462890625
16.668212100004894,0,,25807,142092,142092,2,0,0,True,64.79163360595703,0.5843137502670288,0.0,-0.23750729858875275,3602,3,0.9688882827758789,-973.4852294921875,14.101020812988281,-1709.1275634765625
16.6792945000052,0,,25815,142092,142092,2,0,0,True,64.79022979736328,0.6039215922355652,0.0,-0.20655420422554016,3657,3,0.9689107537269592,-973.4051513671875,14.111976623535156,-1709.288330078125
16.69109770000796,0,,25832,142092,142092,2,0,0,True,64.79521942138672,0.6039215922355652,0.0,-0.20714451372623444,3727,3,0.9689781665802002,-973.267333984375,14.130910873413086,-1709.571044921875
16.70211250000284,0,,25840,142092,142092,2,0,0,True,64.81365966796875,0.6078431606292725,0.0,-0.20659230649471283,3800,3,0.9689781665802002,-973.2092895507812,14.138916015625,-1709.692626953125
16.71315660000255,0,,25850,142092,142092,2,0,0,True,64.85057830810547,0.6039215922355652,0.0,-0.19474215805530548,3853,3,0.9690006375312805,-973.1517333984375,14.1468505859375,-1709.8145751953125
16.724144100007834,0,,25867,142092,142092,2,0,0,True,64.85345458984375,0.6078431606292725,0.0,-0.19699722528457642,3907,3,0.9690682291984558,-973.00048828125,14.167252540588379,-1710.140869140625
16.735091900001862,0,,25875,142092,142092,2,0,0,True,64.82806396484375,0.6078431606292725,0.0,-0.20557166635990143,3986,3,0.9690908193588257,-972.9447021484375,14.174650192260742,-1710.263671875
16.746132500004023,0,,25885,142092,142092,2,0,0,True,64.80733489990234,0.6117647290229797,0.0,-0.22644735872745514,4056,3,0.9691134691238403,-972.8895874023438,14.181982040405273,-1710.38671875
16.757340900003328,0,,25900,142092,142092,2,0,0,True,64.8173828125,0.6274510025978088,0.0,-0.22912026941776276,4136,3,0.9691586494445801,-972.7633056640625,14.199130058288574,-1710.6749267578125
16.768610099999933,0,,25910,142092,142092,2,0,0,True,64.80494689941406,0.6274510025978088,0.0,-0.24399198591709137,4198,3,0.9691812992095947,-972.7101440429688,14.206430435180664,-1710.798828125
16.77934570000798,0,,25917,142092,142092,2,0,0,True,64.7857666015625,0.6352941393852234,0.0,-0.2459668219089508,4271,3,0.9692038893699646,-972.6402587890625,14.216102600097656,-1710.9644775390625
16.790566900002887,0,,25927,142092,142092,2,0,0,True,64.81019592285156,0.6392157077789307,0.0,-0.2458295375108719,4330,3,0.9692264795303345,-972.5885620117188,14.223360061645508,-1711.089111328125
16.80163519999769,0,,25942,142092,142092,2,0,0,True,64.86682891845703,0.6431372761726379,0.0,-0.2384684681892395,4385,3,0.9692943096160889,-972.4707641601562,14.24040699005127,-1711.3807373046875
16.812541799998144,0,,25952,142092,142092,2,0,0,True,64.87925720214844,0.6470588445663452,0.0,-0.22831957042217255,4456,3,0.9693169593811035,-972.4213256835938,14.247716903686523,-1711.5062255859375
16.823588100000052,0,,25962,142092,142092,2,0,0,True,64.83634948730469,0.6549019813537598,0.0,-0.22215905785560608,4518,3,0.9693395495414734,-972.3563232421875,14.25736141204834,-1711.673828125
16.83470340000349,0,,25977,142092,142092,2,0,0,True,64.82384490966797,0.6549019813537598,0.0,-0.21471115946769714,4593,3,0.9693847894668579,-972.2449951171875,14.273794174194336,-1711.96826171875
16.845945699998992,0,,25987,142092,142092,2,0,0,True,64.84376525878906,0.6549019813537598,0.0,-0.2097351998090744,4653,3,0.9694073796272278,-972.1981811523438,14.280585289001465,-1712.0947265625
16.857007099999464,0,,25995,142092,142092,2,0,0,True,64.85275268554688,0.658823549747467,0.0,-0.202388197183609,4729,3,0.9694300293922424,-972.1362915039062,14.289274215698242,-1712.2637939453125
16.868043800001033,0,,26002,142092,142092,2,0,0,True,64.85646057128906,0.6627451181411743,0.0,-0.1745506078004837,4696,3,0.9694526195526123,-972.0903930664062,14.295475006103516,-1712.390625
16.87910279999778,0,,26020,142092,142092,2,0,0,True,64.9700927734375,0.6705882549285889,0.0,-0.18497613072395325,4377,3,0.9695204496383667,-971.98486328125,14.30897331237793,-1712.6873779296875
16.89030700000876,0,,26030,142092,142092,2,0,0,True,65.19650268554688,0.686274528503418,0.0,-0.19799840450286865,3915,3,0.9695430397987366,-971.9402465820312,14.314483642578125,-1712.8150634765625
16.90155579999555,0,,26040,142092,142092,2,0,0,True,65.28826141357422,0.686274528503418,0.0,-0.20243430137634277,3592,3,0.9695656895637512,-971.8812255859375,14.321694374084473,-1712.9857177734375
16.912303700009943,0,,26055,142092,142092,2,0,0,True,65.31845092773438,0.6823529601097107,0.0,-0.21310360729694366,3337,3,0.969610869884491,-971.77978515625,14.334163665771484,-1713.2861328125
16.923439200007124,0,,26065,142092,142092,2,0,0,True,65.34461975097656,0.686274528503418,0.0,-0.21389265358448029,3187,3,0.9696335196495056,-971.7372436523438,14.339468955993652,-1713.4151611328125
16.934701300007873,0,,26072,142092,142092,2,0,0,True,65.3362808227539,0.686274528503418,0.0,-0.2105911821126938,3145,3,0.9696561098098755,-971.6814575195312,14.346539497375488,-1713.5877685546875
16.945838400002685,0,,26080,142092,142092,2,0,0,True,65.27241516113281,0.6980392336845398,0.0,-0.20893992483615875,3322,3,0.9696786999702454,-971.6404418945312,14.351887702941895,-1713.717529296875
16.956886100000702,0,,26097,142092,142092,2,0,0,True,65.24044799804688,0.6941176652908325,0.0,-0.20448341965675354,3461,3,0.9697465300559998,-971.5479736328125,14.364662170410156,-1714.0208740234375
16.96779969999625,0,,26107,142092,142092,2,0,0,True,65.22523498535156,0.6941176652908325,0.0,-0.20119178295135498,3558,3,0.9697690606117249,-971.5096435546875,14.370247840881348,-1714.1512451171875
16.979007500005537,0,,26117,142092,142092,2,0,0,True,65.22523498535156,0.6980392336845398,0.0,-0.19315782189369202,3564,3,0.9697914719581604,-971.4598388671875,14.377788543701172,-1714.3251953125
16.990256700009922,0,,26132,142092,142092,2,0,0,True,65.22146606445312,0.7019608020782471,0.0,-0.18711841106414795,3490,3,0.9698363542556763,-971.375732421875,14.391036033630371,-1714.630615234375
17.001382000002195,0,,26142,142092,142092,2,0,0,True,65.2108154296875,0.6980392336845398,0.0,-0.1567632555961609,3629,3,0.9698587656021118,-971.3407592773438,14.396622657775879,-1714.7618408203125
17.012198199998238,0,,26150,142092,142092,2,0,0,True,65.27780151367188,0.7098039388656616,0.0,-0.1478823721408844,3299,3,0.9698811769485474,-971.2951049804688,14.403858184814453,-1714.93701171875
17.02326840000751,0,,26157,142092,142092,2,0,0,True,65.32793426513672,0.7137255072593689,0.0,-0.15749654173851013,3138,3,0.9699035882949829,-971.2615966796875,14.409171104431152,-1715.068603515625
17.034278499995708,0,,26175,142092,142092,2,0,0,True,65.29438781738281,0.7137255072593689,0.0,-0.14117023348808289,3201,3,0.9699708819389343,-971.185791015625,14.421430587768555,-1715.3765869140625
17.04547040000034,0,,26185,142092,142092,2,0,0,True,65.27984619140625,0.7372549176216125,0.0,-0.13433150947093964,3258,3,0.9699932932853699,-971.1544799804688,14.426642417907715,-1715.5089111328125
17.056510599999456,0,,26195,142092,142092,2,0,0,True,65.28826904296875,0.7725490927696228,0.0,-0.12678305804729462,3305,3,0.9700157046318054,-971.114013671875,14.43364429473877,-1715.685546875
17.067772499998682,0,,26210,142092,142092,2,0,0,True,65.31745910644531,0.8078432083129883,0.0,-0.14801838994026184,3311,3,0.9700605869293213,-971.0469970703125,14.446619987487793,-1715.9954833984375
17.079143700000714,0,,26220,142092,142092,2,0,0,True,65.29105377197266,0.8078432083129883,0.0,-0.15709063410758972,3336,3,0.9700829982757568,-971.0198974609375,14.452588081359863,-1716.128662109375
17.090081100002863,0,,26227,142092,142092,2,0,0,True,65.280517578125,0.8235294818878174,0.0,-0.1252817064523697,3488,3,0.9701278209686279,-970.9852905273438,14.46098518371582,-1716.3065185546875
17.1009716999979,0,,26235,142092,142092,2,0,0,True,65.31537628173828,0.8274510502815247,0.0,-0.13468854129314423,3198,3,0.9701502323150635,-970.9603881835938,14.467530250549316,-1716.4400634765625
17.111930300001404,0,,26252,142092,142092,2,0,0,True,65.32654571533203,0.8352941870689392,0.0,-0.12215159833431244,3047,3,0.9701951146125793,-970.9057006835938,14.483498573303223,-1716.7523193359375
17.12300010000763,0,,26262,142092,142092,2,0,0,True,65.3033676147461,0.847058892250061,0.0,-0.14740979671478271,3207,3,0.9702175259590149,-970.8837890625,14.490699768066406,-1716.886474609375
17.13403119999566,0,,26272,142092,142092,2,0,0,True,65.30337524414062,0.8509804606437683,0.0,-0.14124394953250885,3395,3,0.9702399373054504,-970.85595703125,14.500558853149414,-1717.0655517578125
17.145170700008748,0,,26287,142092,142092,2,0,0,True,65.3575210571289,0.8588235974311829,0.0,-0.14352235198020935,3311,3,0.9703072309494019,-970.8107299804688,14.518054962158203,-1717.3792724609375
17.15613960000337,0,,26297,142092,142092,2,0,0,True,65.38452911376953,0.8666667342185974,0.0,-0.13519640266895294,3362,3,0.9703296422958374,-970.7927856445312,14.525625228881836,-1717.5140380859375
17.166999000008218,0,,26305,142092,142092,2,0,0,True,65.43171691894531,0.9098039865493774,0.0,-0.14495857059955597,3295,3,0.970352053642273,-970.7701416015625,14.535848617553711,-1717.69384765625
17.178231300000334,0,,26312,142092,142092,2,0,0,True,65.47572326660156,0.960784375667572,0.0,-0.14086101949214935,3227,3,0.9703744649887085,-970.7540893554688,14.543601989746094,-1717.8289794921875
17.18948480000836,0,,26330,142092,142092,2,0,0,True,65.53280639648438,1.0,0.0,-0.13922624289989471,3306,3,0.9704193472862244,-970.7196655273438,14.561786651611328,-1718.144775390625
17.20022240000253,0,,26337,142092,142092,2,0,0,True,65.59231567382812,1.0,0.0,-0.1349649429321289,3341,3,0.9704417586326599,-970.7061157226562,14.569605827331543,-1718.2803955078125
17.2110626000067,0,,26347,142092,142092,2,0,0,True,65.66277313232422,1.0,0.0,-0.1351241022348404,3263,3,0.9704641699790955,-970.693359375,14.577445030212402,-1718.4161376953125
17.222030700009782,0,,26365,142092,142092,2,0,0,True,65.71874237060547,1.0,0.0,-0.14519302546977997,3246,3,0.9705316424369812,-970.6627197265625,14.598411560058594,-1718.77880859375
17.23312540000188,0,,26375,142092,142092,2,0,0,True,65.78958129882812,1.0,0.0,-0.12733803689479828,3305,3,0.9705541133880615,-970.6524658203125,14.606261253356934,-1718.9151611328125
17.244215300001088,0,,26382,142092,142092,2,0,0,True,65.85733032226562,1.0,0.0,-0.11364571005105972,3286,3,0.9705991148948669,-970.639892578125,14.616697311401367,-1719.0970458984375
17.25544290000107,0,,26390,142092,142092,2,0,0,True,65.95877075195312,1.0,0.0,-0.13449034094810486,3303,3,0.970621645450592,-970.6311645507812,14.62447738647461,-1719.2337646484375
17.266673300007824,0,,26407,142092,142092,2,0,0,True,66.03414916992188,1.0,0.0,-0.12443580478429794,3381,3,0.9706666469573975,-970.6134033203125,14.642467498779297,-1719.55322265625
17.277331400007824,0,,26415,142092,142092,2,0,0,True,66.16502380371094,1.0,0.0,-0.1298680156469345,3404,3,0.9706891179084778,-970.6068115234375,14.650091171264648,-1719.6903076171875
17.288097099997685,0,,26425,142092,142092,2,0,0,True,66.27352905273438,1.0,0.0,-0.13787491619586945,3418,3,0.9707116484642029,-970.6008911132812,14.657666206359863,-1719.82763671875
17.299170700003742,0,,26442,142092,142092,2,0,0,True,66.40404510498047,1.0,0.0,-0.1262378841638565,3403,3,0.9707566499710083,-970.5894775390625,14.675195693969727,-1720.14892578125
17.310059499999625,0,,26452,142092,142092,2,0,0,True,66.5738296508789,1.0,0.0,-0.13189101219177246,3376,3,0.9708016514778137,-970.58447265625,14.685174942016602,-1720.3330078125
17.32096250000177,0,,26460,142092,142092,2,0,0,True,66.7042236328125,1.0,0.0,-0.13184230029582977,3395,3,0.970824122428894,-970.5806274414062,14.695182800292969,-1720.5174560546875
17.332252399995923,0,,26467,142092,142092,2,0,0,True,66.87474060058594,1.0,0.0,-0.12793883681297302,3352,3,0.9708466529846191,-970.5784301757812,14.702727317810059,-1720.656005859375
17.343393200004357,0,,26485,142092,142092,2,0,0,True,67.0077133178711,1.0,0.0,-0.1268075704574585,3370,3,0.9708916544914246,-970.5758666992188,14.720514297485352,-1720.980224609375
17.354232099998626,0,,26495,142092,142092,2,0,0,True,67.15312194824219,1.0,0.0,-0.12648452818393707,3382,3,0.9709141254425049,-970.5757446289062,14.728228569030762,-1721.11962890625
17.365229000002728,0,,26502,142092,142092,2,0,0,True,67.33289337158203,1.0,0.0,-0.12663911283016205,3345,3,0.97093665599823,-970.5765380859375,14.738579750061035,-1721.3056640625
17.376175700002932,0,,26520,142092,142092,2,0,0,True,67.4724349975586,1.0,0.0,-0.12988299131393433,3343,3,0.9709816575050354,-970.5796508789062,14.754179000854492,-1721.5855712890625
17.387112800002797,0,,26530,142092,142092,2,0,0,True,67.64668273925781,1.0,0.0,-0.1322648972272873,3405,3,0.9710266590118408,-970.5829467773438,14.76456356048584,-1721.7725830078125
17.39807500000461,0,,26537,142092,142092,2,0,0,True,67.79473876953125,1.0,0.0,-0.13459548354148865,3451,3,0.9710491299629211,-970.5872192382812,14.774901390075684,-1721.9600830078125
17.4092401000089,0,,26545,142092,142092,2,0,0,True,67.95213317871094,1.0,0.0,-0.13432273268699646,3469,3,0.9710716605186462,-970.5910034179688,14.782612800598145,-1722.100830078125
17.420397499998217,0,,26562,142092,142092,2,0,0,True,68.15767669677734,1.0,0.0,-0.13280615210533142,3456,3,0.9711166620254517,-970.601806640625,14.800424575805664,-1722.4302978515625
17.43132560000231,0,,26570,142092,142092,2,0,0,True,68.32000732421875,1.0,0.0,-0.13138914108276367,3420,3,0.971139132976532,-970.6072998046875,14.80798053741455,-1722.5718994140625
17.442436299999827,0,,26580,142092,142092,2,0,0,True,68.5109634399414,1.0,0.0,-0.1284772902727127,3406,3,0.9711616635322571,-970.6132202148438,14.8154878616333,-1722.7137451171875
17.453716999996686,0,,26597,142092,142092,2,0,0,True,68.66315460205078,1.0,0.0,-0.12848669290542603,3406,3,0.9712066054344177,-970.62890625,14.832830429077148,-1723.045654296875
17.464692399997148,0,,26607,142092,142092,2,0,0,True,68.85098266601562,1.0,0.0,-0.14222893118858337,3448,3,0.9712289571762085,-970.6390991210938,14.842682838439941,-1723.23583984375
17.47581220000575,0,,26615,142092,142092,2,0,0,True,69.00985717773438,1.0,0.0,-0.12446367740631104,3488,3,0.9712737798690796,-970.6502075195312,14.85253620147705,-1723.42626953125
17.4869730000064,0,,26622,142092,142092,2,0,0,True,69.17273712158203,1.0,0.0,-0.14301714301109314,3469,3,0.9712961316108704,-970.6591796875,14.859936714172363,-1723.5694580078125
17.49808089999715,0,,26640,142092,142092,2,0,0,True,69.3675537109375,1.0,0.0,-0.14917856454849243,3515,3,0.9713408946990967,-970.6821899414062,14.877216339111328,-1723.904296875
17.50908299999719,0,,26647,142092,142092,2,0,0,True,69.53936767578125,1.0,0.0,-0.14116521179676056,3530,3,0.9713633060455322,-970.6929321289062,14.884607315063477,-1724.048095703125
17.519892099997378,0,,26657,142092,142092,2,0,0,True,69.75489044189453,1.0,0.0,-0.13819697499275208,3501,3,0.9713857173919678,-970.7042236328125,14.891987800598145,-1724.192138671875
17.531261299998732,0,,26672,142092,142092,2,0,0,True,69.91441345214844,1.0,0.0,-0.1368207335472107,3484,3,0.9714528322219849,-970.7325439453125,14.909126281738281,-1724.5291748046875
17.542015300001367,0,,26685,142092,142092,2,0,0,True,70.10991668701172,1.0,0.0,-0.13349522650241852,3475,3,0.9714752435684204,-970.7455444335938,14.916431427001953,-1724.674072265625
17.552791599999182,0,,26692,142092,142092,2,0,0,True,70.2623062133789,1.0,0.0,-0.133201465010643,3487,3,0.971497654914856,-970.768310546875,14.928564071655273,-1724.915771484375
17.563812499996857,0,,26700,142092,142092,2,0,0,True,70.41242218017578,1.0,0.0,-0.1325065642595291,3526,3,0.9715200066566467,-970.7826538085938,14.935811042785645,-1725.0611572265625
17.57495840000047,0,,26717,142092,142092,2,0,0,True,70.61107635498047,1.0,0.0,-0.13146933913230896,3551,3,0.9715871810913086,-970.8179931640625,14.952581405639648,-1725.4010009765625
17.58597240000381,0,,26725,142092,142092,2,0,0,True,70.77546691894531,1.0,0.0,-0.13241568207740784,3562,3,0.9716095328330994,-970.833984375,14.959704399108887,-1725.5469970703125
17.596920800002408,0,,26735,142092,142092,2,0,0,True,70.93980407714844,1.0,0.0,-0.13369978964328766,3541,3,0.9716095328330994,-970.8504638671875,14.966789245605469,-1725.693115234375
17.60801860000356,0,,26752,142092,142092,2,0,0,True,71.13600158691406,1.0,0.0,-0.13408754765987396,3584,3,0.9716767072677612,-970.8968505859375,14.98552417755127,-1726.083984375
17.618921600005706,0,,26762,142092,142092,2,0,0,True,71.29647827148438,1.0,0.0,-0.13227218389511108,3611,3,0.9716991186141968,-970.9152221679688,14.992491722106934,-1726.2308349609375
17.629874500009464,0,,26770,142092,142092,2,0,0,True,71.49623107910156,1.0,0.0,-0.11125824600458145,3529,3,0.9717214703559875,-970.9405517578125,15.001742362976074,-1726.427001953125
17.641048699995736,0,,26777,142092,142092,2,0,0,True,71.64440155029297,1.0,0.0,-0.08218824118375778,3511,3,0.9717438817024231,-970.9601440429688,15.008659362792969,-1726.5743408203125
17.652090400006273,0,,26795,142092,142092,2,0,0,True,71.78275299072266,1.0,0.0,-0.06565454602241516,3454,3,0.971811056137085,-971.0078125,15.024755477905273,-1726.918701171875
17.662919299997156,0,,26805,142092,142092,2,0,0,True,71.93712615966797,1.0,0.0,-0.07623549550771713,3465,3,0.9718334078788757,-971.0289916992188,15.03164291381836,-1727.066650390625
17.67375980000361,0,,26815,142092,142092,2,0,0,True,72.05915832519531,1.0,0.0,-0.058810506016016006,3582,3,0.9718558192253113,-971.0579223632812,15.04082202911377,-1727.2640380859375
17.684906299997238,0,,26822,142092,142092,2,0,0,True,72.2418441772461,1.0,0.0,-0.04928313195705414,3658,3,0.9718782305717468,-971.0875244140625,15.049983024597168,-1727.461669921875
17.69603079999797,0,,26840,142092,142092,2,0,0,True,72.39585876464844,1.0,0.0,-0.04107019677758217,3665,3,0.9719230532646179,-971.1334228515625,15.063653945922852,-1727.758544921875
17.707012400001986,0,,26847,142092,142092,2,0,0,True,72.60165405273438,1.0,0.0,-0.055393338203430176,3671,3,0.9719682335853577,-971.1648559570312,15.072731018066406,-1727.9569091796875
17.71806739999738,0,,26855,142092,142092,2,0,0,True,72.77488708496094,1.0,0.0,-0.058021411299705505,3714,3,0.9719908237457275,-971.1889038085938,15.07952880859375,-1728.10595703125
17.729383099998813,0,,26865,142092,142092,2,0,0,True,72.96150970458984,1.0,0.0,-0.05910859256982803,3730,3,0.9720134139060974,-971.2132568359375,15.086319923400879,-1728.255126953125
17.740344200006803,0,,26882,142092,142092,2,0,0,True,73.20697784423828,1.0,0.0,-0.05888316407799721,3722,3,0.9720811247825623,-971.2802734375,15.104418754577637,-1728.6541748046875
17.751262400008272,0,,26892,142092,142092,2,0,0,True,73.41006469726562,1.0,0.0,-0.05996093526482582,3706,3,0.9721037149429321,-971.30615234375,15.111222267150879,-1728.80419921875
17.76246080000419,0,,26900,142092,142092,2,0,0,True,73.66545867919922,1.0,0.0,-0.06127895042300224,3687,3,0.972126305103302,-971.34130859375,15.12032413482666,-1729.004638671875
17.773479499999667,0,,26907,142092,142092,2,0,0,True,73.86732482910156,1.0,0.0,-0.06338566541671753,3680,3,0.9721488952636719,-971.3681640625,15.127182960510254,-1729.1552734375
17.784442700009095,0,,26925,142092,142092,2,0,0,True,74.0667495727539,1.0,0.0,-0.06385189294815063,3679,3,0.9721940755844116,-971.432373046875,15.143296241760254,-1729.5076904296875
17.79550449999806,0,,26932,142092,142092,2,0,0,True,74.31446838378906,1.0,0.0,-0.06504037976264954,3686,3,0.9722166061401367,-971.4606323242188,15.150245666503906,-1729.6590576171875
17.806525599997258,0,,26945,142092,142092,2,0,0,True,74.5119857788086,1.0,0.0,-0.06574814021587372,3693,3,0.9722391963005066,-971.4892578125,15.15722370147705,-1729.810791015625
17.817546500009485,0,,26960,142092,142092,2,0,0,True,74.75641632080078,1.0,0.0,-0.06639210134744644,3705,3,0.9723069667816162,-971.5675659179688,15.17597484588623,-1730.2164306640625
17.828436800002237,0,,26970,142092,142092,2,0,0,True,74.95198059082031,1.0,0.0,-0.06652040779590607,3716,3,0.9723295569419861,-971.59765625,15.183084487915039,-1730.368896484375
17.83973849999893,0,,26977,142092,142092,2,0,0,True,75.19744110107422,1.0,0.0,-0.07203327864408493,3729,3,0.9723520874977112,-971.6383666992188,15.192641258239746,-1730.5726318359375
17.850725900003454,0,,26985,142092,142092,2,0,0,True,75.39328002929688,1.0,0.0,-0.07166057080030441,3739,3,0.9723972678184509,-971.6693725585938,15.19986629486084,-1730.7257080078125
17.86172080000688,0,,27005,142092,142092,2,0,0,True,75.5921859741211,1.0,0.0,-0.07240410894155502,3749,3,0.9724424481391907,-971.7432250976562,15.21692180633545,-1731.0838623046875
17.873067200009245,0,,27012,142092,142092,2,0,0,True,75.83637237548828,1.0,0.0,-0.060551948845386505,3761,3,0.9724650382995605,-971.7863159179688,15.226789474487305,-1731.2890625
17.88396880000073,0,,27022,142092,142092,2,0,0,True,76.03408813476562,1.0,0.0,-0.0660935789346695,3770,3,0.9724876284599304,-971.819091796875,15.23425006866455,-1731.4432373046875
17.895275000002584,0,,27037,142092,142092,2,0,0,True,76.28082275390625,1.0,0.0,-0.06056402996182442,3783,3,0.9725553393363953,-971.8968505859375,15.251846313476562,-1731.8038330078125
17.906404399996973,0,,27047,142092,142092,2,0,0,True,76.48210144042969,1.0,0.0,-0.07761476933956146,3793,3,0.9725779294967651,-971.9307250976562,15.259469032287598,-1731.9588623046875
17.91738090000581,0,,27055,142092,142092,2,0,0,True,76.72845458984375,1.0,0.0,-0.07387308776378632,3804,3,0.972600519657135,-971.9765014648438,15.26967716217041,-1732.165771484375
17.928498100009165,0,,27065,142092,142092,2,0,0,True,76.93225860595703,1.0,0.0,-0.06293725967407227,3812,3,0.9726231098175049,-972.01123046875,15.277361869812012,-1732.3214111328125
17.939812299999176,0,,27082,142092,142092,2,0,0,True,77.1845703125,1.0,0.0,-0.0816555842757225,3819,3,0.9726908802986145,-972.1055297851562,15.297881126403809,-1732.7373046875
17.950668400008,0,,27090,142092,142092,2,0,0,True,77.38084411621094,1.0,0.0,-0.07608713209629059,3825,3,0.9727134704589844,-972.1415405273438,15.305593490600586,-1732.8936767578125
17.96148880000692,0,,27100,142092,142092,2,0,0,True,77.58063507080078,1.0,0.0,-0.07510074973106384,3833,3,0.9727360606193542,-972.1778564453125,15.313323020935059,-1733.0504150390625
17.972656099998858,0,,27107,142092,142092,2,0,0,True,77.82894134521484,1.0,0.0,-0.08569832891225815,3845,3,0.972781240940094,-972.226806640625,15.323649406433105,-1733.2596435546875
17.984069099999033,0,,27127,142092,142092,2,0,0,True,78.02288055419922,1.0,0.0,-0.07198283821344376,3858,3,0.9728264212608337,-972.31396484375,15.34177303314209,-1733.6268310546875
17.995261700008996,0,,27135,142092,142092,2,0,0,True,78.27238464355469,1.0,0.0,-0.08382678776979446,3877,3,0.9728490114212036,-972.3645629882812,15.352139472961426,-1733.8372802734375
18.006065800000215,0,,27142,142092,142092,2,0,0,True,78.46575164794922,1.0,0.0,-0.08617013692855835,3893,3,0.9728942513465881,-972.4028930664062,15.359923362731934,-1733.995361328125
18.017124000005424,0,,27160,142092,142092,2,0,0,True,78.7101821899414,1.0,0.0,-0.07900607585906982,3911,3,0.9729394316673279,-972.4935913085938,15.3781099319458,-1734.3651123046875
18.028057700008503,0,,27167,142092,142092,2,0,0,True,78.90512084960938,1.0,0.0,-0.08666948229074478,3924,3,0.9729620218276978,-972.5330810546875,15.3859224319458,-1734.5240478515625
18.038639799997327,0,,27180,142092,142092,2,0,0,True,79.09869384765625,1.0,0.0,-0.07986342161893845,3936,3,0.9729846119880676,-972.5729370117188,15.39374828338623,-1734.68310546875
18.04970879999746,0,,27187,142092,142092,2,0,0,True,79.3436508178711,1.0,0.0,-0.07736953347921371,3953,3,0.9730297923088074,-972.6400756835938,15.406820297241211,-1734.94873046875
18.061169699998572,0,,27205,142092,142092,2,0,0,True,79.54381561279297,1.0,0.0,-0.07633692026138306,3967,3,0.9730749726295471,-972.7220458984375,15.42248249053955,-1735.268310546875
18.072189400001662,0,,27212,142092,142092,2,0,0,True,79.79705810546875,1.0,0.0,-0.07739504426717758,3978,3,0.9731202125549316,-972.7774658203125,15.432900428771973,-1735.48193359375
18.083329400004004,0,,27220,142092,142092,2,0,0,True,79.99761962890625,1.0,0.0,-0.07869032025337219,3983,3,0.9731428027153015,-972.8194580078125,15.440688133239746,-1735.642333984375
18.094601400007377,0,,27237,142092,142092,2,0,0,True,80.2487564086914,1.0,0.0,-0.07870160043239594,3988,3,0.9731879830360413,-972.918701171875,15.458755493164062,-1736.0177001953125
18.10561480000615,0,,27247,142092,142092,2,0,0,True,80.4483642578125,1.0,0.0,-0.0771341323852539,3994,3,0.9732105731964111,-972.9617919921875,15.46644115447998,-1736.1788330078125
18.116643800007296,0,,27257,142092,142092,2,0,0,True,80.6469497680664,1.0,0.0,-0.07676970958709717,4005,3,0.9732557535171509,-973.0198364257812,15.476641654968262,-1736.394287109375
18.127646699998877,0,,27265,142092,142092,2,0,0,True,80.89661407470703,1.0,0.0,-0.07473643124103546,4023,3,0.9732783436775208,-973.0784912109375,15.486794471740723,-1736.6099853515625
18.138609400004498,0,,27282,142092,142092,2,0,0,True,81.09953308105469,1.0,0.0,-0.0743759423494339,4036,3,0.9733235239982605,-973.1676635742188,15.501935005187988,-1736.934326171875
18.14983249999932,0,,27290,142092,142092,2,0,0,True,81.35228729248047,1.0,0.0,-0.0765138640999794,4046,3,0.9733687043190002,-973.2279052734375,15.511971473693848,-1737.151123046875
18.1607159999985,0,,27297,142092,142092,2,0,0,True,81.55331420898438,1.0,0.0,-0.07780344784259796,4048,3,0.9733912348747253,-973.2735595703125,15.519471168518066,-1737.31396484375
18.17176520000794,0,,27307,142092,142092,2,0,0,True,81.75267791748047,1.0,0.0,-0.07809734344482422,4049,3,0.9734137654304504,-973.319580078125,15.526946067810059,-1737.47705078125
18.182873700003256,0,,27325,142092,142092,2,0,0,True,81.99789428710938,1.0,0.0,-0.0770348310470581,4055,3,0.9734814167022705,-973.4441528320312,15.546808242797852,-1737.912841796875
18.19396710000001,0,,27335,142092,142092,2,0,0,True,82.19361877441406,1.0,0.0,-0.0741928368806839,4066,3,0.9735039472579956,-973.4916381835938,15.554239273071289,-1738.07666015625
18.205053300000145,0,,27342,142092,142092,2,0,0,True,82.43859100341797,1.0,0.0,-0.07361235469579697,4087,3,0.9735490679740906,-973.5554809570312,15.564133644104004,-1738.2955322265625
18.216058000005432,0,,27350,142092,142092,2,0,0,True,82.63409423828125,1.0,0.0,-0.0721736028790474,4106,3,0.9735715985298157,-973.603759765625,15.57154655456543,-1738.4598388671875
18.226853400003165,0,,27367,142092,142092,2,0,0,True,82.82927703857422,1.0,0.0,-0.07166972011327744,4123,3,0.9736166596412659,-973.718017578125,15.588796615600586,-1738.843994140625
18.237945100001525,0,,27377,142092,142092,2,0,0,True,83.07152557373047,1.0,0.0,-0.07086522877216339,4140,3,0.9736617803573608,-973.767578125,15.596160888671875,-1739.009033203125
18.249123500005226,0,,27387,142092,142092,2,0,0,True,83.26561737060547,1.0,0.0,-0.0712193101644516,4150,3,0.9736843109130859,-973.8342895507812,15.605941772460938,-1739.2293701171875
18.260336699997424,0,,27402,142092,142092,2,0,0,True,83.50839233398438,1.0,0.0,-0.07065137475728989,4162,3,0.9737519025802612,-973.9526977539062,15.622905731201172,-1739.6158447265625
18.27152219999698,0,,27412,142092,142092,2,0,0,True,83.70358276367188,1.0,0.0,-0.06965938210487366,4172,3,0.9737744331359863,-974.0040893554688,15.630088806152344,-1739.78173828125
18.28290520000155,0,,27420,142092,142092,2,0,0,True,83.94881439208984,1.0,0.0,-0.06983904540538788,4183,3,0.9737970232963562,-974.0731811523438,15.639571189880371,-1740.00341796875
18.2941043000028,0,,27427,142092,142092,2,0,0,True,84.14372253417969,1.0,0.0,-0.0702977105975151,4190,3,0.9738195538520813,-974.1254272460938,15.646612167358398,-1740.1697998046875
18.30495499999961,0,,27445,142092,142092,2,0,0,True,84.38895416259766,1.0,0.0,-0.06988740712404251,4196,3,0.9738871455192566,-974.2488403320312,15.662851333618164,-1740.5589599609375
18.31615569999849,0,,27452,142092,142092,2,0,0,True,84.58277130126953,1.0,0.0,-0.06948477774858475,4201,3,0.9739097356796265,-974.3024291992188,15.669757843017578,-1740.72607421875
18.326986900006887,0,,27465,142092,142092,2,0,0,True,84.77637481689453,1.0,0.0,-0.06898356229066849,4209,3,0.9739322662353516,-974.3563842773438,15.676644325256348,-1740.893310546875
18.33817440000712,0,,27480,142092,142092,2,0,0,True,85.01625061035156,1.0,0.0,-0.06732911616563797,4224,3,0.9739998579025269,-974.5023193359375,15.69489860534668,-1741.34033203125
18.349247200007085,0,,27490,142092,142092,2,0,0,True,85.20914459228516,1.0,0.0,-0.06634700298309326,4240,3,0.9740449786186218,-974.5577392578125,15.701702117919922,-1741.50830078125
18.36035940000147,0,,27497,142092,142092,2,0,0,True,85.45032501220703,1.0,0.0,-0.0660921111702919,4259,3,0.9740675091743469,-974.6323852539062,15.710731506347656,-1741.7325439453125
18.37153990000661,0,,27515,142092,142092,2,0,0,True,85.64205169677734,1.0,0.0,-0.06658347696065903,4273,3,0.9741352200508118,-974.74560546875,15.72414493560791,-1742.0694580078125
18.38266869999643,0,,27522,142092,142092,2,0,0,True,85.88176727294922,1.0,0.0,-0.06639735400676727,4283,3,0.9741578102111816,-974.822021484375,15.73299503326416,-1742.2945556640625
18.39361369999824,0,,27532,142092,142092,2,0,0,True,86.07646179199219,1.0,0.0,-0.0664052963256836,4287,3,0.9741804003715515,-974.8798217773438,15.739595413208008,-1742.4635009765625
18.404800300006173,0,,27542,142092,142092,2,0,0,True,86.32260131835938,1.0,0.0,-0.06812886893749237,4287,3,0.9742255210876465,-974.9575805664062,15.748361587524414,-1742.6890869140625
18.41600440000184,0,,27557,142092,142092,2,0,0,True,86.51757049560547,1.0,0.0,-0.06923528760671616,4286,3,0.9742707014083862,-975.0955810546875,15.763644218444824,-1743.0845947265625
18.4267841999972,0,,27567,142092,142092,2,0,0,True,86.76036834716797,1.0,0.0,-0.07009678333997726,4288,3,0.9743158221244812,-975.1554565429688,15.770177841186523,-1743.25439453125
18.437984300006065,0,,27575,142092,142092,2,0,0,True,86.95413208007812,1.0,0.0,-0.05966903641819954,4297,3,0.9743384122848511,-975.2359619140625,15.778876304626465,-1743.48095703125
18.44902510000975,0,,27582,142092,142092,2,0,0,True,87.14873504638672,1.0,0.0,-0.06664910167455673,4307,3,0.974361002445221,-975.296875,15.78538990020752,-1743.651123046875
18.45999230000598,0,,27602,142092,142092,2,0,0,True,87.38438415527344,1.0,0.0,-0.07742974162101746,4323,3,0.9744513034820557,-975.4614868164062,15.80273723602295,-1744.105712890625
18.470925600006012,0,,27610,142092,142092,2,0,0,True,87.56916809082031,1.0,0.0,-0.06497480720281601,4338,3,0.9744738936424255,-975.5239868164062,15.809242248535156,-1744.2764892578125
18.481904700005543,0,,27620,142092,142092,2,0,0,True,87.8117904663086,1.0,0.0,-0.0760379210114479,4356,3,0.9744964241981506,-975.5869140625,15.815739631652832,-1744.4473876953125
18.492831800002023,0,,27635,142092,142092,2,0,0,True,88.00153350830078,1.0,0.0,-0.06993015110492706,4366,3,0.9745641946792603,-975.7355346679688,15.830881118774414,-1744.8466796875
18.50405740000133,0,,27645,142092,142092,2,0,0,True,88.19351196289062,1.0,0.0,-0.07079203426837921,4373,3,0.9745867848396301,-975.7999877929688,15.837373733520508,-1745.0181884765625
18.515151800005697,0,,27652,142092,142092,2,0,0,True,88.43236541748047,1.0,0.0,-0.07096654921770096,4379,3,0.9746319055557251,-975.8866577148438,15.846040725708008,-1745.2469482421875
18.526184700007434,0,,27662,142092,142092,2,0,0,True,88.62458801269531,1.0,0.0,-0.06064942479133606,4383,3,0.974654495716095,-975.9522094726562,15.852546691894531,-1745.418701171875
18.537278100004187,0,,27680,142092,142092,2,0,0,True,88.86674499511719,1.0,0.0,-0.07237384468317032,4390,3,0.9747222065925598,-976.129150390625,15.869874000549316,-1745.8773193359375
18.548348900003475,0,,27687,142092,142092,2,0,0,True,89.0543441772461,1.0,0.0,-0.07170629501342773,4399,3,0.9747447967529297,-976.1962890625,15.876360893249512,-1746.0496826171875
18.55942479999794,0,,27697,142092,142092,2,0,0,True,89.29535675048828,1.0,0.0,-0.06148907542228699,4412,3,0.9747673869132996,-976.263916015625,15.882838249206543,-1746.2220458984375
18.570568099996308,0,,27712,142092,142092,2,0,0,True,89.4854736328125,1.0,0.0,-0.06673651188611984,4422,3,0.9748350977897644,-976.4234008789062,15.897907257080078,-1746.625
18.58152040001005,0,,27725,142092,142092,2,0,0,True,89.67713165283203,1.0,0.0,-0.06726589053869247,4432,3,0.9748576283454895,-976.492431640625,15.904354095458984,-1746.7979736328125
18.592614799999865,0,,27732,142092,142092,2,0,0,True,89.9140625,1.0,0.0,-0.0667489767074585,4444,3,0.9749253392219543,-976.6085205078125,15.915106773376465,-1747.0865478515625
18.603850100000273,0,,27740,142092,142092,2,0,0,True,90.10279083251953,1.0,0.0,-0.06664479523897171,4453,3,0.9749478697776794,-976.6787719726562,15.921562194824219,-1747.2598876953125
18.61466890000156,0,,27757,142092,142092,2,0,0,True,90.33979797363281,1.0,0.0,-0.06611987203359604,4465,3,0.9750155806541443,-976.8443603515625,15.9366455078125,-1747.664794921875
18.625681400008034,0,,27765,142092,142092,2,0,0,True,90.52828216552734,1.0,0.0,-0.06582099199295044,4474,3,0.9750381112098694,-976.9160766601562,15.943114280700684,-1747.838623046875
18.636894299997948,0,,27775,142092,142092,2,0,0,True,90.71666717529297,1.0,0.0,-0.06491781771183014,4485,3,0.9750607013702393,-976.9881591796875,15.949583053588867,-1748.0125732421875
18.647869599997648,0,,27792,142092,142092,2,0,0,True,90.9532241821289,1.0,0.0,-0.04381948336958885,4498,3,0.9751283526420593,-977.1581420898438,15.964675903320312,-1748.4189453125
18.659043999999994,0,,27802,142092,142092,2,0,0,True,91.14600372314453,1.0,0.0,-0.05650078132748604,4508,3,0.9751734733581543,-977.25634765625,15.973299026489258,-1748.6514892578125
18.670365400001174,0,,27810,142092,142092,2,0,0,True,91.38270568847656,1.0,0.0,-0.05606168881058693,4521,3,0.9751960635185242,-977.355224609375,15.981913566589355,-1748.88427734375
18.68178970000008,0,,27817,142092,142092,2,0,0,True,91.57379913330078,1.0,0.0,-0.05724380165338516,4531,3,0.9752185940742493,-977.4298095703125,15.988348960876465,-1749.05908203125
18.692625700001372,0,,27835,142092,142092,2,0,0,True,91.81295776367188,1.0,0.0,-0.05829404294490814,4542,3,0.9752863049507141,-977.60546875,16.003231048583984,-1749.4676513671875
18.703649900009623,0,,27842,142092,142092,2,0,0,True,92.00468444824219,1.0,0.0,-0.059649188071489334,4549,3,0.9753314256668091,-977.6814575195312,16.009540557861328,-1749.6429443359375
18.71479620000173,0,,27852,142092,142092,2,0,0,True,92.24250030517578,1.0,0.0,-0.05942146107554436,4556,3,0.9753539562225342,-977.7578125,16.015810012817383,-1749.8184814453125
18.72570260000066,0,,27870,142092,142092,2,0,0,True,92.43170928955078,1.0,0.0,-0.05890683829784393,4563,3,0.975421667098999,-977.9375610351562,16.030303955078125,-1750.2283935546875
18.736771199997747,0,,27880,142092,142092,2,0,0,True,92.61973571777344,1.0,0.0,-0.05839536711573601,4569,3,0.975466787815094,-978.0413208007812,16.03852653503418,-1750.463134765625
18.74790909999865,0,,27887,142092,142092,2,0,0,True,92.85069274902344,1.0,0.0,-0.05666922777891159,4580,3,0.9754893183708191,-978.1458129882812,16.046743392944336,-1750.697998046875
18.75919110000541,0,,27895,142092,142092,2,0,0,True,93.03624725341797,1.0,0.0,-0.05571139231324196,4590,3,0.9755343198776245,-978.2247314453125,16.052921295166016,-1750.874267578125
18.769991699999082,0,,27912,142092,142092,2,0,0,True,93.26898956298828,1.0,0.0,-0.05468804016709328,4605,3,0.9756012558937073,-978.4104614257812,16.067461013793945,-1751.2861328125
18.780857300007483,0,,27920,142092,142092,2,0,0,True,93.45692443847656,1.0,0.0,-0.05464532971382141,4618,3,0.9756235480308533,-978.4907836914062,16.073741912841797,-1751.462890625
18.791885500002536,0,,27930,142092,142092,2,0,0,True,93.64497375488281,1.0,0.0,-0.05494855344295502,4630,3,0.975645899772644,-978.571533203125,16.080053329467773,-1751.6396484375
18.802981700006058,0,,27947,142092,142092,2,0,0,True,93.88050842285156,1.0,0.0,-0.05545038357377052,4643,3,0.9757128357887268,-978.7615356445312,16.0948429107666,-1752.0528564453125
18.814035500006867,0,,27957,142092,142092,2,0,0,True,94.06995391845703,1.0,0.0,-0.05653509870171547,4652,3,0.9757574200630188,-978.87109375,16.103290557861328,-1752.289306640625
18.82480270000815,0,,27965,142092,142092,2,0,0,True,94.30921173095703,1.0,0.0,-0.05821303278207779,4661,3,0.9758020639419556,-978.9813842773438,16.111696243286133,-1752.52587890625
18.83588030000101,0,,27972,142092,142092,2,0,0,True,94.50111389160156,1.0,0.0,-0.05887742340564728,4666,3,0.9758243560791016,-979.0645751953125,16.117961883544922,-1752.70361328125
18.84693739999784,0,,27990,142092,142092,2,0,0,True,94.6905517578125,1.0,0.0,-0.06047756224870682,4668,3,0.9758912920951843,-979.2603149414062,16.1324462890625,-1753.11865234375
18.857742300009704,0,,28000,142092,142092,2,0,0,True,94.92768096923828,1.0,0.0,-0.060948386788368225,4671,3,0.9759135842323303,-979.3449096679688,16.138620376586914,-1753.2967529296875
18.86897989999852,0,,28007,142092,142092,2,0,0,True,95.1166763305664,1.0,0.0,-0.06117499619722366,4675,3,0.9759582281112671,-979.4583740234375,16.146865844726562,-1753.534423828125
18.880095000000438,0,,28025,142092,142092,2,0,0,True,95.35137939453125,1.0,0.0,-0.06096498295664787,4685,3,0.9760251641273499,-979.6300048828125,16.159269332885742,-1753.891357421875
18.89111209999828,0,,28035,142092,142092,2,0,0,True,95.53729248046875,1.0,0.0,-0.05936376750469208,4697,3,0.9760474562644958,-979.745361328125,16.16756820678711,-1754.1295166015625
18.90236160000495,0,,28042,142092,142092,2,0,0,True,95.76701354980469,1.0,0.0,-0.05786136910319328,4716,3,0.9760921001434326,-979.8615112304688,16.175880432128906,-1754.367919921875
18.913333500007866,0,,28050,142092,142092,2,0,0,True,95.94560241699219,1.0,0.0,-0.05539570748806,4733,3,0.9761143922805786,-979.9490966796875,16.182125091552734,-1754.546875
18.924437900001067,0,,28067,142092,142092,2,0,0,True,96.16840362548828,1.0,0.0,-0.054443564265966415,4755,3,0.9761813282966614,-980.1550903320312,16.196706771850586,-1754.96484375
18.935346300000674,0,,28077,142092,142092,2,0,0,True,96.36144256591797,1.0,0.0,-0.052894383668899536,4770,3,0.9762259721755981,-980.2440185546875,16.202960968017578,-1755.1441650390625
18.94677799999772,0,,28085,142092,142092,2,0,0,True,96.5419692993164,1.0,0.0,-0.05279116332530975,4780,3,0.9762484431266785,-980.36328125,16.211313247680664,-1755.3834228515625
18.95801410000422,0,,28095,142092,142092,2,0,0,True,96.77734375,1.0,0.0,-0.05414301156997681,4787,3,0.9762936234474182,-980.4531860351562,16.21759033203125,-1755.56298828125
18.969134500002838,0,,28112,142092,142092,2,0,0,True,96.96623229980469,1.0,0.0,-0.0559527724981308,4790,3,0.9763614535331726,-980.66455078125,16.232213973999023,-1755.9825439453125
18.98063849999744,0,,28120,142092,142092,2,0,0,True,97.19879150390625,1.0,0.0,-0.04104098305106163,4793,3,0.9763841032981873,-980.7863159179688,16.240497589111328,-1756.2225341796875
18.99126750000869,0,,28127,142092,142092,2,0,0,True,97.39254760742188,1.0,0.0,-0.0472290962934494,4797,3,0.976429283618927,-980.878173828125,16.246694564819336,-1756.4027099609375
19.002503299998352,0,,28145,142092,142092,2,0,0,True,97.62406158447266,1.0,0.0,-0.04337570071220398,4804,3,0.9764971137046814,-981.093994140625,16.261125564575195,-1756.8236083984375
19.0136482000089,0,,28152,142092,142092,2,0,0,True,97.81607818603516,1.0,0.0,-0.034949298948049545,4812,3,0.9765197038650513,-981.1870727539062,16.267284393310547,-1757.0042724609375
19.02581750000536,0,,28162,142092,142092,2,0,0,True,98.05249786376953,1.0,0.0,-0.023899156600236893,4824,3,0.9765423536300659,-981.2806396484375,16.273456573486328,-1757.1849365234375
19.03670170000987,0,,28180,142092,142092,2,0,0,True,98.23278045654297,1.0,0.0,-0.032845791429281235,4836,3,0.9766327738761902,-981.5319213867188,16.289932250976562,-1757.66748046875
19.04778530000476,0,,28190,142092,142092,2,0,0,True,98.47080993652344,1.0,0.0,-0.02508682943880558,4851,3,0.9766553640365601,-981.6268310546875,16.29612159729004,-1757.8487548828125
19.0587028000009,0,,28197,142092,142092,2,0,0,True,98.64845275878906,1.0,0.0,-0.031179020181298256,4864,3,0.9767006039619446,-981.7539672851562,16.304405212402344,-1758.090576171875
19.06984850000299,0,,28207,142092,142092,2,0,0,True,98.8856201171875,1.0,0.0,-0.031752780079841614,4875,3,0.9767231941223145,-981.8497314453125,16.310564041137695,-1758.2720947265625
19.08098969999992,0,,28225,142092,142092,2,0,0,True,99.07842254638672,1.0,0.0,-0.034271031618118286,4881,3,0.9767910242080688,-982.0745849609375,16.324907302856445,-1758.6961669921875
19.09213849999651,0,,28232,142092,142092,2,0,0,True,99.2979507446289,1.0,0.0,-0.03466859087347984,4888,3,0.9768362641334534,-982.2039794921875,16.333139419555664,-1758.9388427734375
19.10357330000261,0,,28242,142092,142092,2,0,0,True,99.490966796875,1.0,0.0,-0.03299984335899353,4894,3,0.9768588542938232,-982.3014526367188,16.33927345275879,-1759.1209716796875
19.11473020000267,0,,28257,142092,142092,2,0,0,True,99.7193603515625,1.0,0.0,-0.0338091142475605,4906,3,0.9769266843795776,-982.5302734375,16.353694915771484,-1759.546630859375
19.125763200005167,0,,28267,142092,142092,2,0,0,True,99.90678405761719,1.0,0.0,-0.03129487484693527,4919,3,0.9769718050956726,-982.62890625,16.359848022460938,-1759.729248046875
19.13680160000513,0,,28275,142092,142092,2,0,0,True,100.0899429321289,1.0,0.0,-0.031069066375494003,4932,3,0.9769942760467529,-982.760986328125,16.368024826049805,-1759.972900390625
19.147672899998724,0,,28285,142092,142092,2,0,0,True,100.3097915649414,1.0,0.0,-0.03128146752715111,4948,3,0.9770391583442688,-982.8604736328125,16.374210357666016,-1760.1558837890625
19.158968500007177,0,,28302,142092,142092,2,0,0,True,100.5147476196289,1.0,0.0,-0.032278575003147125,4957,3,0.977106511592865,-983.1273803710938,16.390460968017578,-1760.6444091796875
19.170078700000886,0,,28310,142092,142092,2,0,0,True,100.75240325927734,1.0,0.0,-0.036973558366298676,4963,3,0.9771513938903809,-983.2281494140625,16.39653968811035,-1760.827880859375
19.180895800003782,0,,28320,142092,142092,2,0,0,True,100.9200668334961,1.0,0.0,-0.03498291224241257,4969,3,0.9771738648414612,-983.3292846679688,16.402633666992188,-1761.011474609375
19.191980300005525,0,,28335,142092,142092,2,0,0,True,101.10796356201172,1.0,0.0,-0.03294653445482254,4973,3,0.9772412180900574,-983.5665893554688,16.416669845581055,-1761.4404296875
19.20301140000811,0,,28345,142092,142092,2,0,0,True,101.33944702148438,1.0,0.0,-0.03714512661099434,4981,3,0.9772861003875732,-983.6688842773438,16.422767639160156,-1761.6243896484375
19.21396839999943,0,,28355,142092,142092,2,0,0,True,101.53398132324219,1.0,0.0,-0.03359231725335121,4989,3,0.9773085713386536,-983.8058471679688,16.43084144592285,-1761.8701171875
19.224850800004788,0,,28362,142092,142092,2,0,0,True,101.77123260498047,1.0,0.0,-0.033677127212285995,5001,3,0.9773534536361694,-983.9434204101562,16.438879013061523,-1762.1158447265625
19.2359781999985,0,,28380,142092,142092,2,0,0,True,101.91522979736328,1.0,0.0,-0.033585380762815475,5020,3,0.9774208068847656,-984.1856689453125,16.45317268371582,-1762.5467529296875
19.246916100004455,0,,28387,142092,142092,2,0,0,True,102.16927337646484,1.0,0.0,-0.029990294948220253,5044,3,0.9774656891822815,-984.2899780273438,16.459218978881836,-1762.7315673828125
19.258001100010006,0,,28397,142092,142092,2,0,0,True,102.35274505615234,1.0,0.0,-0.03613781929016113,5060,3,0.9774881601333618,-984.394775390625,16.46532440185547,-1762.91650390625
19.26903310000489,0,,28405,142092,142092,2,0,0,True,102.53703308105469,1.0,0.0,-0.03316642343997955,5072,3,0.9775330424308777,-984.534912109375,16.47353172302246,-1763.163330078125
19.280490700009977,0,,28425,142092,142092,2,0,0,True,102.77763366699219,1.0,0.0,-0.03766029328107834,5072,3,0.9776003956794739,-984.7816772460938,16.487695693969727,-1763.595947265625
19.2913988000073,0,,28432,142092,142092,2,0,0,True,102.94617462158203,1.0,0.0,-0.03676947206258774,5073,3,0.9776452779769897,-984.923583984375,16.495912551879883,-1763.843505859375
19.302577000009478,0,,28440,142092,142092,2,0,0,True,103.20259857177734,1.0,0.0,-0.033751461654901505,5071,3,0.9776677489280701,-985.0303955078125,16.50196075439453,-1764.029296875
19.313619499997003,0,,28450,142092,142092,2,0,0,True,103.40172576904297,1.0,0.0,-0.039672765880823135,5071,3,0.9777128100395203,-985.1375122070312,16.50798797607422,-1764.2152099609375
19.324876600003336,0,,28465,142092,142092,2,0,0,True,103.62710571289062,1.0,0.0,-0.03274335712194443,5088,3,0.9777805805206299,-985.388916015625,16.522233963012695,-1764.649658203125
19.335860000006505,0,,28475,142092,142092,2,0,0,True,103.80384063720703,1.0,0.0,-0.035657964646816254,5103,3,0.977803111076355,-985.4971923828125,16.528249740600586,-1764.8360595703125
19.346804100001464,0,,28485,142092,142092,2,0,0,True,103.97006225585938,1.0,0.0,-0.03670232743024826,5125,3,0.9778482913970947,-985.6422119140625,16.53641128540039,-1765.0848388671875
19.35793840000406,0,,28502,142092,142092,2,0,0,True,104.2323989868164,1.0,0.0,-0.02971867099404335,5150,3,0.9779160022735596,-985.8972778320312,16.550676345825195,-1765.520751953125
19.36908129999938,0,,28510,142092,142092,2,0,0,True,104.42729187011719,1.0,0.0,-0.0340241976082325,5161,3,0.9779611825942993,-986.0438842773438,16.558902740478516,-1765.7701416015625
19.380204600005527,0,,28517,142092,142092,2,0,0,True,104.63825988769531,1.0,0.0,-0.030381442978978157,5183,3,0.9779837727546692,-986.1542358398438,16.565128326416016,-1765.9573974609375
19.391348600009223,0,,28527,142092,142092,2,0,0,True,104.833251953125,1.0,0.0,-0.026446955278515816,5190,3,0.9780288934707642,-986.264892578125,16.571239471435547,-1766.144775390625
19.402323200003593,0,,28545,142092,142092,2,0,0,True,105.04307556152344,1.0,0.0,-0.03272765129804611,5199,3,0.9781191945075989,-986.5617065429688,16.587705612182617,-1766.6451416015625
19.41310550000344,0,,28555,142092,142092,2,0,0,True,105.27912139892578,1.0,0.0,-0.029950404539704323,5201,3,0.9781417846679688,-986.673583984375,16.593793869018555,-1766.8331298828125
19.424250800002483,0,,28562,142092,142092,2,0,0,True,105.47907257080078,1.0,0.0,-0.03578990697860718,5196,3,0.9781869649887085,-986.8233642578125,16.601947784423828,-1767.0838623046875
19.43547050000052,0,,28570,142092,142092,2,0,0,True,105.70690155029297,1.0,0.0,-0.03406538441777229,5201,3,0.9782094955444336,-986.9360961914062,16.608169555664062,-1767.2720947265625
19.446742000000086,0,,28587,142092,142092,2,0,0,True,105.89557647705078,1.0,0.0,-0.03615143150091171,5204,3,0.9782772660255432,-987.2005004882812,16.622474670410156,-1767.7119140625
19.45761680000578,0,,28597,142092,142092,2,0,0,True,106.11255645751953,1.0,0.0,-0.03576831892132759,5220,3,0.9783223867416382,-987.314453125,16.62871551513672,-1767.900634765625
19.46880570000212,0,,28607,142092,142092,2,0,0,True,106.3346176147461,1.0,0.0,-0.030430760234594345,5234,3,0.9783675670623779,-987.466796875,16.63698387145996,-1768.1524658203125
19.4799359000026,0,,28622,142092,142092,2,0,0,True,106.56018829345703,1.0,0.0,-0.037057556211948395,5254,3,0.9784351587295532,-987.7349853515625,16.651472091674805,-1768.59375
19.490967600009753,0,,28632,142092,142092,2,0,0,True,106.75212097167969,1.0,0.0,-0.029667668044567108,5274,3,0.9784576892852783,-987.8504638671875,16.657732009887695,-1768.783203125
19.50192049999896,0,,28640,142092,142092,2,0,0,True,106.94389343261719,1.0,0.0,-0.030984237790107727,5285,3,0.9785026907920837,-988.0049438476562,16.665973663330078,-1769.035888671875
19.51295140000002,0,,28650,142092,142092,2,0,0,True,107.15666198730469,1.0,0.0,-0.03129655867815018,5303,3,0.9785476922988892,-988.1212768554688,16.67227554321289,-1769.2255859375
19.523855200008256,0,,28667,142092,142092,2,0,0,True,107.38948822021484,1.0,0.0,-0.02757957950234413,5311,3,0.9786376357078552,-988.4330444335938,16.688974380493164,-1769.732177734375
19.53500950000307,0,,28675,142092,142092,2,0,0,True,107.59319305419922,1.0,0.0,-0.02169819176197052,5320,3,0.9786601662635803,-988.5506591796875,16.6953067779541,-1769.92236328125
19.54597960000683,0,,28685,142092,142092,2,0,0,True,107.82073974609375,1.0,0.0,-0.0030005304142832756,5330,3,0.9786826372146606,-988.6685791015625,16.701662063598633,-1770.1126708984375
19.557288099997095,0,,28700,142092,142092,2,0,0,True,108.07286834716797,1.0,0.0,-0.009253427386283875,5334,3,0.9787726402282715,-988.9449462890625,16.716392517089844,-1770.5574951171875
19.567955000005895,0,,28712,142092,142092,2,0,0,True,108.2376480102539,1.0,0.0,-0.012773441150784492,5343,3,0.9787951707839966,-989.0639038085938,16.72283363342285,-1770.748291015625
19.579034299997147,0,,28720,142092,142092,2,0,0,True,108.46077728271484,1.0,0.0,0.0069762240163981915,5346,3,0.9788626432418823,-989.2627563476562,16.733396530151367,-1771.06689453125
19.590048600002774,0,,28727,142092,142092,2,0,0,True,108.6787109375,1.0,0.0,0.008057801984250546,5356,3,0.9788851737976074,-989.382568359375,16.739835739135742,-1771.25830078125
19.600929100008216,0,,28737,142092,142092,2,0,0,True,108.9179916381836,1.0,0.0,0.010661966167390347,5367,3,0.9789301753044128,-989.5026245117188,16.746313095092773,-1771.4498291015625
19.611782200008747,0,,28752,142092,142092,2,0,0,True,109.10895538330078,1.0,0.0,0.001677407301031053,5375,3,0.9789976477622986,-989.78369140625,16.76116371154785,-1771.8975830078125
19.622531400003936,0,,28762,142092,142092,2,0,0,True,109.3332748413086,1.0,0.0,-0.005422260146588087,5408,3,0.9790201187133789,-989.9046020507812,16.767595291137695,-1772.08984375
19.633695800002897,0,,28772,142092,142092,2,0,0,True,109.54656982421875,1.0,0.0,-0.0030402883421629667,5424,3,0.9790651202201843,-990.0662231445312,16.775955200195312,-1772.3463134765625
19.64453639999556,0,,28780,142092,142092,2,0,0,True,109.72273254394531,1.0,0.0,-0.008036126382648945,5451,3,0.9791101217269897,-990.2283325195312,16.784290313720703,-1772.6033935546875
19.655391399996006,0,,28797,142092,142092,2,0,0,True,109.99816131591797,1.0,0.0,-0.002423779107630253,5469,3,0.9792002439498901,-990.5130615234375,16.798664093017578,-1773.0538330078125
19.666266000000178,0,,28805,142092,142092,2,0,0,True,110.15010070800781,1.0,0.0,-0.0052889324724674225,5479,3,0.9792227745056152,-990.635498046875,16.80475425720215,-1773.2471923828125
19.677175799995894,0,,28815,142092,142092,2,0,0,True,110.4003677368164,1.0,0.0,-0.0018144762143492699,5509,3,0.9792678952217102,-990.7582397460938,16.81087303161621,-1773.44091796875
19.68798119999701,0,,28832,142092,142092,2,0,0,True,110.61624908447266,1.0,0.0,-0.0001602034317329526,5516,3,0.9793580174446106,-991.0865478515625,16.82672119140625,-1773.9581298828125
19.699346499997773,0,,28842,142092,142092,2,0,0,True,110.72956848144531,1.0,0.0,-0.006661643739789724,5534,3,0.9793805480003357,-991.2101440429688,16.832639694213867,-1774.152587890625
19.710135900008027,0,,28850,142092,142092,2,0,0,True,111.06854248046875,1.0,0.0,0.0015083665493875742,5551,3,0.9794256091117859,-991.3751831054688,16.840316772460938,-1774.4119873046875
19.721317400006228,0,,28857,142092,142092,2,0,0,True,111.19237518310547,1.0,0.0,-0.0023377430625259876,5560,3,0.979448139667511,-991.499267578125,16.84609603881836,-1774.6068115234375
19.732416200000443,0,,28875,142092,142092,2,0,0,True,111.51876068115234,1.0,0.0,-0.0026586090680211782,5571,3,0.9795383214950562,-991.7896728515625,16.859514236450195,-1775.0623779296875
19.743630099997972,0,,28885,142092,142092,2,0,0,True,111.6866683959961,1.0,0.0,0.0002706715604290366,5560,3,0.9795608520507812,-991.91455078125,16.865232467651367,-1775.258056640625
19.754496499997913,0,,28895,142092,142092,2,0,0,True,111.95528411865234,1.0,0.0,-0.009873559698462486,5550,3,0.9796059131622314,-992.0814208984375,16.872949600219727,-1775.519287109375
19.76540040000691,0,,28902,142092,142092,2,0,0,True,112.17694091796875,1.0,0.0,-0.0011857743375003338,5533,3,0.9796509742736816,-992.24853515625,16.880529403686523,-1775.7808837890625
19.776407099998323,0,,28920,142092,142092,2,0,0,True,112.33670043945312,1.0,0.0,-0.00820944830775261,5533,3,0.9797185659408569,-992.5000610351562,16.892107009887695,-1776.17431640625
19.787480200000573,0,,28927,142092,142092,2,0,0,True,112.63129425048828,1.0,0.0,-0.0022486234083771706,5534,3,0.9797636866569519,-992.6680908203125,16.899742126464844,-1776.4371337890625
19.79808999999659,0,,28937,142092,142092,2,0,0,True,112.80693817138672,1.0,0.0,-0.008950953371822834,5547,3,0.9798087477684021,-992.79443359375,16.905561447143555,-1776.634521484375
19.808917300004396,0,,28947,142092,142092,2,0,0,True,113.05624389648438,1.0,0.0,-0.00359547883272171,5565,3,0.9798536896705627,-992.9631958007812,16.9134578704834,-1776.898193359375
19.819971100005205,0,,28962,142092,142092,2,0,0,True,113.27886962890625,1.0,0.0,-0.00493515282869339,5584,3,0.9799206256866455,-993.2593383789062,16.9272518157959,-1777.3604736328125
19.830985799999326,0,,28972,142092,142092,2,0,0,True,113.48387908935547,1.0,0.0,-0.006725534331053495,5601,3,0.9799652695655823,-993.3865966796875,16.933292388916016,-1777.5589599609375
19.84197470000072,0,,28980,142092,142092,2,0,0,True,113.67777252197266,1.0,0.0,-0.0012960467720404267,5607,3,0.980009913444519,-993.5565185546875,16.941259384155273,-1777.8240966796875
19.85315320000518,0,,28990,142092,142092,2,0,0,True,113.90482330322266,1.0,0.0,-0.008032221347093582,5619,3,0.980032205581665,-993.6842041015625,16.947345733642578,-1778.023193359375
19.86403930000961,0,,29007,142092,142092,2,0,0,True,114.15058135986328,1.0,0.0,-0.0016608252190053463,5622,3,0.9801437854766846,-994.0255737304688,16.96364402770996,-1778.555419921875
19.875062699997216,0,,29015,142092,142092,2,0,0,True,114.35546112060547,1.0,0.0,-0.00437195785343647,5631,3,0.9801660776138306,-994.1539916992188,16.969867706298828,-1778.7554931640625
19.886108599996078,0,,29025,142092,142092,2,0,0,True,114.60445404052734,1.0,0.0,-0.004513023886829615,5645,3,0.9802107214927673,-994.2825317382812,16.97610855102539,-1778.955810546875
19.89700399999856,0,,29040,142092,142092,2,0,0,True,114.82408142089844,1.0,0.0,0.0003156602324452251,5664,3,0.9802776575088501,-994.583251953125,16.990671157836914,-1779.4241943359375
19.9080541000003,0,,29050,142092,142092,2,0,0,True,115.03855895996094,1.0,0.0,-0.008114844560623169,5686,3,0.9803223013877869,-994.71240234375,16.996973037719727,-1779.6253662109375
19.91892789999838,0,,29060,142092,142092,2,0,0,True,115.24349212646484,1.0,0.0,0.0016787992790341377,5698,3,0.9803669452667236,-994.8848876953125,17.0052547454834,-1779.8939208984375
19.93003360000148,0,,29067,142092,142092,2,0,0,True,115.45103454589844,1.0,0.0,-0.008667921647429466,5722,3,0.9804115891456604,-995.0577392578125,17.01366424560547,-1780.1629638671875
19.941210300006787,0,,29085,142092,142092,2,0,0,True,115.70330810546875,1.0,0.0,0.002713575726374984,5730,3,0.9804785251617432,-995.3609619140625,17.02819061279297,-1780.634765625
19.952080000002752,0,,29095,142092,142092,2,0,0,True,115.88125610351562,1.0,0.0,-0.005349647253751755,5746,3,0.9805231094360352,-995.4912719726562,17.03449058532715,-1780.8375244140625
19.96324120000645,0,,29102,142092,142092,2,0,0,True,116.15718078613281,1.0,0.0,-0.008648314513266087,5758,3,0.9805678725242615,-995.6651611328125,17.04277801513672,-1781.1080322265625
19.974272699997528,0,,29110,142092,142092,2,0,0,True,116.3130111694336,1.0,0.0,-0.006670509465038776,5766,3,0.9806129336357117,-995.7958374023438,17.04899024963379,-1781.311279296875
19.985387799999444,0,,29130,142092,142092,2,0,0,True,116.60758209228516,1.0,0.0,-0.010003583505749702,5782,3,0.9806805849075317,-996.1015014648438,17.063556671142578,-1781.7864990234375
19.996490400008042,0,,29137,142092,142092,2,0,0,True,116.79401397705078,1.0,0.0,-0.025391118600964546,5785,3,0.9807256460189819,-996.2766723632812,17.071802139282227,-1782.0587158203125
20.007423700008076,0,,29145,142092,142092,2,0,0,True,117.05244445800781,1.0,0.0,-0.03277919441461563,5793,3,0.9807707667350769,-996.4082641601562,17.077991485595703,-1782.26318359375
20.01860389999638,0,,29155,142092,142092,2,0,0,True,117.26353454589844,1.0,0.0,-0.028018958866596222,5790,3,0.980793297290802,-996.5401000976562,17.084043502807617,-1782.4677734375
20.029593100000056,0,,29172,142092,142092,2,0,0,True,117.4991226196289,1.0,0.0,-0.04339388757944107,5791,3,0.9808834791183472,-996.8486328125,17.098129272460938,-1782.9462890625
20.04075929999817,0,,29182,142092,142092,2,0,0,True,117.71288299560547,1.0,0.0,-0.03318687528371811,5788,3,0.9809285402297974,-997.0255126953125,17.106021881103516,-1783.22021484375
20.05187819999992,0,,29190,142092,142092,2,0,0,True,117.8856201171875,1.0,0.0,-0.04170879349112511,5795,3,0.9809736013412476,-997.202880859375,17.114009857177734,-1783.4945068359375
20.06275350000942,0,,29197,142092,142092,2,0,0,True,118.17207336425781,1.0,0.0,-0.022908495739102364,5805,3,0.9810187220573425,-997.336181640625,17.11998748779297,-1783.7005615234375
20.0739370000083,0,,29215,142092,142092,2,0,0,True,118.32804870605469,1.0,0.0,-0.039438143372535706,5825,3,0.9810863137245178,-997.6482543945312,17.13389778137207,-1784.1820068359375
20.08499170000141,0,,29222,142092,142092,2,0,0,True,118.61432647705078,1.0,0.0,-0.028728105127811432,5854,3,0.9811314344406128,-997.7824096679688,17.139867782592773,-1784.388671875
20.095968699999503,0,,29235,142092,142092,2,0,0,True,118.78589630126953,1.0,0.0,-0.030181564390659332,5875,3,0.981176495552063,-997.9168090820312,17.145782470703125,-1784.595458984375
20.107083399998373,0,,29250,142092,142092,2,0,0,True,119.06848907470703,1.0,0.0,-0.02778746373951435,5895,3,0.9812666773796082,-998.276611328125,17.161670684814453,-1785.1480712890625
20.11820890000672,0,,29260,142092,142092,2,0,0,True,119.25027465820312,1.0,0.0,-0.027492323890328407,5896,3,0.981289267539978,-998.4120483398438,17.16757583618164,-1785.3555908203125
20.129151100001764,0,,29267,142092,142092,2,0,0,True,119.43904113769531,1.0,0.0,-0.027653848752379417,5896,3,0.9813344478607178,-998.5930786132812,17.175519943237305,-1785.6326904296875
20.140102699995623,0,,29277,142092,142092,2,0,0,True,119.69855499267578,1.0,0.0,-0.02576826699078083,5889,3,0.9813796877861023,-998.7291259765625,17.181400299072266,-1785.840576171875
20.151763500005472,0,,29295,142092,142092,2,0,0,True,119.8849105834961,1.0,0.0,-0.02790282852947712,5895,3,0.9814701080322266,-999.0477905273438,17.195323944091797,-1786.32666015625
20.162736900005257,0,,29302,142092,142092,2,0,0,True,120.15937805175781,1.0,0.0,-0.02677660807967186,5904,3,0.9815152883529663,-999.2305908203125,17.203227996826172,-1786.6048583984375
20.173760100005893,0,,29312,142092,142092,2,0,0,True,120.3254623413086,1.0,0.0,-0.029550431296229362,5922,3,0.981537938117981,-999.3681030273438,17.209238052368164,-1786.813720703125
20.1846535000077,0,,29327,142092,142092,2,0,0,True,120.60667419433594,1.0,0.0,-0.024973420426249504,5940,3,0.9816283583641052,-999.6900024414062,17.22321128845215,-1787.3017578125
20.196002399999998,0,,29337,142092,142092,2,0,0,True,120.77933502197266,1.0,0.0,-0.029678991064429283,5955,3,0.981673538684845,-999.8284912109375,17.229248046875,-1787.5111083984375
20.20676660000754,0,,29347,142092,142092,2,0,0,True,121.0101547241211,1.0,0.0,-0.026710741221904755,5963,3,0.9817187786102295,-1000.0136108398438,17.237228393554688,-1787.7906494140625
20.217888099999982,0,,29355,142092,142092,2,0,0,True,121.21813201904297,1.0,0.0,-0.031188426539301872,5969,3,0.981764018535614,-1000.1993408203125,17.24521827697754,-1788.0704345703125
20.22946950000187,0,,29372,142092,142092,2,0,0,True,121.45768737792969,1.0,0.0,-0.01783864013850689,5974,3,0.9818544387817383,-1000.5256958007812,17.25931739807129,-1788.5606689453125
20.24047669999709,0,,29380,142092,142092,2,0,0,True,121.6861572265625,1.0,0.0,-0.021488310769200325,5982,3,0.9818770289421082,-1000.6661376953125,17.265403747558594,-1788.7711181640625
20.25133780000033,0,,29390,142092,142092,2,0,0,True,121.90374755859375,1.0,0.0,-0.016714133322238922,5988,3,0.9819222688674927,-1000.806884765625,17.27151107788086,-1788.9815673828125
20.26240740000503,0,,29400,142092,142092,2,0,0,True,122.12377166748047,1.0,0.0,-0.020137639716267586,6000,3,0.9819674491882324,-1000.9950561523438,17.279590606689453,-1789.2625732421875
20.27349819999654,0,,29417,142092,142092,2,0,0,True,122.34294891357422,1.0,0.0,-0.018222790211439133,6014,3,0.9820578098297119,-1001.3257446289062,17.293920516967773,-1789.7548828125
20.284324000007473,0,,29425,142092,142092,2,0,0,True,122.53620147705078,1.0,0.0,-0.009625191800296307,6024,3,0.9821029901504517,-1001.5154418945312,17.302162170410156,-1790.03662109375
20.29507690000173,0,,29432,142092,142092,2,0,0,True,122.78118133544922,1.0,0.0,0.02258816920220852,6036,3,0.9821481704711914,-1001.6581420898438,17.308443069458008,-1790.248046875
20.306501500002923,0,,29442,142092,142092,2,0,0,True,122.98152923583984,1.0,0.0,0.02252052165567875,6041,3,0.9821707606315613,-1001.8010864257812,17.314716339111328,-1790.459716796875
20.317521999997552,0,,29460,142092,142092,2,0,0,True,123.22499084472656,1.0,0.0,0.007569743320345879,6053,3,0.982261061668396,-1002.1356811523438,17.329627990722656,-1790.9542236328125
20.328304099995876,0,,29470,142092,142092,2,0,0,True,123.42899322509766,1.0,0.0,0.009557376615703106,6060,3,0.9823062419891357,-1002.327392578125,17.338193893432617,-1791.2374267578125
20.339767600002233,0,,29477,142092,142092,2,0,0,True,123.67850494384766,1.0,0.0,0.0002715860027819872,6071,3,0.9823739528656006,-1002.5196533203125,17.346843719482422,-1791.5208740234375
20.35057150000648,0,,29485,142092,142092,2,0,0,True,123.87672424316406,1.0,0.0,0.00199956726282835,6075,3,0.9823965430259705,-1002.6641235351562,17.35331916809082,-1791.7337646484375
20.361661200004164,0,,29502,142092,142092,2,0,0,True,124.06333923339844,1.0,0.0,-0.0030180206522345543,6080,3,0.98248690366745,-1003.0023193359375,17.368436813354492,-1792.231201171875
20.37260139999853,0,,29512,142092,142092,2,0,0,True,124.32618713378906,1.0,0.0,-0.0010507844854146242,6085,3,0.9825320839881897,-1003.1476440429688,17.374906539916992,-1792.4447021484375
20.383835000000545,0,,29520,142092,142092,2,0,0,True,124.49988555908203,1.0,0.0,-0.004971429705619812,6096,3,0.9825772047042847,-1003.3419189453125,17.38352394104004,-1792.729736328125
20.394976199997473,0,,29537,142092,142092,2,0,0,True,124.76466369628906,1.0,0.0,-0.0018170728581026196,6113,3,0.9826675653457642,-1003.682861328125,17.398536682128906,-1793.2293701171875
20.405714599997737,0,,29547,142092,142092,2,0,0,True,124.9264144897461,1.0,0.0,-0.005296317860484123,6133,3,0.982690155506134,-1003.829345703125,17.404937744140625,-1793.44384765625
20.416772600001423,0,,29555,142092,142092,2,0,0,True,125.14837646484375,1.0,0.0,-0.0006686843698844314,6154,3,0.9827578663825989,-1004.0250854492188,17.413387298583984,-1793.7301025390625
20.4277648999996,0,,29565,142092,142092,2,0,0,True,125.35586547851562,1.0,0.0,-0.0011774369049817324,6182,3,0.982780396938324,-1004.172119140625,17.419635772705078,-1793.945068359375
20.438487899999018,0,,29580,142092,142092,2,0,0,True,125.5689926147461,1.0,0.0,0.0005179171566851437,6199,3,0.9828706383705139,-1004.5160522460938,17.43396759033203,-1794.4473876953125
20.44980509999732,0,,29590,142092,142092,2,0,0,True,125.7825927734375,1.0,0.0,-0.00047167419688776135,6213,3,0.9829157590866089,-1004.663818359375,17.43995475769043,-1794.6630859375
20.46072620000632,0,,29600,142092,142092,2,0,0,True,125.99195098876953,1.0,0.0,-0.0004921078798361123,6218,3,0.9829608798027039,-1004.8611450195312,17.44784927368164,-1794.950927734375
20.471805599998333,0,,29615,142092,142092,2,0,0,True,126.17434692382812,1.0,0.0,0.00039385317359119654,6218,3,0.9830511212348938,-1005.2073974609375,17.461435317993164,-1795.45556640625
20.482812900008867,0,,29625,142092,142092,2,0,0,True,126.42964172363281,1.0,0.0,-0.002133329166099429,6218,3,0.9830962419509888,-1005.3561401367188,17.46722984313965,-1795.6722412109375
20.493969500006642,0,,29632,142092,142092,2,0,0,True,126.61630249023438,1.0,0.0,0.00047976375208236277,6218,3,0.9831413626670837,-1005.5548095703125,17.474916458129883,-1795.96142578125
20.504924200009555,0,,29640,142092,142092,2,0,0,True,126.86572265625,1.0,0.0,0.0006521666655316949,6225,3,0.9831864833831787,-1005.7040405273438,17.480669021606445,-1796.1787109375
20.51585110000451,0,,29657,142092,142092,2,0,0,True,127.05388641357422,1.0,0.0,0.0017516097286716104,6234,3,0.9832541346549988,-1006.052978515625,17.49393653869629,-1796.6864013671875
20.52715690000332,0,,29667,142092,142092,2,0,0,True,127.30902099609375,1.0,0.0,0.0009491476230323315,6244,3,0.9832992553710938,-1006.2028198242188,17.499570846557617,-1796.9044189453125
20.53821460000472,0,,29677,142092,142092,2,0,0,True,127.49821472167969,1.0,0.0,0.0008293869323097169,6248,3,0.9833443760871887,-1006.4029541015625,17.50703239440918,-1797.1954345703125
20.54930400000012,0,,29692,142092,142092,2,0,0,True,127.69536590576172,1.0,0.0,0.0002370998845435679,6249,3,0.9834346175193787,-1006.7540283203125,17.52011489868164,-1797.7056884765625
20.560224000000744,0,,29702,142092,142092,2,0,0,True,127.9330825805664,1.0,0.0,0.0005631266976706684,6252,3,0.9834796786308289,-1006.90478515625,17.525753021240234,-1797.9248046875
20.571349699996063,0,,29710,142092,142092,2,0,0,True,128.13064575195312,1.0,0.0,0.00048190425150096416,6260,3,0.9835246801376343,-1007.1061401367188,17.533306121826172,-1798.21728515625
20.582486700004665,0,,29717,142092,142092,2,0,0,True,128.36630249023438,1.0,0.0,0.0010631277691572905,6275,3,0.9835696816444397,-1007.25732421875,17.538963317871094,-1798.4368896484375
20.593436700000893,0,,29735,142092,142092,2,0,0,True,128.5576171875,1.0,0.0,0.0018148808740079403,6292,3,0.9836597442626953,-1007.6109008789062,17.5521240234375,-1798.950439453125
20.604357200005325,0,,29742,142092,142092,2,0,0,True,128.74151611328125,1.0,0.0,0.0019357489654794335,6310,3,0.9837048053741455,-1007.7626953125,17.55772590637207,-1799.1708984375
20.61542620000546,0,,29752,142092,142092,2,0,0,True,128.97698974609375,1.0,0.0,0.002866515889763832,6332,3,0.9837272763252258,-1007.9146728515625,17.56332015991211,-1799.3916015625
20.62648990000889,0,,29770,142092,142092,2,0,0,True,129.16090393066406,1.0,0.0,0.0028843008913099766,6347,3,0.9838398694992065,-1008.2699584960938,17.576284408569336,-1799.9073486328125
20.637610000005225,0,,29777,142092,142092,2,0,0,True,129.39590454101562,1.0,0.0,0.002528192475438118,6364,3,0.9838849306106567,-1008.4734497070312,17.583650588989258,-1800.2027587890625
20.64867100000265,0,,29785,142092,142092,2,0,0,True,129.58155822753906,1.0,0.0,0.0013680006377398968,6376,3,0.9839299321174622,-1008.626220703125,17.589113235473633,-1800.424560546875
20.659800200010068,0,,29795,142092,142092,2,0,0,True,129.8204803466797,1.0,0.0,0.0021389927715063095,6390,3,0.9839524626731873,-1008.7791748046875,17.594539642333984,-1800.6466064453125
20.670714799998677,0,,29812,142092,142092,2,0,0,True,130.01072692871094,1.0,0.0,0.0024361892137676477,6398,3,0.9840649962425232,-1009.1879272460938,17.608774185180664,-1801.23974609375
20.681778600002872,0,,29820,142092,142092,2,0,0,True,130.20469665527344,1.0,0.0,0.001961930887773633,6402,3,0.9841100573539734,-1009.3414916992188,17.614036560058594,-1801.4627685546875
20.692766899999697,0,,29830,142092,142092,2,0,0,True,130.44557189941406,1.0,0.0,0.002486415673047304,6402,3,0.9841325283050537,-1009.4953002929688,17.61927032470703,-1801.6859130859375
20.703822800001944,0,,29845,142092,142092,2,0,0,True,130.64010620117188,1.0,0.0,0.0018367106094956398,6402,3,0.984222948551178,-1009.854736328125,17.631412506103516,-1802.20751953125
20.714783300005365,0,,29855,142092,142092,2,0,0,True,130.8852996826172,1.0,0.0,0.0017460689414292574,6404,3,0.9842681884765625,-1010.0090942382812,17.63658332824707,-1802.4315185546875
20.72604200000933,0,,29862,142092,142092,2,0,0,True,131.07887268066406,1.0,0.0,0.0016088398406282067,6409,3,0.9843134880065918,-1010.2152099609375,17.643444061279297,-1802.7305908203125
20.736841500009177,0,,29880,142092,142092,2,0,0,True,131.32162475585938,1.0,0.0,0.001368179451674223,6419,3,0.9844040870666504,-1010.5249633789062,17.653717041015625,-1803.179931640625
20.74800980000873,0,,29887,142092,142092,2,0,0,True,131.51312255859375,1.0,0.0,0.0017609370406717062,6430,3,0.9844493269920349,-1010.7318115234375,17.660524368286133,-1803.47998046875
20.7589627999987,0,,29897,142092,142092,2,0,0,True,131.704345703125,1.0,0.0,0.001454162411391735,6442,3,0.9844946265220642,-1010.88720703125,17.665599822998047,-1803.705322265625
20.77017830000841,0,,29915,142092,142092,2,0,0,True,131.93978881835938,1.0,0.0,0.0009140131296589971,6458,3,0.9846078753471375,-1011.3024291992188,17.678998947143555,-1804.3074951171875
20.781018900001072,0,,29922,142092,142092,2,0,0,True,132.12716674804688,1.0,0.0,0.00147162820212543,6471,3,0.9846304655075073,-1011.45849609375,17.68394660949707,-1804.5338134765625
20.792207699996652,0,,29932,142092,142092,2,0,0,True,132.35720825195312,1.0,0.0,0.0018515294650569558,6486,3,0.9846757650375366,-1011.6146850585938,17.688861846923828,-1804.76025390625
20.80314560000261,0,,29947,142092,142092,2,0,0,True,132.53956604003906,1.0,0.0,0.0014189918292686343,6499,3,0.9847663640975952,-1011.9798583984375,17.700275421142578,-1805.28955078125
20.814063500001794,0,,29957,142092,142092,2,0,0,True,132.72146606445312,1.0,0.0,0.0004241015703883022,6514,3,0.9848116040229797,-1012.1365966796875,17.705137252807617,-1805.516845703125
20.825255899995682,0,,29965,142092,142092,2,0,0,True,132.9463348388672,1.0,0.0,0.00017433997709304094,6536,3,0.984856903553009,-1012.345947265625,17.71158790588379,-1805.8201904296875
20.83639540000877,0,,29972,142092,142092,2,0,0,True,133.13072204589844,1.0,0.0,0.0009265458211302757,6553,3,0.9849022030830383,-1012.5031127929688,17.716428756713867,-1806.0479736328125
20.847559000001638,0,,29990,142092,142092,2,0,0,True,133.3671875,1.0,0.0,0.0010250089690089226,6567,3,0.9849929213523865,-1012.8705444335938,17.727737426757812,-1806.580322265625
20.858612800002447,0,,29997,142092,142092,2,0,0,True,133.56138610839844,1.0,0.0,0.0009171224082820117,6569,3,0.9850382804870605,-1013.0282592773438,17.732620239257812,-1806.808837890625
20.86941480000678,0,,30007,142092,142092,2,0,0,True,133.80560302734375,1.0,0.0,0.0006344740395434201,6561,3,0.9850835800170898,-1013.1862182617188,17.737548828125,-1807.03759765625
20.8806087999983,0,,30025,142092,142092,2,0,0,True,134.00216674804688,1.0,0.0,0.0002920845872722566,6553,3,0.985174298286438,-1013.6083374023438,17.750904083251953,-1807.64892578125
20.891723699998693,0,,30035,142092,142092,2,0,0,True,134.20179748535156,1.0,0.0,0.0008870437159202993,6546,3,0.9852196574211121,-1013.7669067382812,17.75598907470703,-1807.8785400390625
20.903183300004457,0,,30042,142092,142092,2,0,0,True,134.4457550048828,1.0,0.0,0.0006459468859247863,6546,3,0.9852650165557861,-1013.9786987304688,17.762849807739258,-1808.1851806640625
20.91403210000135,0,,30050,142092,142092,2,0,0,True,134.6373748779297,1.0,0.0,0.00032834260491654277,6552,3,0.9853103756904602,-1014.1377563476562,17.768062591552734,-1808.4154052734375
20.925162600004114,0,,30067,142092,142092,2,0,0,True,134.86952209472656,1.0,0.0,0.00016877659072633833,6568,3,0.9854010343551636,-1014.5095825195312,17.780500411987305,-1808.95361328125
20.936151200003223,0,,30075,142092,142092,2,0,0,True,135.0528564453125,1.0,0.0,0.00023087780573405325,6584,3,0.9854463934898376,-1014.6692504882812,17.785982131958008,-1809.1846923828125
20.94721959999879,0,,30085,142092,142092,2,0,0,True,135.28076171875,1.0,0.0,0.0004747925268020481,6607,3,0.9854917526245117,-1014.8291015625,17.79156494140625,-1809.4158935546875
20.958447500001057,0,,30100,142092,142092,2,0,0,True,135.4610137939453,1.0,0.0,0.0005022526020184159,6624,3,0.9855824112892151,-1015.2026977539062,17.804950714111328,-1809.9564208984375
20.969396700005746,0,,30110,142092,142092,2,0,0,True,135.642822265625,1.0,0.0,0.0004169092862866819,6639,3,0.9856274127960205,-1015.3630981445312,17.810827255249023,-1810.1883544921875
20.981013099997654,0,,30117,142092,142092,2,0,0,True,135.87249755859375,1.0,0.0,-0.00011734357394743711,6655,3,0.98567134141922,-1015.5772094726562,17.818775177001953,-1810.4981689453125
20.991932200005976,0,,30135,142092,142092,2,0,0,True,136.05938720703125,1.0,0.0,-0.00026492230244912207,6665,3,0.9857591390609741,-1015.89892578125,17.830890655517578,-1810.96337890625
21.00278330000583,0,,30142,142092,142092,2,0,0,True,136.2933349609375,1.0,0.0,0.0007084723329171538,6672,3,0.9858250021934509,-1016.1138305664062,17.83905792236328,-1811.274169921875
21.01380290000816,0,,30150,142092,142092,2,0,0,True,136.48138427734375,1.0,0.0,0.0009209767449647188,6675,3,0.9858688712120056,-1016.2752075195312,17.845224380493164,-1811.5074462890625
21.02490659999603,0,,30167,142092,142092,2,0,0,True,136.71983337402344,1.0,0.0,-1.5239522326737642e-05,6679,3,0.9859566688537598,-1016.6524047851562,17.859718322753906,-1812.052734375
21.0359019000025,0,,30177,142092,142092,2,0,0,True,136.90835571289062,1.0,0.0,0.0003995459992438555,6683,3,0.9860005974769592,-1016.8143310546875,17.86595344543457,-1812.286865234375
21.0469357999973,0,,30187,142092,142092,2,0,0,True,137.1399688720703,1.0,0.0,0.0011122957803308964,6692,3,0.9860444664955139,-1017.030517578125,17.874279022216797,-1812.5994873046875
21.058036100002937,0,,30202,142092,142092,2,0,0,True,137.32240295410156,1.0,0.0,0.0010135577758774161,6702,3,0.9861542582511902,-1017.4096069335938,17.888866424560547,-1813.1473388671875
21.069031300008646,0,,30212,142092,142092,2,0,0,True,137.50135803222656,1.0,0.0,0.0002396214404143393,6716,3,0.9861981272697449,-1017.5723266601562,17.895122528076172,-1813.382568359375
21.08007500000531,0,,30220,142092,142092,2,0,0,True,137.72645568847656,1.0,0.0,0.00012994756980333477,6735,3,0.9862420558929443,-1017.78955078125,17.90349006652832,-1813.696533203125
21.09121569999843,0,,30227,142092,142092,2,0,0,True,137.9066162109375,1.0,0.0,0.0006971143884584308,6751,3,0.9862859845161438,-1017.9526977539062,17.9097957611084,-1813.9322509765625
21.10232900000119,0,,30245,142092,142092,2,0,0,True,138.1333770751953,1.0,0.0,0.0007970297010615468,6769,3,0.9863744378089905,-1018.3339233398438,17.924558639526367,-1814.483154296875
21.113289500004612,0,,30252,142092,142092,2,0,0,True,138.3175048828125,1.0,0.0,-0.0004785934288520366,6780,3,0.9864189028739929,-1018.4976196289062,17.93086051940918,-1814.7197265625
21.124310200000764,0,,30262,142092,142092,2,0,0,True,138.50054931640625,1.0,0.0,0.0007259708363562822,6787,3,0.9864633083343506,-1018.6614379882812,17.937122344970703,-1814.9564208984375
21.13567350000085,0,,30277,142092,142092,2,0,0,True,138.7363739013672,1.0,0.0,0.0004975388874299824,6790,3,0.9865744113922119,-1019.04443359375,17.951581954956055,-1815.509765625
21.1465162000095,0,,30287,142092,142092,2,0,0,True,138.9242706298828,1.0,0.0,0.0004892830620519817,6787,3,0.9865966439247131,-1019.2088012695312,17.957738876342773,-1815.747314453125
21.15772060000745,0,,30295,142092,142092,2,0,0,True,139.15478515625,1.0,0.0,0.00048683243221603334,6786,3,0.9866633415222168,-1019.4282836914062,17.965917587280273,-1816.0643310546875
21.168759399995906,0,,30302,142092,142092,2,0,0,True,139.33737182617188,1.0,0.0,0.0012011185754090548,6792,3,0.9867077469825745,-1019.5930786132812,17.972026824951172,-1816.3023681640625
21.179895599998417,0,,30320,142092,142092,2,0,0,True,139.55941772460938,1.0,0.0,0.0012828601757064462,6810,3,0.9867966175079346,-1019.978271484375,17.98613166809082,-1816.85888671875
21.19078940000327,0,,30330,142092,142092,2,0,0,True,139.738525390625,1.0,0.0,7.952266605570912e-05,6830,3,0.986841082572937,-1020.1436157226562,17.992090225219727,-1817.09765625
21.20181230000162,0,,30340,142092,142092,2,0,0,True,139.9087371826172,1.0,0.0,0.00042322991066612303,6849,3,0.9869077801704407,-1020.3643188476562,17.99995994567871,-1817.41650390625
21.21281060000183,0,,30355,142092,142092,2,0,0,True,140.1223602294922,1.0,0.0,0.0009861488360911608,6871,3,0.9869966506958008,-1020.7512817382812,18.013656616210938,-1817.9754638671875
21.223850900001707,0,,30365,142092,142092,2,0,0,True,140.29901123046875,1.0,0.0,0.0004683872393798083,6885,3,0.987018883228302,-1020.9173583984375,18.019514083862305,-1818.21533203125
21.234996700004558,0,,30372,142092,142092,2,0,0,True,140.52268981933594,1.0,0.0,-0.0001278652052860707,6896,3,0.9870865941047668,-1021.1390380859375,18.02733039855957,-1818.5355224609375
21.246384800004307,0,,30390,142092,142092,2,0,0,True,140.7036590576172,1.0,0.0,-0.00017122529970947653,6900,3,0.9871771335601807,-1021.4721069335938,18.039047241210938,-1819.0166015625
21.25737669999944,0,,30397,142092,142092,2,0,0,True,140.93612670898438,1.0,0.0,-0.0001891066785901785,6898,3,0.9872450828552246,-1021.6945190429688,18.04685401916504,-1819.3377685546875
21.26853960000153,0,,30405,142092,142092,2,0,0,True,141.12242126464844,1.0,0.0,-4.620965046342462e-05,6893,3,0.9872676730155945,-1021.8615112304688,18.05272102355957,-1819.5789794921875
21.279650299999048,0,,30422,142092,142092,2,0,0,True,141.35472106933594,1.0,0.0,-6.467980711022392e-05,6886,3,0.9873809218406677,-1022.2518920898438,18.066524505615234,-1820.1427001953125
21.29064639999706,0,,30430,142092,142092,2,0,0,True,141.53717041015625,1.0,0.0,0.0003142518689855933,6885,3,0.9874261617660522,-1022.4194946289062,18.072513580322266,-1820.3846435546875
21.301722400006838,0,,30440,142092,142092,2,0,0,True,141.7180633544922,1.0,0.0,0.0007384758209809661,6891,3,0.9874488115310669,-1022.5872192382812,18.07855987548828,-1820.6268310546875
21.312768400006462,0,,30455,142092,142092,2,0,0,True,141.94334411621094,1.0,0.0,0.0005701985792256892,6907,3,0.9875620007514954,-1022.9793090820312,18.0929012298584,-1821.19287109375
21.323912300009397,0,,30465,142092,142092,2,0,0,True,142.12132263183594,1.0,0.0,8.571318176109344e-05,6923,3,0.9876073002815247,-1023.1475830078125,18.09912872314453,-1821.435791015625
21.334947800001828,0,,30472,142092,142092,2,0,0,True,142.34194946289062,1.0,0.0,6.974511779844761e-05,6942,3,0.987652599811554,-1023.3722534179688,18.107486724853516,-1821.7601318359375
21.345876999999746,0,,30482,142092,142092,2,0,0,True,142.51864624023438,1.0,0.0,0.00036192513653077185,6955,3,0.9876978397369385,-1023.5409545898438,18.113784790039062,-1822.0035400390625
21.356773599996814,0,,30500,142092,142092,2,0,0,True,142.6954803466797,1.0,0.0,-0.00028587004635483027,6964,3,0.9878110885620117,-1023.9351806640625,18.128498077392578,-1822.572509765625
21.367998700006865,0,,30507,142092,142092,2,0,0,True,142.9131622314453,1.0,0.0,0.0004702851874753833,6973,3,0.9878563284873962,-1024.1607666015625,18.13687515258789,-1822.898193359375
21.3790003000031,0,,30517,142092,142092,2,0,0,True,143.08763122558594,1.0,0.0,0.0016191222239285707,6981,3,0.9879016280174255,-1024.3302001953125,18.14313316345215,-1823.142822265625
21.390087300009327,0,,30532,142092,142092,2,0,0,True,143.30093383789062,1.0,0.0,0.0019501184578984976,6996,3,0.9879921674728394,-1024.72607421875,18.157608032226562,-1823.7142333984375
21.40105929999845,0,,30542,142092,142092,2,0,0,True,143.4691619873047,1.0,0.0,0.0013295679818838835,7012,3,0.9880374670028687,-1024.89599609375,18.163713455200195,-1823.95947265625
21.412016300004325,0,,30550,142092,142092,2,0,0,True,143.6752471923828,1.0,0.0,0.001306327641941607,7037,3,0.9881054162979126,-1025.122802734375,18.17176055908203,-1824.286865234375
21.42290230000799,0,,30557,142092,142092,2,0,0,True,143.843994140625,1.0,0.0,0.0011653763940557837,7055,3,0.9881506562232971,-1025.2930908203125,18.177722930908203,-1824.53271484375
21.43402359999891,0,,30575,142092,142092,2,0,0,True,144.01541137695312,1.0,0.0,0.0003439879510551691,7069,3,0.9882412552833557,-1025.6910400390625,18.191425323486328,-1825.1070556640625
21.444920100009767,0,,30582,142092,142092,2,0,0,True,144.23043823242188,1.0,0.0,-0.00023194501409307122,7076,3,0.9882864952087402,-1025.86181640625,18.19722557067871,-1825.353515625
21.455775199996424,0,,30592,142092,142092,2,0,0,True,144.40943908691406,1.0,0.0,-0.0007791396346874535,7074,3,0.9883317947387695,-1026.03271484375,18.20298957824707,-1825.600341796875
21.46704529999988,0,,30610,142092,142092,2,0,0,True,144.58932495117188,1.0,0.0,-0.0001597600639797747,7067,3,0.9884223341941833,-1026.43212890625,18.216306686401367,-1826.1768798828125
21.4777996000048,0,,30617,142092,142092,2,0,0,True,144.81695556640625,1.0,0.0,0.00033102332963608205,7055,3,0.9884902834892273,-1026.660888671875,18.223878860473633,-1826.5068359375
21.489015600003768,0,,30627,142092,142092,2,0,0,True,144.994384765625,1.0,0.0,0.0001253091759281233,7049,3,0.9885356426239014,-1026.83251953125,18.229557037353516,-1826.754638671875
21.50016750000941,0,,30645,142092,142092,2,0,0,True,145.21511840820312,1.0,0.0,0.0005836834316141903,7051,3,0.9886263012886047,-1027.2337646484375,18.24287986755371,-1827.333740234375
21.510957899998175,0,,30652,142092,142092,2,0,0,True,145.3887939453125,1.0,0.0,0.0006189554696902633,7061,3,0.9886943697929382,-1027.4635009765625,18.25056266784668,-1827.6651611328125
21.521982000005664,0,,30660,142092,142092,2,0,0,True,145.60194396972656,1.0,0.0,0.0008559408597648144,7079,3,0.9887396693229675,-1027.6358642578125,18.256357192993164,-1827.9140625
21.533041300004697,0,,30677,142092,142092,2,0,0,True,145.76988220214844,1.0,0.0,0.0006934985867701471,7096,3,0.9888303875923157,-1028.038818359375,18.270023345947266,-1828.4954833984375
21.544180299999425,0,,30685,142092,142092,2,0,0,True,145.93698120117188,1.0,0.0,0.0006562389899045229,7111,3,0.9888757467269897,-1028.2117919921875,18.275930404663086,-1828.7449951171875
21.55520400000387,0,,30695,142092,142092,2,0,0,True,146.14418029785156,1.0,0.0,0.0006320184329524636,7126,3,0.988921046257019,-1028.3848876953125,18.28186798095703,-1828.9947509765625
21.566055200004485,0,,30702,142092,142092,2,0,0,True,146.30929565429688,1.0,0.0,0.00031438603764399886,7134,3,0.9889890551567078,-1028.615966796875,18.28982925415039,-1829.328125
21.577181600005133,0,,30720,142092,142092,2,0,0,True,146.52206420898438,1.0,0.0,-0.0005239120218902826,7143,3,0.9890797734260559,-1028.9630126953125,18.3018856048584,-1829.828857421875
21.588161699997727,0,,30727,142092,142092,2,0,0,True,146.69110107421875,1.0,0.0,-3.0076625989750028e-05,7150,3,0.98912513256073,-1029.1947021484375,18.309995651245117,-1830.1632080078125
21.59917870000936,0,,30735,142092,142092,2,0,0,True,146.8038787841797,1.0,0.0,0.00033418936072848737,6990,1,0.9891704320907593,-1029.36865234375,18.316091537475586,-1830.4141845703125
21.610464400000637,0,,30752,142092,142092,2,0,0,True,146.76101684570312,1.0,0.0,-0.00014201620069798082,6791,1,0.9892837405204773,-1029.7750244140625,18.330232620239258,-1831.0003662109375
21.62179190000461,0,,30762,142092,142092,2,0,0,True,146.71653747558594,1.0,0.0,-0.00020970244077034295,6632,1,0.9893290996551514,-1029.94921875,18.336246490478516,-1831.2515869140625
21.632952100000693,0,,30772,142092,142092,2,0,0,True,146.6726837158203,1.0,0.0,0.00022367620840668678,6433,1,0.9893743991851807,-1030.181396484375,18.344221115112305,-1831.5865478515625
21.644141700002365,0,,30787,142092,142092,2,0,0,True,146.6392059326172,1.0,0.0,0.0003369934856891632,6274,1,0.9894877076148987,-1030.5875244140625,18.358135223388672,-1832.17236328125
21.655171799997333,0,,30797,142092,142092,2,0,0,True,146.59507751464844,1.0,0.0,-0.0003764710854738951,6076,1,0.989533007144928,-1030.7615966796875,18.36408042907715,-1832.4234619140625
21.66610830000718,0,,30805,142092,142092,2,0,0,True,146.55953979492188,1.0,0.0,-0.0003823774750344455,6032,4,0.9895783066749573,-1030.99365234375,18.371965408325195,-1832.758056640625
21.677129899995634,0,,30812,142092,142092,2,0,0,True,146.6407928466797,1.0,0.0,0.00011810040450654924,6475,4,0.9896236062049866,-1031.1676025390625,18.377838134765625,-1833.0089111328125
21.6881463000027,0,,30830,142092,142092,2,0,0,True,146.7421875,1.0,0.0,0.00040252477629110217,6428,4,0.9897369146347046,-1031.5736083984375,18.39141273498535,-1833.594482421875
21.69921580000664,0,,30837,142092,142092,2,0,0,True,146.9034881591797,1.0,0.0,-0.00022007657389622182,6121,4,0.9897822141647339,-1031.747802734375,18.397197723388672,-1833.8455810546875
21.710069799999474,0,,30847,142092,142092,2,0,0,True,147.1725311279297,1.0,0.0,0.0001664071314735338,5698,4,0.9898275136947632,-1031.9219970703125,18.402978897094727,-1834.096923828125
21.720837000000756,0,,30865,142092,142092,2,0,0,True,147.39202880859375,1.0,0.0,0.0007186726434156299,5514,4,0.9899181723594666,-1032.329345703125,18.416519165039062,-1834.6842041015625
21.73198820000107,0,,30872,142092,142092,2,0,0,True,147.57815551757812,1.0,0.0,0.00041164300637319684,5528,4,0.9899857044219971,-1032.5625,18.424306869506836,-1835.0206298828125
21.743203400008497,0,,30882,142092,142092,2,0,0,True,147.7555694580078,1.0,0.0,0.00048403957043774426,5751,4,0.9900307059288025,-1032.7376708984375,18.43015480041504,-1835.2730712890625
21.754413700007717,0,,30890,142092,142092,2,0,0,True,147.87161254882812,1.0,0.0,0.0008899879758246243,5961,4,0.9900757074356079,-1032.9713134765625,18.437936782836914,-1835.610107421875
21.765439399998286,0,,30907,142092,142092,2,0,0,True,148.0192413330078,1.0,0.0,0.0010358196450397372,6101,4,0.9901881217956543,-1033.3807373046875,18.451452255249023,-1836.20068359375
21.776523499996983,0,,30915,142092,142092,2,0,0,True,148.15780639648438,1.0,0.0,0.0004646393936127424,6077,4,0.9902331233024597,-1033.556396484375,18.45720100402832,-1836.4539794921875
21.78760150000744,0,,30925,142092,142092,2,0,0,True,148.3577880859375,1.0,0.0,0.000514614162966609,5947,4,0.9902780652046204,-1033.732177734375,18.462928771972656,-1836.70751953125
21.798664700007066,0,,30940,142092,142092,2,0,0,True,148.5305938720703,1.0,0.0,0.000558688014280051,5845,4,0.9903905391693115,-1034.142822265625,18.476274490356445,-1837.2996826171875
21.80982120000408,0,,30950,142092,142092,2,0,0,True,148.74180603027344,1.0,0.0,0.0006790086627006531,5795,4,0.9904355406761169,-1034.3189697265625,18.481996536254883,-1837.5538330078125
21.820569100003922,0,,30957,142092,142092,2,0,0,True,148.89883422851562,1.0,0.0,0.0006317369407042861,5828,4,0.9904804825782776,-1034.55419921875,18.489639282226562,-1837.89306640625
21.831593399998383,0,,30975,142092,142092,2,0,0,True,149.04454040527344,1.0,0.0,0.00023205074830912054,5900,4,0.9905704259872437,-1034.907470703125,18.501140594482422,-1838.4027099609375
21.843092099996284,0,,30982,142092,142092,2,0,0,True,149.2198944091797,1.0,0.0,0.00027934875106438994,5984,4,0.9906378984451294,-1035.143310546875,18.50884246826172,-1838.7427978515625
21.854011600007652,0,,30992,142092,142092,2,0,0,True,149.36447143554688,1.0,0.0,0.0003902079479303211,6014,4,0.9906830787658691,-1035.3204345703125,18.514633178710938,-1838.9981689453125
21.86504689999856,0,,31010,142092,142092,2,0,0,True,149.5557403564453,1.0,0.0,0.00027332434547133744,5998,4,0.9907960891723633,-1035.7930908203125,18.530149459838867,-1839.6798095703125
21.87600669999665,0,,31017,142092,142092,2,0,0,True,149.71461486816406,1.0,0.0,0.0004765276098623872,5963,4,0.9908413290977478,-1035.9705810546875,18.535974502563477,-1839.935791015625
21.88715460000094,0,,31027,142092,142092,2,0,0,True,149.9167938232422,1.0,0.0,1.5608588000759482e-05,5927,4,0.9908865094184875,-1036.1483154296875,18.541799545288086,-1840.1920166015625
21.898122900005546,0,,31042,142092,142092,2,0,0,True,150.07566833496094,1.0,0.0,0.0003833567607216537,5922,4,0.9909995794296265,-1036.5633544921875,18.555402755737305,-1840.79052734375
21.909245400005602,0,,31052,142092,142092,2,0,0,True,150.22996520996094,1.0,0.0,0.0005735635058954358,5938,4,0.9910447597503662,-1036.7415771484375,18.561254501342773,-1841.0474853515625
21.920120900002075,0,,31060,142092,142092,2,0,0,True,150.4145050048828,1.0,0.0,0.00030627447995357215,5975,4,0.9910899996757507,-1036.9793701171875,18.5690860748291,-1841.3902587890625
21.931114699997124,0,,31067,142092,142092,2,0,0,True,150.56240844726562,1.0,0.0,0.000262550194747746,6003,4,0.9911352396011353,-1037.1578369140625,18.574983596801758,-1841.6475830078125
21.942352900005062,0,,31085,142092,142092,2,0,0,True,150.7472381591797,1.0,0.0,-0.00023242260795086622,6021,4,0.9912482500076294,-1037.5748291015625,18.588787078857422,-1842.2486572265625
21.95336070000485,0,,31092,142092,142092,2,0,0,True,150.89866638183594,1.0,0.0,-0.0002945326850749552,6020,4,0.9912934899330139,-1037.753662109375,18.59471321105957,-1842.506591796875
21.96446730000025,0,,31102,142092,142092,2,0,0,True,151.09483337402344,1.0,0.0,0.00024032071814872324,6009,4,0.9913386702537537,-1037.9327392578125,18.60064697265625,-1842.7647705078125
21.975601500002085,0,,31120,142092,142092,2,0,0,True,151.25106811523438,1.0,0.0,0.0001028176920954138,6003,4,0.9914516806602478,-1038.3511962890625,18.614551544189453,-1843.3677978515625
21.986445700007607,0,,31127,142092,142092,2,0,0,True,151.40576171875,1.0,0.0,0.000288980983896181,6003,4,0.9914969205856323,-1038.590576171875,18.622495651245117,-1843.712890625
21.997621600006823,0,,31137,142092,142092,2,0,0,True,151.59803771972656,1.0,0.0,0.0001770544913597405,6014,4,0.9915421605110168,-1038.7703857421875,18.628463745117188,-1843.971923828125
22.008657300000777,0,,31145,142092,142092,2,0,0,True,151.74896240234375,1.0,0.0,0.0003040676238015294,6028,4,0.9916099309921265,-1039.0101318359375,18.636442184448242,-1844.317626953125
22.019644900006824,0,,31162,142092,142092,2,0,0,True,151.9354705810547,1.0,0.0,0.0008843831019476056,6042,4,0.9917230010032654,-1039.4305419921875,18.65043067932129,-1844.9234619140625
22.030893600007403,0,,31170,142092,142092,2,0,0,True,152.0823516845703,1.0,0.0,0.0007841471815481782,6051,4,0.9917681813240051,-1039.61083984375,18.656457901000977,-1845.183349609375
22.0417715000076,0,,31180,142092,142092,2,0,0,True,152.2333221435547,1.0,0.0,0.00037527878885157406,6059,4,0.9918134212493896,-1039.7913818359375,18.66250228881836,-1845.4434814453125
22.052677700005006,0,,31195,142092,142092,2,0,0,True,152.42526245117188,1.0,0.0,-0.000251158227911219,6062,4,0.9919264316558838,-1040.213134765625,18.676651000976562,-1846.05126953125
22.063649400006398,0,,31205,142092,142092,2,0,0,True,152.57952880859375,1.0,0.0,-7.195551006589085e-05,6064,4,0.9919716715812683,-1040.39404296875,18.6827449798584,-1846.31201171875
22.074852899997495,0,,31212,142092,142092,2,0,0,True,152.7728729248047,1.0,0.0,0.0004525696858763695,6067,4,0.9920169115066528,-1040.635498046875,18.690853118896484,-1846.6600341796875
22.0859494000033,0,,31220,142092,142092,2,0,0,True,152.92446899414062,1.0,0.0,0.0008020709501579404,6070,4,0.9920620918273926,-1040.81689453125,18.696914672851562,-1846.9212646484375
22.096788099996047,0,,31237,142092,142092,2,0,0,True,153.07723999023438,1.0,0.0,0.0006363243446685374,6075,4,0.9921746253967285,-1041.2403564453125,18.71101951599121,-1847.5316162109375
22.107927500008373,0,,31247,142092,142092,2,0,0,True,153.26512145996094,1.0,0.0,0.000508599856402725,6081,4,0.9922195672988892,-1041.422119140625,18.71706199645996,-1847.7935791015625
22.11941480000678,0,,31257,142092,142092,2,0,0,True,153.4114227294922,1.0,0.0,0.0008581727161072195,6090,4,0.9922869205474854,-1041.66455078125,18.725135803222656,-1848.14306640625
22.13113720000547,0,,31272,142092,142092,2,0,0,True,153.59689331054688,1.0,0.0,0.0010270294733345509,6105,4,0.992399275302887,-1042.089599609375,18.739253997802734,-1848.7554931640625
22.14207840000745,0,,31282,142092,142092,2,0,0,True,153.78390502929688,1.0,0.0,0.0004645541193895042,6121,4,0.9924442172050476,-1042.27197265625,18.745264053344727,-1849.0181884765625
22.152987499997835,0,,31290,142092,142092,2,0,0,True,153.93479919433594,1.0,0.0,0.0003001492586918175,6128,4,0.9924890995025635,-1042.5152587890625,18.75322151184082,-1849.368896484375
22.164283799997065,0,,31307,142092,142092,2,0,0,True,154.08644104003906,1.0,0.0,0.0011554706143215299,6131,4,0.9926014542579651,-1042.8807373046875,18.764970779418945,-1849.8956298828125
22.175397099999827,0,,31315,142092,142092,2,0,0,True,154.27615356445312,1.0,0.0,0.0009689683793112636,6134,4,0.992646336555481,-1043.1246337890625,18.772645950317383,-1850.2471923828125
22.1864007999975,0,,31325,142092,142092,2,0,0,True,154.42327880859375,1.0,0.0,0.00013413182750809938,6134,4,0.9926912784576416,-1043.3077392578125,18.77830696105957,-1850.510986328125
22.1975672999979,0,,31340,142092,142092,2,0,0,True,154.60919189453125,1.0,0.0,-3.986863885074854e-05,6140,4,0.9928036332130432,-1043.735595703125,18.791261672973633,-1851.1275634765625
22.2084276000096,0,,31350,142092,142092,2,0,0,True,154.753662109375,1.0,0.0,0.0005548556218855083,6150,4,0.9928485751152039,-1043.919189453125,18.796722412109375,-1851.39208984375
22.21963730000425,0,,31360,142092,142092,2,0,0,True,154.9331817626953,1.0,0.0,0.000771269085817039,6166,4,0.9929161071777344,-1044.1640625,18.80389976501465,-1851.7451171875
22.23073789999762,0,,31375,142092,142092,2,0,0,True,155.08155822753906,1.0,0.0,0.0002527843462303281,6180,4,0.9930286407470703,-1044.59326171875,18.816240310668945,-1852.3636474609375
22.241783200006466,0,,31385,142092,142092,2,0,0,True,155.23001098632812,1.0,0.0,0.0011524169240146875,6189,4,0.9930736422538757,-1044.7774658203125,18.8214168548584,-1852.6290283203125
22.25285889999941,0,,31392,142092,142092,2,0,0,True,155.41485595703125,1.0,0.0,0.0002839544613379985,6188,4,0.9931411743164062,-1045.0233154296875,18.828218460083008,-1852.983154296875
22.26386900000216,0,,31400,142092,142092,2,0,0,True,155.56544494628906,1.0,0.0,0.00043638565693981946,6183,4,0.9931861758232117,-1045.207763671875,18.833282470703125,-1853.2490234375
22.274951300001703,0,,31417,142092,142092,2,0,0,True,155.7578887939453,1.0,0.0,0.0002469992614351213,6177,4,0.9932987093925476,-1045.6387939453125,18.845062255859375,-1853.8699951171875
22.28593019999971,0,,31425,142092,142092,2,0,0,True,155.90306091308594,1.0,0.0,0.0005772715667262673,6177,4,0.993343710899353,-1045.82373046875,18.8501033782959,-1854.136474609375
22.29700249999587,0,,31435,142092,142092,2,0,0,True,156.08570861816406,1.0,0.0,0.00016276049427688122,6189,4,0.9933887720108032,-1046.0087890625,18.85515785217285,-1854.4031982421875
22.30821040000592,0,,31452,142092,142092,2,0,0,True,156.23419189453125,1.0,0.0,3.35426811943762e-05,6201,4,0.9935013055801392,-1046.441162109375,18.86705207824707,-1855.026123046875
22.319311600003857,0,,31462,142092,142092,2,0,0,True,156.3832244873047,1.0,0.0,0.0007363322074525058,6210,4,0.9935463666915894,-1046.6885986328125,18.873929977416992,-1855.382568359375
22.330149800007348,0,,31470,142092,142092,2,0,0,True,156.56838989257812,1.0,0.0,0.0006304207490757108,6217,4,0.9936143159866333,-1046.9361572265625,18.880884170532227,-1855.7393798828125
22.341174400004093,0,,31477,142092,142092,2,0,0,True,156.71775817871094,1.0,0.0,0.029344595968723297,6222,4,0.9936596155166626,-1047.1220703125,18.886131286621094,-1856.0072021484375
22.35221910000837,0,,31495,142092,142092,2,0,0,True,156.90249633789062,1.0,0.0,0.0377068966627121,6222,4,0.9937729239463806,-1047.5562744140625,18.89837646484375,-1856.6328125
22.36334350000834,0,,31502,142092,142092,2,0,0,True,157.04736328125,1.0,0.0,0.05358755961060524,6223,4,0.9938182234764099,-1047.7425537109375,18.903654098510742,-1856.9012451171875
22.374426000009407,0,,31512,142092,142092,2,0,0,True,157.22225952148438,1.0,0.0,0.06664831191301346,6227,4,0.9938635230064392,-1047.9288330078125,18.90896987915039,-1857.169921875
22.385483200007002,0,,31527,142092,142092,2,0,0,True,157.3584747314453,1.0,0.0,0.044917214661836624,6236,4,0.9939767718315125,-1048.3636474609375,18.921598434448242,-1857.7979736328125
22.39661540000816,0,,31537,142092,142092,2,0,0,True,157.4957733154297,1.0,0.0,0.04100783169269562,6251,4,0.9940220713615417,-1048.5498046875,18.927112579345703,-1858.067626953125
22.407668900006684,0,,31545,142092,142092,2,0,0,True,157.67604064941406,1.0,0.0,0.035609349608421326,6275,4,0.9940900802612305,-1048.7982177734375,18.934541702270508,-1858.4276123046875
22.418905099999392,0,,31555,142092,142092,2,0,0,True,157.82090759277344,1.0,0.0,0.0344516821205616,6287,4,0.9941353797912598,-1048.984375,18.940162658691406,-1858.6978759765625
22.429638400004478,0,,31572,142092,142092,2,0,0,True,158.00608825683594,1.0,0.0,0.03415769338607788,6288,4,0.9942711591720581,-1049.4810791015625,18.95527458190918,-1859.4197998046875
22.440767799998866,0,,31580,142092,142092,2,0,0,True,158.15618896484375,1.0,0.0,0.03403942659497261,6280,4,0.9943159818649292,-1049.6673583984375,18.960994720458984,-1859.691162109375
22.45186630000535,0,,31590,142092,142092,2,0,0,True,158.30557250976562,1.0,0.0,0.03502952679991722,6269,4,0.9943608045578003,-1049.8536376953125,18.96674919128418,-1859.962646484375
22.463033100008033,0,,31605,142092,142092,2,0,0,True,158.4852294921875,1.0,0.0,0.03485628962516785,6265,4,0.994472861289978,-1050.2880859375,18.980348587036133,-1860.597412109375
22.47387709999748,0,,31615,142092,142092,2,0,0,True,158.62620544433594,1.0,0.0,0.01604318618774414,6275,4,0.9945176839828491,-1050.4742431640625,18.986242294311523,-1860.8699951171875
22.485055800003465,0,,31622,142092,142092,2,0,0,True,158.79779052734375,1.0,0.0,-0.013500680215656757,6300,4,0.9945849180221558,-1050.722412109375,18.994142532348633,-1861.23388671875
22.49622270000691,0,,31640,142092,142092,2,0,0,True,158.94049072265625,1.0,0.0,-0.01839347928762436,6321,4,0.9946746230125427,-1051.0946044921875,19.006088256835938,-1861.780517578125
22.506982400009292,0,,31647,142092,142092,2,0,0,True,159.11932373046875,1.0,0.0,-0.021566826850175858,6337,4,0.9947418570518494,-1051.3427734375,19.014114379882812,-1862.1455078125
22.518150100004277,0,,31655,142092,142092,2,0,0,True,159.2635040283203,1.0,0.0,-0.02252194657921791,6340,4,0.9947866797447205,-1051.5289306640625,19.02013397216797,-1862.4195556640625
22.529383000000962,0,,31672,142092,142092,2,0,0,True,159.41111755371094,1.0,0.0,-0.00898110494017601,6335,4,0.9948987364768982,-1051.963623046875,19.034137725830078,-1863.059814453125
22.540318500003195,0,,31682,142092,142092,2,0,0,True,159.59732055664062,1.0,0.0,-0.005547096021473408,6325,4,0.9949435591697693,-1052.1500244140625,19.040136337280273,-1863.3345947265625
22.55115769999975,0,,31690,142092,142092,2,0,0,True,159.74354553222656,1.0,0.0,-0.001517878845334053,6321,4,0.9950109124183655,-1052.3984375,19.04813003540039,-1863.7015380859375
22.562275000003865,0,,31700,142092,142092,2,0,0,True,159.9235382080078,1.0,0.0,-0.0013163683470338583,6330,4,0.9950558543205261,-1052.5848388671875,19.054121017456055,-1863.9769287109375
22.573376400003326,0,,31717,142092,142092,2,0,0,True,160.0656280517578,1.0,0.0,0.00017677221330814064,6346,4,0.9951682090759277,-1053.0198974609375,19.06801986694336,-1864.6207275390625
22.584503799997037,0,,31725,142092,142092,2,0,0,True,160.24143981933594,1.0,0.0,0.001115333754569292,6365,4,0.9952356815338135,-1053.2684326171875,19.075885772705078,-1864.9892578125
22.595415300005698,0,,31732,142092,142092,2,0,0,True,160.38279724121094,1.0,0.0,-0.014953218400478363,6376,4,0.9952806234359741,-1053.4549560546875,19.081762313842773,-1865.265869140625
22.606927000000724,0,,31750,142092,142092,2,0,0,True,160.5238800048828,1.0,0.0,-0.002824349794536829,6381,4,0.9953929781913757,-1053.89013671875,19.095396041870117,-1865.912353515625
22.61801170000399,0,,31757,142092,142092,2,0,0,True,160.70179748535156,1.0,0.0,0.003000942524522543,6383,4,0.9954379200935364,-1054.0767822265625,19.101211547851562,-1866.1898193359375
22.629060899998876,0,,31767,142092,142092,2,0,0,True,160.84190368652344,1.0,0.0,0.004794175270944834,6383,4,0.9954829216003418,-1054.263427734375,19.107013702392578,-1866.467529296875
22.64010109999799,0,,31782,142092,142092,2,0,0,True,161.0209503173828,1.0,0.0,0.002275341423228383,6388,4,0.9955952763557434,-1054.69921875,19.120529174804688,-1867.1163330078125
22.65132820000872,0,,31792,142092,142092,2,0,0,True,161.16238403320312,1.0,0.0,0.00202768063172698,6393,4,0.9956626892089844,-1054.885986328125,19.126340866088867,-1867.3948974609375
22.66220190000604,0,,31800,142092,142092,2,0,0,True,161.34364318847656,1.0,0.0,0.0013435810105875134,6404,4,0.9957076907157898,-1055.1351318359375,19.134119033813477,-1867.7666015625
22.67320849999669,0,,31807,142092,142092,2,0,0,True,161.48794555664062,1.0,0.0,0.0015481699956580997,6412,4,0.9957751035690308,-1055.322021484375,19.139968872070312,-1868.045654296875
22.68423929999699,0,,31825,142092,142092,2,0,0,True,161.6338653564453,1.0,0.0,0.0017965896986424923,6416,4,0.9958875775337219,-1055.7584228515625,19.15367317199707,-1868.697509765625
22.694939299995895,0,,31835,142092,142092,2,0,0,True,161.81312561035156,1.0,0.0,0.0015513055259361863,6415,4,0.9959325194358826,-1055.945556640625,19.159578323364258,-1868.9774169921875
22.70622690000164,0,,31842,142092,142092,2,0,0,True,161.95257568359375,1.0,0.0,0.00142335903365165,6414,4,0.9959999918937683,-1056.1951904296875,19.16750717163086,-1869.3507080078125
22.717575300004683,0,,31860,142092,142092,2,0,0,True,162.1293487548828,1.0,0.0,0.0014809410786256194,6419,4,0.9960899353027344,-1056.56982421875,19.17961311340332,-1869.91162109375
22.72857350000413,0,,5,142092,142092,2,0,0,True,162.2592010498047,1.0,0.0,0.0018793399212881923,6428,4,0.9961574077606201,-1056.81982421875,19.18789291381836,-1870.2860107421875
22.739660100007313,0,,12,142092,142092,2,0,0,True,162.45132446289062,1.0,0.0,0.0017848407151177526,6441,4,0.9962023496627808,-1057.00732421875,19.194183349609375,-1870.5670166015625
22.7508419000078,0,,30,142092,142092,2,0,0,True,162.6093292236328,1.0,0.0,0.0016963742673397064,6451,4,0.9963147640228271,-1057.4453125,19.208858489990234,-1871.2236328125
22.761779699998442,0,,40,142092,142092,2,0,0,True,162.75143432617188,1.0,0.0,0.002391303423792124,6455,4,0.9963597655296326,-1057.6331787109375,19.21515655517578,-1871.50537109375
22.7728652000078,0,,47,142092,142092,2,0,0,True,162.93154907226562,1.0,0.0,0.0020143643487244844,6449,4,0.9964271783828735,-1057.8836669921875,19.22357940673828,-1871.88134765625
22.784119100004318,0,,65,142092,142092,2,0,0,True,163.06912231445312,1.0,0.0,0.0010876221349462867,6446,4,0.9965394735336304,-1058.32275390625,19.23847770690918,-1872.5401611328125
22.79559550000704,0,,72,142092,142092,2,0,0,True,163.23956298828125,1.0,0.0,0.0011526825837790966,6465,4,0.9965843558311462,-1058.510986328125,19.244901657104492,-1872.8228759765625
22.806785599997966,0,,82,142092,142092,2,0,0,True,163.3769073486328,1.0,0.0,0.001679658074863255,6488,4,0.9966517686843872,-1058.6993408203125,19.251283645629883,-1873.1058349609375
22.817902399998275,0,,97,142092,142092,2,0,0,True,163.5459442138672,1.0,0.0,0.0010778706055134535,6514,4,0.9967640042304993,-1059.1392822265625,19.266040802001953,-1873.7666015625
22.829056500006118,0,,107,142092,142092,2,0,0,True,163.68344116210938,1.0,0.0,0.001046577119268477,6524,4,0.9968089461326599,-1059.3280029296875,19.27232551574707,-1874.0501708984375
22.84016999999585,0,,115,142092,142092,2,0,0,True,163.86141967773438,1.0,0.0,0.0013469111872836947,6524,4,0.9968762993812561,-1059.5797119140625,19.280662536621094,-1874.4285888671875
22.85103259999596,0,,132,142092,142092,2,0,0,True,164.01158142089844,1.0,0.0,0.0017310670809820294,6518,4,0.9969661235809326,-1059.957763671875,19.293100357055664,-1874.9967041015625
22.862050600000657,0,,140,142092,142092,2,0,0,True,164.1619110107422,1.0,0.0,0.0011319024488329887,6508,4,0.9970334768295288,-1060.2099609375,19.301334381103516,-1875.3759765625
22.872913300001528,0,,147,142092,142092,2,0,0,True,164.3501739501953,1.0,0.0,0.0012080224696546793,6500,4,0.9970783591270447,-1060.3992919921875,19.307476043701172,-1875.66064453125
22.884170200006338,0,,165,142092,142092,2,0,0,True,164.496337890625,1.0,0.0,0.001370618469081819,6502,4,0.9971902370452881,-1060.841552734375,19.3216609954834,-1876.32568359375
22.895133400001214,0,,175,142092,142092,2,0,0,True,164.6741943359375,1.0,0.0,0.0017903887201100588,6511,4,0.9972571730613708,-1061.03125,19.327693939208984,-1876.6109619140625
22.906194800001686,0,,182,142092,142092,2,0,0,True,164.81260681152344,1.0,0.0,0.0012517684372141957,6522,4,0.9973240494728088,-1061.2843017578125,19.33571434020996,-1876.99169921875
22.917361400002846,0,,197,142092,142092,2,0,0,True,164.98187255859375,1.0,0.0,0.0010082540102303028,6541,4,0.9974132776260376,-1061.664306640625,19.347707748413086,-1877.5634765625
22.928458299997146,0,,207,142092,142092,2,0,0,True,165.11578369140625,1.0,0.0,0.0014629358192905784,6557,4,0.9974578619003296,-1061.8544921875,19.35365867614746,-1877.849609375
22.93945020000683,0,,215,142092,142092,2,0,0,True,165.2884063720703,1.0,0.0,0.0013605256099253893,6573,4,0.9975247383117676,-1062.1082763671875,19.36152458190918,-1878.2314453125
22.951220900009503,0,,225,142092,142092,2,0,0,True,165.4266815185547,1.0,0.0,0.0004823110066354275,6579,4,0.9975693225860596,-1062.2987060546875,19.36737632751465,-1878.51806640625
22.96227760000329,0,,240,142092,142092,2,0,0,True,165.6029815673828,1.0,0.0,-8.323336078319699e-05,6580,4,0.9977031350135803,-1062.7435302734375,19.38084602355957,-1879.1875
22.97327650000807,0,,250,142092,142092,2,0,0,True,165.74513244628906,1.0,0.0,0.000575919752009213,6579,4,0.9977477192878723,-1062.934326171875,19.386550903320312,-1879.474609375
22.98433340000338,0,,260,142092,142092,2,0,0,True,165.88719177246094,1.0,0.0,7.461469795089215e-05,6578,4,0.9978146553039551,-1063.18896484375,19.39409637451172,-1879.85791015625
22.995252200009418,0,,275,142092,142092,2,0,0,True,166.06358337402344,1.0,0.0,0.0006383060244843364,6579,4,0.9979263544082642,-1063.6351318359375,19.407209396362305,-1880.529296875
23.0064626000094,0,,285,142092,142092,2,0,0,True,166.2068328857422,1.0,0.0,0.0007367018843069673,6584,4,0.9979711174964905,-1063.8265380859375,19.412832260131836,-1880.8173828125
23.017437000002246,0,,292,142092,142092,2,0,0,True,166.38221740722656,1.0,0.0,0.0005494658253155649,6592,4,0.9980382323265076,-1064.0819091796875,19.42033576965332,-1881.20166015625
23.028538099999423,0,,310,142092,142092,2,0,0,True,166.52490234375,1.0,0.0,0.0003447325434535742,6599,4,0.9981500506401062,-1064.46533203125,19.431640625,-1881.77880859375
23.039540900004795,0,,317,142092,142092,2,0,0,True,166.7027587890625,1.0,0.0,0.0005147600313648582,6606,4,0.9982171654701233,-1064.7213134765625,19.439197540283203,-1882.1640625
23.05070330000308,0,,325,142092,142092,2,0,0,True,166.84202575683594,1.0,0.0,0.00030845278524793684,6609,4,0.9982618689537048,-1064.9134521484375,19.444873809814453,-1882.453125
23.061766700004227,0,,342,142092,142092,2,0,0,True,166.9788055419922,1.0,0.0,0.0003274990012869239,6611,4,0.9983736872673035,-1065.362060546875,19.458194732666016,-1883.12841796875
23.07283129999996,0,,350,142092,142092,2,0,0,True,167.15174865722656,1.0,0.0,0.00030073407106101513,6615,4,0.9984184503555298,-1065.5545654296875,19.46397590637207,-1883.4180908203125
23.083645000006072,0,,360,142092,142092,2,0,0,True,167.2892608642578,1.0,0.0,0.00011944510333705693,6621,4,0.9984855651855469,-1065.7471923828125,19.46980857849121,-1883.7080078125
23.094805700005963,0,,375,142092,142092,2,0,0,True,167.46298217773438,1.0,0.0,0.00014307840319816023,6633,4,0.9985974431037903,-1066.1971435546875,19.48365592956543,-1884.385009765625
23.10584760000347,0,,385,142092,142092,2,0,0,True,167.60507202148438,1.0,0.0,0.0008224361808970571,6643,4,0.9986422657966614,-1066.3902587890625,19.489665985107422,-1884.675537109375
23.11673960000917,0,,392,142092,142092,2,0,0,True,167.78297424316406,1.0,0.0,0.0001890874991659075,6650,4,0.998709499835968,-1066.647705078125,19.497718811035156,-1885.0631103515625
23.12791450000077,0,,400,142092,142092,2,0,0,True,167.92172241210938,1.0,0.0,0.0001346349308732897,6651,4,0.9987542629241943,-1066.841064453125,19.50377082824707,-1885.35400390625
23.139530500004184,0,,417,142092,142092,2,0,0,True,168.05760192871094,1.0,0.0,0.00017648778157308698,6650,4,0.9988887310028076,-1067.2926025390625,19.51796531677246,-1886.033447265625
23.150606700000935,0,,427,142092,142092,2,0,0,True,168.2246551513672,1.0,0.0,0.00036719421041198075,6652,4,0.9989335536956787,-1067.486328125,19.52413558959961,-1886.324951171875
23.161654800001998,0,,437,142092,142092,2,0,0,True,168.36181640625,1.0,0.0,0.00017354465671814978,6659,4,0.9990007877349854,-1067.744873046875,19.532482147216797,-1886.7138671875
23.172680899995612,0,,452,142092,142092,2,0,0,True,168.53567504882812,1.0,0.0,0.0008958661928772926,6677,4,0.9991127848625183,-1068.1976318359375,19.547441482543945,-1887.395263671875
23.18370780000987,0,,462,142092,142092,2,0,0,True,168.67596435546875,1.0,0.0,-5.926689482294023e-05,6693,4,0.9991576075553894,-1068.3919677734375,19.553895950317383,-1887.6875
23.194743100000778,0,,470,142092,142092,2,0,0,True,168.85342407226562,1.0,0.0,0.00043375903624109924,6702,4,0.999224841594696,-1068.651123046875,19.56247329711914,-1888.07763671875
23.20576389999769,0,,487,142092,142092,2,0,0,True,168.99681091308594,1.0,0.0,0.0006085609784349799,6697,4,0.9993370771408081,-1069.0404052734375,19.575307846069336,-1888.6632080078125
23.21711409999989,0,,495,142092,142092,2,0,0,True,169.1702880859375,1.0,0.0,0.0009622321231290698,6686,4,0.9994044899940491,-1069.3001708984375,19.583858489990234,-1889.0540771484375
23.228434300006484,0,,502,142092,142092,2,0,0,True,169.30580139160156,1.0,0.0,7.26182188373059e-05,6684,4,0.9994494318962097,-1069.4952392578125,19.590293884277344,-1889.347412109375
23.239615300000878,0,,520,142092,142092,2,0,0,True,169.4388885498047,1.0,0.0,0.0008503942517563701,6694,4,0.9995617866516113,-1069.9505615234375,19.605337142944336,-1890.0325927734375
23.250575600002776,0,,527,142092,142092,2,0,0,True,169.6020965576172,1.0,0.0,0.0006207298138178885,6719,4,0.999606728553772,-1070.14599609375,19.611772537231445,-1890.3265380859375
23.26159180000832,0,,537,142092,142092,2,0,0,True,169.73341369628906,1.0,0.0,0.00013200240209698677,6741,4,0.9996741414070129,-1070.3414306640625,19.618188858032227,-1890.62060546875
23.27262139999948,0,,555,142092,142092,2,0,0,True,169.90231323242188,1.0,0.0,-0.0002298424660693854,6760,4,0.9998089671134949,-1070.86328125,19.635168075561523,-1891.40576171875
23.28373750000901,0,,565,142092,142092,2,0,0,True,170.04022216796875,1.0,0.0,0.0004872830759268254,6762,4,0.9998539090156555,-1071.0592041015625,19.641462326049805,-1891.700439453125
23.29492860000755,0,,572,142092,142092,2,0,0,True,170.21470642089844,1.0,0.0,0.0005535917589440942,6751,4,0.9999213218688965,-1071.3206787109375,19.649795532226562,-1892.09375
23.305953600007342,0,,580,142092,142092,2,0,0,True,170.3561248779297,1.0,0.0,9.469282667851076e-05,6740,4,1.0,-1071.516845703125,19.656024932861328,-1892.388916015625
23.316904699997394,0,,597,142092,142092,2,0,0,True,170.52964782714844,1.0,0.0,0.0004518844943959266,6734,4,1.0,-1071.9752197265625,19.67057991027832,-1893.0782470703125
23.328011899997364,0,,605,142092,142092,2,0,0,True,170.66702270507812,1.0,0.0,0.0006963498308323324,6739,4,1.0,-1072.1717529296875,19.676851272583008,-1893.3740234375
23.33879409999645,0,,615,142092,142092,2,0,0,True,170.80360412597656,1.0,0.0,0.000710911292117089,6753,4,1.0,-1072.3685302734375,19.68313980102539,-1893.669921875
23.34991620000801,1,0.0,630,142092,142092,2,0,0,True,170.97268676757812,1.0,0.0,0.0003543934435583651,6771,4,0.0,-1072.828125,19.697864532470703,-1894.361083984375
23.360893200006103,1,0.010976999998092651,640,142092,142092,2,0,0,True,171.10960388183594,1.0,0.0,0.00025999778881669044,6780,4,0.0,-1073.0252685546875,19.704198837280273,-1894.6575927734375
23.372118400002364,1,0.022202199994353577,650,142092,142092,2,0,0,True,171.28126525878906,1.0,0.0,0.0005777081823907793,6782,4,0.0,-1073.2882080078125,19.712663650512695,-1895.05322265625
23.382889100001194,1,0.03297289999318309,657,142092,142092,2,0,0,True,171.4165496826172,1.0,0.0,0.0006407069158740342,6781,4,0.0,-1073.551513671875,19.721118927001953,-1895.4490966796875
23.39380920000258,1,0.04389299999456853,675,142092,142092,2,0,0,True,171.5504150390625,1.0,0.0,0.00012478188727982342,6782,4,0.0,-1074.0126953125,19.735868453979492,-1896.142822265625
23.404784800004563,1,0.0548685999965528,682,142092,142092,2,0,0,True,171.71531677246094,1.0,0.0,0.00035113966441713274,6789,4,7.784244371578097e-05,-1074.2105712890625,19.74217414855957,-1896.4403076171875
23.415996800002176,1,0.06608059999416582,692,142092,142092,2,0,0,True,171.84432983398438,1.0,0.0,0.0007198667153716087,6799,4,0.0001223238359671086,-1074.4085693359375,19.74847984313965,-1896.738037109375
23.42695829999866,1,0.07704209999064915,700,142092,142092,2,0,0,True,172.0059356689453,1.0,0.0,0.0010386183857917786,6819,4,0.00018904593889601529,-1074.6727294921875,19.756887435913086,-1897.1353759765625
23.43826720000652,1,0.08835099999851082,717,142092,142092,2,0,0,True,172.13951110839844,1.0,0.0,0.0006065982161089778,6832,4,0.0003224901156499982,-1075.1353759765625,19.77151870727539,-1897.8311767578125
23.44922530000622,1,0.0993090999982087,727,142092,142092,2,0,0,True,172.2771759033203,1.0,0.0,0.0011369133135303855,6839,4,0.0003669715079013258,-1075.333984375,19.777742385864258,-1898.1297607421875
23.460317400007625,1,0.11040119999961462,735,142092,142092,2,0,0,True,172.45042419433594,1.0,0.0,0.0007953171734698117,6836,4,0.0004336936108302325,-1075.5987548828125,19.785964965820312,-1898.528076171875
23.471354299996165,1,0.12143809998815414,752,142092,142092,2,0,0,True,172.58694458007812,1.0,0.0,-0.00014008363359607756,6829,4,0.0005448971060104668,-1076.0628662109375,19.80013656616211,-1899.225830078125
23.482409899996128,1,0.13249369998811744,760,142092,142092,2,0,0,True,172.75401306152344,1.0,0.0,0.0005047318409197032,6822,4,0.0006116192089393735,-1076.2618408203125,19.806142807006836,-1899.5252685546875
23.49330450000707,1,0.1433882999990601,770,142092,142092,2,0,0,True,172.88076782226562,1.0,0.0,0.00017529583419673145,6824,4,0.0006561005720868707,-1076.4610595703125,19.812152862548828,-1899.8248291015625
23.504355600001873,1,0.15443939999386203,777,142092,142092,2,0,0,True,173.0077362060547,1.0,0.0,0.0002945875748991966,6834,4,0.0007229514885693789,-1076.726806640625,19.820201873779297,-1900.224365234375
23.515414900000906,1,0.16549869999289513,797,142092,142092,2,0,0,True,173.1631622314453,1.0,0.0,0.0002605413319543004,6856,4,0.0008354433230124414,-1077.1923828125,19.834463119506836,-1900.9244384765625
23.526449600001797,1,0.1765333999937866,805,142092,142092,2,0,0,True,173.29904174804688,1.0,0.0,0.0002593703684397042,6873,4,0.0009254367905668914,-1077.458740234375,19.842723846435547,-1901.324951171875
23.537275199996657,1,0.18735899998864625,812,142092,142092,2,0,0,True,173.46630859375,1.0,0.0,0.0002954792871605605,6880,4,0.0009704334661364555,-1077.6585693359375,19.848974227905273,-1901.6253662109375
23.54811420000624,1,0.19819799999822862,822,142092,142092,2,0,0,True,173.59951782226562,1.0,0.0,0.0003934278793167323,6875,4,0.0010154301999136806,-1077.8585205078125,19.855260848999023,-1901.9261474609375
23.5593446999992,1,0.20942849999119062,837,142092,142092,2,0,0,True,173.7356719970703,1.0,0.0,0.00026074994821101427,6867,4,0.0011504204012453556,-1078.32568359375,19.87013053894043,-1902.62841796875
23.57037709999713,1,0.22046089998912066,847,142092,142092,2,0,0,True,173.90797424316406,1.0,0.0,-0.0002649873204063624,6860,4,0.0011954171350225806,-1078.5260009765625,19.87664222717285,-1902.9296875
23.58122780000849,1,0.23131160000048112,855,142092,142092,2,0,0,True,174.03692626953125,1.0,0.0,0.0005750599666498601,6862,4,0.0012629121774807572,-1078.79345703125,19.88544273376465,-1903.3316650390625
23.5924151000072,1,0.24249889999919105,865,142092,142092,2,0,0,True,174.19512939453125,1.0,0.0,0.00018509445362724364,6877,4,0.0013079089112579823,-1078.994140625,19.892148971557617,-1903.63330078125
23.603423100008513,1,0.25350690000050236,882,142092,142092,2,0,0,True,174.3234405517578,1.0,0.0,0.00020529622270260006,6890,4,0.0014430445153266191,-1079.52978515625,19.91046142578125,-1904.4384765625
23.61454640000011,1,0.2646301999920979,890,142092,142092,2,0,0,True,174.48995971679688,1.0,0.0,0.0005128195625729859,6903,4,0.0015114120906218886,-1079.7308349609375,19.91751480102539,-1904.74072265625
23.625521399997524,1,0.2756051999895135,900,142092,142092,2,0,0,True,174.62283325195312,1.0,0.0,0.0004087908018846065,6911,4,0.0015569905517622828,-1079.9320068359375,19.924665451049805,-1905.043212890625
23.636829499999294,1,0.28691329999128357,917,142092,142092,2,0,0,True,174.75306701660156,1.0,0.0,0.001065818127244711,6915,4,0.0016709365881979465,-1080.4019775390625,19.941375732421875,-1905.74951171875
23.647801300001447,1,0.2978850999934366,925,142092,142092,2,0,0,True,174.9169921875,1.0,0.0,0.0006956717697903514,6913,4,0.0017393042799085379,-1080.6707763671875,19.950910568237305,-1906.153564453125
23.65880200000538,1,0.30888579999736976,935,142092,142092,2,0,0,True,175.0452117919922,1.0,0.0,0.00012685755791608244,6910,4,0.0018076718552038074,-1080.87255859375,19.95810317993164,-1906.456787109375
23.669974600008572,1,0.32005840000056196,942,142092,142092,2,0,0,True,175.19886779785156,1.0,0.0,0.0003101122856605798,6914,4,0.0018760395469143987,-1081.1417236328125,19.967775344848633,-1906.861328125
23.680742600001395,1,0.33082639999338426,960,142092,142092,2,0,0,True,175.32415771484375,1.0,0.0,0.0003656921035144478,6932,4,0.0019899855833500624,-1081.6131591796875,19.984853744506836,-1907.570068359375
23.691890700007207,1,0.34197449999919627,967,142092,142092,2,0,0,True,175.45140075683594,1.0,0.0,0.0005586026236414909,6952,4,0.0020355640444904566,-1081.8154296875,19.99213981628418,-1907.8740234375
23.70295220000844,1,0.35303600000042934,977,142092,142092,2,0,0,True,175.60658264160156,1.0,0.0,-9.539187885820866e-06,6964,4,0.002103931736201048,-1082.017822265625,19.9993896484375,-1908.17822265625
23.71402620000299,1,0.36410999999498017,992,142092,142092,2,0,0,True,175.73770141601562,1.0,0.0,-0.0003404618473723531,6965,4,0.0022165391128510237,-1082.4903564453125,20.01630210876465,-1908.888427734375
23.725011600006837,1,0.3750953999988269,1002,142092,142092,2,0,0,True,175.90380859375,1.0,0.0,0.0009702639654278755,6957,4,0.002283300505951047,-1082.693115234375,20.023550033569336,-1909.193115234375
23.736248400004115,1,0.38633219999610446,1012,142092,142092,2,0,0,True,176.03689575195312,1.0,0.0,0.0010458118049427867,6953,4,0.00235006189905107,-1082.963623046875,20.033201217651367,-1909.5997314453125
23.74732720000611,1,0.39741099999810103,1020,142092,142092,2,0,0,True,176.19961547851562,1.0,0.0,0.0006280485540628433,6953,4,0.0024168232921510935,-1083.234375,20.04281997680664,-1910.006591796875
23.758220300005632,1,0.40830409999762196,1037,142092,142092,2,0,0,True,176.32650756835938,1.0,0.0,4.182677366770804e-05,6957,4,0.0025503458455204964,-1083.7086181640625,20.059520721435547,-1910.71923828125
23.769270700009656,1,0.41935450000164565,1045,142092,142092,2,0,0,True,176.4518280029297,1.0,0.0,0.0004861812631133944,6965,4,0.0025948535185307264,-1083.9119873046875,20.066688537597656,-1911.02490234375
23.780346600004123,1,0.4304303999961121,1055,142092,142092,2,0,0,True,176.60903930664062,1.0,0.0,0.000989939901046455,6978,4,0.0026393611915409565,-1084.1156005859375,20.07388687133789,-1911.330810546875
23.79150180000579,1,0.44158559999777935,1070,142092,142092,2,0,0,True,176.7307586669922,1.0,0.0,4.219100810587406e-05,6989,4,0.0027728837449103594,-1084.5909423828125,20.09061622619629,-1912.045166015625
23.802605899996706,1,0.4526896999886958,1080,142092,142092,2,0,0,True,176.88621520996094,1.0,0.0,-7.61869887355715e-05,7004,4,0.0028173914179205894,-1084.7947998046875,20.097715377807617,-1912.3515625
23.813816599998972,1,0.4639003999909619,1087,142092,142092,2,0,0,True,177.0093994140625,1.0,0.0,0.0005208409857004881,7007,4,0.0028843283653259277,-1085.06689453125,20.10710906982422,-1912.7603759765625
23.82508090000192,1,0.4751646999939112,1107,142092,142092,2,0,0,True,177.16114807128906,1.0,0.0,0.0008296645246446133,7005,4,0.0030199598986655474,-1085.54345703125,20.12351417541504,-1913.4764404296875
23.83605900000839,1,0.4861428000003798,1115,142092,142092,2,0,0,True,177.28775024414062,1.0,0.0,0.0003190683783032,7010,4,0.0030877755489200354,-1085.8160400390625,20.13289451599121,-1913.885986328125
23.84723379999923,1,0.49731759999122005,1122,142092,142092,2,0,0,True,177.44659423828125,1.0,0.0,0.0002560769207775593,7018,4,0.0031329861376434565,-1086.0205078125,20.139896392822266,-1914.193359375
23.85835120000411,1,0.5084349999960978,1140,142092,142092,2,0,0,True,177.57626342773438,1.0,0.0,0.0009694641921669245,7024,4,0.0032686174381524324,-1086.498291015625,20.156164169311523,-1914.9112548828125
23.869339500000933,1,0.5194232999929227,1147,142092,142092,2,0,0,True,177.7047882080078,1.0,0.0,0.0004066444234922528,7025,4,0.0033138280268758535,-1086.7032470703125,20.163095474243164,-1915.2191162109375
23.88027019999572,1,0.5303539999877103,1157,142092,142092,2,0,0,True,177.86138916015625,1.0,0.0,0.00020155917445663363,7024,4,0.0033816436771303415,-1086.908203125,20.169998168945312,-1915.5272216796875
23.891038300003856,1,0.5411220999958459,1165,142092,142092,2,0,0,True,177.98748779296875,1.0,0.0,0.0005292673013173044,7024,4,0.0034494593273848295,-1087.1817626953125,20.17918586730957,-1915.9383544921875
23.90206130000297,1,0.5521450999949593,1182,142092,142092,2,0,0,True,178.14382934570312,1.0,0.0,0.0007141467649489641,7028,4,0.003539880272001028,-1087.592529296875,20.192995071411133,-1916.555419921875
23.913098799996078,1,0.5631825999880675,1190,142092,142092,2,0,0,True,178.26402282714844,1.0,0.0,0.0005019181990064681,7037,4,0.0036301622167229652,-1087.8665771484375,20.202220916748047,-1916.9671630859375
23.924090700005763,1,0.5741744999977527,1200,142092,142092,2,0,0,True,178.38323974609375,1.0,0.0,-5.124069866724312e-05,7049,4,0.003675187239423394,-1088.072265625,20.209131240844727,-1917.2762451171875
23.935325099999318,1,0.5854088999913074,1217,142092,142092,2,0,0,True,178.54168701171875,1.0,0.0,0.0006430103676393628,7061,4,0.0038102627731859684,-1088.552490234375,20.225191116333008,-1917.997802734375
23.94619149999926,1,0.5962752999912482,1225,142092,142092,2,0,0,True,178.66941833496094,1.0,0.0,0.0009046316845342517,7065,4,0.0038778004236519337,-1088.8271484375,20.234346389770508,-1918.41064453125
23.95680960000027,1,0.6068933999922592,1235,142092,142092,2,0,0,True,178.8261260986328,1.0,0.0,5.365817924030125e-05,7067,4,0.003922825213521719,-1089.0333251953125,20.24114990234375,-1918.7203369140625
23.967820200006827,1,0.6179039999988163,1242,142092,142092,2,0,0,True,178.95001220703125,1.0,0.0,-0.00024290751025546342,7068,4,0.0039903633296489716,-1089.3084716796875,20.250123977661133,-1919.1336669921875
23.978776800009655,1,0.6288606000016443,1260,142092,142092,2,0,0,True,179.07791137695312,1.0,0.0,0.0010155315976589918,7069,4,0.004102925769984722,-1089.721435546875,20.263324737548828,-1919.7540283203125
23.989616400009254,1,0.6397002000012435,1267,142092,142092,2,0,0,True,179.21847534179688,1.0,0.0,0.0007059072377160192,7073,4,0.004170463420450687,-1089.9969482421875,20.2719783782959,-1920.1680908203125
24.000866600006702,1,0.6509503999986919,1275,142092,142092,2,0,0,True,179.33511352539062,1.0,0.0,-0.00030690996209159493,7087,4,0.004238001070916653,-1090.2037353515625,20.278398513793945,-1920.478759765625
24.012103800007026,1,0.6621875999990152,1292,142092,142092,2,0,0,True,179.4845733642578,1.0,0.0,0.0002900440013036132,7108,4,0.0043504973873496056,-1090.6866455078125,20.29315948486328,-1921.2042236328125
24.02304400000139,1,0.6731277999933809,1300,142092,142092,2,0,0,True,179.59950256347656,1.0,0.0,0.0008539639529772103,7121,4,0.004417901858687401,-1090.893798828125,20.299360275268555,-1921.515380859375
24.034006200003205,1,0.6840899999951944,1310,142092,142092,2,0,0,True,179.71926879882812,1.0,0.0,-0.00010060257045552135,7128,4,0.004462838172912598,-1091.10107421875,20.305498123168945,-1921.82666015625
24.04513379999844,1,0.6952175999904284,1327,142092,142092,2,0,0,True,179.8784942626953,1.0,0.0,-0.0005317819304764271,7123,4,0.004597647115588188,-1091.5850830078125,20.319660186767578,-1922.5537109375
24.05618700000923,1,0.7062708000012208,1337,142092,142092,2,0,0,True,180.001220703125,1.0,0.0,8.807812992017716e-05,7109,4,0.004665051586925983,-1091.8619384765625,20.32772445678711,-1922.969482421875
24.067127700007404,1,0.7172114999993937,1345,142092,142092,2,0,0,True,180.16091918945312,1.0,0.0,0.0004127890570089221,7102,4,0.004732456058263779,-1092.1390380859375,20.335865020751953,-1923.3856201171875
24.07788920000894,1,0.7279730000009295,1352,142092,142092,2,0,0,True,180.2843475341797,1.0,0.0,-0.00019418957526795566,7102,4,0.0047773923724889755,-1092.346923828125,20.342002868652344,-1923.6978759765625
24.089286800008267,1,0.7393706000002567,1370,142092,142092,2,0,0,True,180.4052734375,1.0,0.0,-5.731691089749802e-06,7109,4,0.004912201315164566,-1092.83251953125,20.35652732849121,-1924.4271240234375
24.10041359999741,1,0.7504973999893991,1377,142092,142092,2,0,0,True,180.55789184570312,1.0,0.0,0.0006187631515786052,7122,4,0.004957137629389763,-1093.0408935546875,20.362876892089844,-1924.7398681640625
24.111124100003508,1,0.7612078999954974,1387,142092,142092,2,0,0,True,180.6793975830078,1.0,0.0,-8.604684262536466e-05,7131,4,0.005024542100727558,-1093.249267578125,20.369298934936523,-1925.052734375
24.1218927000009,1,0.7719764999928884,1395,142092,142092,2,0,0,True,180.83497619628906,1.0,0.0,-4.7708526835776865e-05,7139,4,0.005092363804578781,-1093.5272216796875,20.377986907958984,-1925.4703369140625
24.133203600009438,1,0.7832874000014272,1412,142092,142092,2,0,0,True,180.9508819580078,1.0,0.0,0.0004713122616522014,7141,4,0.005228174384683371,-1094.0142822265625,20.39342498779297,-1926.2015380859375
24.144305599998916,1,0.7943893999909051,1420,142092,142092,2,0,0,True,181.0706024169922,1.0,0.0,0.0005611411761492491,7141,4,0.005273444578051567,-1094.2232666015625,20.40011215209961,-1926.5152587890625
24.155364799997187,1,0.8054485999891767,1430,142092,142092,2,0,0,True,181.2207794189453,1.0,0.0,-0.0002743352379184216,7144,4,0.0053187147714197636,-1094.4322509765625,20.406877517700195,-1926.8291015625
24.16652769999928,1,0.8166114999912679,1447,142092,142092,2,0,0,True,181.34178161621094,1.0,0.0,0.0002964399172924459,7149,4,0.005477160681039095,-1094.9901123046875,20.42525291442871,-1927.6666259765625
24.177291400003014,1,0.8273751999950036,1455,142092,142092,2,0,0,True,181.44874572753906,1.0,0.0,0.0008831138839013875,6991,1,0.005522430874407291,-1095.199462890625,20.432222366333008,-1927.9810791015625
24.188291900005424,1,0.8383756999974139,1465,142092,142092,2,0,0,True,181.399658203125,1.0,0.0,0.00017963028221856803,6831,1,0.0055903359316289425,-1095.408935546875,20.43916893005371,-1928.2955322265625
24.19956860000093,1,0.8496523999929195,1480,142092,142092,2,0,0,True,181.3523406982422,1.0,0.0,0.0004458557232283056,6672,1,0.005703511647880077,-1095.897705078125,20.455278396606445,-1929.0294189453125
24.2103511000023,1,0.8604348999942886,1490,142092,142092,2,0,0,True,181.29298400878906,1.0,0.0,-0.0004958255449309945,6473,1,0.005771295167505741,-1096.107177734375,20.462196350097656,-1929.34375
24.221449100004975,1,0.8715328999969643,1497,142092,142092,2,0,0,True,181.2451629638672,1.0,0.0,-0.00100148213095963,6314,1,0.005838469602167606,-1096.3863525390625,20.471424102783203,-1929.7628173828125
24.232219199999236,1,0.8823029999912251,1507,142092,142092,2,0,0,True,181.18959045410156,1.0,0.0,-0.0005143889575265348,6116,1,0.005883252713829279,-1096.5955810546875,20.478347778320312,-1930.0771484375
24.24324219999835,1,0.8933259999903385,1525,142092,142092,2,0,0,True,181.14056396484375,1.0,0.0,-0.00016167896683327854,6025,5,0.006039993371814489,-1097.1536865234375,20.496702194213867,-1930.914794921875
24.254264500006684,1,0.9043482999986736,1532,142092,142092,2,0,0,True,181.1431884765625,1.0,0.0,0.0003657684428617358,6447,5,0.006084776483476162,-1097.36279296875,20.503515243530273,-1931.2288818359375
24.26527210000495,1,0.9153558999969391,1542,142092,142092,2,0,0,True,181.2093963623047,1.0,0.0,-0.00030165299540385604,6460,5,0.0061519513837993145,-1097.572021484375,20.510303497314453,-1931.5428466796875
24.276238899998134,1,0.9263226999901235,1557,142092,142092,2,0,0,True,181.32742309570312,1.0,0.0,-8.081201667664573e-05,6171,5,0.006263908930122852,-1098.060302734375,20.526060104370117,-1932.2757568359375
24.28710200000205,1,0.9371857999940403,1567,142092,142092,2,0,0,True,181.51687622070312,1.0,0.0,0.0009357516537420452,5827,5,0.0063310833647847176,-1098.2696533203125,20.532819747924805,-1932.590087890625
24.298026600008598,1,0.9481104000005871,1575,142092,142092,2,0,0,True,181.66355895996094,1.0,0.0,0.0012164319632574916,5759,5,0.00639825826510787,-1098.549072265625,20.541837692260742,-1933.0096435546875
24.30893250000372,1,0.9590162999957101,1582,142092,142092,2,0,0,True,181.77822875976562,1.0,0.0,0.00041772937402129173,5870,5,0.006443041376769543,-1098.7586669921875,20.548608779907227,-1933.3243408203125
24.32022660000075,1,0.9703103999927407,1600,142092,142092,2,0,0,True,181.89254760742188,1.0,0.0,0.0003966506337746978,6091,5,0.006578652188181877,-1099.2484130859375,20.5644588470459,-1934.0595703125
24.331332500005374,1,0.9814162999973632,1610,142092,142092,2,0,0,True,181.9740447998047,1.0,0.0,0.0006245209951885045,6186,5,0.00664666760712862,-1099.4583740234375,20.571256637573242,-1934.3748779296875
24.342424200003734,1,0.9925079999957234,1620,142092,142092,2,0,0,True,182.09906005859375,1.0,0.0,0.0007251856150105596,6150,5,0.0067146834917366505,-1099.738525390625,20.580337524414062,-1934.79541015625
24.353378200001316,1,1.0034619999933057,1635,142092,142092,2,0,0,True,182.2143096923828,1.0,0.0,0.0002531229401938617,6061,5,0.006828043144196272,-1100.2291259765625,20.59633445739746,-1935.531982421875
24.364423799997894,1,1.0145075999898836,1645,142092,142092,2,0,0,True,182.36155700683594,1.0,0.0,0.0005214211996644735,5977,5,0.006896058563143015,-1100.439453125,20.603256225585938,-1935.847900390625
24.3755766999966,1,1.0256604999885894,1652,142092,142092,2,0,0,True,182.4764404296875,1.0,0.0,-2.7296337066218257e-05,5981,5,0.006964074447751045,-1100.72021484375,20.612600326538086,-1936.269287109375
24.386582899998757,1,1.0366666999907466,1660,142092,142092,2,0,0,True,182.58523559570312,1.0,0.0,0.00023088714806362987,6026,5,0.007009418215602636,-1100.9307861328125,20.61969757080078,-1936.5855712890625
24.397710700010066,1,1.0477945000020554,1677,142092,142092,2,0,0,True,182.71397399902344,1.0,0.0,0.0002775220782496035,6089,5,0.00714544951915741,-1101.422607421875,20.636625289916992,-1937.3240966796875
24.408727600006387,1,1.0588113999983761,1685,142092,142092,2,0,0,True,182.8179931640625,1.0,0.0,0.0003169003175571561,6109,5,0.00721331499516964,-1101.633544921875,20.64402198791504,-1937.6407470703125
24.41986110000289,1,1.06994489999488,1695,142092,142092,2,0,0,True,182.95765686035156,1.0,0.0,0.00011978608381468803,6093,5,0.007258058525621891,-1101.8446044921875,20.651485443115234,-1937.9576416015625
24.43069690000266,1,1.0807806999946479,1710,142092,142092,2,0,0,True,183.07073974609375,1.0,0.0,0.0004997010109946132,6066,5,0.007392288185656071,-1102.33740234375,20.669137954711914,-1938.697509765625
24.441869900008896,1,1.0919537000008859,1720,142092,142092,2,0,0,True,183.1848602294922,1.0,0.0,0.0005454166093841195,6051,5,0.007437031250447035,-1102.5487060546875,20.67680549621582,-1939.0147705078125
24.453057899998385,1,1.103141699990374,1727,142092,142092,2,0,0,True,183.3238983154297,1.0,0.0,-0.00039499392732977867,6058,5,0.007504146080464125,-1102.8306884765625,20.68712043762207,-1939.4381103515625
24.464118400006555,1,1.1142021999985445,1737,142092,142092,2,0,0,True,183.4284210205078,1.0,0.0,-0.0001417857565684244,6076,5,0.0075712609104812145,-1103.042236328125,20.694902420043945,-1939.7557373046875
24.47499780000362,1,1.1250815999956103,1755,142092,142092,2,0,0,True,183.5550994873047,1.0,0.0,0.0005867964937351644,6100,5,0.007705490570515394,-1103.536376953125,20.713146209716797,-1940.4974365234375
24.485970599998836,1,1.136054399990826,1762,142092,142092,2,0,0,True,183.6591796875,1.0,0.0,0.0003066417993977666,6111,5,0.007772605400532484,-1103.8189697265625,20.723594665527344,-1940.921630859375
24.497078600004897,1,1.147162399996887,1772,142092,142092,2,0,0,True,183.7940673828125,1.0,0.0,-0.0002879951207432896,6111,5,0.007817348465323448,-1104.0308837890625,20.7314395904541,-1941.2398681640625
24.508059100000537,1,1.1581428999925265,1787,142092,142092,2,0,0,True,183.90689086914062,1.0,0.0,-0.00041189478361047804,6111,5,0.007952003739774227,-1104.5260009765625,20.749670028686523,-1941.983154296875
24.519064599997364,1,1.1691483999893535,1797,142092,142092,2,0,0,True,184.0160675048828,1.0,0.0,0.0007477931212633848,6107,5,0.00799731444567442,-1104.7384033203125,20.757389068603516,-1942.3018798828125
24.53003660000104,1,1.1801203999930294,1805,142092,142092,2,0,0,True,184.1553955078125,1.0,0.0,0.0008460562094114721,6106,5,0.008087935857474804,-1105.0216064453125,20.76759910583496,-1942.72705078125
24.541544300009264,1,1.1916281000012532,1822,142092,142092,2,0,0,True,184.26124572753906,1.0,0.0,6.889081851113588e-05,6107,5,0.00820121355354786,-1105.4468994140625,20.782752990722656,-1943.3653564453125
24.552672699996037,1,1.202756499988027,1830,142092,142092,2,0,0,True,184.39414978027344,1.0,0.0,5.281226185616106e-05,6117,5,0.008269179612398148,-1105.7305908203125,20.792800903320312,-1943.791259765625
24.56368659999862,1,1.213770399990608,1837,142092,142092,2,0,0,True,184.50035095214844,1.0,0.0,0.0006734228227287531,6128,5,0.00831449031829834,-1105.9434814453125,20.800289154052734,-1944.11083984375
24.574755800000275,1,1.224839599992265,1855,142092,142092,2,0,0,True,184.63343811035156,1.0,0.0,0.001086170319467783,6137,5,0.008450422435998917,-1106.4405517578125,20.81754493713379,-1944.85693359375
24.5858062000043,1,1.2358899999962887,1862,142092,142092,2,0,0,True,184.74278259277344,1.0,0.0,-0.00041512210736982524,6139,5,0.008495734073221684,-1106.6536865234375,20.824840545654297,-1945.177001953125
24.596709999997984,1,1.2467937999899732,1872,142092,142092,2,0,0,True,184.84942626953125,1.0,0.0,0.00024952206877060235,6136,5,0.008563700132071972,-1106.8670654296875,20.832075119018555,-1945.4971923828125
24.607870899999398,1,1.2579546999913873,1887,142092,142092,2,0,0,True,184.9777374267578,1.0,0.0,0.00012751050235237926,6133,5,0.008698983117938042,-1107.3651123046875,20.848785400390625,-1946.2447509765625
24.618847999998252,1,1.2689317999902414,1897,142092,142092,2,0,0,True,185.08277893066406,1.0,0.0,-0.00033187895314767957,6136,5,0.008743775077164173,-1107.57861328125,20.855932235717773,-1946.5653076171875
24.629991000008886,1,1.2800748000008753,1905,142092,142092,2,0,0,True,185.2136993408203,1.0,0.0,-6.38365963823162e-06,6145,5,0.008810962550342083,-1107.8636474609375,20.8654842376709,-1946.9930419921875
24.64108390000183,1,1.2911676999938209,1912,142092,142092,2,0,0,True,185.31988525390625,1.0,0.0,0.0005523224826902151,6154,5,0.008878149092197418,-1108.077392578125,20.8726749420166,-1947.31396484375
24.652149100002134,1,1.3022328999941237,1930,142092,142092,2,0,0,True,185.46038818359375,1.0,0.0,-0.00011123265721835196,6160,5,0.009012524038553238,-1108.57666015625,20.889545440673828,-1948.0633544921875
24.663068299996667,1,1.3131520999886561,1940,142092,142092,2,0,0,True,185.57281494140625,1.0,0.0,-0.0003517855948302895,6158,5,0.00905731599777937,-1108.7908935546875,20.896814346313477,-1948.384765625
24.6742099999974,1,1.3242937999893911,1947,142092,142092,2,0,0,True,185.68052673339844,1.0,0.0,-9.684357792139053e-05,6154,5,0.009146898984909058,-1109.0765380859375,20.906522750854492,-1948.8134765625
24.68506289999641,1,1.3351466999883996,1965,142092,142092,2,0,0,True,185.81161499023438,1.0,0.0,0.00021784997079521418,6152,5,0.009258877485990524,-1109.576904296875,20.923580169677734,-1949.5643310546875
24.69602479999594,1,1.3461085999879288,1975,142092,142092,2,0,0,True,185.92054748535156,1.0,0.0,-0.00017146482423413545,6157,5,0.009326064959168434,-1109.79150390625,20.930967330932617,-1949.8863525390625
24.707211200002348,1,1.3572949999943376,1982,142092,142092,2,0,0,True,186.04812622070312,1.0,0.0,5.1303424697835e-05,6167,5,0.009393568150699139,-1110.0777587890625,20.940898895263672,-1950.31591796875
24.718219800008228,1,1.3683036000002176,2000,142092,142092,2,0,0,True,186.14712524414062,1.0,0.0,0.00018073225510306656,6180,5,0.00950660090893507,-1110.5074462890625,20.95587921142578,-1950.960693359375
24.72911390000081,1,1.379197699992801,2007,142092,142092,2,0,0,True,186.25848388671875,1.0,0.0,0.00024374379427172244,6190,5,0.009574420750141144,-1110.794189453125,20.965879440307617,-1951.390869140625
24.740222799999174,1,1.3903065999911632,2015,142092,142092,2,0,0,True,186.39501953125,1.0,0.0,0.0003533082490321249,6189,5,0.009642240591347218,-1111.00927734375,20.973390579223633,-1951.7137451171875
24.751551699999254,1,1.4016354999912437,2032,142092,142092,2,0,0,True,186.50254821777344,1.0,0.0,-5.3340270824264735e-05,6185,5,0.00977787934243679,-1111.5115966796875,20.990829467773438,-1952.467529296875
24.762426000001142,1,1.4125097999931313,2040,142092,142092,2,0,0,True,186.634521484375,1.0,0.0,0.00016954608145169914,6186,5,0.009823092259466648,-1111.72705078125,20.998245239257812,-1952.790771484375
24.77353380000568,1,1.4236175999976695,2050,142092,142092,2,0,0,True,186.74224853515625,1.0,0.0,-7.574674964416772e-05,6187,5,0.009890912100672722,-1111.9425048828125,21.00562286376953,-1953.1141357421875
24.784605900000315,1,1.4346896999923047,2057,142092,142092,2,0,0,True,186.8648223876953,1.0,0.0,1.0259020200464875e-05,6194,5,0.009958731010556221,-1112.2301025390625,21.015501022338867,-1953.5455322265625
24.795776700004353,1,1.4458604999963427,2077,142092,142092,2,0,0,True,186.971923828125,1.0,0.0,0.0002128623891621828,6208,5,0.010094295255839825,-1112.733642578125,21.032817840576172,-1954.3011474609375
24.806698000000324,1,1.4567817999923136,2085,142092,142092,2,0,0,True,187.07855224609375,1.0,0.0,-0.00017356144962832332,6220,5,0.010161660611629486,-1113.021484375,21.042646408081055,-1954.733154296875
24.817772900001728,1,1.4678566999937175,2092,142092,142092,2,0,0,True,187.21644592285156,1.0,0.0,-8.890355820767581e-05,6219,5,0.010206570848822594,-1113.2376708984375,21.04995346069336,-1955.057373046875
24.828774599998724,1,1.4788583999907132,2110,142092,142092,2,0,0,True,187.3251495361328,1.0,0.0,0.0006235173204913735,6213,5,0.010341301560401917,-1113.7421875,21.066743850708008,-1955.814453125
24.839933700000984,1,1.4900174999929732,2117,142092,142092,2,0,0,True,187.45872497558594,1.0,0.0,0.00025409445515833795,6205,5,0.010408666916191578,-1113.95849609375,21.0738582611084,-1956.13916015625
24.85081750000245,1,1.5009012999944389,2127,142092,142092,2,0,0,True,187.55697631835938,1.0,0.0,0.0003314556088298559,6206,5,0.01045357808470726,-1114.175048828125,21.080942153930664,-1956.4639892578125
24.862062400003197,1,1.5121461999951862,2142,142092,142092,2,0,0,True,187.6715087890625,1.0,0.0,-0.00015470296784769744,6222,5,0.010588308796286583,-1114.6805419921875,21.09744644165039,-1957.2225341796875
24.872889999998733,1,1.522973799990723,2152,142092,142092,2,0,0,True,187.76698303222656,1.0,0.0,0.0005426891730166972,6240,5,0.010655674152076244,-1114.8973388671875,21.104530334472656,-1957.5477294921875
24.883688700007042,1,1.5337724999990314,2160,142092,142092,2,0,0,True,187.8710479736328,1.0,0.0,0.00022956664906814694,6250,5,0.010723039507865906,-1115.1864013671875,21.114038467407227,-1957.9815673828125
24.894716299997526,1,1.5448000999895157,2167,142092,142092,2,0,0,True,188.00689697265625,1.0,0.0,0.0004571054014377296,6253,5,0.010790404863655567,-1115.4034423828125,21.121244430541992,-1958.30712890625
24.905685500008985,1,1.555769300000975,2185,142092,142092,2,0,0,True,188.11183166503906,1.0,0.0,-0.008684266358613968,6245,5,0.010903069749474525,-1115.9100341796875,21.138263702392578,-1959.0673828125
24.91680190000625,1,1.5668856999982381,2192,142092,142092,2,0,0,True,188.22142028808594,1.0,0.0,-0.011675353161990643,6234,5,0.010970694944262505,-1116.127197265625,21.14566993713379,-1959.393310546875
24.927652300000773,1,1.5777360999927623,2202,142092,142092,2,0,0,True,188.3567657470703,1.0,0.0,-0.009524935856461525,6229,5,0.01101577840745449,-1116.3446044921875,21.15320587158203,-1959.719482421875
24.938884200004395,1,1.5889679999963846,2220,142092,142092,2,0,0,True,188.46238708496094,1.0,0.0,-0.014730347320437431,6237,5,0.011151027865707874,-1116.852294921875,21.171401977539062,-1960.48095703125
24.950193299999228,1,1.6002770999912173,2230,142092,142092,2,0,0,True,188.5965576171875,1.0,0.0,-0.010147918947041035,6252,5,0.011241193860769272,-1117.1427001953125,21.18218421936035,-1960.9163818359375
24.961407299997518,1,1.6114910999895073,2237,142092,142092,2,0,0,True,188.7052459716797,1.0,0.0,-0.01783887855708599,6259,5,0.011308818124234676,-1117.4332275390625,21.193153381347656,-1961.3519287109375
24.972491200009244,1,1.622575000001234,2245,142092,142092,2,0,0,True,188.83876037597656,1.0,0.0,-0.012035938911139965,6260,5,0.011353901587426662,-1117.6513671875,21.201457977294922,-1961.6788330078125
24.98343229999591,1,1.6335160999879008,2262,142092,142092,2,0,0,True,188.947509765625,1.0,0.0,-0.011662357486784458,6257,5,0.011489151045680046,-1118.1607666015625,21.22102165222168,-1962.44189453125
24.99433119999594,1,1.64441499998793,2270,142092,142092,2,0,0,True,189.0503692626953,1.0,0.0,-0.011469869874417782,6255,5,0.011556772515177727,-1118.37939453125,21.229442596435547,-1962.7691650390625
25.005334900008165,1,1.6554187000001548,2280,142092,142092,2,0,0,True,189.16896057128906,1.0,0.0,-0.011532304808497429,6260,5,0.01160185132175684,-1118.5980224609375,21.237863540649414,-1963.096435546875
25.016503899998497,1,1.6665876999904867,2295,142092,142092,2,0,0,True,189.26385498046875,1.0,0.0,-0.010125864297151566,6279,5,0.011737087741494179,-1119.1087646484375,21.257455825805664,-1963.860595703125
25.027424700005213,1,1.6775084999972023,2305,142092,142092,2,0,0,True,189.3882293701172,1.0,0.0,-0.00906978640705347,6304,5,0.011804705485701561,-1119.327880859375,21.265792846679688,-1964.188232421875
25.03846560000966,1,1.6885494000016479,2320,142092,142092,2,0,0,True,189.49429321289062,1.0,0.0,-0.008678828366100788,6319,5,0.0119399419054389,-1119.8397216796875,21.28497886657715,-1964.953125
25.0494544999965,1,1.6995382999884896,2330,142092,142092,2,0,0,True,189.60072326660156,1.0,0.0,-0.009578980505466461,6318,5,0.011985020712018013,-1120.059326171875,21.293001174926758,-1965.2811279296875
25.060578400007216,1,1.7106621999992058,2337,142092,142092,2,0,0,True,189.74002075195312,1.0,0.0,-0.010191797278821468,6302,5,0.01205263938754797,-1120.352294921875,21.303464889526367,-1965.718505859375
25.071579499999643,1,1.7216632999916328,2345,142092,142092,2,0,0,True,189.84458923339844,1.0,0.0,-0.009994699619710445,6286,5,0.012120257131755352,-1120.572265625,21.311166763305664,-1966.0467529296875
25.082699599995976,1,1.7327833999879658,2362,142092,142092,2,0,0,True,189.9676055908203,1.0,0.0,-0.008848042227327824,6281,5,0.012255456298589706,-1121.0860595703125,21.32876968383789,-1966.81298828125
25.093675500000245,1,1.7437592999922344,2370,142092,142092,2,0,0,True,190.06471252441406,1.0,0.0,-0.008134188130497932,6299,5,0.01230038795620203,-1121.3065185546875,21.336225509643555,-1967.1416015625
25.105250599997817,1,1.7553343999898061,2380,142092,142092,2,0,0,True,190.19337463378906,1.0,0.0,-0.008823994547128677,6326,5,0.012367785908281803,-1121.527099609375,21.3436279296875,-1967.47021484375
25.11619349999819,1,1.766277299990179,2395,142092,142092,2,0,0,True,190.29754638671875,1.0,0.0,-0.009087767452001572,6339,5,0.012502580881118774,-1122.04248046875,21.36066436767578,-1968.2373046875
25.127301100001205,1,1.7773848999931943,2405,142092,142092,2,0,0,True,190.42784118652344,1.0,0.0,-0.008801271207630634,6328,5,0.012547512538731098,-1122.263671875,21.36783790588379,-1968.566162109375
25.138315600008355,1,1.788399400000344,2412,142092,142092,2,0,0,True,190.5340118408203,1.0,0.0,-0.009267954155802727,6310,5,0.012637375853955746,-1122.558837890625,21.37737274169922,-1969.0047607421875
25.149607500003185,1,1.7996912999951746,2430,142092,142092,2,0,0,True,190.66197204589844,1.0,0.0,-0.009279453195631504,6297,5,0.012749704532325268,-1123.0023193359375,21.391782760620117,-1969.6629638671875
25.16069960000459,1,1.8107833999965806,2437,142092,142092,2,0,0,True,190.75965881347656,1.0,0.0,-0.008976741693913937,6306,5,0.01281710248440504,-1123.2982177734375,21.401504516601562,-1970.1019287109375
25.171537400005036,1,1.8216211999970255,2445,142092,142092,2,0,0,True,190.86410522460938,1.0,0.0,-0.00876660831272602,6325,5,0.012884499505162239,-1123.5205078125,21.408857345581055,-1970.43115234375
25.182993700000225,1,1.8330774999922141,2462,142092,142092,2,0,0,True,190.99232482910156,1.0,0.0,-0.009114251472055912,6343,5,0.013018853962421417,-1124.039794921875,21.426254272460938,-1971.19970703125
25.193769000004977,1,1.8438527999969665,2470,142092,142092,2,0,0,True,191.094482421875,1.0,0.0,-0.00979323498904705,6346,5,0.013063432648777962,-1124.2625732421875,21.433815002441406,-1971.5291748046875
25.20476100000087,1,1.8548447999928612,2480,142092,142092,2,0,0,True,191.21646118164062,1.0,0.0,-0.00891086645424366,6340,5,0.013130301609635353,-1124.485595703125,21.441410064697266,-1971.8587646484375
25.215955200008466,1,1.8660390000004554,2495,142092,142092,2,0,0,True,191.3258056640625,1.0,0.0,-0.009070044383406639,6332,5,0.013264038600027561,-1125.0068359375,21.45937156677246,-1972.6279296875
25.226685900008306,1,1.8767697000002954,2505,142092,142092,2,0,0,True,191.43728637695312,1.0,0.0,-0.006727307103574276,6332,5,0.013330907560884953,-1125.23046875,21.46725845336914,-1972.9576416015625
25.237849400000414,1,1.8879331999924034,2512,142092,142092,2,0,0,True,191.5730743408203,1.0,0.0,-0.004651911091059446,6344,5,0.013397776521742344,-1125.529052734375,21.47781753540039,-1973.3974609375
25.24889040000562,1,1.8989741999976104,2530,142092,142092,2,0,0,True,191.6812744140625,1.0,0.0,-0.007561694830656052,6357,5,0.01350922416895628,-1125.9775390625,21.493471145629883,-1974.057373046875
25.2601496999996,1,1.910233499991591,2537,142092,142092,2,0,0,True,191.81207275390625,1.0,0.0,0.0010004030773416162,6356,5,0.013598382472991943,-1126.2769775390625,21.503694534301758,-1974.49755859375
25.270902899996145,1,1.9209866999881342,2545,142092,142092,2,0,0,True,191.90382385253906,1.0,0.0,0.0004916940233670175,6352,5,0.013642961159348488,-1126.501708984375,21.51127815246582,-1974.8277587890625
25.282068000000436,1,1.9321517999924254,2562,142092,142092,2,0,0,True,191.99269104003906,1.0,0.0,0.006108356174081564,6362,5,0.013773499056696892,-1127.0267333984375,21.5286922454834,-1975.598388671875
25.293235799996182,1,1.9433195999881718,2570,142092,142092,2,0,0,True,192.1024932861328,1.0,0.0,0.003036926733329892,6397,5,0.013838234357535839,-1127.2520751953125,21.535966873168945,-1975.9288330078125
25.30410500000289,1,1.9541887999948813,2580,142092,142092,2,0,0,True,192.1908721923828,1.0,0.0,0.00635912548750639,6423,5,0.013902969658374786,-1127.4774169921875,21.543113708496094,-1976.2593994140625
25.3148807999969,1,1.964964599988889,2595,142092,142092,2,0,0,True,192.31373596191406,1.0,0.0,0.006540239788591862,6430,5,0.014032441191375256,-1128.0040283203125,21.55939483642578,-1977.0308837890625
25.326053099997807,1,1.9761368999897968,2605,142092,142092,2,0,0,True,192.4199981689453,1.0,0.0,0.003154579782858491,6412,5,0.014097176492214203,-1128.2298583984375,21.5662841796875,-1977.361572265625
25.336800799996126,1,1.986884599988116,2612,142092,142092,2,0,0,True,192.56301879882812,1.0,0.0,0.0017291090916842222,6379,5,0.01416191179305315,-1128.5313720703125,21.57546615600586,-1977.802734375
25.347809500002768,1,1.9978932999947574,2620,142092,142092,2,0,0,True,192.67910766601562,1.0,0.0,-0.0006379415281116962,6364,5,0.014226648025214672,-1128.757568359375,21.58238410949707,-1978.1337890625
25.358738800001447,1,2.0088225999934366,2637,142092,142092,2,0,0,True,192.7877960205078,1.0,0.0,-0.0010128534631803632,6365,5,0.014356118626892567,-1129.2862548828125,21.59865379333496,-1978.9063720703125
25.370044399998733,1,2.0201281999907224,2647,142092,142092,2,0,0,True,192.91693115234375,1.0,0.0,-0.0021369275636970997,6384,5,0.014425012283027172,-1129.5130615234375,21.6057186126709,-1979.23779296875
25.381002199996146,1,2.031085999988136,2657,142092,142092,2,0,0,True,193.0160675048828,1.0,0.0,-0.002466703997924924,6399,5,0.014494738541543484,-1129.815673828125,21.615280151367188,-1979.6796875
25.392090100009227,1,2.0421739000012167,2672,142092,142092,2,0,0,True,193.1410369873047,1.0,0.0,-0.0022267731837928295,6408,5,0.014634189195930958,-1130.3460693359375,21.632495880126953,-1980.4532470703125
25.403129800004535,1,2.053213599996525,2682,142092,142092,2,0,0,True,193.2456817626953,1.0,0.0,-0.0017843323294073343,6407,5,0.014680673368275166,-1130.5736083984375,21.640052795410156,-1980.7850341796875
25.414177600003313,1,2.064261399995303,2690,142092,142092,2,0,0,True,193.3508758544922,1.0,0.0,-0.002074228134006262,6402,5,0.014773640781641006,-1130.8773193359375,21.650239944458008,-1981.2274169921875
25.42538919999788,1,2.07547299998987,2697,142092,142092,2,0,0,True,193.47816467285156,1.0,0.0,-0.0019191541941836476,6399,5,0.01482012402266264,-1131.1051025390625,21.657928466796875,-1981.559326171875
25.43664680000802,1,2.08673060000001,2717,142092,142092,2,0,0,True,193.57757568359375,1.0,0.0,-0.001291784574277699,6402,5,0.014959575608372688,-1131.637451171875,21.676021575927734,-1982.334228515625
25.448032100001,1,2.0981158999929903,2725,142092,142092,2,0,0,True,193.69790649414062,1.0,0.0,-0.0006304307607933879,6413,5,0.015029300935566425,-1131.9420166015625,21.686498641967773,-1982.7772216796875
25.45879750000313,1,2.1088812999951188,2735,142092,142092,2,0,0,True,193.79342651367188,1.0,0.0,-0.0007985326810739934,6426,5,0.015099026262760162,-1132.1705322265625,21.694421768188477,-1983.109619140625
25.469924200006062,1,2.1200079999980517,2750,142092,142092,2,0,0,True,193.9141387939453,1.0,0.0,-0.0003042827593162656,6443,5,0.0152341453358531,-1132.704345703125,21.71303367614746,-1983.885498046875
25.481064400009927,1,2.131148200001917,2760,142092,142092,2,0,0,True,194.01434326171875,1.0,0.0,0.00015176254964899272,6448,5,0.015279053710401058,-1132.9332275390625,21.721031188964844,-1984.2181396484375
25.49208290000388,1,2.142166699995869,2770,142092,142092,2,0,0,True,194.140625,1.0,0.0,-5.3799943998456e-05,6443,5,0.015368870459496975,-1133.23876953125,21.731740951538086,-1984.661865234375
25.50313900000765,1,2.1532227999996394,2777,142092,142092,2,0,0,True,194.24365234375,1.0,0.0,-0.0003336723893880844,6435,5,0.015436233021318913,-1133.54443359375,21.74252700805664,-1985.1058349609375
25.514196999996784,1,2.1642807999887737,2795,142092,142092,2,0,0,True,194.34767150878906,1.0,0.0,-0.0003222904051654041,6432,5,0.015570958144962788,-1134.079833984375,21.76176643371582,-1985.8831787109375
25.525366300003952,1,2.175450099995942,2802,142092,142092,2,0,0,True,194.47723388671875,1.0,0.0,-0.0006691686576232314,6436,5,0.0156383216381073,-1134.3095703125,21.770185470581055,-1986.216552734375
25.53656910000427,1,2.186652899996261,2812,142092,142092,2,0,0,True,194.5785675048828,1.0,0.0,-0.0005499919061549008,6444,5,0.015705682337284088,-1134.539306640625,21.778711318969727,-1986.550048828125
25.54746940000041,1,2.1975531999923987,2830,142092,142092,2,0,0,True,194.7064666748047,1.0,0.0,-0.0005381748196668923,6453,5,0.015840310603380203,-1135.0758056640625,21.799072265625,-1987.3284912109375
25.55864990000555,1,2.2087336999975378,2840,142092,142092,2,0,0,True,194.8139190673828,1.0,0.0,-0.0008855296764522791,6456,5,0.01590709015727043,-1135.3826904296875,21.81102180480957,-1987.773681640625
25.56983350000519,1,2.219917299997178,2847,142092,142092,2,0,0,True,194.94564819335938,1.0,0.0,-0.0004691576468758285,6456,5,0.01599612832069397,-1135.6898193359375,21.82314682006836,-1988.2191162109375
25.580801899996004,1,2.2308856999879936,2855,142092,142092,2,0,0,True,195.04928588867188,1.0,0.0,-0.0003739497624337673,6454,5,0.01604064553976059,-1135.9202880859375,21.832294464111328,-1988.55322265625
25.59186369999952,1,2.241947499991511,2872,142092,142092,2,0,0,True,195.1507110595703,1.0,0.0,-0.00021021353313699365,6454,5,0.016174202784895897,-1136.4583740234375,21.853757858276367,-1989.3333740234375
25.60318140000163,1,2.2532651999936206,2880,142092,142092,2,0,0,True,195.269775390625,1.0,0.0,0.00031746007152833045,6456,5,0.016240982338786125,-1136.689208984375,21.86301040649414,-1989.66796875
25.614021400004276,1,2.2641051999962656,2890,142092,142092,2,0,0,True,195.35772705078125,1.0,0.0,0.0005589980282820761,6470,5,0.016307760030031204,-1136.920166015625,21.872289657592773,-1990.002685546875
25.625201300004846,1,2.275285099996836,2905,142092,142092,2,0,0,True,195.47511291503906,1.0,0.0,-0.0001263426529476419,6493,5,0.01644131727516651,-1137.459228515625,21.893945693969727,-1990.7840576171875
25.63595300000452,1,2.286036799996509,2917,142092,142092,2,0,0,True,195.57778930664062,1.0,0.0,-0.00024447805481031537,6507,5,0.01648583635687828,-1137.6904296875,21.903200149536133,-1991.119140625
25.647217999998247,1,2.2973017999902368,2925,142092,142092,2,0,0,True,195.7084503173828,1.0,0.0,0.00022910286497790366,6510,5,0.0165992584079504,-1138.075927734375,21.918493270874023,-1991.6778564453125
25.65813280000293,1,2.308216599994921,2932,142092,142092,2,0,0,True,195.81576538085938,1.0,0.0,0.00044433772563934326,6500,5,0.01664547622203827,-1138.307373046875,21.927534103393555,-1992.0133056640625
25.669397999998182,1,2.3194817999901716,2950,142092,142092,2,0,0,True,195.92388916015625,1.0,0.0,-0.00030179257737472653,6486,5,0.01678413152694702,-1138.8477783203125,21.948217391967773,-1992.79638671875
25.68075200000021,1,2.330835799992201,2957,142092,142092,2,0,0,True,196.05328369140625,1.0,0.0,-0.00028002806357108057,6475,5,0.016853459179401398,-1139.07958984375,21.95694351196289,-1993.13232421875
25.691605300002266,1,2.3416890999942552,2965,142092,142092,2,0,0,True,196.15554809570312,1.0,0.0,0.00045507587492465973,6485,5,0.016899676993489265,-1139.3115234375,21.965595245361328,-1993.46826171875
25.702797699996154,1,2.3528814999881433,2982,142092,142092,2,0,0,True,196.2788543701172,1.0,0.0,-0.0002723888901527971,6509,5,0.017038332298398018,-1139.8529052734375,21.98526382446289,-1994.2528076171875
25.713860400006524,1,2.363944199998514,2990,142092,142092,2,0,0,True,196.37266540527344,1.0,0.0,-0.0008248226949945092,6525,5,0.017107659950852394,-1140.085205078125,21.993408203125,-1994.5892333984375
25.72488599999633,1,2.374969799988321,3007,142092,142092,2,0,0,True,196.4858856201172,1.0,0.0,-0.00026968761812895536,6530,5,0.017223205417394638,-1140.5499267578125,22.009204864501953,-1995.262451171875
25.735975500007044,1,2.386059299999033,3015,142092,142092,2,0,0,True,196.5742645263672,1.0,0.0,-8.472080662613735e-05,6529,5,0.01729220524430275,-1140.85986328125,22.019451141357422,-1995.71142578125
25.747003800002858,1,2.3970875999948476,3022,142092,142092,2,0,0,True,196.69198608398438,1.0,0.0,9.237301856046543e-05,6535,5,0.01735956408083439,-1141.092529296875,22.027013778686523,-1996.04833984375
25.75863670000399,1,2.4087204999959795,3040,142092,142092,2,0,0,True,196.7906036376953,1.0,0.0,0.0005831097951158881,6546,5,0.017471827566623688,-1141.5579833984375,22.041851043701172,-1996.7225341796875
25.769644900006824,1,2.4197286999988137,3047,142092,142092,2,0,0,True,196.91847229003906,1.0,0.0,0.0002118905249517411,6548,5,0.017561636865139008,-1141.86865234375,22.0515193939209,-1997.1722412109375
25.780995599998278,1,2.431079399990267,3055,142092,142092,2,0,0,True,197.02456665039062,1.0,0.0,-8.919643732951954e-05,6535,5,0.017606543377041817,-1142.1015625,22.058727264404297,-1997.5096435546875
25.79198940000788,1,2.442073199999868,3072,142092,142092,2,0,0,True,197.12986755371094,1.0,0.0,0.0002686708467081189,6520,5,0.017741259187459946,-1142.645751953125,22.075559616088867,-1998.2974853515625
25.803057900004205,1,2.453141699996195,3080,142092,142092,2,0,0,True,197.2534942626953,1.0,0.0,-6.28571942797862e-05,6517,5,0.017808616161346436,-1142.8790283203125,22.08282470703125,-1998.6353759765625
25.814148899997235,1,2.464232699989225,3090,142092,142092,2,0,0,True,197.35260009765625,1.0,0.0,0.0001826710649766028,6524,5,0.017875974997878075,-1143.1124267578125,22.09013557434082,-1998.973388671875
25.82526620000135,1,2.475349999993341,3105,142092,142092,2,0,0,True,197.4728240966797,1.0,0.0,0.00019763913587667048,6538,5,0.018010644242167473,-1143.657470703125,22.10752296447754,-1999.7625732421875
25.83651190000819,1,2.48659570000018,3115,142092,142092,2,0,0,True,197.56678771972656,1.0,0.0,-0.0001507789856987074,6548,5,0.018077721819281578,-1143.8912353515625,22.11516761779785,-2000.1009521484375
25.847298599997885,1,2.497382399989874,3122,142092,142092,2,0,0,True,197.69129943847656,1.0,0.0,-0.0003210368740838021,6553,5,0.018144799396395683,-1144.2030029296875,22.12554359436035,-2000.5523681640625
25.85859060000803,1,2.508674400000018,3140,142092,142092,2,0,0,True,197.7955322265625,1.0,0.0,0.0002242244954686612,6551,5,0.018256595358252525,-1144.6708984375,22.141521453857422,-2001.2298583984375
25.86979880000581,1,2.5198825999978,3147,142092,142092,2,0,0,True,197.92422485351562,1.0,0.0,0.000354457093635574,6549,5,0.018346032127738,-1144.9830322265625,22.15243148803711,-2001.681884765625
25.880784299995867,1,2.530868099987856,3155,142092,142092,2,0,0,True,198.02603149414062,1.0,0.0,0.000308145274175331,6549,5,0.018413107842206955,-1145.21728515625,22.160715103149414,-2002.02099609375
25.89184419999947,1,2.541927999991458,3172,142092,142092,2,0,0,True,198.12745666503906,1.0,0.0,-3.9672951970715076e-05,6552,5,0.018547262996435165,-1145.76416015625,22.180381774902344,-2002.812744140625
25.902929100004258,1,2.553012899996247,3180,142092,142092,2,0,0,True,198.24964904785156,1.0,0.0,-0.0005680064205080271,6557,5,0.01861434057354927,-1145.998779296875,22.18895721435547,-2003.15234375
25.91388469999947,1,2.5639684999914607,3190,142092,142092,2,0,0,True,198.3467254638672,1.0,0.0,0.0005747143877670169,6566,5,0.018659058958292007,-1146.2333984375,22.19759750366211,-2003.4920654296875
25.924999599999865,1,2.575083399991854,3205,142092,142092,2,0,0,True,198.4700927734375,1.0,0.0,0.0004678808618336916,6576,5,0.018794704228639603,-1146.7811279296875,22.217859268188477,-2004.2850341796875
25.93586490000598,1,2.585948699997971,3212,142092,142092,2,0,0,True,198.5676727294922,1.0,0.0,-0.00022230132890399545,6582,5,0.01886305771768093,-1147.0159912109375,22.226512908935547,-2004.6251220703125
25.947308400005568,1,2.5973921999975573,3230,142092,142092,2,0,0,True,198.6878662109375,1.0,0.0,-0.00013688534090761095,6588,5,0.018976980820298195,-1147.4862060546875,22.243667602539062,-2005.3057861328125
25.958186999996542,1,2.6082707999885315,3237,142092,142092,2,0,0,True,198.7820587158203,1.0,0.0,0.0006382630672305822,6589,5,0.019068120047450066,-1147.7996826171875,22.25495147705078,-2005.759765625
25.96939399999974,1,2.619477799991728,3245,142092,142092,2,0,0,True,198.87416076660156,1.0,0.0,0.0002427121071377769,6591,5,0.019113689661026,-1148.0350341796875,22.263370513916016,-2006.100341796875
25.980565600009868,1,2.6306494000018574,3255,142092,142092,2,0,0,True,198.9904327392578,1.0,0.0,0.0004017969476990402,6597,5,0.01918204315006733,-1148.2703857421875,22.271760940551758,-2006.4410400390625
25.99175820000528,1,2.6418419999972684,3270,142092,142092,2,0,0,True,199.08847045898438,1.0,0.0,0.0005397528875619173,6605,5,0.019318751990795135,-1148.8199462890625,22.291271209716797,-2007.2366943359375
26.00253270000394,1,2.652616499995929,3280,142092,142092,2,0,0,True,199.21469116210938,1.0,0.0,0.0008760833297856152,6609,5,0.019387105479836464,-1149.0555419921875,22.299625396728516,-2007.5777587890625
26.01365100000112,1,2.663734799993108,3295,142092,142092,2,0,0,True,199.3123779296875,1.0,0.0,0.0005444316193461418,6604,5,0.01952352561056614,-1149.605712890625,22.319133758544922,-2008.3743896484375
26.02462120000564,1,2.67470499999763,3302,142092,142092,2,0,0,True,199.43409729003906,1.0,0.0,0.00020203999883960932,6596,5,0.019568931311368942,-1149.8416748046875,22.32756805419922,-2008.7159423828125
26.035649700002978,1,2.685733499994967,3312,142092,142092,2,0,0,True,199.53395080566406,1.0,0.0,0.00010549584840191528,6595,5,0.019637038931250572,-1150.0777587890625,22.336105346679688,-2009.0576171875
26.046687900001416,1,2.6967716999934055,3327,142092,142092,2,0,0,True,199.63214111328125,1.0,0.0,-7.167550938902423e-05,6602,5,0.019773254171013832,-1150.628662109375,22.356542587280273,-2009.85546875
26.057895100006135,1,2.7079788999981247,3337,142092,142092,2,0,0,True,199.75726318359375,1.0,0.0,-0.00036147161154076457,6614,5,0.019841361790895462,-1150.864990234375,22.365489959716797,-2010.1976318359375
26.069196600001305,1,2.719280399993295,3345,142092,142092,2,0,0,True,199.8565216064453,1.0,0.0,-5.591070657828823e-05,6619,5,0.019909469410777092,-1151.1800537109375,22.377548217773438,-2010.654052734375
26.0802679000044,1,2.7303516999963904,3362,142092,142092,2,0,0,True,199.97938537597656,1.0,0.0,-0.0001382608461426571,6618,5,0.020045684650540352,-1151.653076171875,22.39591407775879,-2011.339111328125
26.09125789999962,1,2.741341699991608,3370,142092,142092,2,0,0,True,200.07749938964844,1.0,0.0,0.0001286782935494557,6617,5,0.020113792270421982,-1151.9686279296875,22.408357620239258,-2011.796142578125
26.102172200000496,1,2.752255999992485,3377,142092,142092,2,0,0,True,200.2007293701172,1.0,0.0,0.00010150913294637576,6618,5,0.020181769505143166,-1152.205322265625,22.417766571044922,-2012.1390380859375
26.113211100004264,1,2.7632948999962537,3392,142092,142092,2,0,0,True,200.29795837402344,1.0,0.0,0.0006590347620658576,6625,5,0.020316414535045624,-1152.758056640625,22.439821243286133,-2012.9395751953125
26.12425799999619,1,2.7743417999881785,3400,142092,142092,2,0,0,True,200.39479064941406,1.0,0.0,-0.00014544259465765208,6635,5,0.020361296832561493,-1152.9161376953125,22.44610023498535,-2013.16845703125
26.135300100009772,1,2.7853839000017615,3410,142092,142092,2,0,0,True,200.5072021484375,1.0,0.0,-9.433281229576096e-05,6646,5,0.020428620278835297,-1153.1531982421875,22.455469131469727,-2013.5118408203125
26.146372900009737,1,2.796456700001727,3425,142092,142092,2,0,0,True,200.59942626953125,1.0,0.0,6.663807289442047e-05,6650,5,0.020563265308737755,-1153.706787109375,22.47707748413086,-2014.3134765625
26.15762480000558,1,2.807708599997568,3435,142092,142092,2,0,0,True,200.7174072265625,1.0,0.0,0.00048529516789130867,6657,5,0.020608147606253624,-1153.944091796875,22.486249923706055,-2014.6572265625
26.16868770000292,1,2.8187714999949094,3442,142092,142092,2,0,0,True,200.81216430664062,1.0,0.0,0.00014234836271498352,6664,5,0.020697912201285362,-1154.2607421875,22.49834442138672,-2015.1158447265625
26.179767399997218,1,2.829851199989207,3460,142092,142092,2,0,0,True,200.93841552734375,1.0,0.0,-0.0003449873474892229,6670,5,0.020810116082429886,-1154.7359619140625,22.51611328125,-2015.8040771484375
26.19065980000596,1,2.84074359999795,3467,142092,142092,2,0,0,True,201.0367889404297,1.0,0.0,0.0007213270873762667,6663,5,0.020899951457977295,-1155.052978515625,22.52769660949707,-2016.26318359375
26.201784300006693,1,2.8518680999986827,3475,142092,142092,2,0,0,True,201.13449096679688,1.0,0.0,-0.0003655003965832293,6656,5,0.020967697724699974,-1155.2908935546875,22.53628921508789,-2016.607666015625
26.212831500000902,1,2.862915299992892,3492,142092,142092,2,0,0,True,201.25479125976562,1.0,0.0,-0.00010707782348617911,6655,5,0.021103190258145332,-1155.8463134765625,22.55604362487793,-2017.4119873046875
26.22382280000602,1,2.8739065999980085,3500,142092,142092,2,0,0,True,201.35208129882812,1.0,0.0,0.0006085806526243687,6661,5,0.02117093652486801,-1156.08447265625,22.56439971923828,-2017.7568359375
26.23491830000421,1,2.8850020999962,3510,142092,142092,2,0,0,True,201.469482421875,1.0,0.0,0.000522279180586338,6672,5,0.021216100081801414,-1156.3226318359375,22.572696685791016,-2018.1019287109375
26.246053199996823,1,2.896136999988812,3525,142092,142092,2,0,0,True,201.56240844726562,1.0,0.0,-4.03053782065399e-05,6678,5,0.02137417532503605,-1156.87890625,22.591840744018555,-2018.907470703125
26.257047200007946,1,2.9071309999999357,3535,142092,142092,2,0,0,True,201.6793975830078,1.0,0.0,-0.00018320225353818387,6680,5,0.0214193407446146,-1157.117431640625,22.5999813079834,-2019.2529296875
26.268194500007667,1,2.918278299999656,3550,142092,142092,2,0,0,True,201.77308654785156,1.0,0.0,-0.0002540241985116154,6678,5,0.02155483327805996,-1157.6744384765625,22.618921279907227,-2020.0594482421875
26.279321199996048,1,2.929404999988037,3560,142092,142092,2,0,0,True,201.86700439453125,1.0,0.0,0.0003559747710824013,6679,5,0.021622611209750175,-1157.9132080078125,22.627038955688477,-2020.4052734375
26.290829799996573,1,2.940913599988562,3567,142092,142092,2,0,0,True,201.9855499267578,1.0,0.0,0.0001369618548778817,6683,5,0.021713195368647575,-1158.2318115234375,22.637868881225586,-2020.8665771484375
26.301849700001185,1,2.9519334999931743,3575,142092,142092,2,0,0,True,202.0785675048828,1.0,0.0,0.00027018244145438075,6688,5,0.021758487448096275,-1158.4708251953125,22.64601707458496,-2021.212646484375
26.31290030000673,1,2.962984099998721,3592,142092,142092,2,0,0,True,202.19195556640625,1.0,0.0,0.00029430355061776936,6693,5,0.021917009726166725,-1159.02880859375,22.665164947509766,-2022.020751953125
26.32386730000144,1,2.973951099993428,3600,142092,142092,2,0,0,True,202.2852325439453,1.0,0.0,1.1652977264020592e-05,6697,5,0.021962301805615425,-1159.26806640625,22.67346954345703,-2022.3671875
26.334887600009097,1,2.9849714000010863,3617,142092,142092,2,0,0,True,202.40188598632812,1.0,0.0,-0.00015563324268441647,6699,5,0.022120825946331024,-1159.8267822265625,22.69318199157715,-2023.17626953125
26.345846700001857,1,2.9959304999938468,3625,142092,142092,2,0,0,True,202.4963836669922,1.0,0.0,9.39914389164187e-05,6702,5,0.022166118025779724,-1160.06640625,22.701799392700195,-2023.5230712890625
26.356766800003243,1,3.006850599995232,3632,142092,142092,2,0,0,True,202.59141540527344,1.0,0.0,0.00012672069715335965,6704,5,0.022234056144952774,-1160.3060302734375,22.710521697998047,-2023.8701171875
26.367844000007608,1,3.0179277999995975,3650,142092,142092,2,0,0,True,202.71304321289062,1.0,0.0,-9.334585774922743e-05,6707,5,0.02234729751944542,-1160.7855224609375,22.728347778320312,-2024.5645751953125
26.378698500004248,1,3.0287822999962373,3657,142092,142092,2,0,0,True,202.809326171875,1.0,0.0,-0.00026537402300164104,6710,5,0.02243797853589058,-1161.10546875,22.740528106689453,-2025.0277099609375
26.390149600003497,1,3.0402333999954863,3665,142092,142092,2,0,0,True,202.92984008789062,1.0,0.0,-0.0004637374368030578,6713,5,0.02250598929822445,-1161.345458984375,22.74981117248535,-2025.375244140625
26.40140460000839,1,3.0514884000003804,3682,142092,142092,2,0,0,True,203.02944946289062,1.0,0.0,-7.142263348214328e-05,6715,5,0.02261933870613575,-1161.82568359375,22.76873207092285,-2026.0706787109375
26.412413099998957,1,3.062496899990947,3690,142092,142092,2,0,0,True,203.15301513671875,1.0,0.0,-0.00016788333596196026,6718,5,0.02268734946846962,-1162.1461181640625,22.78156852722168,-2026.53466796875
26.423428199996124,1,3.0735119999881135,3697,142092,142092,2,0,0,True,203.2501220703125,1.0,0.0,-0.00026567865279503167,6720,5,0.02275536023080349,-1162.386474609375,22.791257858276367,-2026.8826904296875
26.43416070000967,1,3.0842445000016596,3715,142092,142092,2,0,0,True,203.34783935546875,1.0,0.0,1.5502882888540626e-07,6723,5,0.02289137989282608,-1162.94775390625,22.813894271850586,-2027.6954345703125
26.445274400000926,1,3.0953581999929156,3722,142092,142092,2,0,0,True,203.46612548828125,1.0,0.0,4.518197965808213e-05,6726,5,0.02295939065515995,-1163.1884765625,22.823558807373047,-2028.0439453125
26.45641169999726,1,3.1064954999892507,3732,142092,142092,2,0,0,True,203.5552215576172,1.0,0.0,-0.00030169490491971374,6735,5,0.02302740141749382,-1163.42919921875,22.833160400390625,-2028.3924560546875
26.467457100006868,1,3.1175408999988576,3747,142092,142092,2,0,0,True,203.66525268554688,1.0,0.0,-4.7617937525501475e-05,6752,5,0.02316294051706791,-1163.9913330078125,22.85511016845703,-2029.2064208984375
26.478830000007292,1,3.1289137999992818,3757,142092,142092,2,0,0,True,203.7486114501953,1.0,0.0,0.00032062121317721903,6762,5,0.02323063090443611,-1164.232421875,22.864290237426758,-2029.555419921875
26.48976369999582,1,3.139847499987809,3765,142092,142092,2,0,0,True,203.8555145263672,1.0,0.0,0.0003269215230830014,6772,5,0.023298319429159164,-1164.5538330078125,22.876340866088867,-2030.02099609375
26.50079810000898,1,3.150881900000968,3782,142092,142092,2,0,0,True,203.94570922851562,1.0,0.0,0.00036537597770802677,6778,5,0.02343370020389557,-1165.036376953125,22.894033432006836,-2030.7196044921875
26.511574600008316,1,3.161658400000306,3790,142092,142092,2,0,0,True,204.03814697265625,1.0,0.0,0.0006752376211807132,6778,5,0.023501388728618622,-1165.3582763671875,22.905576705932617,-2031.1856689453125
26.52280449999671,1,3.172888299988699,3797,142092,142092,2,0,0,True,204.1580352783203,1.0,0.0,0.0006602439098060131,6769,5,0.023569079115986824,-1165.5997314453125,22.914121627807617,-2031.5352783203125
26.533786100000725,1,3.1838698999927146,3815,142092,142092,2,0,0,True,204.25717163085938,1.0,0.0,0.00019607941794674844,6758,5,0.023727022111415863,-1166.16357421875,22.933889389038086,-2032.3516845703125
26.54488329999731,1,3.1949670999892987,3822,142092,142092,2,0,0,True,204.37904357910156,1.0,0.0,2.079621481243521e-06,6751,5,0.02377214841544628,-1166.4052734375,22.942346572875977,-2032.70166015625
26.55598089999694,1,3.2060646999889286,3832,142092,142092,2,0,0,True,204.47315979003906,1.0,0.0,0.003728148527443409,6756,5,0.02383936382830143,-1166.647216796875,22.950803756713867,-2033.0518798828125
26.56721120000293,1,3.2172949999949196,3847,142092,142092,2,0,0,True,204.58753967285156,1.0,0.0,0.004606499336659908,6765,5,0.023973606526851654,-1167.2117919921875,22.970632553100586,-2033.8695068359375
26.57828860000882,1,3.228372400000808,3857,142092,142092,2,0,0,True,204.6776885986328,1.0,0.0,0.002583630383014679,6771,5,0.02404072694480419,-1167.4539794921875,22.979215621948242,-2034.22021484375
26.589157199996407,1,3.2392409999883967,3865,142092,142092,2,0,0,True,204.76832580566406,1.0,0.0,0.0026655683759599924,6775,5,0.02413022145628929,-1167.77685546875,22.990785598754883,-2034.6878662109375
26.600546500005294,1,3.250630299997283,3880,142092,142092,2,0,0,True,204.8889617919922,1.0,0.0,0.004978630691766739,6777,5,0.024242088198661804,-1168.261474609375,23.00840187072754,-2035.3897705078125
26.611408400000073,1,3.2614921999920625,3887,142092,142092,2,0,0,True,204.9805145263672,1.0,0.0,0.0033363481052219868,6777,5,0.024309208616614342,-1168.50390625,23.017295837402344,-2035.740966796875
26.622495700008585,1,3.2725795000005746,3895,142092,142092,2,0,0,True,205.0935516357422,1.0,0.0,0.0026048405561596155,6778,5,0.02437633089721203,-1168.746337890625,23.02623748779297,-2036.09228515625
26.633436200005235,1,3.2835199999972247,3912,142092,142092,2,0,0,True,205.18569946289062,1.0,0.0,0.002566245151683688,6780,5,0.024510808289051056,-1169.3123779296875,23.047382354736328,-2036.9124755859375
26.64432150000357,1,3.29440529999556,3922,142092,142092,2,0,0,True,205.27716064453125,1.0,0.0,0.0025290693156421185,6784,5,0.024579351767897606,-1169.55517578125,23.05658721923828,-2037.26416015625
26.65543690000777,1,3.305520699999761,3930,142092,142092,2,0,0,True,205.3922882080078,1.0,0.0,0.0024290636647492647,6795,5,0.024670742452144623,-1169.87890625,23.068960189819336,-2037.7332763671875
26.666926000005333,1,3.3170097999973223,3945,142092,142092,2,0,0,True,205.48451232910156,1.0,0.0,0.0019800281152129173,6801,5,0.024784982204437256,-1170.3646240234375,23.08755874633789,-2038.4373779296875
26.677651799996966,1,3.327735599988955,3955,142092,142092,2,0,0,True,205.6006317138672,1.0,0.0,0.0019687821622937918,6803,5,0.024853523820638657,-1170.607666015625,23.09685707092285,-2038.7896728515625
26.688699699996505,1,3.3387834999884944,3970,142092,142092,2,0,0,True,205.69483947753906,1.0,0.0,0.003154130419716239,6803,5,0.024990610778331757,-1171.1749267578125,23.118528366088867,-2039.612060546875
26.69974569999613,1,3.349829499988118,3980,142092,142092,2,0,0,True,205.81089782714844,1.0,0.0,0.004379662219434977,6806,5,0.025059154257178307,-1171.418212890625,23.127750396728516,-2039.9647216796875
26.710877000004984,1,3.360960799996974,3987,142092,142092,2,0,0,True,205.9041290283203,1.0,0.0,0.0058160629123449326,6811,5,0.025127697736024857,-1171.7425537109375,23.139934539794922,-2040.4351806640625
26.721976100001484,1,3.3720598999934737,3995,142092,142092,2,0,0,True,205.99197387695312,1.0,0.0,0.007226531393826008,6815,5,0.025196241214871407,-1171.9859619140625,23.148977279663086,-2040.7882080078125
26.732877400005236,1,3.3829611999972258,4012,142092,142092,2,0,0,True,206.09750366210938,1.0,0.0,0.011785556562244892,6820,5,0.025332730263471603,-1172.5540771484375,23.169721603393555,-2041.6124267578125
26.743986200002837,1,3.3940699999948265,4020,142092,142092,2,0,0,True,206.18783569335938,1.0,0.0,0.010067226365208626,6827,5,0.025400875136256218,-1172.797607421875,23.178504943847656,-2041.9659423828125
26.75508020000416,1,3.405163999996148,4030,142092,142092,2,0,0,True,206.2969970703125,1.0,0.0,0.011162460781633854,6834,5,0.025469020009040833,-1173.0411376953125,23.187210083007812,-2042.3194580078125
26.766108800002257,1,3.416192599994247,4045,142092,142092,2,0,0,True,206.3884735107422,1.0,0.0,0.010870317928493023,6841,5,0.02560531161725521,-1173.609619140625,23.20716667175293,-2043.1451416015625
26.777234399996814,1,3.427318199988804,4055,142092,142092,2,0,0,True,206.5025177001953,1.0,0.0,0.009700773283839226,6837,5,0.025673456490039825,-1173.8533935546875,23.215560913085938,-2043.499267578125
26.788393599999836,1,3.4384773999918252,4070,142092,142092,2,0,0,True,206.5906524658203,1.0,0.0,0.011350254528224468,6830,5,0.025809748098254204,-1174.422119140625,23.234994888305664,-2044.3260498046875
26.799526100003277,1,3.4496098999952665,4080,142092,142092,2,0,0,True,206.679443359375,1.0,0.0,0.009331192821264267,6828,5,0.02587789297103882,-1174.6658935546875,23.24330711364746,-2044.6806640625
26.81067439999606,1,3.4607581999880495,4087,142092,142092,2,0,0,True,206.7912139892578,1.0,0.0,0.00881090946495533,6833,5,0.025968510657548904,-1174.990966796875,23.25439453125,-2045.1536865234375
26.82162509999762,1,3.4717088999896077,4097,142092,142092,2,0,0,True,206.87930297851562,1.0,0.0,0.008263608440756798,6840,5,0.026012970134615898,-1175.23486328125,23.26272964477539,-2045.508544921875
26.832740900004865,1,3.482824699996854,4112,142092,142092,2,0,0,True,206.98780822753906,1.0,0.0,0.007896728813648224,6847,5,0.0261685773730278,-1175.8038330078125,23.282312393188477,-2046.33740234375
26.84375500000897,1,3.493838800000958,4120,142092,142092,2,0,0,True,207.0757598876953,1.0,0.0,0.007842887192964554,6848,5,0.026235267519950867,-1176.0477294921875,23.290800094604492,-2046.69287109375
26.85513520000677,1,3.5052189999987604,4137,142092,142092,2,0,0,True,207.1872100830078,1.0,0.0,0.008207940496504307,6849,5,0.026368645951151848,-1176.6168212890625,23.310949325561523,-2047.5230712890625
26.865942700009327,1,3.516026500001317,4145,142092,142092,2,0,0,True,207.27505493164062,1.0,0.0,0.008126763626933098,6851,5,0.026435334235429764,-1176.8607177734375,23.31974220275879,-2047.8790283203125
26.876976600004127,1,3.5270603999961168,4155,142092,142092,2,0,0,True,207.38917541503906,1.0,0.0,0.00845061894506216,6854,5,0.02650202251970768,-1177.1046142578125,23.32863998413086,-2048.235107421875
26.887889699995867,1,3.5379734999878565,4170,142092,142092,2,0,0,True,207.48013305664062,1.0,0.0,0.008677610196173191,6857,5,0.02663540095090866,-1177.673583984375,23.349830627441406,-2049.06689453125
26.89867910000612,1,3.54876289999811,4180,142092,142092,2,0,0,True,207.57052612304688,1.0,0.0,0.008534957654774189,6860,5,0.026702899485826492,-1177.91748046875,23.359088897705078,-2049.423828125
26.90977890000795,1,3.5598626999999397,4187,142092,142092,2,0,0,True,207.68589782714844,1.0,0.0,0.008733741007745266,6864,5,0.02679397724568844,-1178.24267578125,23.371570587158203,-2049.899658203125
26.920834000004106,1,3.5709177999960957,4195,142092,142092,2,0,0,True,207.7759246826172,1.0,0.0,0.009643646888434887,6866,5,0.026862286031246185,-1178.4864501953125,23.381011962890625,-2050.2568359375
26.931625600002008,1,3.581709399993997,4212,142092,142092,2,0,0,True,207.86544799804688,1.0,0.0,0.0094255730509758,6867,5,0.02699890173971653,-1179.055419921875,23.403244018554688,-2051.091064453125
26.942474499999662,1,3.5925582999916514,4220,142092,142092,2,0,0,True,207.9758758544922,1.0,0.0,0.008396582677960396,6871,5,0.027067210525274277,-1179.29931640625,23.412818908691406,-2051.44873046875
26.953478399998858,1,3.603562199990847,4227,142092,142092,2,0,0,True,208.0664825439453,1.0,0.0,0.008582265116274357,6876,5,0.027112748473882675,-1179.5430908203125,23.42239761352539,-2051.806640625
26.964733800006798,1,3.614817599998787,4245,142092,142092,2,0,0,True,208.17425537109375,1.0,0.0,0.00898369774222374,6886,5,0.027272135019302368,-1180.1119384765625,23.444591522216797,-2052.642578125
26.97589909999806,1,3.625982899990049,4252,142092,142092,2,0,0,True,208.25860595703125,1.0,0.0,0.009043325670063496,6892,5,0.027317672967910767,-1180.355712890625,23.453964233398438,-2053.001220703125
26.987103899999056,1,3.6371876999910455,4260,142092,142092,2,0,0,True,208.36492919921875,1.0,0.0,0.007897081784904003,6895,5,0.027385981753468513,-1180.5994873046875,23.463253021240234,-2053.35986328125
26.998265300004277,1,3.648349099996267,4280,142092,142092,2,0,0,True,208.44667053222656,1.0,0.0,0.007673946674913168,6899,5,0.027546467259526253,-1181.168212890625,23.484617233276367,-2054.197509765625
27.009475900005782,1,3.6595596999977715,4285,142092,142092,2,0,0,True,208.5511932373047,1.0,0.0,0.007626521401107311,6909,5,0.02761528454720974,-1181.4931640625,23.496597290039062,-2054.676513671875
27.020399400003953,1,3.6704831999959424,4295,142092,142092,2,0,0,True,208.6357421875,1.0,0.0,0.007081389892846346,6911,5,0.027661161497235298,-1181.6556396484375,23.502521514892578,-2054.916259765625
27.031606000004103,1,3.681689799996093,4312,142092,142092,2,0,0,True,208.7231903076172,1.0,0.0,0.006954436656087637,6909,5,0.027798794209957123,-1182.22412109375,23.523073196411133,-2055.755615234375
27.04266780000762,1,3.6927515999996103,4320,142092,142092,2,0,0,True,208.83563232421875,1.0,0.0,0.007603538688272238,6904,5,0.02789054811000824,-1182.5489501953125,23.53476905822754,-2056.235595703125
27.053749300001073,1,3.703833099993062,4327,142092,142092,2,0,0,True,208.92752075195312,1.0,0.0,0.008313078433275223,6902,5,0.027959365397691727,-1182.79248046875,23.54353904724121,-2056.595947265625
27.064923900004942,1,3.7150076999969315,4345,142092,142092,2,0,0,True,209.03810119628906,1.0,0.0,0.009375233203172684,6903,5,0.028074057772755623,-1183.279541015625,23.561092376708984,-2057.317138671875
27.07599189999746,1,3.726075699989451,4352,142092,142092,2,0,0,True,209.12448120117188,1.0,0.0,0.00927167572081089,6905,5,0.028164394199848175,-1183.6041259765625,23.57286262512207,-2057.79833984375
27.087073300004704,1,3.7371570999966934,4367,142092,142092,2,0,0,True,209.232421875,1.0,0.0,0.009295678697526455,6911,5,0.02829635515809059,-1184.0909423828125,23.5906982421875,-2058.520751953125
27.09812770001008,1,3.7482115000020713,4377,142092,142092,2,0,0,True,209.3182373046875,1.0,0.0,0.009212110191583633,6916,5,0.02834034152328968,-1184.334228515625,23.599695205688477,-2058.882080078125
27.10913199999777,1,3.759215799989761,4385,142092,142092,2,0,0,True,209.40330505371094,1.0,0.0,0.008948717266321182,6920,5,0.028428316116333008,-1184.6585693359375,23.61174774169922,-2059.364501953125
27.120390700001735,1,3.7704744999937247,4395,142092,142092,2,0,0,True,209.5086669921875,1.0,0.0,0.008648183196783066,6922,5,0.028494294732809067,-1184.9017333984375,23.620817184448242,-2059.7265625
27.131546000004164,1,3.7816297999961535,4410,142092,142092,2,0,0,True,209.5948486328125,1.0,0.0,0.008623172529041767,6923,5,0.028648247942328453,-1185.468994140625,23.642120361328125,-2060.57177734375
27.14261070000066,1,3.792694499992649,4420,142092,142092,2,0,0,True,209.70193481445312,1.0,0.0,0.008480967953801155,6928,5,0.02871422842144966,-1185.7120361328125,23.651309967041016,-2060.934326171875
27.154037600004813,1,3.804121399996802,4427,142092,142092,2,0,0,True,209.78915405273438,1.0,0.0,0.008216889575123787,6933,5,0.02880220301449299,-1186.0360107421875,23.663585662841797,-2061.418212890625
27.165122500009602,1,3.8152063000015914,4445,142092,142092,2,0,0,True,209.8984832763672,1.0,0.0,0.008488464169204235,6938,5,0.028915857896208763,-1186.5218505859375,23.681970596313477,-2062.14453125
27.176055200005067,1,3.826138999997056,4452,142092,142092,2,0,0,True,209.98312377929688,1.0,0.0,0.009502994827926159,6940,5,0.02900804579257965,-1186.845703125,23.694162368774414,-2062.629150390625
27.186820600007195,1,3.8369043999991845,4460,142092,142092,2,0,0,True,210.0672607421875,1.0,0.0,0.009058771654963493,6942,5,0.029077187180519104,-1187.0885009765625,23.703250885009766,-2062.99267578125
27.198033000007854,1,3.8481167999998434,4477,142092,142092,2,0,0,True,210.17164611816406,1.0,0.0,0.007938836701214314,6946,5,0.02921547181904316,-1187.6549072265625,23.724281311035156,-2063.842041015625
27.208919400000013,1,3.859003199992003,4487,142092,142092,2,0,0,True,210.25660705566406,1.0,0.0,0.007836014963686466,6952,5,0.029284613206982613,-1187.8975830078125,23.733217239379883,-2064.206298828125
27.219879299998865,1,3.869963099990855,4495,142092,142092,2,0,0,True,210.36656188964844,1.0,0.0,0.00900749396532774,6960,5,0.029353754594922066,-1188.2210693359375,23.745019912719727,-2064.6923828125
27.231631100003142,1,3.8817148999951314,4512,142092,142092,2,0,0,True,210.45494079589844,1.0,0.0,0.009929599240422249,6961,5,0.029515085741877556,-1188.787109375,23.76527976989746,-2065.543701171875
27.242512299999362,1,3.8925960999913514,4520,142092,142092,2,0,0,True,210.56089782714844,1.0,0.0,0.009092437103390694,6957,5,0.029584098607301712,-1189.0296630859375,23.773799896240234,-2065.90869140625
27.253551600006176,1,3.9036353999981657,4530,142092,142092,2,0,0,True,210.64706420898438,1.0,0.0,0.009163040667772293,6955,5,0.029629679396748543,-1189.2720947265625,23.78223991394043,-2066.274169921875
27.264642499998445,1,3.914726299990434,4545,142092,142092,2,0,0,True,210.75791931152344,1.0,0.0,0.010267594829201698,6960,5,0.029789213091135025,-1189.8377685546875,23.80162239074707,-2067.12744140625
27.275600799999665,1,3.925684599991655,4555,142092,142092,2,0,0,True,210.8392791748047,1.0,0.0,0.010001816786825657,6970,5,0.029834793880581856,-1190.080078125,23.809715270996094,-2067.493408203125
27.286694700000226,1,3.936778499992215,4562,142092,142092,2,0,0,True,210.9180145263672,1.0,0.0,0.008465117774903774,6978,5,0.029925955459475517,-1190.4033203125,23.820261001586914,-2067.981689453125
27.29781550000189,1,3.9478992999938782,4570,142092,142092,2,0,0,True,211.00894165039062,1.0,0.0,0.006510021165013313,6979,5,0.02999432571232319,-1190.6455078125,23.82802391052246,-2068.347900390625
27.309131600006367,1,3.9592153999983566,4587,142092,142092,2,0,0,True,211.0800018310547,1.0,0.0,0.006581313908100128,6982,5,0.03013106994330883,-1191.210693359375,23.845903396606445,-2069.20361328125
27.319999100000132,1,3.9700828999921214,4597,142092,142092,2,0,0,True,211.179931640625,1.0,0.0,0.005545569118112326,6997,5,0.030199440196156502,-1191.4527587890625,23.853487014770508,-2069.570556640625
27.33111440000357,1,3.9811981999955606,4607,142092,142092,2,0,0,True,211.26678466796875,1.0,0.0,0.0028915158472955227,7000,5,0.030312811955809593,-1191.775390625,23.863529205322266,-2070.060302734375
27.341915199998766,1,3.9919989999907557,4622,142092,142092,2,0,0,True,211.34994506835938,1.0,0.0,0.00232860934920609,6991,5,0.03044258803129196,-1192.3399658203125,23.881181716918945,-2070.91796875
27.352859799997532,1,4.002943599989521,4632,142092,142092,2,0,0,True,211.45596313476562,1.0,0.0,0.006807142868638039,6979,5,0.03050747513771057,-1192.581787109375,23.888879776000977,-2071.28564453125
27.3640247000003,1,4.01410849999229,4640,142092,142092,2,0,0,True,211.5390167236328,1.0,0.0,0.0009366378653794527,6978,5,0.0305939931422472,-1192.904052734375,23.89936637878418,-2071.776611328125
27.375075899995863,1,4.025159699987853,4647,142092,142092,2,0,0,True,211.6332244873047,1.0,0.0,0.006071027368307114,6987,5,0.03063725121319294,-1193.145751953125,23.907424926757812,-2072.14501953125
27.386100000003353,1,4.036183799995342,4665,142092,142092,2,0,0,True,211.7106475830078,1.0,0.0,-0.0007298780838027596,6997,5,0.030788656324148178,-1193.709228515625,23.92705535888672,-2073.005126953125
27.397197199999937,1,4.047280999991926,4672,142092,142092,2,0,0,True,211.81373596191406,1.0,0.0,-0.0019453748827800155,7006,5,0.030853543430566788,-1193.95068359375,23.935901641845703,-2073.374267578125
27.408253000001423,1,4.058336799993413,4682,142092,142092,2,0,0,True,211.90464782714844,1.0,0.0,-0.0017391900764778256,7008,5,0.030918432399630547,-1194.19189453125,23.945043563842773,-2073.743408203125
27.41945260000648,1,4.069536399998469,4697,142092,142092,2,0,0,True,211.99571228027344,1.0,0.0,-0.004169159103184938,7009,5,0.03107765130698681,-1194.7547607421875,23.967477798461914,-2074.60546875
27.43062820000341,1,4.080711999995401,4707,142092,142092,2,0,0,True,212.1109161376953,1.0,0.0,0.0006535346037708223,7008,5,0.031125374138355255,-1194.995849609375,23.977474212646484,-2074.975341796875
27.44170330000634,1,4.091787099998328,4715,142092,142092,2,0,0,True,212.19931030273438,1.0,0.0,0.002425710204988718,7007,5,0.031220821663737297,-1195.3173828125,23.99111557006836,-2075.46875
27.453042900000582,1,4.103126699992572,4732,142092,142092,2,0,0,True,212.30775451660156,1.0,0.0,0.0022748743649572134,7003,5,0.031363993883132935,-1195.8797607421875,24.01576805114746,-2076.3330078125
27.46406320000824,1,4.11414700000023,4742,142092,142092,2,0,0,True,212.39031982421875,1.0,0.0,0.0022409751545637846,7002,5,0.03143557906150818,-1196.120849609375,24.02655792236328,-2076.70361328125
27.474949900002684,1,4.125033699994674,4750,142092,142092,2,0,0,True,212.48667907714844,1.0,0.0,0.0017814228776842356,7011,5,0.03150716423988342,-1196.442138671875,24.041013717651367,-2077.197998046875
27.485851799996453,1,4.135935599988443,4767,142092,142092,2,0,0,True,212.5617218017578,1.0,0.0,0.00025201408425346017,7024,5,0.03165033459663391,-1197.0045166015625,24.066287994384766,-2078.06396484375
27.496831700002076,1,4.146915499994066,4775,142092,142092,2,0,0,True,212.65475463867188,1.0,0.0,0.0005056345835328102,7037,5,0.03176863491535187,-1197.2454833984375,24.077075958251953,-2078.435546875
27.508007099997485,1,4.158090899989475,4785,142092,142092,2,0,0,True,212.73251342773438,1.0,0.0,0.00038266065530478954,7043,5,0.03179048374295235,-1197.4864501953125,24.087854385375977,-2078.806884765625
27.51912140000786,1,4.169205199999851,4800,142092,142092,2,0,0,True,212.8125,1.0,0.0,0.00019991182489320636,7044,5,0.03194341063499451,-1198.048828125,24.11296272277832,-2079.67431640625
27.5304799000005,1,4.18056369999249,4810,142092,142092,2,0,0,True,212.91912841796875,1.0,0.0,5.703795613953844e-05,7042,5,0.03200894966721535,-1198.289794921875,24.123703002929688,-2080.04638671875
27.54192740000144,1,4.192011199993431,4817,142092,142092,2,0,0,True,213.0076141357422,1.0,0.0,0.0011528233299031854,7037,5,0.03209633752703667,-1198.6112060546875,24.138019561767578,-2080.54248046875
27.552758699996048,1,4.202842499988037,4825,142092,142092,2,0,0,True,213.1170654296875,1.0,0.0,0.0013118712231516838,7035,5,0.03214003145694733,-1198.852294921875,24.14876365661621,-2080.914794921875
27.563763500002096,1,4.213847299994086,4842,142092,142092,2,0,0,True,213.2011260986328,1.0,0.0,0.0013483372749760747,7035,5,0.03229295834898949,-1199.4149169921875,24.173828125,-2081.783935546875
27.574923000007402,1,4.225006799999392,4850,142092,142092,2,0,0,True,213.30538940429688,1.0,0.0,0.001050624530762434,7038,5,0.032358501106500626,-1199.6561279296875,24.184579849243164,-2082.15673828125
27.586168299996643,1,4.236252099988633,4860,142092,142092,2,0,0,True,213.38702392578125,1.0,0.0,0.0013322043232619762,7042,5,0.032424040138721466,-1199.8973388671875,24.195356369018555,-2082.52978515625
27.597212799999397,1,4.247296599991387,4875,142092,142092,2,0,0,True,213.48291015625,1.0,0.0,0.0014058307278901339,7047,5,0.032576706260442734,-1200.460205078125,24.22054672241211,-2083.400390625
27.608428200008348,1,4.258512000000337,4885,142092,142092,2,0,0,True,213.5594940185547,1.0,0.0,0.00027449577464722097,7051,5,0.03264210373163223,-1200.701416015625,24.23133087158203,-2083.77392578125
27.619813400000567,1,4.269897199992556,4902,142092,142092,2,0,0,True,213.65110778808594,1.0,0.0,0.0001623362477403134,7054,5,0.03279469534754753,-1201.264404296875,24.256513595581055,-2084.6455078125
27.63105809999979,1,4.2811418999917805,4912,142092,142092,2,0,0,True,213.7255401611328,1.0,0.0,0.0008400867809541523,7059,5,0.03288189321756363,-1201.5863037109375,24.270965576171875,-2085.14404296875
27.641892900006496,1,4.291976699998486,4920,142092,142092,2,0,0,True,213.8218994140625,1.0,0.0,0.0007098804344423115,7066,5,0.03296908736228943,-1201.9080810546875,24.28546142578125,-2085.642578125
27.653127400000812,1,4.303211199992802,4927,142092,142092,2,0,0,True,213.900390625,1.0,0.0,-9.764816786628217e-05,7070,5,0.03303448483347893,-1202.1495361328125,24.296377182006836,-2086.0166015625
27.663859899999807,1,4.313943699991796,4945,142092,142092,2,0,0,True,213.97903442382812,1.0,0.0,0.0005692627746611834,7069,5,0.03318726643919945,-1202.7130126953125,24.322067260742188,-2086.89013671875
27.674964200006798,1,4.325047999998787,4952,142092,142092,2,0,0,True,214.0808563232422,1.0,0.0,0.00025283050490543246,7068,5,0.03325304388999939,-1202.95458984375,24.33322525024414,-2087.2646484375
27.686085900000762,1,4.336169699992752,4962,142092,142092,2,0,0,True,214.15773010253906,1.0,0.0,4.0621322114020586e-05,7068,5,0.03331881761550903,-1203.1962890625,24.344482421875,-2087.63916015625
27.697462600001018,1,4.347546399993007,4977,142092,142092,2,0,0,True,214.2537384033203,1.0,0.0,0.00015946239000186324,7072,5,0.03345036879181862,-1203.7601318359375,24.371240615844727,-2088.513671875
27.708677900009206,1,4.358761700001196,4987,142092,142092,2,0,0,True,214.3275909423828,1.0,0.0,-1.0396441211923957e-05,7076,5,0.03351614251732826,-1204.001953125,24.382976531982422,-2088.888671875
27.71972020000976,1,4.36980400000175,4995,142092,142092,2,0,0,True,214.18145751953125,1.0,1.0,0.001049822079949081,7062,5,0.03360384330153465,-1204.32421875,24.398908615112305,-2089.388916015625
27.7308830999973,1,4.380966899989289,5005,142092,142092,2,0,0,True,213.73416137695312,1.0,1.0,0.000518742308486253,6925,5,0.033669620752334595,-1204.5660400390625,24.411094665527344,-2089.76416015625
27.741898799999035,1,4.3919825999910245,5020,142092,142092,2,0,0,True,213.20677185058594,0.5098039507865906,1.0,-0.0008345183450728655,6686,5,0.03382309526205063,-1205.129150390625,24.440322875976562,-2090.63818359375
27.75263280000945,1,4.40271660000144,5030,142092,142092,2,0,0,True,212.48284912109375,0.0,1.0,-0.0013914592564105988,6175,5,0.03388917073607445,-1205.3697509765625,24.453237533569336,-2091.01171875
27.763433500003885,1,4.413517299995874,5040,142092,142092,2,0,0,True,211.84341430664062,0.0,1.0,-0.0006120749749243259,6073,5,0.033977676182985306,-1205.689697265625,24.47088623046875,-2091.508544921875
27.77447299999767,1,4.424556799989659,5055,142092,142092,2,0,0,True,210.96224975585938,0.0,1.0,5.0384231144562364e-05,6413,5,0.03413256257772446,-1206.247314453125,24.503019332885742,-2092.37451171875
27.78523999999743,1,4.435323799989419,5065,142092,142092,2,0,0,True,210.2244873046875,0.0,1.0,-0.0006682152161374688,6732,5,0.034176815301179886,-1206.4853515625,24.517234802246094,-2092.744140625
27.796390000003157,1,4.446473799995147,5072,142092,142092,2,0,0,True,209.49053955078125,0.0,1.0,0.00010989236761815846,6834,5,0.034265320748090744,-1206.8016357421875,24.536548614501953,-2093.235595703125
27.80777690000832,1,4.45786070000031,5080,142092,142092,2,0,0,True,208.6245880126953,0.0,1.0,-0.0025244676508009434,6620,5,0.03433170169591904,-1207.0380859375,24.5512752532959,-2093.60302734375
27.818928299995605,1,4.469012099987594,5097,142092,142092,2,0,0,True,207.9650421142578,0.0,1.0,-0.0018903098534792662,6349,5,0.03448658809065819,-1207.58740234375,24.586257934570312,-2094.456787109375
27.82998100000259,1,4.4800647999945795,5105,142092,142092,2,0,0,True,207.1646270751953,0.0,1.0,-0.0023749859537929296,6165,5,0.03455296531319618,-1207.8218994140625,24.601428985595703,-2094.8212890625
27.84112169999571,1,4.4912054999877,5115,142092,142092,2,0,0,True,206.5052032470703,0.0,1.0,0.0003916522255167365,6200,5,0.034597914665937424,-1208.0557861328125,24.616662979125977,-2095.184814453125
27.85212500000489,1,4.502208799996879,5132,142092,142092,2,0,0,True,205.6759490966797,0.0,1.0,-0.001743554137647152,6331,5,0.0347786471247673,-1208.6767578125,24.657346725463867,-2096.150390625
27.862853300001007,1,4.512937099992996,5142,142092,142092,2,0,0,True,205.00086975097656,0.0,1.0,-0.0020208803471177816,6370,5,0.03482383117079735,-1208.9085693359375,24.672544479370117,-2096.5107421875
27.87388369999826,1,4.523967499990249,5150,142092,142092,2,0,0,True,204.35008239746094,0.0,1.0,-0.003172385971993208,6308,5,0.03491419553756714,-1209.216796875,24.69269561767578,-2096.989990234375
27.884831700008363,1,4.534915500000352,5157,142092,142092,2,0,0,True,203.57501220703125,0.0,1.0,-0.0023708567023277283,6140,5,0.034981969743967056,-1209.447265625,24.707712173461914,-2097.348388671875
27.895773299998837,1,4.545857099990826,5175,142092,142092,2,0,0,True,202.95648193359375,0.0,1.0,-0.002255359897390008,6039,5,0.03511751815676689,-1209.98291015625,24.742258071899414,-2098.181640625
27.906637399995816,1,4.5567211999878054,5182,142092,142092,2,0,0,True,202.3027801513672,0.0,1.0,-0.0014425006229430437,6003,5,0.03518529236316681,-1210.211669921875,24.756805419921875,-2098.537353515625
27.917726200001198,1,4.567809999993187,5192,142092,142092,2,0,0,True,201.4365997314453,0.0,1.0,-0.0015587775269523263,6039,5,0.035230472683906555,-1210.4398193359375,24.771209716796875,-2098.892333984375
27.929036400004406,1,4.579120199996396,5210,142092,142092,2,0,0,True,200.75621032714844,0.0,1.0,-2.0585110178217292e-05,6053,5,0.03539044409990311,-1210.969970703125,24.80443572998047,-2099.716796875
27.94009659999574,1,4.59018039998773,5217,142092,142092,2,0,0,True,199.91738891601562,0.0,1.0,-0.002104503568261862,5901,5,0.03545943647623062,-1211.2713623046875,24.823251724243164,-2100.185791015625
27.951291400007904,1,4.601375199999893,5227,142092,142092,2,0,0,True,199.19619750976562,0.0,1.0,-0.0033378060907125473,5776,5,0.035528432577848434,-1211.496826171875,24.8372745513916,-2100.53662109375
27.962312800009386,1,4.612396600001375,5235,142092,142092,2,0,0,True,198.27479553222656,0.0,1.0,-0.003194344462826848,5824,5,0.03559742867946625,-1211.7965087890625,24.855873107910156,-2101.0029296875
27.973165999996127,1,4.623249799988116,5252,142092,142092,2,0,0,True,197.53268432617188,0.0,1.0,-0.001876841764897108,5968,5,0.035735417157411575,-1212.3182373046875,24.88841438293457,-2101.81494140625
27.984212800001842,1,4.6342965999938315,5260,142092,142092,2,0,0,True,196.8189697265625,0.0,1.0,-0.002403079066425562,6107,5,0.03580440953373909,-1212.5406494140625,24.902433395385742,-2102.1611328125
27.99543860000267,1,4.645522399994661,5270,142092,142092,2,0,0,True,195.90707397460938,0.0,1.0,-0.0011417402420192957,6129,5,0.0358504094183445,-1212.7625732421875,24.916513442993164,-2102.506591796875
28.006460000004154,1,4.656543799996143,5287,142092,142092,2,0,0,True,195.1757049560547,0.0,1.0,-0.0023494067136198282,6068,5,0.035988397896289825,-1213.2779541015625,24.94944953918457,-2103.308837890625
28.01754179999989,1,4.667625599991879,5297,142092,142092,2,0,0,True,194.29425048828125,0.0,1.0,-0.0008978325058706105,5977,5,0.03607849031686783,-1213.57080078125,24.96839714050293,-2103.76513671875
28.028653900008067,1,4.678737700000056,5305,142092,142092,2,0,0,True,193.6083221435547,0.0,1.0,-0.0014161410508677363,5932,5,0.03614520654082298,-1213.8626708984375,24.98750114440918,-2104.219482421875
28.039577400006237,1,4.689661199998227,5312,142092,142092,2,0,0,True,192.7781219482422,0.0,1.0,0.0005169804207980633,5891,5,0.03621192276477814,-1214.080810546875,25.00193977355957,-2104.559326171875
28.050656200008234,1,4.7007400000002235,5330,142092,142092,2,0,0,True,192.07794189453125,0.0,1.0,-0.0006477119168266654,5848,5,0.036345355212688446,-1214.5875244140625,25.035858154296875,-2105.348876953125
28.061624199996004,1,4.711707999987993,5337,142092,142092,2,0,0,True,191.3703155517578,0.0,1.0,-0.0038001462817192078,5836,5,0.0364120751619339,-1214.8037109375,25.050434112548828,-2105.685791015625
28.07305880000058,1,4.7231425999925705,5347,142092,142092,2,0,0,True,190.4980010986328,0.0,1.0,-0.0033123455941677094,5844,5,0.036456551402807236,-1215.019287109375,25.0650634765625,-2106.021728515625
28.083875199998147,1,4.733958999990136,5365,142092,142092,2,0,0,True,189.81333923339844,0.0,1.0,-0.002694222144782543,5847,5,0.036589983850717545,-1215.519775390625,25.099443435668945,-2106.802001953125
28.09496420000505,1,4.745047999997041,5375,142092,142092,2,0,0,True,188.97512817382812,0.0,1.0,-0.002461634809151292,5801,5,0.03667894005775452,-1215.8043212890625,25.11920928955078,-2107.24560546875
28.10578600000008,1,4.75586979999207,5382,142092,142092,2,0,0,True,188.2780303955078,0.0,1.0,0.0007133603794500232,5745,5,0.03674590215086937,-1216.087890625,25.13897705078125,-2107.687744140625
28.116551099999924,1,4.766634899991914,5390,142092,142092,2,0,0,True,187.5844268798828,0.0,1.0,-0.0012727752327919006,5722,5,0.03681410476565361,-1216.2999267578125,25.153783798217773,-2108.0185546875
28.127613999997266,1,4.777697799989255,5407,142092,142092,2,0,0,True,186.7222900390625,0.0,1.0,-0.002120507415384054,5729,5,0.03692777454853058,-1216.7921142578125,25.188364028930664,-2108.786376953125
28.138882700004615,1,4.788966499996604,5415,142092,142092,2,0,0,True,186.03298950195312,0.0,1.0,-0.0036055464297533035,5725,5,0.03699597716331482,-1217.001953125,25.203205108642578,-2109.11376953125
28.150022600006196,1,4.800106399998185,5425,142092,142092,2,0,0,True,185.18223571777344,0.0,1.0,-0.004701502155512571,5651,5,0.03704144433140755,-1217.2113037109375,25.218055725097656,-2109.440673828125
28.16095469999709,1,4.811038499989081,5442,142092,142092,2,0,0,True,184.49465942382812,0.0,1.0,0.0004679713165387511,5565,5,0.03720058500766754,-1217.7666015625,25.257598876953125,-2110.307373046875
28.17194159999781,1,4.822025399989798,5452,142092,142092,2,0,0,True,183.79649353027344,0.0,1.0,-0.001566960010677576,5510,5,0.03724605217576027,-1217.9737548828125,25.272390365600586,-2110.630859375
28.183226399996784,1,4.833310199988773,5460,142092,142092,2,0,0,True,182.91004943847656,0.0,1.0,-0.0015158229507505894,5503,5,0.03733699023723602,-1218.2491455078125,25.292104721069336,-2111.060546875
28.194199699995806,1,4.844283499987796,5467,142092,142092,2,0,0,True,182.2052459716797,0.0,1.0,-0.0050544822588562965,5529,5,0.03738245740532875,-1218.454833984375,25.30691146850586,-2111.3818359375
28.205455100003746,1,4.855538899995736,5485,142092,142092,2,0,0,True,181.3422088623047,0.0,1.0,-0.005464495625346899,5545,5,0.037518326193094254,-1218.9324951171875,25.341629028320312,-2112.1279296875
28.216569099997287,1,4.866652899989276,5495,142092,142092,2,0,0,True,180.66102600097656,0.0,1.0,-0.0028590564616024494,5530,5,0.03756336495280266,-1219.1361083984375,25.356586456298828,-2112.4462890625
28.22737920000509,1,4.877462999997078,5505,142092,142092,2,0,0,True,179.7754669189453,0.0,1.0,-0.00754131842404604,5501,5,0.037630923092365265,-1219.4068603515625,25.376554489135742,-2112.869140625
28.238552299997536,1,4.888636099989526,5520,142092,142092,2,0,0,True,179.07737731933594,0.0,1.0,-0.004639630205929279,5502,5,0.03776603937149048,-1219.8780517578125,25.411535263061523,-2113.60546875
28.249559100004262,1,4.899642899996252,5530,142092,142092,2,0,0,True,178.2051544189453,0.0,1.0,-0.010292843915522099,5518,5,0.03781107813119888,-1220.0789794921875,25.426584243774414,-2113.91943359375
28.260968400005368,1,4.911052199997357,5537,142092,142092,2,0,0,True,177.50595092773438,0.0,1.0,-0.0035481960512697697,5501,5,0.03787863999605179,-1220.345947265625,25.446720123291016,-2114.336669921875
28.272156999999424,1,4.922240799991414,5547,142092,142092,2,0,0,True,176.66233825683594,0.0,1.0,-0.003840176621451974,5414,5,0.037946198135614395,-1220.54541015625,25.461883544921875,-2114.6484375
28.28346400000737,1,4.93354779999936,5565,142092,142092,2,0,0,True,175.99761962890625,0.0,1.0,-0.0010871877893805504,5320,5,0.03808131441473961,-1221.07470703125,25.50248146057129,-2115.4755859375
28.29445780000242,1,4.944541599994409,5572,142092,142092,2,0,0,True,175.32888793945312,0.0,1.0,-0.0006829171907156706,5262,5,0.038148872554302216,-1221.2720947265625,25.517709732055664,-2115.7841796875
28.305515800006106,1,4.955599599998095,5582,142092,142092,2,0,0,True,174.47152709960938,0.0,1.0,-0.00424406910315156,5246,5,0.03819397836923599,-1221.468994140625,25.53292465209961,-2116.092041015625
28.316785500006517,1,4.966869299998507,5590,142092,142092,2,0,0,True,173.7635498046875,0.0,1.0,-0.004828819073736668,5264,5,0.03826192766427994,-1221.7305908203125,25.553197860717773,-2116.5009765625
28.327782300009858,1,4.977866100001847,5610,142092,142092,2,0,0,True,172.90179443359375,0.0,1.0,-0.007402423303574324,5301,5,0.03837517648935318,-1222.1856689453125,25.58873748779297,-2117.212646484375
28.338867200000095,1,4.988950999992085,5617,142092,142092,2,0,0,True,172.24354553222656,0.0,1.0,-0.012549109756946564,5278,5,0.038443125784397125,-1222.4443359375,25.60908317565918,-2117.6171875
28.34982790000504,1,4.999911699997028,5625,142092,142092,2,0,0,True,171.42799377441406,0.0,1.0,-0.004024936351925135,5172,5,0.03851107507944107,-1222.6376953125,25.624317169189453,-2117.91943359375
28.36089379999612,1,5.010977599988109,5635,142092,142092,2,0,0,True,170.75685119628906,0.0,1.0,-0.008694687858223915,5115,5,0.03855637460947037,-1222.83056640625,25.63949203491211,-2118.220947265625
28.371850900002755,1,5.021934699994745,5652,142092,142092,2,0,0,True,170.07147216796875,0.0,1.0,-0.004518507048487663,5123,5,0.03866962343454361,-1223.2783203125,25.674665451049805,-2118.9208984375
28.382920400006697,1,5.033004199998686,5662,142092,142092,2,0,0,True,169.1643829345703,0.0,1.0,-0.00035944138653576374,5175,5,0.038737572729587555,-1223.5328369140625,25.694704055786133,-2119.318603515625
28.39404710000963,1,5.044130900001619,5670,142092,142092,2,0,0,True,168.44586181640625,0.0,1.0,-0.00016263089491985738,5182,5,0.0388055220246315,-1223.7862548828125,25.714792251586914,-2119.71484375
28.405155700005707,1,5.055239499997697,5677,142092,142092,2,0,0,True,167.622802734375,0.0,1.0,0.0015885154716670513,5090,5,0.0388508215546608,-1223.9755859375,25.729915618896484,-2120.0107421875
28.41602899999998,1,5.06611279999197,5697,142092,142092,2,0,0,True,166.96432495117188,0.0,1.0,0.0005555760581046343,4952,5,0.03898628428578377,-1224.4150390625,25.765336990356445,-2120.69775390625
28.42689070000779,1,5.076974499999778,5705,142092,142092,2,0,0,True,166.1132049560547,0.0,1.0,0.0004928642301820219,4842,5,0.03905386105179787,-1224.664794921875,25.78557014465332,-2121.08837890625
28.438053200006834,1,5.088136999998824,5715,142092,142092,2,0,0,True,165.39404296875,0.0,1.0,0.0015323675470426679,4898,5,0.039098914712667465,-1224.8514404296875,25.800718307495117,-2121.380126953125
28.44946859999618,1,5.09955239998817,5722,142092,142092,2,0,0,True,164.6940460205078,0.0,1.0,0.0021336637437343597,5057,5,0.039166491478681564,-1225.0994873046875,25.82091522216797,-2121.767822265625
28.460774000006495,1,5.1108577999984846,5742,142092,142092,2,0,0,True,163.83642578125,0.0,1.0,-0.001325173769146204,5187,5,0.03925659507513046,-1225.4693603515625,25.85130500793457,-2122.346435546875
28.47174210000958,1,5.121825900001568,5750,142092,142092,2,0,0,True,163.17100524902344,0.0,1.0,-0.003541649552062154,5134,5,0.03934669494628906,-1225.77587890625,25.876705169677734,-2122.82568359375
28.482646000004024,1,5.132729799996014,5757,142092,142092,2,0,0,True,162.38311767578125,0.0,1.0,0.006372397765517235,4940,5,0.03939174860715866,-1225.958984375,25.891937255859375,-2123.112060546875
28.493772700006957,1,5.143856499998947,5767,142092,142092,2,0,0,True,161.74363708496094,0.0,1.0,0.009348117746412754,4803,5,0.03943679854273796,-1226.1414794921875,25.907135009765625,-2123.397705078125
28.504596700004186,1,5.154680499996175,5785,142092,142092,2,0,0,True,160.92453002929688,0.0,1.0,0.014409994706511497,4767,5,0.03957195207476616,-1226.6258544921875,25.94740104675293,-2124.155029296875
28.51571910000348,1,5.1658028999954695,5795,142092,142092,2,0,0,True,160.25067138671875,0.0,1.0,0.008636528626084328,4806,5,0.03961700573563576,-1226.806396484375,25.96242904663086,-2124.4375
28.526878700009547,1,5.176962500001537,5802,142092,142092,2,0,0,True,159.5714569091797,0.0,1.0,0.018711665645241737,4822,5,0.03968506678938866,-1227.046142578125,25.982425689697266,-2124.81298828125
28.538083400009782,1,5.188167200001772,5810,142092,142092,2,0,0,True,158.77439880371094,0.0,1.0,0.020557040348649025,4697,5,0.039730504155159,-1227.225341796875,25.997400283813477,-2125.093505859375
28.549165100004757,1,5.199248899996746,5830,142092,142092,2,0,0,True,158.1559295654297,0.0,1.0,0.022635137662291527,4624,5,0.03986682370305061,-1227.7000732421875,26.037179946899414,-2125.83740234375
28.560152799997013,1,5.210236599989003,5837,142092,142092,2,0,0,True,157.4080810546875,0.0,1.0,0.024342237040400505,4545,5,0.03991226106882095,-1227.876953125,26.05197525024414,-2126.114990234375
28.571023900003638,1,5.221107699995628,5847,142092,142092,2,0,0,True,156.7999267578125,0.0,1.0,0.027198227122426033,4579,5,0.03995769843459129,-1228.0533447265625,26.066667556762695,-2126.391845703125
28.58216020000691,1,5.2322439999989,5855,142092,142092,2,0,0,True,156.0107421875,0.0,1.0,0.0242291409522295,4688,5,0.04002586007118225,-1228.2877197265625,26.08608627319336,-2126.759521484375
28.59337129999767,1,5.24345509998966,5875,142092,142092,2,0,0,True,155.3601531982422,0.0,1.0,0.021382493898272514,4729,5,0.04011673480272293,-1228.6951904296875,26.119707107543945,-2127.400146484375
28.604226800001925,1,5.254310599993914,5882,142092,142092,2,0,0,True,154.68833923339844,0.0,1.0,0.016129938885569572,4692,5,0.04018489643931389,-1228.926513671875,26.13882064819336,-2127.764404296875
28.615373599997838,1,5.2654573999898275,5890,142092,142092,2,0,0,True,153.8983612060547,0.0,1.0,0.01348593644797802,4553,5,0.04023033380508423,-1229.0992431640625,26.153139114379883,-2128.036376953125
28.62618530000327,1,5.276269099995261,5900,142092,142092,2,0,0,True,153.2948760986328,0.0,1.0,0.013738280162215233,4407,5,0.04027577117085457,-1229.2713623046875,26.167451858520508,-2128.3076171875
28.637825199999497,1,5.287908999991487,5917,142092,142092,2,0,0,True,152.5291748046875,0.0,1.0,0.013970783911645412,4428,5,0.04041105508804321,-1229.7275390625,26.205303192138672,-2129.02734375
28.649074400003883,1,5.299158199995873,5927,142092,142092,2,0,0,True,151.8928985595703,0.0,1.0,0.015371560119092464,4459,5,0.040455665439367294,-1229.8975830078125,26.21933364868164,-2129.295654296875
28.660104900001897,1,5.310188699993887,5935,142092,142092,2,0,0,True,151.0672149658203,0.0,1.0,0.01722668670117855,4564,5,0.040522582828998566,-1230.1234130859375,26.23792839050293,-2129.652587890625
28.67112270000507,1,5.321206499997061,5945,142092,142092,2,0,0,True,150.41258239746094,0.0,1.0,0.01279696449637413,4590,5,0.04056719318032265,-1230.2919921875,26.25181770324707,-2129.919189453125
28.681981800007634,1,5.332065599999623,5962,142092,142092,2,0,0,True,149.61192321777344,0.0,1.0,0.010723941028118134,4493,5,0.040678720921278,-1230.738525390625,26.288776397705078,-2130.6259765625
28.693195300002117,1,5.343279099994106,5970,142092,142092,2,0,0,True,149.00425720214844,0.0,1.0,0.011807292699813843,4370,5,0.04072333127260208,-1230.9049072265625,26.302602767944336,-2130.8896484375
28.70403459999943,1,5.354118399991421,5980,142092,142092,2,0,0,True,148.42945861816406,0.0,1.0,0.0121634341776371,4273,5,0.04076794162392616,-1231.070556640625,26.31637954711914,-2131.152587890625
28.71537459999672,1,5.365458399988711,5990,142092,142092,2,0,0,True,147.72415161132812,0.0,1.0,0.015442532487213612,4316,5,0.040834859013557434,-1231.2906494140625,26.334611892700195,-2131.501953125
28.72660029999679,1,5.376684099988779,6007,142092,142092,2,0,0,True,147.18333435058594,0.0,1.0,0.017378127202391624,4347,5,0.040924083441495895,-1231.6734619140625,26.36601448059082,-2132.1103515625
28.737633099997765,1,5.387716899989755,6015,142092,142092,2,0,0,True,146.41146850585938,0.0,1.0,0.020658843219280243,4475,5,0.04099099710583687,-1231.890869140625,26.38368034362793,-2132.456298828125
28.74883630000113,1,5.39892009999312,6025,142092,142092,2,0,0,True,145.7859649658203,0.0,1.0,0.01881079562008381,4536,5,0.04103561118245125,-1232.05322265625,26.39683723449707,-2132.715087890625
28.759835400007432,1,5.409919199999422,6035,142092,142092,2,0,0,True,144.9974365234375,0.0,1.0,0.01714244857430458,4427,5,0.04110347852110863,-1232.2686767578125,26.414295196533203,-2133.058837890625
28.770936200002325,1,5.421019999994314,6052,142092,142092,2,0,0,True,144.4080047607422,0.0,1.0,0.015057170763611794,4207,5,0.04119523987174034,-1232.642822265625,26.44465446472168,-2133.656982421875
28.782142600000952,1,5.432226399992942,6062,142092,142092,2,0,0,True,143.8362274169922,0.0,1.0,0.011170833371579647,4127,5,0.041264064610004425,-1232.8551025390625,26.46192169189453,-2133.997314453125
28.793360600000597,1,5.443444399992586,6070,142092,142092,2,0,0,True,143.09597778320312,0.0,1.0,0.0024590210523456335,4140,5,0.04130994528532028,-1233.06640625,26.479089736938477,-2134.336181640625
28.804222200007644,1,5.454305999999633,6080,142092,142092,2,0,0,True,142.4544219970703,0.0,1.0,0.00935336947441101,4243,5,0.04135582596063614,-1233.22412109375,26.491870880126953,-2134.589599609375
28.81550199999765,1,5.46558579998964,6090,142092,142092,2,0,0,True,141.627685546875,0.0,1.0,-0.0071710990741848946,4360,5,0.041401706635951996,-1233.4334716796875,26.508808135986328,-2134.92626953125
28.826352100004442,1,5.4764358999964315,6107,142092,142092,2,0,0,True,140.90377807617188,0.0,1.0,-0.01123654842376709,4347,5,0.04151640832424164,-1233.7969970703125,26.53836441040039,-2135.511962890625
28.837433699998655,1,5.487517499990645,6117,142092,142092,2,0,0,True,140.0395965576172,0.0,1.0,-0.0014101731358096004,4281,5,0.041562288999557495,-1234.0030517578125,26.555320739746094,-2135.8447265625
28.84849160000158,1,5.49857539999357,6125,142092,142092,2,0,0,True,139.4032440185547,0.0,1.0,-0.003185539972037077,4220,5,0.04163111373782158,-1234.2080078125,26.572460174560547,-2136.17578125
28.85946619999595,1,5.509549999987939,6135,142092,142092,2,0,0,True,138.6149444580078,0.0,1.0,-0.005020301789045334,4139,5,0.041676994413137436,-1234.36083984375,26.585416793823242,-2136.423095703125
28.87119760000496,1,5.521281399996951,6152,142092,142092,2,0,0,True,137.9832000732422,0.0,1.0,-0.010421720333397388,4070,5,0.04176875576376915,-1234.7655029296875,26.61994171142578,-2137.078857421875
28.88223869999638,1,5.532322499988368,6162,142092,142092,2,0,0,True,137.15789794921875,0.0,1.0,-0.013006981462240219,4041,5,0.041814420372247696,-1234.916015625,26.632841110229492,-2137.323486328125
28.893343400006415,1,5.543427199998405,6172,142092,142092,2,0,0,True,136.47425842285156,0.0,1.0,-0.009445668198168278,4078,5,0.041881948709487915,-1235.1158447265625,26.650035858154297,-2137.648193359375
28.90429240000958,1,5.55437620000157,6180,142092,142092,2,0,0,True,135.61227416992188,0.0,1.0,-0.006667152978479862,4190,5,0.04192696511745453,-1235.3145751953125,26.66727638244629,-2137.971435546875
28.91506749999826,1,5.565151299990248,6190,142092,142092,2,0,0,True,134.9389190673828,0.0,1.0,-0.005706612952053547,4235,5,0.04197198152542114,-1235.4627685546875,26.68025779724121,-2138.212890625
28.92624300000898,1,5.57632680000097,6200,142092,142092,2,0,0,True,134.28823852539062,0.0,1.0,-0.0056323884055018425,4173,5,0.042016997933387756,-1235.659423828125,26.697664260864258,-2138.533447265625
28.93703300000925,1,5.58711680000124,6217,142092,142092,2,0,0,True,133.5021209716797,0.0,1.0,-0.004046800080686808,4003,5,0.04210703447461128,-1236.0006103515625,26.728368759155273,-2139.091064453125
28.948304300007294,1,5.598388099999283,6227,142092,142092,2,0,0,True,132.87794494628906,0.0,1.0,-0.0013086091494187713,3888,5,0.0421745628118515,-1236.194091796875,26.745952606201172,-2139.40771484375
28.959634600003483,1,5.609718399995472,6237,142092,142092,2,0,0,True,132.1043243408203,0.0,1.0,0.0007293556118384004,3873,5,0.042219579219818115,-1236.386474609375,26.763492584228516,-2139.722900390625
28.970651700001326,1,5.620735499993316,6245,142092,142092,2,0,0,True,131.4990997314453,0.0,1.0,-9.454262908548117e-06,3940,5,0.042287103831768036,-1236.577880859375,26.78096580505371,-2140.036865234375
28.98178590000316,1,5.63186969999515,6255,142092,142092,2,0,0,True,130.86582946777344,0.0,1.0,0.0011208024807274342,3968,5,0.04230961576104164,-1236.7205810546875,26.79401969909668,-2140.271240234375
28.992737900000066,1,5.642821699992055,6272,142092,142092,2,0,0,True,130.0829315185547,0.0,1.0,-0.0033387597650289536,3940,5,0.042422156780958176,-1237.0985107421875,26.828609466552734,-2140.89306640625
29.003933200001484,1,5.654016999993473,6285,142092,142092,2,0,0,True,129.4518585205078,0.0,1.0,-0.004127242136746645,3890,5,0.04246717691421509,-1237.2391357421875,26.841543197631836,-2141.124755859375
29.01510849999613,1,5.665192299988121,6292,142092,142092,2,0,0,True,128.73080444335938,0.0,1.0,-0.007153589278459549,3788,5,0.04253459721803665,-1237.47216796875,26.86306381225586,-2141.509033203125
29.026096500005224,1,5.676180299997213,6300,142092,142092,2,0,0,True,128.21189880371094,0.0,1.0,-0.004549129866063595,3723,5,0.042556896805763245,-1237.611328125,26.875917434692383,-2141.73876953125
29.03700930000923,1,5.687093100001221,6312,142092,142092,2,0,0,True,127.643798828125,0.0,1.0,0.0020906103309243917,3767,5,0.04260149225592613,-1237.7498779296875,26.8886775970459,-2141.967529296875
29.047625599996536,1,5.6977093999885255,6330,142092,142092,2,0,0,True,127.09657287597656,0.0,1.0,0.027773359790444374,3741,5,0.0427129827439785,-1238.117431640625,26.921987533569336,-2142.574951171875
29.058864000005997,1,5.708947799997986,6340,142092,142092,2,0,0,True,126.55899810791016,0.4821428656578064,1.0,0.017771827057003975,3808,1,0.042757581919431686,-1238.300048828125,26.93824577331543,-2142.876953125
29.069887999998173,1,5.719971799990162,6347,142092,142092,2,0,0,True,125.92137908935547,0.6916666626930237,1.0,0.021377721801400185,4573,1,0.042802177369594574,-1238.4815673828125,26.95429801940918,-2143.177734375
29.080904400005238,1,5.730988199997228,6357,142092,142092,2,0,0,True,125.32588958740234,0.6333333253860474,1.0,0.011603031307458878,5034,1,0.04284677281975746,-1238.6171875,26.966211318969727,-2143.402587890625
29.091879300001892,1,5.741963099993882,6367,142092,142092,2,0,0,True,124.60425567626953,0.5166666507720947,1.0,0.03403375297784805,5461,1,0.04289137199521065,-1238.797119140625,26.981983184814453,-2143.701416015625
29.102985300007276,1,5.753069099999266,6377,142092,142092,2,0,0,True,124.07025146484375,0.4583333432674408,1.0,0.02914988063275814,5730,1,0.04295826703310013,-1238.9759521484375,26.997657775878906,-2143.9990234375
29.114206800004467,1,5.764290599996457,6395,142092,142092,2,0,0,True,123.5451431274414,0.2235293686389923,1.0,0.02957168221473694,5890,1,0.04302516207098961,-1239.28662109375,27.024768829345703,-2144.5166015625
29.12515110000095,1,5.775234899992938,6405,142092,142092,2,0,0,True,122.86021423339844,0.04705873131752014,1.0,0.04208514094352722,4792,4,0.04309205710887909,-1239.462890625,27.03997230529785,-2144.81103515625
29.13603100000182,1,5.786114799993811,6412,142092,142092,2,0,0,True,122.4603271484375,0.0,1.0,0.03978382796049118,4650,4,0.04313665255904198,-1239.63818359375,27.05497932434082,-2145.10400390625
29.14722400000028,1,5.797307799992268,6425,142092,142092,2,0,0,True,121.73930358886719,0.0,1.0,0.04135368764400482,4342,4,0.04318125173449516,-1239.76904296875,27.06615447998047,-2145.3232421875
29.15793260000646,1,5.808016399998451,6432,142092,142092,2,0,0,True,121.1580581665039,0.0,1.0,0.04049110412597656,4167,4,0.04322584718465805,-1239.98583984375,27.084632873535156,-2145.6875
29.168968099998892,1,5.819051899990882,6442,142092,142092,2,0,0,True,120.56932067871094,0.0,1.0,0.045677550137043,4129,4,0.043271441012620926,-1240.115234375,27.09566879272461,-2145.905029296875
29.180177100002766,1,5.830260899994755,6460,142092,142092,2,0,0,True,119.82414245605469,0.0,1.0,0.04361550509929657,4221,4,0.0433632992208004,-1240.4569091796875,27.1250057220459,-2146.48193359375
29.191489500008174,1,5.841573300000164,6470,142092,142092,2,0,0,True,119.26161193847656,0.0,1.0,0.037190187722444534,4263,4,0.04340922459959984,-1240.5838623046875,27.135986328125,-2146.69677734375
29.202404199997545,1,5.852487999989535,6480,142092,142092,2,0,0,True,118.57413482666016,0.0,1.0,0.04313909634947777,4243,4,0.043455153703689575,-1240.7520751953125,27.150564193725586,-2146.982421875
29.213604100004886,1,5.863687899996876,6490,142092,142092,2,0,0,True,118.05379486083984,0.0,1.0,0.04504408314824104,4204,4,0.043501079082489014,-1240.91943359375,27.165019989013672,-2147.266845703125
29.224692700008745,1,5.874776500000735,6497,142092,142092,2,0,0,True,117.41132354736328,0.0,1.0,0.05567282438278198,4199,4,0.04354700818657875,-1241.085693359375,27.179306030273438,-2147.55029296875
29.23592120000103,1,5.88600499999302,6517,142092,142092,2,0,0,True,116.88557434082031,0.0,1.0,0.050658032298088074,4217,4,0.043638862669467926,-1241.415283203125,27.207292556762695,-2148.11376953125
29.246854800003348,1,5.896938599995337,6527,142092,142092,2,0,0,True,116.31126403808594,0.0,1.0,0.05173945799469948,4188,4,0.043661825358867645,-1241.5377197265625,27.217605590820312,-2148.323974609375
29.257770099997288,1,5.907853899989277,6537,142092,142092,2,0,0,True,115.62200927734375,0.0,1.0,0.04178548976778984,4120,4,0.04370775446295738,-1241.7000732421875,27.231258392333984,-2148.603271484375
29.268986800001585,1,5.919070599993574,6545,142092,142092,2,0,0,True,115.03726959228516,0.0,1.0,0.0434546135365963,4107,4,0.04375367984175682,-1241.8612060546875,27.244829177856445,-2148.88134765625
29.280110499996226,1,5.930194299988216,6555,142092,142092,2,0,0,True,114.32408905029297,0.0,1.0,0.03802020847797394,4048,4,0.04379960894584656,-1241.9814453125,27.254972457885742,-2149.089111328125
29.29144110000925,1,5.941524900001241,6565,142092,142092,2,0,0,True,113.781982421875,0.0,1.0,0.03481980413198471,3994,4,0.043845534324645996,-1242.1405029296875,27.268451690673828,-2149.365234375
29.302395000006072,1,5.952478799998062,6582,142092,142092,2,0,0,True,113.14625549316406,0.0,1.0,0.042194221168756485,4013,4,0.04393739253282547,-1242.4556884765625,27.295120239257812,-2149.913818359375
29.313385400004336,1,5.963469199996325,6595,142092,142092,2,0,0,True,112.6855697631836,0.0,1.0,0.0431414358317852,3953,4,0.04398287087678909,-1242.57275390625,27.304960250854492,-2150.11865234375
29.324520100009977,1,5.974603900001966,6602,142092,142092,2,0,0,True,112.07032012939453,0.0,1.0,0.05112967640161514,4003,4,0.04402700066566467,-1242.7667236328125,27.32105255126953,-2150.45849609375
29.33576390000235,1,5.985847699994338,6610,142092,142092,2,0,0,True,111.55998992919922,0.0,1.0,0.0485413633286953,4007,4,0.04407113417983055,-1242.8824462890625,27.330524444580078,-2150.66162109375
29.346883699996397,1,5.996967499988386,6622,142092,142092,2,0,0,True,110.90653991699219,0.0,1.0,0.043829552829265594,4005,4,0.04409319907426834,-1242.9974365234375,27.339872360229492,-2150.8642578125
29.358104300001287,1,6.008188099993276,6640,142092,142092,2,0,0,True,110.3367691040039,0.0,1.0,0.04330025613307953,3981,4,0.0441814623773098,-1243.3011474609375,27.364337921142578,-2151.40185546875
29.36925699999847,1,6.019340799990459,6650,142092,142092,2,0,0,True,109.83757781982422,0.0,1.0,0.03501691669225693,3938,4,0.04422559216618538,-1243.4512939453125,27.37639808654785,-2151.6689453125
29.38018269999884,1,6.03026649999083,6660,142092,142092,2,0,0,True,109.14607238769531,0.0,1.0,0.03480396419763565,3864,4,0.04426972568035126,-1243.6002197265625,27.38837432861328,-2151.935302734375
29.39132409999729,1,6.041407899989281,6667,142092,142092,2,0,0,True,108.60017395019531,0.0,1.0,0.038507793098688126,3825,4,0.04431385546922684,-1243.748046875,27.400314331054688,-2152.200439453125
29.40223540000443,1,6.052319199996418,6680,142092,142092,2,0,0,True,107.92315673828125,0.0,1.0,0.038972772657871246,3758,4,0.044357988983392715,-1243.858154296875,27.40923309326172,-2152.3984375
29.41371340000478,1,6.06379719999677,6687,142092,142092,2,0,0,True,107.4052963256836,0.0,1.0,0.04179207980632782,3680,1,0.044402118772268295,-1244.040283203125,27.424020767211914,-2152.727294921875
29.425299299997278,1,6.075383099989267,6707,142092,142092,2,0,0,True,106.75029754638672,0.75,1.0,0.04290831834077835,4245,1,0.044468317180871964,-1244.2921142578125,27.4444522857666,-2153.184814453125
29.436366299996735,1,6.086450099988724,6715,142092,142092,2,0,0,True,106.2547378540039,0.6333333253860474,1.0,0.04058697074651718,4731,1,0.04451245069503784,-1244.4344482421875,27.455976486206055,-2153.44482421875
29.44750130000466,1,6.09758509999665,6725,142092,142092,2,0,0,True,105.58776092529297,0.5750000476837158,1.0,0.04624587297439575,5184,1,0.04455658048391342,-1244.54052734375,27.464555740356445,-2153.639404296875
29.458420099996147,1,6.108503899988136,6735,142092,142092,2,0,0,True,105.08065795898438,0.4583333432674408,1.0,0.043071527034044266,5453,1,0.0446007139980793,-1244.6807861328125,27.475902557373047,-2153.897705078125
29.469193500000983,1,6.119277299992973,6745,142092,142092,2,0,0,True,104.5283203125,0.4000000059604645,1.0,0.04802330583333969,5659,1,0.04464484378695488,-1244.81982421875,27.487159729003906,-2154.1552734375
29.480501900005038,1,6.130585699997027,6752,142092,142092,2,0,0,True,103.82410430908203,0.04705873131752014,1.0,0.047038499265909195,5697,1,0.04466690868139267,-1244.9576416015625,27.498342514038086,-2154.41162109375
29.492144999996526,1,6.142228799988516,6772,142092,142092,2,0,0,True,103.43280029296875,0.0,1.0,0.04548242688179016,4863,3,0.04475641995668411,-1245.19580078125,27.517881393432617,-2154.857666015625
29.503206299996236,1,6.153290099988226,6780,142092,142092,2,0,0,True,102.803466796875,0.0,1.0,0.05173329636454582,4621,3,0.044801265001297,-1245.330322265625,27.529043197631836,-2155.111328125
29.51439019999816,1,6.16447399999015,6792,142092,142092,2,0,0,True,102.34480285644531,0.0,1.0,0.04756747558712959,4406,3,0.04482369124889374,-1245.4305419921875,27.537382125854492,-2155.301025390625
29.525331800003187,1,6.175415599995176,6800,142092,142092,2,0,0,True,101.74639129638672,0.0,1.0,0.05898917466402054,4216,3,0.04486853629350662,-1245.5960693359375,27.551124572753906,-2155.6162109375
29.536521400004858,1,6.186605199996848,6810,142092,142092,2,0,0,True,101.29891204833984,0.0,1.0,0.06099443882703781,4163,3,0.04491338133811951,-1245.694580078125,27.559247970581055,-2155.804443359375
29.547598600009223,1,6.197682400001213,6827,142092,142092,2,0,0,True,100.74897766113281,0.0,1.0,0.05499798804521561,4187,3,0.044980645179748535,-1245.954345703125,27.580339431762695,-2156.304443359375
29.558836700001848,1,6.208920499993837,6837,142092,142092,2,0,0,True,100.24497985839844,0.0,1.0,0.055270031094551086,4271,3,0.04502549022436142,-1246.0506591796875,27.588016510009766,-2156.490966796875
29.5700485999987,1,6.220132399990689,6847,142092,142092,2,0,0,True,99.6395492553711,0.0,1.0,0.050684623420238495,4407,3,0.045070335268974304,-1246.17822265625,27.598102569580078,-2156.73876953125
29.581143000003067,1,6.231226799995056,6857,142092,142092,2,0,0,True,99.07925415039062,0.0,1.0,0.05118383839726448,4484,3,0.045092761516571045,-1246.3045654296875,27.608064651489258,-2156.98583984375
29.5920643999998,1,6.242148199991789,6865,142092,142092,2,0,0,True,98.45845031738281,0.0,1.0,0.04413122311234474,4494,3,0.04513760656118393,-1246.4296875,27.617935180664062,-2157.23193359375
29.603002899995772,1,6.253086699987762,6885,142092,142092,2,0,0,True,97.92884063720703,0.0,1.0,0.06332516670227051,4414,3,0.0452272966504097,-1246.676513671875,27.637521743774414,-2157.720703125
29.614075999998022,1,6.264159799990011,6892,142092,142092,2,0,0,True,97.4383773803711,0.0,1.0,0.0844096839427948,4277,3,0.04524971544742584,-1246.767822265625,27.644784927368164,-2157.903076171875
29.625323000000208,1,6.275406799992197,6905,142092,142092,2,0,0,True,96.91633605957031,0.0,1.0,0.06722074747085571,4109,3,0.04527214169502258,-1246.858642578125,27.651973724365234,-2158.084716796875
29.63628960000642,1,6.286373399998411,6912,142092,142092,2,0,0,True,96.52288055419922,0.0,1.0,0.0962149128317833,4024,3,0.04531698673963547,-1247.008544921875,27.6637020111084,-2158.38671875
29.64763469999889,1,6.297718499990879,6922,142092,142092,2,0,0,True,95.99313354492188,0.0,1.0,0.10898633301258087,4007,3,0.04536183178424835,-1247.09765625,27.67055892944336,-2158.567138671875
29.658579499999178,1,6.308663299991167,6932,142092,142092,2,0,0,True,95.64810180664062,0.0,1.0,0.12429843842983246,4062,3,0.045384250581264496,-1247.2156982421875,27.67945671081543,-2158.807373046875
29.669708000001265,1,6.319791799993254,6950,142092,142092,2,0,0,True,95.0709228515625,0.0,1.0,0.12012138962745667,4186,3,0.04545167088508606,-1247.41943359375,27.694379806518555,-2159.225830078125
29.680711499997415,1,6.330795299989404,6960,142092,142092,2,0,0,True,94.64411926269531,0.0,1.0,0.11721740663051605,4267,3,0.04549663886427879,-1247.534423828125,27.702587127685547,-2159.464111328125
29.691778699998395,1,6.341862499990384,6970,142092,142092,2,0,0,True,94.16104125976562,0.0,1.0,0.1016150489449501,4307,3,0.04554160684347153,-1247.6480712890625,27.710620880126953,-2159.701416015625
29.702750399999786,1,6.352834199991776,6977,142092,142092,2,0,0,True,93.58198547363281,0.0,1.0,0.09475412964820862,4270,3,0.04558657482266426,-1247.7606201171875,27.718544006347656,-2159.93798828125
29.713989600000787,1,6.364073399992776,6987,142092,142092,2,0,0,True,93.15321350097656,0.0,1.0,0.0892287939786911,4183,3,0.04560905694961548,-1247.8441162109375,27.724414825439453,-2160.114990234375
29.72500890000083,1,6.37509269999282,7005,142092,142092,2,0,0,True,92.51314544677734,0.0,1.0,0.09267714619636536,4039,3,0.04567650705575943,-1248.063232421875,27.73991584777832,-2160.58447265625
29.736023999997997,1,6.386107799989986,7017,142092,142092,2,0,0,True,92.06878662109375,0.0,1.0,0.09100526571273804,3940,3,0.045698992908000946,-1248.14404296875,27.74568748474121,-2160.759765625
29.746974699999555,1,6.3970584999915445,7025,142092,142092,2,0,0,True,91.54739379882812,0.0,1.0,0.08994375169277191,3879,3,0.04574395716190338,-1248.2772216796875,27.755250930786133,-2161.050537109375
29.758067800008575,1,6.408151600000565,7035,142092,142092,2,0,0,True,91.06629943847656,0.0,1.0,0.09625329822301865,3873,3,0.045788925141096115,-1248.356201171875,27.760923385620117,-2161.224609375
29.76904710000963,1,6.419130900001619,7045,142092,142092,2,0,0,True,90.6004638671875,0.0,1.0,0.09542200714349747,3902,3,0.04581140726804733,-1248.46044921875,27.768386840820312,-2161.455810546875
29.78019590000622,1,6.430279699998209,7060,142092,142092,2,0,0,True,90.16014862060547,0.0,1.0,0.08244623243808746,3969,3,0.04587886109948158,-1248.639892578125,27.781145095825195,-2161.8583984375
29.7912803000072,1,6.441364099999191,7072,142092,142092,2,0,0,True,89.66214752197266,0.0,1.0,0.09904875606298447,4036,3,0.0459013432264328,-1248.7156982421875,27.786481857299805,-2162.030517578125
29.802579700000933,1,6.452663499992923,7080,142092,142092,2,0,0,True,89.2175064086914,0.0,1.0,0.08810841292142868,4068,3,0.045946311205625534,-1248.840576171875,27.795244216918945,-2162.31591796875
29.813544899996486,1,6.463628699988476,7090,142092,142092,2,0,0,True,88.70952606201172,0.0,1.0,0.10033078491687775,4048,3,0.04599127545952797,-1248.91455078125,27.800386428833008,-2162.487060546875
29.8246352999995,1,6.474719099991489,7100,142092,142092,2,0,0,True,88.15801239013672,0.0,1.0,0.09560631215572357,3972,3,0.046013761311769485,-1249.0120849609375,27.807159423828125,-2162.714111328125
29.835811199998716,1,6.485894999990705,7117,142092,142092,2,0,0,True,87.76748657226562,0.0,1.0,0.10972385108470917,3908,3,0.04608121141791344,-1249.179931640625,27.818836212158203,-2163.109375
29.84681190000265,1,6.496895699994639,7127,142092,142092,2,0,0,True,87.34920501708984,0.0,1.0,0.07943915575742722,3837,3,0.046103693544864655,-1249.2740478515625,27.82543182373047,-2163.334228515625
29.857665900010034,1,6.507749700002023,7135,142092,142092,2,0,0,True,86.82659149169922,0.0,1.0,0.09300827234983444,3771,3,0.046148814260959625,-1249.366943359375,27.83194923400879,-2163.55859375
29.868756800002302,1,6.5188405999942916,7145,142092,142092,2,0,0,True,86.34292602539062,0.0,1.0,0.10491371154785156,3736,3,0.0461714006960392,-1249.435791015625,27.836793899536133,-2163.726318359375
29.879782500007423,1,6.529866299999412,7155,142092,142092,2,0,0,True,85.89909362792969,0.0,1.0,0.09576214849948883,3712,3,0.04621657356619835,-1249.5264892578125,27.843156814575195,-2163.948974609375
29.890659400000004,1,6.540743199991994,7172,142092,142092,2,0,0,True,85.44807434082031,0.0,1.0,0.11036451160907745,3702,3,0.0462617427110672,-1249.6824951171875,27.85394859313965,-2164.337158203125
29.90204950000043,1,6.55213329999242,7182,142092,142092,2,0,0,True,85.05659484863281,0.0,0.8509804606437683,0.10458381474018097,3702,3,0.04630691558122635,-1249.77001953125,27.859933853149414,-2164.557861328125
29.912953899998683,1,6.563037699990673,7190,142092,142092,2,0,0,True,84.54434967041016,0.0,0.6549019813537598,0.10176144540309906,3714,3,0.0463520884513855,-1249.8563232421875,27.865793228149414,-2164.778076171875
29.92404169999645,1,6.57412549998844,7200,142092,142092,2,0,0,True,84.1795883178711,0.0,0.0,0.0932803601026535,3757,3,0.04637467488646507,-1249.920166015625,27.870105743408203,-2164.9423828125
29.934947700006887,1,6.585031499998877,7210,142092,142092,2,0,0,True,83.9809341430664,0.0,0.0,0.09013627469539642,3862,3,0.04639726132154465,-1250.0042724609375,27.875757217407227,-2165.1611328125
29.946297000002232,1,6.596380799994222,7227,142092,142092,2,0,0,True,83.8713150024414,0.0,0.0,0.0882578045129776,3959,3,0.04646501690149307,-1250.1484375,27.885364532470703,-2165.54345703125
29.95701559999725,1,6.607099399989238,7237,142092,142092,2,0,0,True,83.76480865478516,0.0,0.0,0.08527481555938721,4044,3,0.04648760333657265,-1250.2293701171875,27.890771865844727,-2165.76171875
29.96806500000821,1,6.618148800000199,7245,142092,142092,2,0,0,True,83.69464874267578,0.0,0.0,0.0718766301870346,4060,3,0.046532776206731796,-1250.309326171875,27.896127700805664,-2165.98046875
29.9792191000015,1,6.62930289999349,7255,142092,142092,2,0,0,True,83.63407897949219,0.0,0.0,0.09118878841400146,4033,3,0.04655535891652107,-1250.3685302734375,27.90009880065918,-2166.14453125
29.99028090000502,1,6.640364699997008,7265,142092,142092,2,0,0,True,83.56258392333984,0.0,0.0,0.09201279282569885,3963,3,0.04657794535160065,-1250.4466552734375,27.905336380004883,-2166.36328125
30.00134830000752,1,6.651432099999511,7280,142092,142092,2,0,0,True,83.51763153076172,0.0,0.0,0.09505850821733475,3906,3,0.04664570465683937,-1250.5811767578125,27.91427993774414,-2166.74658203125
30.012238600000273,1,6.662322399992263,7292,142092,142092,2,0,0,True,83.455322265625,0.0,0.0,0.09995219856500626,3863,3,0.046668291091918945,-1250.637939453125,27.918001174926758,-2166.9111328125
30.023636600002646,1,6.673720399994636,7300,142092,142092,2,0,0,True,83.39688873291016,0.0,0.0,0.09055216610431671,3860,3,0.046713460236787796,-1250.731201171875,27.924049377441406,-2167.185302734375
30.034822800007532,1,6.684906599999522,7307,142092,142092,2,0,0,True,83.31212615966797,0.0,0.0,0.0815298855304718,3886,3,0.04673604667186737,-1250.786376953125,27.92759132385254,-2167.35009765625
30.04596620000666,1,6.69604999999865,7327,142092,142092,2,0,0,True,83.25006866455078,0.0,0.0,0.07169108092784882,3917,3,0.046803805977106094,-1250.9310302734375,27.936811447143555,-2167.7900390625
30.056992199999513,1,6.707075999991503,7335,142092,142092,2,0,0,True,83.165283203125,0.0,0.0,0.061606794595718384,3947,3,0.046848904341459274,-1250.9842529296875,27.940237045288086,-2167.954833984375
30.06808290000481,1,6.7181666999968,7347,142092,142092,2,0,0,True,83.09587097167969,0.0,0.0,0.06975466012954712,3953,3,0.04687134921550751,-1251.036865234375,27.943653106689453,-2168.1201171875
30.079105099997832,1,6.729188899989822,7355,142092,142092,2,0,0,True,83.03196716308594,0.0,0.0,0.06939655542373657,3943,3,0.04691623896360397,-1251.12353515625,27.949369430541992,-2168.395263671875
30.090194800010067,1,6.740278600002057,7362,142092,142092,2,0,0,True,82.96410369873047,0.0,0.0,0.07040977478027344,3916,3,0.046938683837652206,-1251.1748046875,27.952829360961914,-2168.560546875
30.10129130000132,1,6.751375099993311,7382,142092,142092,2,0,0,True,82.91495513916016,0.0,0.0,0.07107672840356827,3891,3,0.046983569860458374,-1251.2926025390625,27.960996627807617,-2168.9462890625
30.112481600008323,1,6.762565400000312,7390,142092,142092,2,0,0,True,82.85155487060547,0.0,0.0,0.07148883491754532,3869,3,0.04702845960855484,-1251.358642578125,27.96571922302246,-2169.1669921875
30.123589900002116,1,6.773673699994106,7400,142092,142092,2,0,0,True,82.79776000976562,0.0,0.0,0.07178135961294174,3864,3,0.047050900757312775,-1251.40771484375,27.96926498413086,-2169.33251953125
30.135007500008214,1,6.785091300000204,7410,142092,142092,2,0,0,True,82.72921752929688,0.0,0.0,0.07364270091056824,3872,3,0.04707334563136101,-1251.472412109375,27.973960876464844,-2169.55322265625
30.145936400003848,1,6.796020199995837,7427,142092,142092,2,0,0,True,82.67255401611328,0.0,0.0,0.07432784885168076,3884,3,0.04714068025350571,-1251.583740234375,27.98202133178711,-2169.939697265625
30.1568258000043,1,6.806909599996288,7435,142092,142092,2,0,0,True,82.60204315185547,0.0,0.0,0.07638214528560638,3897,3,0.047185566276311874,-1251.6463623046875,27.986507415771484,-2170.16064453125
30.167791200001375,1,6.817874999993364,7445,142092,142092,2,0,0,True,82.54637908935547,0.0,0.0,0.07779499888420105,3900,3,0.04720801115036011,-1251.69287109375,27.98980140686035,-2170.326416015625
30.17901290000009,1,6.829096699992078,7455,142092,142092,2,0,0,True,82.49248504638672,0.0,0.0,0.07854747772216797,3895,3,0.04723045602440834,-1251.754150390625,27.99407958984375,-2170.54736328125
30.190113899996504,1,6.840197699988494,7470,142092,142092,2,0,0,True,82.42919921875,0.0,0.0,0.07797730714082718,3880,3,0.04729778692126274,-1251.8597412109375,28.001220703125,-2170.93408203125
30.201109900008305,1,6.8511937000002945,7482,142092,142092,2,0,0,True,82.37893676757812,0.0,0.0,0.07818353176116943,3865,3,0.047320231795310974,-1251.904296875,28.004135131835938,-2171.10009765625
30.212432800006354,1,6.862516599998344,7490,142092,142092,2,0,0,True,82.31389617919922,0.0,0.0,0.0782981663942337,3850,3,0.04736511781811714,-1251.9776611328125,28.008806228637695,-2171.37646484375
30.223273199997493,1,6.873356999989483,7497,142092,142092,2,0,0,True,82.26030731201172,0.0,0.0,0.07544884830713272,3844,3,0.047387562692165375,-1252.0211181640625,28.011512756347656,-2171.54248046875
30.234315199995763,1,6.884398999987752,7510,142092,142092,2,0,0,True,82.2057876586914,0.0,0.0,0.07386317104101181,3843,3,0.04741000756621361,-1252.064208984375,28.014169692993164,-2171.708251953125
30.24535240000114,1,6.895436199993128,7525,142092,142092,2,0,0,True,82.13776397705078,0.0,0.0,0.07223641872406006,3848,3,0.04749978333711624,-1252.1771240234375,28.021053314208984,-2172.15087890625
30.25620250000793,1,6.90628629999992,7535,142092,142092,2,0,0,True,82.08358764648438,0.0,0.0,0.07232430577278137,3854,3,0.047522228211164474,-1252.2186279296875,28.023574829101562,-2172.31689453125
30.267196900007548,1,6.917280699999537,7545,142092,142092,2,0,0,True,82.01615142822266,0.0,0.0,0.07275797426700592,3859,3,0.04754467308521271,-1252.2735595703125,28.02688980102539,-2172.538330078125
30.27823189999617,1,6.928315699988161,7552,142092,142092,2,0,0,True,81.96295928955078,0.0,0.0,0.07288317382335663,3861,3,0.04758957028388977,-1252.32763671875,28.03014373779297,-2172.759765625
30.289209099995787,1,6.939292899987777,7562,142092,142092,2,0,0,True,81.91204833984375,0.0,0.0,0.07411911338567734,3859,3,0.0476120226085186,-1252.3677978515625,28.032535552978516,-2172.92578125
30.30048479999823,1,6.95056859999022,7580,142092,142092,2,0,0,True,81.85054016113281,0.0,0.0,0.07583392411470413,3853,3,0.04767937585711479,-1252.4730224609375,28.0386905670166,-2173.368408203125
30.311649700001,1,6.961733499992988,7590,142092,142092,2,0,0,True,81.80099487304688,0.0,0.0,0.07543664425611496,3847,3,0.04770182818174362,-1252.5118408203125,28.0408878326416,-2173.53466796875
30.322771400009515,1,6.972855200001504,7600,142092,142092,2,0,0,True,81.74028015136719,0.0,0.0,0.07691370695829391,3838,3,0.04774673283100128,-1252.5628662109375,28.04369354248047,-2173.756103515625
30.333878999997978,1,6.983962799989968,7607,142092,142092,2,0,0,True,81.69112396240234,0.0,0.0,0.07851972430944443,3834,3,0.04776918515563011,-1252.6134033203125,28.046356201171875,-2173.9775390625
30.345039599997108,1,6.995123399989097,7627,142092,142092,2,0,0,True,81.62805938720703,0.0,0.0,0.07935919612646103,3831,3,0.0478365384042263,-1252.699951171875,28.050687789916992,-2174.364990234375
30.35622110000986,1,7.006304900001851,7635,142092,142092,2,0,0,True,81.57707214355469,0.0,0.0,0.0785374641418457,3831,3,0.04788144305348396,-1252.74853515625,28.052993774414062,-2174.586669921875
30.367282699997304,1,7.0173664999892935,7645,142092,142092,2,0,0,True,81.51415252685547,0.0,0.0,0.08894526213407516,3829,3,0.04790389537811279,-1252.784423828125,28.054662704467773,-2174.752685546875
30.37839330000861,1,7.0284771000006,7652,142092,142092,2,0,0,True,81.46324920654297,0.0,0.0,0.09381958842277527,3827,3,0.047948796302080154,-1252.8316650390625,28.056827545166016,-2174.97412109375
30.389558700000634,1,7.039642499992624,7662,142092,142092,2,0,0,True,81.39972686767578,0.0,0.0,0.09646039456129074,3822,3,0.047971248626708984,-1252.8665771484375,28.05840301513672,-2175.140380859375
30.400591800003895,1,7.050675599995884,7680,142092,142092,2,0,0,True,81.34954833984375,0.0,0.0,0.10043376684188843,3816,3,0.048038601875305176,-1252.957763671875,28.062368392944336,-2175.58349609375
30.41127189999679,1,7.0613556999887805,7690,142092,142092,2,0,0,True,81.30338287353516,0.0,0.0,0.14747735857963562,3811,3,0.048061054199934006,-1252.9912109375,28.063764572143555,-2175.74951171875
30.42206910000823,1,7.072152900000219,7700,142092,142092,2,0,0,True,81.22712707519531,0.0,0.0,0.12871237099170685,3808,3,0.048105958849191666,-1253.03515625,28.065534591674805,-2175.97119140625
30.433203399996273,1,7.083287199988263,7707,142092,142092,2,0,0,True,81.17994689941406,0.0,0.0,0.13523969054222107,3807,3,0.048128411173820496,-1253.0782470703125,28.067155838012695,-2176.19287109375
30.444137300000875,1,7.094221099992865,7715,142092,142092,2,0,0,True,81.11553192138672,0.0,0.0,0.14378029108047485,3808,3,0.04817331209778786,-1253.1099853515625,28.068265914916992,-2176.35888671875
30.455306800009566,1,7.105390600001556,7735,142092,142092,2,0,0,True,81.04349517822266,0.0,0.0,0.15996171534061432,3808,3,0.04824066907167435,-1253.1923828125,28.070768356323242,-2176.80224609375
30.466295300007914,1,7.116379099999904,7742,142092,142092,2,0,0,True,80.98906707763672,0.0,0.0,0.1663093864917755,3806,3,0.04826312139630318,-1253.222412109375,28.0715389251709,-2176.96826171875
30.477317400000175,1,7.127401199992164,7752,142092,142092,2,0,0,True,80.91102600097656,0.0,0.0,0.16967253386974335,3801,3,0.04828563705086708,-1253.2518310546875,28.072214126586914,-2177.134521484375
30.488343600009102,1,7.138427400001092,7770,142092,142092,2,0,0,True,80.85486602783203,0.0,0.0,0.18771962821483612,3796,3,0.048375971615314484,-1253.3275146484375,28.07362174987793,-2177.57763671875
30.4994136000023,1,7.149497399994289,7780,142092,142092,2,0,0,True,80.78582000732422,0.0,0.0,0.17778274416923523,3790,3,0.04839855432510376,-1253.3548583984375,28.074024200439453,-2177.743896484375
30.510542000003625,1,7.160625799995614,7790,142092,142092,2,0,0,True,80.70345306396484,0.0,0.0,0.18589286506175995,3785,3,0.048421137034893036,-1253.39013671875,28.07447052001953,-2177.965576171875
30.521444700003485,1,7.171528499995475,7797,142092,142092,2,0,0,True,80.63953399658203,0.0,0.0,0.21545182168483734,3784,3,0.04846630245447159,-1253.42431640625,28.074838638305664,-2178.187255859375
30.532523200003197,1,7.182606999995187,7807,142092,142092,2,0,0,True,80.54411315917969,0.0,0.0,0.23721328377723694,3785,3,0.048488885164260864,-1253.44921875,28.075075149536133,-2178.353515625
30.543568000008236,1,7.193651800000225,7825,142092,142092,2,0,0,True,80.46656036376953,0.0,0.0,0.24094785749912262,3786,3,0.04855663701891899,-1253.5045166015625,28.075498580932617,-2178.7412109375
30.554627600009553,1,7.204711400001543,7835,142092,142092,2,0,0,True,80.37571716308594,0.0,0.0,0.2443082332611084,3786,3,0.04860180243849754,-1253.5343017578125,28.07563591003418,-2178.962646484375
30.5654813000001,1,7.215565099992091,7842,142092,142092,2,0,0,True,80.30210876464844,0.0,0.0,0.24384242296218872,3785,3,0.04862438514828682,-1253.5628662109375,28.075685501098633,-2179.184326171875
30.576713900009054,1,7.226797700001043,7852,142092,142092,2,0,0,True,80.22844696044922,0.0,0.0,0.2423934042453766,3782,3,0.048646971583366394,-1253.58349609375,28.075660705566406,-2179.350341796875
30.58803820000321,1,7.238121999995201,7862,142092,142092,2,0,0,True,80.13664245605469,0.0,0.0,0.24093879759311676,3778,3,0.048692137002944946,-1253.6097412109375,28.075563430786133,-2179.57177734375
30.598887800006196,1,7.248971599998185,7877,142092,142092,2,0,0,True,80.06260681152344,0.0,0.0,0.23682978749275208,3774,3,0.048759885132312775,-1253.652587890625,28.075210571289062,-2179.959228515625
30.609911400009878,1,7.2599952000018675,7890,142092,142092,2,0,0,True,79.97045135498047,0.0,0.0,0.23495438694953918,3768,3,0.04878247156739235,-1253.6695556640625,28.074979782104492,-2180.125244140625
30.620800600008806,1,7.270884400000796,7897,142092,142092,2,0,0,True,79.89840698242188,0.0,0.0,0.23218324780464172,3764,3,0.0488276369869709,-1253.6962890625,28.074512481689453,-2180.401611328125
30.631872199999634,1,7.281955999991624,7905,142092,142092,2,0,0,True,79.81047058105469,0.0,0.0,0.23067601025104523,3758,3,0.04885021969676018,-1253.711181640625,28.07419204711914,-2180.567626953125
30.642938000004506,1,7.293021799996495,7925,142092,142092,2,0,0,True,79.7408218383789,0.0,0.0,0.22669145464897156,3754,3,0.048917967826128006,-1253.7427978515625,28.07329750061035,-2180.954345703125
30.654130399998394,1,7.304214199990383,7932,142092,142092,2,0,0,True,79.67156219482422,0.0,0.0,0.2242039442062378,3750,3,0.04894055426120758,-1253.759033203125,28.072669982910156,-2181.17529296875
30.665044000008493,1,7.315127800000482,7942,142092,142092,2,0,0,True,79.58538818359375,0.0,0.0,0.22009143233299255,3743,3,0.04898571968078613,-1253.770263671875,28.07213592529297,-2181.3408203125
30.676064800005406,1,7.326148599997396,7950,142092,142092,2,0,0,True,79.51646423339844,0.0,0.0,0.21847453713417053,3737,3,0.049008242785930634,-1253.7840576171875,28.071332931518555,-2181.561767578125
30.687301099998876,1,7.337384899990866,7960,142092,142092,2,0,0,True,79.42807006835938,0.0,0.0,0.21567939221858978,3729,3,0.04903070628643036,-1253.79345703125,28.070661544799805,-2181.727294921875
30.698248800006695,1,7.348332599998685,7977,142092,142092,2,0,0,True,79.357177734375,0.0,0.0,0.2149638831615448,3723,3,0.04909810051321983,-1253.8148193359375,28.068567276000977,-2182.168212890625
30.709262500007753,1,7.359346299999743,7985,142092,142092,2,0,0,True,79.28451538085938,0.0,0.0,0.2147214114665985,3717,3,0.04912056773900986,-1253.8214111328125,28.067670822143555,-2182.33349609375
30.720259399997303,1,7.370343199989293,7997,142092,142092,2,0,0,True,79.1917724609375,0.0,0.0,0.21423408389091492,3712,3,0.04916549474000931,-1253.8271484375,28.06671714782715,-2182.49853515625
30.73130790000141,1,7.381391699993401,8012,142092,142092,2,0,0,True,79.1158218383789,0.0,0.0,0.2138950079679489,3711,3,0.04923288896679878,-1253.8387451171875,28.06389808654785,-2182.9384765625
30.74259670000174,1,7.39268049999373,8022,142092,142092,2,0,0,True,79.02286529541016,0.0,0.0,0.21296903491020203,3709,3,0.049255356192588806,-1253.841552734375,28.062753677368164,-2183.103271484375
30.753443900001002,1,7.403527699992992,8032,142092,142092,2,0,0,True,78.949951171875,0.0,0.0,0.2118636965751648,3708,3,0.04930028319358826,-1253.8441162109375,28.061155319213867,-2183.32275390625
30.764609699996072,1,7.414693499988061,8040,142092,142092,2,0,0,True,78.85980987548828,0.0,0.0,0.20850011706352234,3705,3,0.04932275041937828,-1253.8453369140625,28.0594482421875,-2183.542236328125
30.775670900009573,1,7.425754700001562,8050,142092,142092,2,0,0,True,78.78811645507812,0.0,0.0,0.2064502090215683,3700,3,0.049345213919878006,-1253.8453369140625,28.05808448791504,-2183.70654296875
30.78677360000438,1,7.43685739999637,8067,142092,142092,2,0,0,True,78.71648406982422,0.0,0.0,0.20330439507961273,3695,3,0.04941260814666748,-1253.84228515625,28.05457878112793,-2184.08984375
30.79788900000858,1,7.447972800000571,8077,142092,142092,2,0,0,True,78.62816619873047,0.0,0.0,0.20227615535259247,3688,3,0.04945753514766693,-1253.838623046875,28.052366256713867,-2184.308349609375
30.810852499998873,1,7.460936299990863,8085,142092,142092,2,0,0,True,78.558349609375,0.0,0.0,0.20000508427619934,3684,3,0.049480002373456955,-1253.8336181640625,28.049989700317383,-2184.52685546875
30.82188679999672,1,7.471970599988708,8095,142092,142092,2,0,0,True,78.45665740966797,0.0,0.0,0.19735214114189148,3679,3,0.049524929374456406,-1253.8289794921875,28.0481014251709,-2184.6904296875
30.833028599998215,1,7.483112399990205,8112,142092,142092,2,0,0,True,78.39041137695312,0.0,0.0,0.19598686695098877,3677,3,0.04959232360124588,-1253.81298828125,28.04258155822754,-2185.126220703125
30.84403249999741,1,7.4941162999894,8120,142092,142092,2,0,0,True,78.32431030273438,0.0,0.0,0.19444173574447632,3675,3,0.049614790827035904,-1253.8056640625,28.040311813354492,-2185.289306640625
30.854940400007763,1,7.5050241999997525,8130,142092,142092,2,0,0,True,78.24118041992188,0.0,0.0,0.18893253803253174,3673,3,0.04963725432753563,-1253.7974853515625,28.03792953491211,-2185.452392578125
30.86594430000696,1,7.516028099998948,8147,142092,142092,2,0,0,True,78.1700668334961,0.0,0.0,0.18539784848690033,3670,3,0.049704648554325104,-1253.77587890625,28.031930923461914,-2185.832275390625
30.877020300002187,1,7.527104099994176,8155,142092,142092,2,0,0,True,78.07665252685547,0.0,0.0,0.1810682713985443,3666,3,0.04974959418177605,-1253.7615966796875,28.028263092041016,-2186.048828125
30.888463199997204,1,7.538546999989194,8165,142092,142092,2,0,0,True,78.00115966796875,0.0,0.0,0.17993025481700897,3662,3,0.049772072583436966,-1253.75,28.025428771972656,-2186.211181640625
30.89922469999874,1,7.54930849999073,8172,142092,142092,2,0,0,True,77.92469787597656,0.0,0.0,0.179164856672287,3657,3,0.049817025661468506,-1253.7332763671875,28.02157211303711,-2186.42724609375
30.910413799996604,1,7.560497599988594,8190,142092,142092,2,0,0,True,77.82878875732422,0.0,0.0,0.17957864701747894,3651,3,0.049861978739500046,-1253.700439453125,28.01471519470215,-2186.8046875
30.921602600006736,1,7.571686399998725,8197,142092,142092,2,0,0,True,77.75076293945312,0.0,0.0,0.1822764128446579,3648,3,0.049906935542821884,-1253.68505859375,28.011762619018555,-2186.966064453125
30.9325833000039,1,7.582667099995888,8207,142092,142092,2,0,0,True,77.65211486816406,0.0,0.0,0.18457569181919098,3645,3,0.049929410219192505,-1253.6685791015625,28.008806228637695,-2187.12744140625
30.94358530000318,1,7.593669099995168,8225,142092,142092,2,0,0,True,77.57416534423828,0.0,0.0,0.18965739011764526,3643,3,0.049996841698884964,-1253.6207275390625,28.000967025756836,-2187.55615234375
30.95470080000814,1,7.60478460000013,8235,142092,142092,2,0,0,True,77.47958374023438,0.0,0.0,0.1918756514787674,3641,3,0.05001932010054588,-1253.60107421875,27.998043060302734,-2187.716552734375
30.966067900008056,1,7.616151700000046,8242,142092,142092,2,0,0,True,77.40384674072266,0.0,0.0,0.19545765221118927,3639,3,0.05006427317857742,-1253.57373046875,27.994140625,-2187.93017578125
30.97694649999903,1,7.62703029999102,8250,142092,142092,2,0,0,True,77.30901336669922,0.0,0.0,0.19677667319774628,3636,3,0.050086747854948044,-1253.55224609375,27.991188049316406,-2188.090087890625
30.988032799999928,1,7.638116599991918,8267,142092,142092,2,0,0,True,77.23369598388672,0.0,0.0,0.19595684111118317,3635,3,0.0501541793346405,-1253.498779296875,27.984180450439453,-2188.462158203125
30.998982000004617,1,7.649065799996606,8275,142092,142092,2,0,0,True,77.16029357910156,0.0,0.0,0.19359678030014038,3636,3,0.05017665773630142,-1253.474609375,27.98111915588379,-2188.62109375
31.010043400005088,1,7.660127199997078,8285,142092,142092,2,0,0,True,77.07305908203125,0.0,0.0,0.18743449449539185,3637,3,0.05019913241267204,-1253.4495849609375,27.978023529052734,-2188.780029296875
31.021226800003205,1,7.671310599995195,8302,142092,142092,2,0,0,True,77.00833892822266,0.0,0.0,0.18362921476364136,3636,3,0.0502665638923645,-1253.37890625,27.969629287719727,-2189.202392578125
31.032066600004327,1,7.682150399996317,8312,142092,142092,2,0,0,True,76.93170166015625,0.0,0.0,0.17435039579868317,3629,3,0.05028904229402542,-1253.3509521484375,27.966415405273438,-2189.3603515625
31.04299390000233,1,7.693077699994319,8320,142092,142092,2,0,0,True,76.8744125366211,0.0,0.0,0.17085571587085724,3620,3,0.05033399537205696,-1253.3125,27.962026596069336,-2189.570556640625
31.054115000006277,1,7.704198799998267,8327,142092,142092,2,0,0,True,76.81769561767578,0.0,0.0,0.16833046078681946,3609,3,0.05035647004842758,-1253.28271484375,27.958642959594727,-2189.72802734375
31.065341299996362,1,7.715425099988352,8345,142092,142092,2,0,0,True,76.7442398071289,0.0,0.0,0.1677742749452591,3596,3,0.05042390152812004,-1253.2105712890625,27.950387954711914,-2190.09423828125
31.076347000009264,1,7.726430800001253,8352,142092,142092,2,0,0,True,76.67767333984375,0.0,0.0,0.16993553936481476,3587,3,0.05044639855623245,-1253.1783447265625,27.946699142456055,-2190.2509765625
31.08740580000449,1,7.737489599996479,8362,142092,142092,2,0,0,True,76.5814437866211,0.0,0.0,0.179977685213089,3581,3,0.05046891048550606,-1253.1455078125,27.94292449951172,-2190.4072265625
31.098179300010088,1,7.748263100002077,8377,142092,142092,2,0,0,True,76.51590728759766,0.0,0.0,0.18546561896800995,3582,3,0.05053644999861717,-1253.065673828125,27.93394660949707,-2190.77099609375
31.109209900008864,1,7.759293700000853,8387,142092,142092,2,0,0,True,76.4354476928711,0.0,0.0,0.19351869821548462,3587,3,0.05055896192789078,-1253.0301513671875,27.930086135864258,-2190.92626953125
31.120649999997113,1,7.770733799989102,8395,142092,142092,2,0,0,True,76.32169342041016,0.0,0.0,0.20022988319396973,3595,3,0.05060398578643799,-1252.9815673828125,27.924911499023438,-2191.133056640625
31.131844200004707,1,7.781927999996697,8405,142092,142092,2,0,0,True,76.23029327392578,0.0,0.19607844948768616,0.2048642486333847,3592,3,0.05062650144100189,-1252.944091796875,27.921070098876953,-2191.28759765625
31.142733900007443,1,7.792817699999432,8422,142092,142092,2,0,0,True,76.06632995605469,0.0,0.6509804129600525,0.19902688264846802,3543,3,0.05069403722882271,-1252.84033203125,27.911155700683594,-2191.6982421875
31.153452099999413,1,7.803535899991402,8430,142092,142092,2,0,0,True,75.81621551513672,0.0,1.0,0.18301215767860413,3418,3,0.05071655288338661,-1252.800048828125,27.907421112060547,-2191.8515625
31.164523700004793,1,7.814607499996782,8440,142092,142092,2,0,0,True,75.53691101074219,0.0,1.0,0.17382097244262695,3134,3,0.05073906481266022,-1252.75927734375,27.90363883972168,-2192.00439453125
31.175532799999928,1,7.825616599991918,8455,142092,142092,2,0,0,True,75.35448455810547,0.0,1.0,0.15426920354366302,2879,3,0.05080660432577133,-1252.662353515625,27.894458770751953,-2192.359130859375
31.186668000009377,1,7.836751800001366,8465,142092,142092,2,0,0,True,75.14075469970703,0.0,1.0,0.14635497331619263,2755,3,0.05082911625504494,-1252.6201171875,27.890233993530273,-2192.51025390625
31.197572899996885,1,7.847656699988875,8472,142092,142092,2,0,0,True,74.75133514404297,0.0,1.0,0.12225855141878128,2668,3,0.05085162818431854,-1252.5634765625,27.884214401245117,-2192.71142578125
31.208710300008534,1,7.858794100000523,8490,142092,142092,2,0,0,True,74.3746337890625,0.0,1.0,0.12290477007627487,2753,3,0.05089665576815605,-1252.478271484375,27.8745059967041,-2193.01123046875
31.219609300009324,1,7.869693100001314,8497,142092,142092,2,0,0,True,73.96141052246094,0.0,1.0,0.13499529659748077,3019,3,0.05094167962670326,-1252.42138671875,27.867767333984375,-2193.2099609375
31.230342599999858,1,7.880426399991848,8505,142092,142092,2,0,0,True,73.57118225097656,0.0,1.0,0.14296874403953552,3138,3,0.05096419155597687,-1252.3785400390625,27.86263084411621,-2193.358154296875
31.241649100003997,1,7.891732899995986,8522,142092,142092,2,0,0,True,73.12696075439453,0.0,1.0,0.14889217913150787,3266,3,0.05100921913981438,-1252.2779541015625,27.850543975830078,-2193.70166015625
31.252553800004534,1,7.902637599996524,8530,142092,142092,2,0,0,True,72.74098205566406,0.0,1.0,0.17514915764331818,3362,3,0.05103173106908798,-1252.234375,27.84541130065918,-2193.84765625
31.26376739999978,1,7.913851199991768,8540,142092,142092,2,0,0,True,72.49783325195312,0.0,1.0,0.17498774826526642,3324,3,0.05105424299836159,-1252.190185546875,27.840290069580078,-2193.992919921875
31.27473920000193,1,7.924822999993921,8555,142092,142092,2,0,0,True,72.15995025634766,0.0,0.7568628191947937,0.16697482764720917,3101,3,0.0511217825114727,-1252.0855712890625,27.828413009643555,-2194.329345703125
31.285659200002556,1,7.935742999994545,8565,142092,142092,2,0,0,True,71.93572235107422,0.0,0.5411764979362488,0.1661989837884903,2882,3,0.05114429444074631,-1252.0399169921875,27.823284149169922,-2194.47265625
31.296665700006997,1,7.946749499998987,8575,142092,142092,2,0,0,True,71.88060760498047,0.0,0.0,0.15897777676582336,2808,3,0.05116681382060051,-1251.9781494140625,27.816417694091797,-2194.662841796875
31.307399299999815,1,7.957483099991805,8582,142092,142092,2,0,0,True,71.87158966064453,0.0,0.0,0.1592472493648529,2817,3,0.05118934065103531,-1251.915283203125,27.809459686279297,-2194.852294921875
31.318542799999705,1,7.968626599991694,8600,142092,142092,2,0,0,True,71.87258911132812,0.0,0.0,0.16180352866649628,2908,3,0.05123439431190491,-1251.8026123046875,27.79677391052246,-2195.182861328125
31.329660999996122,1,7.9797447999881115,8607,142092,142092,2,0,0,True,71.80965423583984,0.0,0.0,0.16302071511745453,3010,3,0.051256921142339706,-1251.75341796875,27.791046142578125,-2195.323974609375
31.340659499997855,1,7.990743299989845,8617,142092,142092,2,0,0,True,71.7068862915039,0.0,0.0,0.1658748835325241,3081,3,0.051279447972774506,-1251.7037353515625,27.78509521484375,-2195.465087890625
31.351881099995808,1,8.001964899987797,8632,142092,142092,2,0,0,True,71.53568267822266,0.0,0.0,0.16758055984973907,3190,3,0.0513470284640789,-1251.5863037109375,27.770381927490234,-2195.79296875
31.362877599996864,1,8.012961399988853,8642,142092,142092,2,0,0,True,71.3127670288086,0.0,0.0,0.17474928498268127,3349,3,0.0513695552945137,-1251.5352783203125,27.763778686523438,-2195.932861328125
31.373937299998943,1,8.024021099990932,8650,142092,142092,2,0,0,True,71.12798309326172,0.0,0.0,0.1784989982843399,3443,3,0.0513920821249485,-1251.4664306640625,27.754846572875977,-2196.11865234375
31.38494360000186,1,8.03502739999385,8657,142092,142092,2,0,0,True,70.94290924072266,0.0,0.0,0.18879663944244385,3485,3,0.0514146089553833,-1251.4141845703125,27.748140335083008,-2196.25732421875
31.396106100000907,1,8.046189899992896,8675,142092,142092,2,0,0,True,70.84463500976562,0.0,0.0,0.19336214661598206,3463,3,0.0514596626162529,-1251.2896728515625,27.732730865478516,-2196.5791015625
31.406864999997197,1,8.056948799989186,8682,142092,142092,2,0,0,True,70.75514221191406,0.0,0.0,0.19656457006931305,3397,3,0.0514821894466877,-1251.2349853515625,27.726268768310547,-2196.716064453125
31.417614600009983,1,8.067698400001973,8692,142092,142092,2,0,0,True,70.6427001953125,0.0,0.0,0.18790403008460999,3346,3,0.0515047162771225,-1251.179443359375,27.71991729736328,-2196.8525390625
31.428423200006364,1,8.078506999998353,8707,142092,142092,2,0,0,True,70.58289337158203,0.0,0.0,0.18523940443992615,3316,3,0.0515497662127018,-1251.0462646484375,27.70625114440918,-2197.1689453125
31.439426199998707,1,8.089509999990696,8720,142092,142092,2,0,0,True,70.5174789428711,0.0,0.0,0.18175438046455383,3313,3,0.0515722930431366,-1250.98779296875,27.700851440429688,-2197.3037109375
31.450558399999863,1,8.100642199991853,8727,142092,142092,2,0,0,True,70.43614959716797,0.0,0.0,0.18143345415592194,3335,3,0.051617346704006195,-1250.88818359375,27.692174911499023,-2197.52734375
31.461569999999483,1,8.111653799991473,8735,142092,142092,2,0,0,True,70.36056518554688,0.0,0.0,0.18720246851444244,3358,3,0.051639873534440994,-1250.8271484375,27.687179565429688,-2197.660888671875
31.472759500000393,1,8.122843299992383,8752,142092,142092,2,0,0,True,70.2582015991211,0.0,0.0,0.19328999519348145,3377,3,0.05168492719531059,-1250.6810302734375,27.676246643066406,-2197.969970703125
31.483930000002147,1,8.134013799994136,8760,142092,142092,2,0,0,True,70.18885803222656,0.0,0.0,0.20688018202781677,3378,3,0.05170745402574539,-1250.616943359375,27.671899795532227,-2198.1015625
31.495128800001112,1,8.145212599993101,8770,142092,142092,2,0,0,True,70.04511260986328,0.0,0.0,0.21355772018432617,3364,3,0.05172998085618019,-1250.5517578125,27.667783737182617,-2198.232421875
31.50604700000258,1,8.156130799994571,8785,142092,142092,2,0,0,True,69.89823150634766,0.0,0.0,0.23336094617843628,3352,3,0.05177503451704979,-1250.396240234375,27.659400939941406,-2198.53564453125
31.517045000000508,1,8.167128799992497,8795,142092,142092,2,0,0,True,69.811279296875,0.0,0.0,0.2438264787197113,3345,3,0.05179756134748459,-1250.3277587890625,27.656723022460938,-2198.664306640625
31.528392000007443,1,8.178475799999433,8802,142092,142092,2,0,0,True,69.75696563720703,0.0,0.0,0.24846574664115906,3348,3,0.05182008817791939,-1250.2349853515625,27.65387535095215,-2198.83447265625
31.539348799997242,1,8.189432599989232,8820,142092,142092,2,0,0,True,69.70696258544922,0.0,0.0,0.24990999698638916,3354,3,0.051865141838788986,-1250.0928955078125,27.650604248046875,-2199.088134765625
31.550358100008452,1,8.200441900000442,8827,142092,142092,2,0,0,True,69.63317108154297,0.0,0.0,0.25081413984298706,3358,3,0.05188766121864319,-1249.996337890625,27.648845672607422,-2199.256103515625
31.561402499995893,1,8.211486299987882,8835,142092,142092,2,0,0,True,69.58302307128906,0.0,0.0,0.2493026852607727,3354,3,0.05191018059849739,-1249.923095703125,27.647701263427734,-2199.38134765625
31.572566800008644,1,8.222650600000634,8855,142092,142092,2,0,0,True,69.5199203491211,0.0,0.0,0.2478541135787964,3340,3,0.051955219358205795,-1249.7239990234375,27.645408630371094,-2199.712890625
31.583585100001073,1,8.233668899993063,8862,142092,142092,2,0,0,True,69.47624969482422,0.0,0.0,0.25088873505592346,3324,3,0.05197773873806,-1249.6480712890625,27.64480972290039,-2199.836181640625
31.59421550000843,1,8.24429930000042,8872,142092,142092,2,0,0,True,69.38224029541016,0.0,0.0,0.2581154406070709,3310,3,0.0520002581179142,-1249.5712890625,27.644359588623047,-2199.958740234375
31.605164399996283,1,8.255248199988273,8887,142092,142092,2,0,0,True,69.26422119140625,0.0,0.0,0.2811204493045807,3298,3,0.052045293152332306,-1249.38916015625,27.644067764282227,-2200.24267578125
31.61615050000546,1,8.26623429999745,8897,142092,142092,2,0,0,True,69.18310546875,0.0,0.0,0.2953004240989685,3295,3,0.05206781253218651,-1249.3095703125,27.64435577392578,-2200.363037109375
31.62720440000703,1,8.27728819999902,8905,142092,142092,2,0,0,True,69.08883666992188,0.0,0.0,0.32244959473609924,3298,3,0.05209033191204071,-1249.2022705078125,27.645225524902344,-2200.5224609375
31.6382561000064,1,8.288339899998391,8912,142092,142092,2,0,0,True,69.01626586914062,0.0,0.0,0.33081918954849243,3303,3,0.05211285129189491,-1249.1209716796875,27.646251678466797,-2200.641357421875
31.6494151000079,1,8.29949889999989,8930,142092,142092,2,0,0,True,68.92381286621094,0.0,0.0,0.3412105441093445,3313,3,0.05215789005160332,-1248.9278564453125,27.6496524810791,-2200.915771484375
31.66053510000347,1,8.310618899995461,8937,142092,142092,2,0,0,True,68.84417724609375,0.0,0.0,0.3442722260951996,3317,3,0.05218040570616722,-1248.84375,27.651683807373047,-2201.0322265625
31.671566200006055,1,8.321649999998044,8947,142092,142092,2,0,0,True,68.71037292480469,0.0,0.0,0.33967310190200806,3314,3,0.05220292508602142,-1248.7589111328125,27.654104232788086,-2201.147705078125
31.682484500008286,1,8.332568300000275,8962,142092,142092,2,0,0,True,68.61786651611328,0.0,0.0,0.3349200487136841,3295,3,0.05224796384572983,-1248.558349609375,27.660837173461914,-2201.415283203125
31.693589000002248,1,8.343672799994238,8972,142092,142092,2,0,0,True,68.57804870605469,0.0,0.0,0.32202139496803284,3279,3,0.05227048322558403,-1248.47119140625,27.66402244567871,-2201.528564453125
31.704753199999686,1,8.354836999991676,8980,142092,142092,2,0,0,True,68.53396606445312,0.0,0.0,0.31774839758872986,3256,3,0.05229300260543823,-1248.353759765625,27.668495178222656,-2201.678955078125
31.716061099999934,1,8.366144899991923,8997,142092,142092,2,0,0,True,68.55487823486328,0.0,0.0,0.3158630132675171,3239,3,0.05233803763985634,-1248.1754150390625,27.67563247680664,-2201.90185546875
31.727301000006264,1,8.377384799998254,9005,142092,142092,2,0,0,True,68.46351623535156,0.0,0.0,0.3148660957813263,3233,3,0.05236055701971054,-1248.054931640625,27.6805477142334,-2202.04931640625
31.738200699997833,1,8.388284499989823,9012,142092,142092,2,0,0,True,68.33587646484375,0.0,0.0,0.3183786869049072,3236,3,0.05238307639956474,-1247.9639892578125,27.684267044067383,-2202.158935546875
31.749331099999836,1,8.399414899991825,9030,142092,142092,2,0,0,True,68.23863983154297,0.0,0.0,0.32190027832984924,3245,3,0.05242811515927315,-1247.7491455078125,27.693134307861328,-2202.412353515625
31.76035050000064,1,8.41043429999263,9037,142092,142092,2,0,0,True,68.15779876708984,0.0,0.0,0.3249136805534363,3251,3,0.05242811515927315,-1247.656005859375,27.69704246520996,-2202.519775390625
31.771359999998822,1,8.421443799990811,9047,142092,142092,2,0,0,True,68.14930725097656,0.0,0.0,0.32465583086013794,3249,3,0.05245063453912735,-1247.5621337890625,27.701053619384766,-2202.62646484375
31.782297500001732,1,8.432381299993722,9062,142092,142092,2,0,0,True,68.0816421508789,0.0,0.0,0.3220638036727905,3238,3,0.052495669573545456,-1247.341064453125,27.710779190063477,-2202.873046875
31.793417399996542,1,8.443501199988532,9072,142092,142092,2,0,0,True,68.01827239990234,0.0,0.0,0.31739768385887146,3223,3,0.05251818895339966,-1247.245361328125,27.715068817138672,-2202.9775390625
31.80435249999573,1,8.45443629998772,9080,142092,142092,2,0,0,True,67.87415313720703,0.0,0.0,0.3149867355823517,3214,3,0.05254070833325386,-1247.116943359375,27.720834732055664,-2203.115966796875
31.8154835000023,1,8.46556729999429,9087,142092,142092,2,0,0,True,67.78810119628906,0.0,0.0,0.3063274621963501,3204,3,0.05256322771310806,-1247.0198974609375,27.725162506103516,-2203.21875
31.826735399998142,1,8.476819199990132,9105,142092,142092,2,0,0,True,67.75616455078125,0.0,0.0,0.30216437578201294,3199,3,0.05260826274752617,-1246.7916259765625,27.735198974609375,-2203.456787109375
31.83745490000001,1,8.487538699992001,9115,142092,142092,2,0,0,True,67.69405364990234,0.0,0.0,0.29593372344970703,3196,3,0.05263078212738037,-1246.69287109375,27.739431381225586,-2203.5576171875
31.848576200005482,1,8.498659999997471,9122,142092,142092,2,0,0,True,67.63240051269531,0.0,0.0,0.29382720589637756,3195,3,0.05265330150723457,-1246.5604248046875,27.744956970214844,-2203.691162109375
31.859655300009763,1,8.509739100001752,9140,142092,142092,2,0,0,True,67.5398178100586,0.0,0.0,0.29116564989089966,3195,3,0.05269833654165268,-1246.326416015625,27.754274368286133,-2203.921875
31.870702100000926,1,8.520785899992916,9150,142092,142092,2,0,0,True,67.46483612060547,0.0,0.0,0.2902482748031616,3195,3,0.05272085592150688,-1246.225341796875,27.758127212524414,-2204.019775390625
31.88169850000122,1,8.53178229999321,9157,142092,142092,2,0,0,True,67.40562438964844,0.0,0.0,0.2872994840145111,3193,3,0.052743371576070786,-1246.08984375,27.763139724731445,-2204.149169921875
31.8927440999978,1,8.542827899989788,9175,142092,142092,2,0,0,True,67.32231903076172,0.0,0.0,0.2854481339454651,3189,3,0.05278841033577919,-1245.8848876953125,27.77045440673828,-2204.341064453125
31.903896200004965,1,8.553979999996955,9182,142092,142092,2,0,0,True,67.25382232666016,0.0,0.0,0.28023749589920044,3185,3,0.05281092971563339,-1245.7470703125,27.775226593017578,-2204.467529296875
31.914743800007273,1,8.564827599999262,9190,142092,142092,2,0,0,True,67.16275787353516,0.0,0.0,0.2772007882595062,3180,3,0.052833445370197296,-1245.6431884765625,27.778764724731445,-2204.5615234375
31.925766000000294,1,8.575849799992284,9207,142092,142092,2,0,0,True,67.08636474609375,0.0,0.0,0.27247515320777893,3176,3,0.0528559647500515,-1245.3988037109375,27.786949157714844,-2204.77783203125
31.936793100001523,1,8.586876899993513,9215,142092,142092,2,0,0,True,67.01500701904297,0.0,0.0,0.27045372128486633,3173,3,0.0528784841299057,-1245.293212890625,27.790454864501953,-2204.869384765625
31.94799570000032,1,8.59807949999231,9225,142092,142092,2,0,0,True,66.92483520507812,0.0,0.0,0.26744920015335083,3170,3,0.052900999784469604,-1245.18701171875,27.79396629333496,-2204.960205078125
31.95903910000925,1,8.609122900001239,9240,142092,142092,2,0,0,True,66.8548355102539,0.0,0.0,0.2668057084083557,3166,3,0.05294603854417801,-1244.9375,27.802196502685547,-2205.1689453125
31.969974000006914,1,8.620057799998904,9250,142092,142092,2,0,0,True,66.7645034790039,0.0,0.0,0.2662845849990845,3162,3,0.05296855419874191,-1244.8297119140625,27.805736541748047,-2205.257080078125
31.981352700007847,1,8.631436499999836,9257,142092,142092,2,0,0,True,66.69222259521484,0.0,0.0,0.26597797870635986,3159,3,0.052991073578596115,-1244.685302734375,27.81045913696289,-2205.373291015625
31.99210080000921,1,8.642184600001201,9265,142092,142092,2,0,0,True,66.60777282714844,0.0,0.0,0.26379919052124023,3156,3,0.05301359295845032,-1244.576416015625,27.81399154663086,-2205.459716796875
32.00322880000749,1,8.65331259999948,9282,142092,142092,2,0,0,True,66.54310607910156,0.0,0.0,0.26171553134918213,3153,3,0.05305862799286842,-1244.3206787109375,27.822120666503906,-2205.658447265625
32.01417570000922,1,8.664259500001208,9292,142092,142092,2,0,0,True,66.48294067382812,0.0,0.0,0.2593977451324463,3150,3,0.05305862799286842,-1244.2103271484375,27.825515747070312,-2205.7421875
32.025276800006395,1,8.675360599998385,9302,142092,142092,2,0,0,True,66.41090393066406,0.0,0.0,0.25184366106987,3146,3,0.053081147372722626,-1244.0626220703125,27.829919815063477,-2205.853271484375
32.03617220000888,1,8.686256000000867,9317,142092,142092,2,0,0,True,66.3564224243164,0.0,0.0,0.24720294773578644,3142,3,0.05312618240714073,-1243.802490234375,27.837181091308594,-2206.04443359375
32.047380100004375,1,8.697463899996364,9327,142092,142092,2,0,0,True,66.2899398803711,0.0,0.0,0.23789538443088531,3135,3,0.053148701786994934,-1243.6904296875,27.840084075927734,-2206.125244140625
32.05831350000517,1,8.70839729999716,9335,142092,142092,2,0,0,True,66.23686218261719,0.09803922474384308,0.0,0.2336355745792389,3160,3,0.053171221166849136,-1243.54052734375,27.84374237060547,-2206.232177734375
32.06950929999584,1,8.719593099987833,9342,142092,142092,2,0,0,True,66.17706298828125,0.3137255012989044,0.0,0.2264198660850525,3264,3,0.05319373682141304,-1243.4276123046875,27.846330642700195,-2206.3115234375
32.083887600005255,1,8.733971399997245,9360,142092,142092,2,0,0,True,66.1307144165039,0.4431372880935669,0.0,0.2216697782278061,3352,3,0.053238775581121445,-1243.1627197265625,27.85187530517578,-2206.494140625
32.09497940000438,1,8.745063199996366,9370,142092,142092,2,0,0,True,66.10667419433594,0.5058823823928833,0.0,0.21977703273296356,3381,3,0.05326129123568535,-1243.048583984375,27.854068756103516,-2206.5712890625
32.10627910000039,1,8.756362899992382,9385,142092,142092,2,0,0,True,66.10669708251953,0.5568627715110779,0.0,0.21795868873596191,3360,3,0.05328381061553955,-1242.78076171875,27.85884666442871,-2206.7490234375
32.11743569999817,1,8.767519499990158,9392,142092,142092,2,0,0,True,66.12718200683594,0.5882353186607361,0.0,0.2178092896938324,3295,3,0.05330632999539375,-1242.6651611328125,27.860794067382812,-2206.823974609375
32.12837059999583,1,8.778454399987822,9402,142092,142092,2,0,0,True,66.15369415283203,0.6117647290229797,0.0,0.21695710718631744,3225,3,0.05332880839705467,-1242.5491943359375,27.862703323364258,-2206.898193359375
32.13957450000453,1,8.789658299996518,9420,142092,142092,2,0,0,True,66.17723846435547,0.6196078658103943,0.0,0.21588186919689178,3191,3,0.05337369441986084,-1242.2767333984375,27.867109298706055,-2207.068603515625
32.15080000000307,1,8.800883799995063,9430,142092,142092,2,0,0,True,66.19964599609375,0.658823549747467,0.0,0.21350620687007904,3206,3,0.053396135568618774,-1242.1197509765625,27.86959457397461,-2207.164306640625
32.161776900000405,1,8.811860699992394,9437,142092,142092,2,0,0,True,66.215576171875,0.7176470756530762,0.0,0.21213877201080322,3252,3,0.05341857671737671,-1241.9620361328125,27.872037887573242,-2207.259033203125
32.17269780000788,1,8.822781599999871,9445,142092,142092,2,0,0,True,66.23969268798828,0.803921639919281,0.0,0.20880268514156342,3290,3,0.05344102159142494,-1241.84326171875,27.873817443847656,-2207.3291015625
32.18410640000366,1,8.834190199995646,9462,142092,142092,2,0,0,True,66.26643371582031,0.8392157554626465,0.0,0.20652244985103607,3279,3,0.05346346274018288,-1241.5645751953125,27.877700805664062,-2207.489990234375
32.19530970000778,1,8.845393499999773,9470,142092,142092,2,0,0,True,66.30065155029297,0.8784314393997192,0.0,0.2036430686712265,3283,3,0.05348590388894081,-1241.4444580078125,27.87919807434082,-2207.55810546875
32.206603800004814,1,8.856687599996803,9480,142092,142092,2,0,0,True,66.33500671386719,0.9058824181556702,0.0,0.20360711216926575,3320,3,0.053508348762989044,-1241.323974609375,27.880565643310547,-2207.62548828125
32.21750830000383,1,8.867592099995818,9497,142092,142092,2,0,0,True,66.38566589355469,0.9333333969116211,0.0,0.2025805562734604,3339,3,0.05355323106050491,-1241.0009765625,27.883485794067383,-2207.802734375
32.2285172999982,1,8.878601099990192,9507,142092,142092,2,0,0,True,66.42792510986328,0.9333333969116211,0.0,0.20240187644958496,3334,3,0.053575675934553146,-1240.879150390625,27.884279251098633,-2207.8681640625
32.239561700000195,1,8.889645499992184,9515,142092,142092,2,0,0,True,66.48279571533203,0.9411765336990356,0.0,0.20282605290412903,3334,3,0.05359811708331108,-1240.7161865234375,27.88507080078125,-2207.95458984375
32.25075459999789,1,8.90083839998988,9522,142092,142092,2,0,0,True,66.52791595458984,0.9450981020927429,0.0,0.20314334332942963,3302,3,0.053620558232069016,-1240.593505859375,27.88547706604004,-2208.018798828125
32.26176029999624,1,8.91184409998823,9540,142092,142092,2,0,0,True,66.56674194335938,0.9450981020927429,0.0,0.20285919308662415,3305,3,0.05366544425487518,-1240.3057861328125,27.885902404785156,-2208.166259765625
32.272517300007166,1,8.922601099999156,9547,142092,142092,2,0,0,True,66.61669921875,0.9411765336990356,0.0,0.20110070705413818,3318,3,0.05366544425487518,-1240.181884765625,27.885894775390625,-2208.228515625
32.28349689999595,1,8.933580699987942,9557,142092,142092,2,0,0,True,66.65902709960938,0.9372549653053284,0.0,0.20009487867355347,3326,3,0.05368788540363312,-1240.0576171875,27.885786056518555,-2208.2900390625
32.29452510000556,1,8.944608899997547,9575,142092,142092,2,0,0,True,66.72013854980469,0.9254902601242065,0.0,0.19846001267433167,3334,3,0.053732771426439285,-1239.724365234375,27.88504981994629,-2208.451416015625
32.30551330000162,1,8.95559709999361,9585,142092,142092,2,0,0,True,66.77381134033203,0.9137255549430847,0.0,0.19667935371398926,3345,3,0.05375521257519722,-1239.5986328125,27.88460922241211,-2208.5107421875
32.31653540000843,1,8.966619200000423,9592,142092,142092,2,0,0,True,66.8309326171875,0.8941177129745483,0.0,0.19397515058517456,3354,3,0.053777653723955154,-1239.430419921875,27.883859634399414,-2208.5888671875
32.327596800008905,1,8.977680600000895,9600,142092,142092,2,0,0,True,66.90277099609375,0.874509871006012,0.0,0.19367757439613342,3359,3,0.05380009859800339,-1239.303955078125,27.883169174194336,-2208.646728515625
32.338655800005654,1,8.988739599997643,9620,142092,142092,2,0,0,True,66.96029663085938,0.8588235974311829,0.0,0.1949184387922287,3350,3,0.05384498089551926,-1239.0072021484375,27.88113784790039,-2208.779296875
32.34958770000958,1,8.999671500001568,9627,142092,142092,2,0,0,True,67.0302505493164,0.8588235974311829,0.0,0.19603672623634338,3343,3,0.05386742576956749,-1238.836669921875,27.87973403930664,-2208.853759765625
32.360568600008264,1,9.010652400000254,9637,142092,142092,2,0,0,True,67.08642578125,0.8588235974311829,0.0,0.1998327523469925,3353,3,0.053889866918325424,-1238.7083740234375,27.87857437133789,-2208.90869140625
32.371997700000065,1,9.022081499992055,9652,142092,142092,2,0,0,True,67.14655303955078,0.8627451658248901,0.0,0.20148727297782898,3356,3,0.05393475294113159,-1238.4075927734375,27.87552833557129,-2209.034423828125
32.383096000005025,1,9.033179799997015,9662,142092,142092,2,0,0,True,67.22756958007812,0.8588235974311829,0.0,0.20274557173252106,3371,3,0.05393475294113159,-1238.278076171875,27.87408447265625,-2209.087158203125
32.3940852000087,1,9.044169000000693,9670,142092,142092,2,0,0,True,67.29940795898438,0.8588235974311829,0.0,0.20243768393993378,3387,3,0.053957194089889526,-1238.1048583984375,27.87204360961914,-2209.15673828125
32.40511980000883,1,9.055203600000823,9680,142092,142092,2,0,0,True,67.39456176757812,0.8588235974311829,0.0,0.20248399674892426,3397,3,0.05397963523864746,-1237.974365234375,27.87042808532715,-2209.2080078125
32.41622310000821,1,9.0663069000002,9697,142092,142092,2,0,0,True,67.47027587890625,0.8627451658248901,0.0,0.2035922259092331,3418,3,0.05402452126145363,-1237.6248779296875,27.86579132080078,-2209.341552734375
32.42723790000309,1,9.077321699995082,9705,142092,142092,2,0,0,True,67.5675048828125,0.8588235974311829,0.0,0.20844349265098572,3388,3,0.05404699593782425,-1237.4930419921875,27.863956451416016,-2209.390380859375
32.438282400005846,1,9.088366199997836,9715,142092,142092,2,0,0,True,67.63803100585938,0.8627451658248901,0.0,0.21198107302188873,3381,3,0.054069504141807556,-1237.36083984375,27.862085342407227,-2209.438720703125
32.44957240000076,1,9.09965619999275,9730,142092,142092,2,0,0,True,67.72805786132812,0.8588235974311829,0.0,0.22079238295555115,3375,3,0.05411452054977417,-1237.051025390625,27.857627868652344,-2209.548095703125
32.460657700008596,1,9.110741500000586,9740,142092,142092,2,0,0,True,67.79879760742188,0.8588235974311829,0.0,0.22468145191669464,3373,3,0.054137032479047775,-1236.9176025390625,27.85567283630371,-2209.593994140625
32.471827200002735,1,9.121910999994725,9750,142092,142092,2,0,0,True,67.86952209472656,0.8549020290374756,0.0,0.2277163565158844,3381,3,0.05415954068303108,-1236.7391357421875,27.85301399230957,-2209.654052734375
32.4828467000043,1,9.132930499996291,9757,142092,142092,2,0,0,True,67.96163940429688,0.8274510502815247,0.0,0.23080649971961975,3404,3,0.05418204888701439,-1236.5601806640625,27.850284576416016,-2209.712646484375
32.49406409999938,1,9.144147899991367,9775,142092,142092,2,0,0,True,68.04084014892578,0.8156863451004028,0.0,0.23050285875797272,3412,3,0.054204557090997696,-1236.245361328125,27.8453426361084,-2209.8125
32.50477650000539,1,9.154860299997381,9785,142092,142092,2,0,0,True,68.1440200805664,0.760784387588501,0.0,0.22732241451740265,3401,3,0.054227065294981,-1236.10986328125,27.84316062927246,-2209.85400390625
32.51595240000461,1,9.166036199996597,9795,142092,142092,2,0,0,True,68.2249755859375,0.760784387588501,0.0,0.2245672047138214,3402,3,0.05424957349896431,-1235.9285888671875,27.84018325805664,-2209.908447265625
32.52719500000239,1,9.177278799994383,9802,142092,142092,2,0,0,True,68.32254791259766,0.658823549747467,0.0,0.2193085253238678,3390,3,0.05427208170294762,-1235.746826171875,27.83710289001465,-2209.961669921875
32.53813529999752,1,9.18821909998951,9820,142092,142092,2,0,0,True,68.39814758300781,0.6117647290229797,0.0,0.217283234000206,3369,3,0.05431710183620453,-1235.47314453125,27.832239151000977,-2210.039306640625
32.54901319999772,1,9.199096999989706,9827,142092,142092,2,0,0,True,68.4737777709961,0.5254902243614197,0.0,0.21544665098190308,3349,3,0.054339610040187836,-1235.2900390625,27.82879066467285,-2210.08984375
32.56014040000446,1,9.210224199996446,9837,142092,142092,2,0,0,True,68.56432342529297,0.4941176772117615,0.0,0.21557500958442688,3314,3,0.05436211824417114,-1235.15234375,27.826091766357422,-2210.126708984375
32.57120210000721,1,9.221285899999202,9847,142092,142092,2,0,0,True,68.62918090820312,0.46274513006210327,0.0,0.21742048859596252,3292,3,0.05438462644815445,-1234.96826171875,27.82235336303711,-2210.175048828125
32.58230100000219,1,9.232384799994179,9862,142092,142092,2,0,0,True,68.69715118408203,0.4392157196998596,0.0,0.21891583502292633,3268,3,0.05442964285612106,-1234.6448974609375,27.815515518188477,-2210.256591796875
32.59313490000204,1,9.243218699994031,9872,142092,142092,2,0,0,True,68.73976135253906,0.41960787773132324,0.0,0.22274717688560486,3263,3,0.05445215106010437,-1234.5059814453125,27.812517166137695,-2210.29052734375
32.60420040000463,1,9.254284199996619,9880,142092,142092,2,0,0,True,68.77268981933594,0.4078431725502014,0.0,0.22502227127552032,3269,3,0.05447465926408768,-1234.3201904296875,27.808496475219727,-2210.334228515625
32.6153542999964,1,9.265438099988387,9890,142092,142092,2,0,0,True,68.80742645263672,0.40392160415649414,0.0,0.22993046045303345,3285,3,0.05449717119336128,-1234.1805419921875,27.80547523498535,-2210.366455078125
32.62652859999798,1,9.276612399989972,9907,142092,142092,2,0,0,True,68.8316879272461,0.3960784673690796,0.0,0.23262828588485718,3300,3,0.054542187601327896,-1233.807373046875,27.79741859436035,-2210.4482421875
32.637657400002354,1,9.287741199994343,9915,142092,142092,2,0,0,True,68.86164093017578,0.3764706254005432,0.0,0.23776555061340332,3319,3,0.0545646958053112,-1233.6669921875,27.794403076171875,-2210.4775390625
32.64862360000552,1,9.298707399997511,9925,142092,142092,2,0,0,True,68.88561248779297,0.38431376218795776,0.0,0.24021776020526886,3325,3,0.05458720400929451,-1233.5264892578125,27.7913875579834,-2210.506103515625
32.659874100005254,1,9.309957899997244,9935,142092,142092,2,0,0,True,68.91636657714844,0.38431376218795776,0.0,0.24499920010566711,3333,3,0.05460971221327782,-1233.3388671875,27.787353515625,-2210.543212890625
32.67088380000496,1,9.320967599996948,9942,142092,142092,2,0,0,True,68.94312286376953,0.38823533058166504,0.0,0.24715296924114227,3336,3,0.054632220417261124,-1233.15087890625,27.783294677734375,-2210.578857421875
32.68175450000854,1,9.331838300000527,9960,142092,142092,2,0,0,True,68.97236633300781,0.37254902720451355,0.0,0.24925044178962708,3332,3,0.054677240550518036,-1232.8211669921875,27.776134490966797,-2210.63818359375
32.69289820000995,1,9.342982000001939,9970,142092,142092,2,0,0,True,69.00919342041016,0.38431376218795776,0.0,0.25341278314590454,3332,3,0.05469974875450134,-1232.6795654296875,27.773025512695312,-2210.662353515625
32.70398770000611,1,9.3540714999981,9980,142092,142092,2,0,0,True,69.04041290283203,0.38431376218795776,0.0,0.2552254796028137,3331,3,0.05472225695848465,-1232.4906005859375,27.768827438354492,-2210.693603515625
32.714997400005814,1,9.365081199997803,9995,142092,142092,2,0,0,True,69.08019256591797,0.3803921937942505,0.0,0.25812897086143494,3326,3,0.05476729944348335,-1232.1590576171875,27.761280059814453,-2210.7451171875
32.72598950000247,1,9.37607329999446,10005,142092,142092,2,0,0,True,69.11180877685547,0.38431376218795776,0.0,0.25912803411483765,3328,3,0.05478985607624054,-1232.0167236328125,27.757936477661133,-2210.76611328125
32.73671110000578,1,9.386794899997767,10015,142092,142092,2,0,0,True,69.14441680908203,0.3803921937942505,0.0,0.2587401568889618,3330,3,0.054812412708997726,-1231.82666015625,27.75335121154785,-2210.79296875
32.74777879999601,1,9.397862599988002,10022,142092,142092,2,0,0,True,69.18496704101562,0.3803921937942505,0.0,0.25737088918685913,3337,3,0.05483496934175491,-1231.636474609375,27.748611450195312,-2210.81884765625
32.758874999999534,1,9.408958799991524,10040,142092,142092,2,0,0,True,69.21699523925781,0.3803921937942505,0.0,0.2546362280845642,3343,3,0.054880086332559586,-1231.302978515625,27.739925384521484,-2210.861083984375
32.76969509999617,1,9.41977889998816,10050,142092,142092,2,0,0,True,69.25773620605469,0.38431376218795776,0.0,0.25349104404449463,3350,3,0.05490264296531677,-1231.1597900390625,27.73604965209961,-2210.8779296875
32.780757500004256,1,9.430841299996246,10060,142092,142092,2,0,0,True,69.29016876220703,0.38431376218795776,0.0,0.25043147802352905,3348,3,0.05492520332336426,-1230.96875,27.730743408203125,-2210.899658203125
32.79197479999857,1,9.44205859999056,10067,142092,142092,2,0,0,True,69.32299041748047,0.3803921937942505,0.0,0.248724564909935,3349,3,0.054947759956121445,-1230.7774658203125,27.72528076171875,-2210.920166015625
32.80293440000969,1,9.45301820000168,10077,142092,142092,2,0,0,True,69.36185455322266,0.3803921937942505,0.0,0.24751070141792297,3347,3,0.05497031658887863,-1230.6339111328125,27.721086502075195,-2210.934814453125
32.81397440000728,1,9.464058199999272,10095,142092,142092,2,0,0,True,69.38911437988281,0.3803921937942505,0.0,0.24807536602020264,3345,3,0.055015433579683304,-1230.2984619140625,27.711017608642578,-2210.966064453125
32.825297600007616,1,9.475381399999605,10102,142092,142092,2,0,0,True,69.42054748535156,0.38431376218795776,0.0,0.25068390369415283,3346,3,0.05503799021244049,-1230.1064453125,27.70512580871582,-2210.982421875
32.8365402000054,1,9.486623999997391,10112,142092,142092,2,0,0,True,69.44520568847656,0.37254902720451355,0.0,0.2523125410079956,3346,3,0.05506054684519768,-1229.96240234375,27.700660705566406,-2210.99365234375
32.84744219999993,1,9.497525999991922,10122,142092,142092,2,0,0,True,69.47471618652344,0.3803921937942505,0.0,0.25505492091178894,3350,3,0.05508310720324516,-1229.7701416015625,27.694665908813477,-2211.007568359375
32.858586600006674,1,9.508670399998664,10140,142092,142092,2,0,0,True,69.49723052978516,0.3803921937942505,0.0,0.2563827931880951,3356,3,0.05512822046875954,-1229.4332275390625,27.684091567993164,-2211.028564453125
32.86961360000714,1,9.519697399999131,10147,142092,142092,2,0,0,True,69.52548217773438,0.3803921937942505,0.0,0.258308082818985,3366,3,0.055150777101516724,-1229.2406005859375,27.677993774414062,-2211.038818359375
32.880519500002265,1,9.530603299994254,10157,142092,142092,2,0,0,True,69.54803466796875,0.3607843220233917,0.0,0.2588764727115631,3369,3,0.05517333745956421,-1229.0960693359375,27.673391342163086,-2211.045654296875
32.89128470000287,1,9.54136849999486,10167,142092,142092,2,0,0,True,69.57022857666016,0.3607843220233917,0.0,0.25938111543655396,3366,3,0.055195894092321396,-1228.903076171875,27.66720962524414,-2211.053466796875
32.90229430000181,1,9.552378099993803,10177,142092,142092,2,0,0,True,69.5995864868164,0.3803921937942505,0.0,0.25970035791397095,3380,3,0.05524101108312607,-1228.7100830078125,27.660968780517578,-2211.06005859375
32.91340220000711,1,9.563485999999102,10195,142092,142092,2,0,0,True,69.62512969970703,0.37254902720451355,0.0,0.2590620219707489,3384,3,0.05528612434864044,-1228.3721923828125,27.649866104125977,-2211.068359375
32.924356300005456,1,9.574440099997446,10202,142092,142092,2,0,0,True,69.65140533447266,0.3686274588108063,0.0,0.2571971118450165,3389,3,0.05530868098139763,-1228.1788330078125,27.643381118774414,-2211.0712890625
32.93587750000006,1,9.58596129999205,10212,142092,142092,2,0,0,True,69.68596649169922,0.3686274588108063,0.0,0.2558244466781616,3384,3,0.055331241339445114,-1228.033935546875,27.638429641723633,-2211.072509765625
32.94688280000992,1,9.596966600001906,10222,142092,142092,2,0,0,True,69.72706604003906,0.3764706254005432,0.0,0.25209808349609375,3383,3,0.0553537979722023,-1227.8404541015625,27.631704330444336,-2211.0732421875
32.958055900002364,1,9.608139699994354,10240,142092,142092,2,0,0,True,69.76139068603516,0.35686275362968445,0.0,0.24926279485225677,3372,3,0.05539891496300697,-1227.5018310546875,27.619579315185547,-2211.071533203125
32.96941649999644,1,9.619500299988431,10250,142092,142092,2,0,0,True,69.79493713378906,0.3764706254005432,0.0,0.24412360787391663,3370,3,0.05542147159576416,-1227.3082275390625,27.612445831298828,-2211.06884765625
32.98053559999971,1,9.630619399991701,10257,142092,142092,2,0,0,True,69.83403015136719,0.37254902720451355,0.0,0.24225585162639618,3366,3,0.05544402822852135,-1227.114501953125,27.605165481567383,-2211.06494140625
32.99159679999866,1,9.64168059999065,10267,142092,142092,2,0,0,True,69.86328887939453,0.37254902720451355,0.0,0.23909668624401093,3364,3,0.055466584861278534,-1226.96923828125,27.5996150970459,-2211.06103515625
33.00274160000845,1,9.652825400000438,10277,142092,142092,2,0,0,True,69.89815521240234,0.37254902720451355,0.0,0.23829303681850433,3364,3,0.05548911914229393,-1226.7755126953125,27.59210968017578,-2211.054931640625
33.01390679999895,1,9.663990599990939,10292,142092,142092,2,0,0,True,69.92265319824219,0.3921568989753723,0.0,0.23777362704277039,3370,3,0.055534131824970245,-1226.436279296875,27.578760147094727,-2211.040771484375
33.02508950000629,1,9.675173299998278,10302,142092,142092,2,0,0,True,69.9512710571289,0.3921568989753723,0.0,0.23847389221191406,3385,3,0.055556636303663254,-1226.2908935546875,27.572967529296875,-2211.033447265625
33.03628159999789,1,9.686365399989882,10312,142092,142092,2,0,0,True,69.9757080078125,0.5098039507865906,0.0,0.24056565761566162,3429,3,0.05557914078235626,-1226.09716796875,27.565196990966797,-2211.0224609375
33.04739730000438,1,9.697481099996367,10320,142092,142092,2,0,0,True,70.01461791992188,0.5960784554481506,0.0,0.241515651345253,3518,3,0.05560164898633957,-1225.9033203125,27.557395935058594,-2211.010009765625
33.05837220000103,1,9.70845599999302,10340,142092,142092,2,0,0,True,70.0601806640625,0.6509804129600525,0.0,0.24266675114631653,3590,3,0.055646661669015884,-1225.5643310546875,27.543697357177734,-2210.985107421875
33.069326299999375,1,9.719410099991364,10347,142092,142092,2,0,0,True,70.118896484375,0.6823529601097107,0.0,0.24207058548927307,3615,3,0.0556916743516922,-1225.3704833984375,27.53582763671875,-2210.968994140625
33.08034070000576,1,9.730424499997753,10357,142092,142092,2,0,0,True,70.21466827392578,0.7725490927696228,0.0,0.2417132556438446,3616,3,0.0556916743516922,-1225.2252197265625,27.52989959716797,-2210.9560546875
33.091403600003105,1,9.741487399995094,10367,142092,142092,2,0,0,True,70.31206512451172,0.8078432083129883,0.0,0.2415614128112793,3548,3,0.055736687034368515,-1225.0313720703125,27.52196502685547,-2210.9375
33.10236600000644,1,9.75244979999843,10375,142092,142092,2,0,0,True,70.44359588623047,0.8313726186752319,0.0,0.23943057656288147,3459,3,0.05575919151306152,-1224.83740234375,27.513980865478516,-2210.917724609375
33.11366670001007,1,9.763750500002061,10395,142092,142092,2,0,0,True,70.53825378417969,0.8823530077934265,0.0,0.23735195398330688,3476,3,0.05580420419573784,-1224.49755859375,27.499757766723633,-2210.8798828125
33.12461070000427,1,9.774694499996258,10402,142092,142092,2,0,0,True,70.66160583496094,1.0,0.0,0.23366472125053406,3563,3,0.05582670867443085,-1224.30322265625,27.49142074584961,-2210.856689453125
33.1356003999972,1,9.785684199989191,10412,142092,142092,2,0,0,True,70.7719497680664,1.0,0.0,0.2321207970380783,3595,3,0.055849216878414154,-1224.1573486328125,27.48505210876465,-2210.83837890625
33.1467180000036,1,9.796801799995592,10422,142092,142092,2,0,0,True,70.88655090332031,1.0,0.0,0.23054884374141693,3588,3,0.05587172135710716,-1223.9627685546875,27.476404190063477,-2210.81298828125
33.1577197000006,1,9.807803499992588,10430,142092,142092,2,0,0,True,71.03218841552734,1.0,0.0,0.22925838828086853,3583,3,0.05589422956109047,-1223.76806640625,27.46758270263672,-2210.786376953125
33.168765299997176,1,9.818849099989166,10450,142092,142092,2,0,0,True,71.1517333984375,1.0,0.0,0.22906352579593658,3588,3,0.055939238518476486,-1223.427001953125,27.451791763305664,-2210.737060546875
33.17982210000628,1,9.829905899998266,10460,142092,142092,2,0,0,True,71.3036880493164,1.0,0.0,0.22678950428962708,3590,3,0.0559842512011528,-1223.23193359375,27.442604064941406,-2210.70703125
33.190722500003176,1,9.840806299995165,10467,142092,142092,2,0,0,True,71.42281341552734,1.0,0.0,0.22508470714092255,3584,3,0.05600675940513611,-1223.0367431640625,27.433313369750977,-2210.67578125
33.2017804000061,1,9.85186419999809,10477,142092,142092,2,0,0,True,71.53838348388672,1.0,0.0,0.22282692790031433,3575,3,0.05602926388382912,-1222.8902587890625,27.4262752532959,-2210.6513671875
33.21289579999575,1,9.862979599987739,10485,142092,142092,2,0,0,True,71.6758804321289,1.0,0.0,0.22201170027256012,3584,3,0.056051772087812424,-1222.69482421875,27.416810989379883,-2210.617919921875
33.223841700004414,1,9.873925499996403,10505,142092,142092,2,0,0,True,71.78276062011719,1.0,0.0,0.22219052910804749,3594,3,0.05609678477048874,-1222.3525390625,27.400074005126953,-2210.555908203125
33.235037300008116,1,9.885121100000106,10512,142092,142092,2,0,0,True,71.9172134399414,1.0,0.0,0.22260020673274994,3603,3,0.05611928924918175,-1222.156982421875,27.390466690063477,-2210.5185546875
33.245839800001704,1,9.895923599993694,10525,142092,142092,2,0,0,True,72.02383422851562,1.0,0.0,0.22350531816482544,3592,3,0.056141793727874756,-1222.01025390625,27.38325309753418,-2210.48974609375
33.25682510000479,1,9.906908899996779,10532,142092,142092,2,0,0,True,72.15132141113281,1.0,0.0,0.22387820482254028,3615,3,0.05616430193185806,-1221.7657470703125,27.37118148803711,-2210.439697265625
33.26762919999601,1,9.917712999987998,10542,142092,142092,2,0,0,True,72.26993560791016,1.0,0.0,0.22711749374866486,3633,3,0.05618680641055107,-1221.618896484375,27.363903045654297,-2210.40869140625
33.27887080000073,1,9.928954599992721,10560,142092,142092,2,0,0,True,72.37904357910156,1.0,0.0,0.22371116280555725,3652,3,0.05625437572598457,-1221.2276611328125,27.344379425048828,-2210.322265625
33.28972739999881,1,9.9398111999908,10570,142092,142092,2,0,0,True,72.52466583251953,1.0,0.0,0.22192160785198212,3677,3,0.05627690255641937,-1221.080810546875,27.336990356445312,-2210.28857421875
33.30090050000581,1,9.950984299997799,10580,142092,142092,2,0,0,True,72.6461181640625,1.0,0.0,0.220259428024292,3671,3,0.05629942938685417,-1220.8851318359375,27.327096939086914,-2210.2421875
33.311935699995956,1,9.962019499987946,10587,142092,142092,2,0,0,True,72.77213287353516,1.0,0.0,0.2184823453426361,3662,3,0.05632195621728897,-1220.689453125,27.317138671875,-2210.194580078125
33.32291260000784,1,9.972996399999829,10597,142092,142092,2,0,0,True,72.9190902709961,1.0,0.0,0.19334150850772858,3661,3,0.05634447932243347,-1220.542724609375,27.309606552124023,-2210.157958984375
33.334118800004944,1,9.984202599996934,10615,142092,142092,2,0,0,True,73.02916717529297,1.0,0.0,0.13314899802207947,3600,3,0.05638953298330307,-1220.151123046875,27.28912353515625,-2210.056884765625
33.345151300003636,1,9.995235099995625,10622,142092,142092,2,0,0,True,73.18548583984375,1.0,0.0,0.07857553660869598,3520,3,0.05641205981373787,-1220.00439453125,27.281375885009766,-2210.017578125
33.35628940000606,1,10.006373199998052,10635,142092,142092,2,0,0,True,73.29811096191406,1.0,0.0,0.12019401043653488,3563,3,0.05643458664417267,-1219.8575439453125,27.273624420166016,-2209.977783203125
33.3673029000056,1,10.017386699997587,10642,142092,142092,2,0,0,True,73.4066390991211,1.0,0.0,0.06006989628076553,3656,3,0.05647964030504227,-1219.61279296875,27.26060676574707,-2209.90966796875
33.37840870000946,1,10.028492500001448,10652,142092,142092,2,0,0,True,73.52349853515625,1.0,0.0,0.038291048258543015,3664,3,0.05650216341018677,-1219.466064453125,27.252685546875,-2209.8681640625
33.38952969999809,1,10.039613499990082,10670,142092,142092,2,0,0,True,73.70189666748047,1.0,0.0,0.04846643656492233,3683,3,0.056547217071056366,-1219.0745849609375,27.231630325317383,-2209.754150390625
33.4005543999956,1,10.050638199987588,10680,142092,142092,2,0,0,True,73.8501205444336,1.0,0.0,0.04787401109933853,3700,3,0.056569743901491165,-1218.927734375,27.223722457885742,-2209.71044921875
33.4115654000052,1,10.061649199997191,10690,142092,142092,2,0,0,True,73.9767837524414,1.0,0.0,0.049935370683670044,3730,3,0.056592270731925964,-1218.731689453125,27.212947845458984,-2209.6513671875
33.422592999995686,1,10.072676799987676,10697,142092,142092,2,0,0,True,74.1767807006836,1.0,0.0,0.05963090807199478,3740,3,0.056614797562360764,-1218.53564453125,27.20208168029785,-2209.591064453125
33.433585999999195,1,10.083669799991185,10707,142092,142092,2,0,0,True,74.34712982177734,1.0,0.0,0.08011104166507721,3734,3,0.056637320667505264,-1218.388671875,27.19399070739746,-2209.54541015625
33.44483819999732,1,10.09492199998931,10725,142092,142092,2,0,0,True,74.5113296508789,1.0,0.0,0.0674707368016243,3847,3,0.05670490115880966,-1217.995849609375,27.17220115661621,-2209.42041015625
33.45583279999846,1,10.10591659999045,10735,142092,142092,2,0,0,True,74.72286987304688,1.0,0.0,0.06574160605669022,3797,3,0.05672742798924446,-1217.8485107421875,27.16370964050293,-2209.372802734375
33.46699050000461,1,10.117074299996602,10745,142092,142092,2,0,0,True,74.9851303100586,1.0,0.0,0.0781385526061058,3724,3,0.05674995481967926,-1217.6517333984375,27.152372360229492,-2209.30810546875
33.478004500007955,1,10.128088299999945,10752,142092,142092,2,0,0,True,75.16976928710938,1.0,0.0,0.08215823769569397,3804,3,0.05677248165011406,-1217.454833984375,27.141145706176758,-2209.242431640625
33.489039799998864,1,10.139123599990853,10762,142092,142092,2,0,0,True,75.33800506591797,1.0,0.0,0.07920484989881516,3821,3,0.05679500475525856,-1217.306884765625,27.132604598999023,-2209.192626953125
33.50016720000713,1,10.150250999999116,10780,142092,142092,2,0,0,True,75.61678314208984,1.0,0.0,0.08970780670642853,3800,3,0.05686258524656296,-1216.911865234375,27.10874366760254,-2209.057373046875
33.51110289999633,1,10.16118669998832,10790,142092,142092,2,0,0,True,75.83390808105469,1.0,0.0,0.09844955801963806,3803,3,0.05686258524656296,-1216.763427734375,27.099828720092773,-2209.005615234375
33.522141499997815,1,10.172225299989805,10800,142092,142092,2,0,0,True,76.01556396484375,1.0,0.0,0.08151136338710785,3801,3,0.056907638907432556,-1216.5653076171875,27.087900161743164,-2208.935791015625
33.533177400007844,1,10.183261199999833,10810,142092,142092,2,0,0,True,76.27262878417969,1.0,0.0,0.027845973148941994,3761,3,0.05693015456199646,-1216.3668212890625,27.07556915283203,-2208.865234375
33.5442858000024,1,10.194369599994388,10817,142092,142092,2,0,0,True,76.47193145751953,1.0,0.0,0.03364186733961105,3750,3,0.05695266276597977,-1216.1683349609375,27.06298828125,-2208.7939453125
33.555476499997894,1,10.205560299989884,10837,142092,142092,2,0,0,True,76.63085174560547,1.0,0.0,0.0025119315832853317,3888,3,0.05699767544865608,-1215.8199462890625,27.04121208190918,-2208.666748046875
33.566667400009464,1,10.216751200001454,10845,142092,142092,2,0,0,True,76.83143615722656,1.0,0.0,-0.0467827282845974,3759,3,0.057042691856622696,-1215.62060546875,27.0284481048584,-2208.59326171875
33.57733500000904,1,10.227418800001033,10855,142092,142092,2,0,0,True,77.06761169433594,1.0,0.0,-0.007032065186649561,3761,3,0.057065196335315704,-1215.4708251953125,27.01861572265625,-2208.5380859375
33.58851420000428,1,10.238597999996273,10865,142092,142092,2,0,0,True,77.20085906982422,1.0,0.0,-0.0019228546880185604,3927,3,0.05708770453929901,-1215.270751953125,27.005617141723633,-2208.4638671875
33.5994314999989,1,10.24951529999089,10872,142092,142092,2,0,0,True,77.33689880371094,1.0,0.0,-0.002478986978530884,4154,3,0.05711021274328232,-1215.0703125,26.992708206176758,-2208.38916015625
33.61055929999566,1,10.260643099987647,10892,142092,142092,2,0,0,True,77.60308074951172,1.0,0.0,-0.028320997953414917,3727,3,0.05715522542595863,-1214.71923828125,26.96954345703125,-2208.257568359375
33.621638199998415,1,10.271721999990405,10900,142092,142092,2,0,0,True,77.77257537841797,1.0,0.0,0.0003818897530436516,3738,3,0.05720024183392525,-1214.5179443359375,26.95626449584961,-2208.181640625
33.632793600001605,1,10.282877399993595,10912,142092,142092,2,0,0,True,77.88247680664062,1.0,0.0,0.00376030127517879,4077,3,0.057222750037908554,-1214.3668212890625,26.946428298950195,-2208.12451171875
33.64403399999719,1,10.29411779998918,10920,142092,142092,2,0,0,True,78.0924301147461,1.0,0.0,-0.0007443272043019533,4137,3,0.05724525451660156,-1214.11474609375,26.92988395690918,-2208.028564453125
33.655034800001886,1,10.305118599993875,10930,142092,142092,2,0,0,True,78.43328094482422,1.0,0.0,-0.0073694027960300446,4077,3,0.05726776272058487,-1213.9632568359375,26.91975212097168,-2207.970703125
33.66607980000845,1,10.316163600000436,10940,142092,142092,2,0,0,True,78.61494445800781,1.0,0.0,0.00500126276165247,4086,3,0.05731277912855148,-1213.7608642578125,26.90618133544922,-2207.89306640625
33.677396800005226,1,10.327480599997216,10957,142092,142092,2,0,0,True,78.98590850830078,1.0,0.0,0.02421851083636284,4003,3,0.0573577918112278,-1213.4051513671875,26.88219451904297,-2207.75634765625
33.688125200002105,1,10.338208999994094,10967,142092,142092,2,0,0,True,79.2232437133789,1.0,0.0,0.09987232834100723,3958,3,0.057380300015211105,-1213.201171875,26.868295669555664,-2207.677734375
33.699179000002914,1,10.349262799994904,10975,142092,142092,2,0,0,True,79.4570083618164,1.0,0.0,0.12552982568740845,3957,3,0.05742531269788742,-1212.99658203125,26.854604721069336,-2207.598388671875
33.71034679999866,1,10.36043059999065,10985,142092,142092,2,0,0,True,79.69480895996094,1.0,0.0,0.13347873091697693,3897,3,0.05744782090187073,-1212.8427734375,26.84441375732422,-2207.538818359375
33.72124130000884,1,10.371325100000831,10995,142092,142092,2,0,0,True,79.93578338623047,1.0,0.0,0.1588154435157776,3936,3,0.057470329105854034,-1212.6375732421875,26.83069610595703,-2207.45849609375
33.732241400008206,1,10.382325200000196,11012,142092,142092,2,0,0,True,80.24368286132812,1.0,0.0,0.1606450229883194,3977,3,0.05753784999251366,-1212.225830078125,26.802921295166016,-2207.295654296875
33.74339299999701,1,10.393476799989003,11022,142092,142092,2,0,0,True,80.37013244628906,1.0,0.0,0.15374648571014404,4033,3,0.057560358196496964,-1212.0709228515625,26.79256820678711,-2207.23388671875
33.754515000007814,1,10.404598799999803,11030,142092,142092,2,0,0,True,80.69564819335938,1.0,0.0,0.11906210333108902,4019,3,0.05758286640048027,-1211.8642578125,26.778549194335938,-2207.151123046875
33.76550130000396,1,10.415585099995951,11040,142092,142092,2,0,0,True,80.90669250488281,1.0,0.0,0.11681900173425674,4038,3,0.05760537087917328,-1211.708984375,26.767868041992188,-2207.088623046875
33.77669790000073,1,10.426781699992716,11050,142092,142092,2,0,0,True,81.07669067382812,1.0,0.0,0.11425521969795227,4088,3,0.057650376111269,-1211.5015869140625,26.753559112548828,-2207.00439453125
33.787753800002974,1,10.437837599994964,11067,142092,142092,2,0,0,True,81.39363861083984,1.0,0.0,0.10136283189058304,4084,3,0.05769534409046173,-1211.086181640625,26.725404739379883,-2206.833251953125
33.79858290000993,1,10.448666700001922,11077,142092,142092,2,0,0,True,81.6265869140625,1.0,0.0,0.09078086167573929,4074,3,0.05771782621741295,-1210.9300537109375,26.714879989624023,-2206.768310546875
33.80968400000711,1,10.4597677999991,11087,142092,142092,2,0,0,True,81.88016510009766,1.0,0.0,0.09711387753486633,4106,3,0.05776279419660568,-1210.7215576171875,26.70100212097168,-2206.68115234375
33.820851800002856,1,10.470935599994846,11095,142092,142092,2,0,0,True,82.1280288696289,1.0,0.0,0.09014663100242615,4113,3,0.0577852800488472,-1210.5126953125,26.687353134155273,-2206.593017578125
33.83196440000029,1,10.482048199992278,11105,142092,142092,2,0,0,True,82.36093139648438,1.0,0.0,0.09236904978752136,4111,3,0.057807762175798416,-1210.3558349609375,26.677099227905273,-2206.5263671875
33.84301160000905,1,10.493095400001039,11122,142092,142092,2,0,0,True,82.62059020996094,1.0,0.0,0.0623055025935173,4128,3,0.057875216007232666,-1209.9364013671875,26.649789810180664,-2206.3466796875
33.85404849999759,1,10.504132299989578,11132,142092,142092,2,0,0,True,82.83731079101562,1.0,0.0,-0.013691253960132599,4033,3,0.057897698134183884,-1209.7789306640625,26.639650344848633,-2206.2783203125
33.86521889999858,1,10.51530269999057,11142,142092,142092,2,0,0,True,83.1034927368164,1.0,0.0,0.027582639828324318,4081,3,0.0579201839864254,-1209.5684814453125,26.6259822845459,-2206.18701171875
33.87608290000935,1,10.52616670000134,11150,142092,142092,2,0,0,True,83.31642150878906,1.0,0.0,-0.006161082535982132,4111,3,0.057965151965618134,-1209.3575439453125,26.61212730407715,-2206.094970703125
33.887064499998814,1,10.537148299990804,11160,142092,142092,2,0,0,True,83.59527587890625,1.0,0.0,-0.016526097431778908,4176,3,0.05798763409256935,-1209.1990966796875,26.601608276367188,-2206.02587890625
33.89793920000375,1,10.548022999995737,11177,142092,142092,2,0,0,True,83.82400512695312,1.0,0.0,-0.010469116270542145,4191,3,0.0580550879240036,-1208.775390625,26.573217391967773,-2205.839599609375
33.90909359999932,1,10.559177399991313,11190,142092,142092,2,0,0,True,84.0640640258789,1.0,0.0,-0.0020077424123883247,4189,3,0.05807757005095482,-1208.615966796875,26.562461853027344,-2205.76953125
33.92029010000988,1,10.570373900001869,11197,142092,142092,2,0,0,True,84.34950256347656,1.0,0.0,-0.0012826784513890743,4186,3,0.05812253803014755,-1208.3497314453125,26.544429779052734,-2205.651611328125
33.93120639999688,1,10.58129019998887,11205,142092,142092,2,0,0,True,84.59002685546875,1.0,0.0,0.003274537157267332,4182,3,0.05814502388238907,-1208.189697265625,26.533565521240234,-2205.58056640625
33.942340499997954,1,10.592424299989943,11217,142092,142092,2,0,0,True,84.88105010986328,1.0,0.0,0.00738820806145668,4183,3,0.058167506009340286,-1208.0294189453125,26.522663116455078,-2205.509033203125
33.95340949999809,1,10.603493299990078,11235,142092,142092,2,0,0,True,85.10918426513672,1.0,0.0,-0.0024824088905006647,4190,3,0.058234959840774536,-1207.6005859375,26.493457794189453,-2205.317138671875
33.964357899996685,1,10.614441699988674,11245,142092,142092,2,0,0,True,85.33728790283203,1.0,0.0,0.0037869480438530445,4201,3,0.058257441967725754,-1207.385498046875,26.478851318359375,-2205.22021484375
33.97543069999665,1,10.62551449998864,11252,142092,142092,2,0,0,True,85.62579345703125,1.0,0.0,-0.000201293732970953,4215,3,0.05830240994691849,-1207.169921875,26.46430015563965,-2205.122802734375
33.986432200006675,1,10.636515999998664,11262,142092,142092,2,0,0,True,85.8550796508789,1.0,0.0,0.004820146132260561,4228,3,0.058324895799160004,-1207.008056640625,26.45343780517578,-2205.04931640625
33.99744639999699,1,10.647530199988978,11272,142092,142092,2,0,0,True,86.13941955566406,1.0,0.0,0.004739397671073675,4250,3,0.05834737792611122,-1206.7916259765625,26.439023971557617,-2204.951171875
34.008516900008544,1,10.658600700000534,11290,142092,142092,2,0,0,True,86.36990356445312,1.0,0.0,0.004192077089101076,4265,3,0.05841484293341637,-1206.4117431640625,26.4139347076416,-2204.778076171875
34.019728100000066,1,10.669811899992055,11300,142092,142092,2,0,0,True,86.65556335449219,1.0,0.0,0.005227572750300169,4282,3,0.058459822088479996,-1206.194091796875,26.399585723876953,-2204.678466796875
34.0305503999989,1,10.680634199990891,11307,142092,142092,2,0,0,True,86.88414001464844,1.0,0.0,0.00448875455185771,4294,3,0.05848230794072151,-1205.975830078125,26.38519859313965,-2204.57861328125
34.04163089999929,1,10.69171469999128,11317,142092,142092,2,0,0,True,87.1132583618164,1.0,0.0,0.005589053500443697,4307,3,0.058504797518253326,-1205.811767578125,26.374370574951172,-2204.50341796875
34.05275149999943,1,10.70283529999142,11327,142092,142092,2,0,0,True,87.40141296386719,1.0,0.0,0.007173075340688229,4322,3,0.058549776673316956,-1205.5926513671875,26.35985565185547,-2204.402587890625
34.06388549999974,1,10.713969299991732,11345,142092,142092,2,0,0,True,87.6337890625,1.0,0.0,-0.001206940389238298,4330,3,0.058594755828380585,-1205.2080078125,26.334192276000977,-2204.225341796875
34.07493109999632,1,10.72501489998831,11355,142092,142092,2,0,0,True,87.9188232421875,1.0,0.0,0.0008810092112980783,4335,3,0.058639731258153915,-1204.9874267578125,26.31940460205078,-2204.12353515625
34.08570690000488,1,10.735790699996869,11362,142092,142092,2,0,0,True,88.15080261230469,1.0,0.0,0.0007403572089970112,4339,3,0.05866222083568573,-1204.766357421875,26.304597854614258,-2204.021484375
34.09689970000181,1,10.746983499993803,11372,142092,142092,2,0,0,True,88.4419174194336,1.0,0.0,0.0006565097137354314,4346,3,0.05870719999074936,-1204.6002197265625,26.293502807617188,-2203.944580078125
34.10790010000346,1,10.757983899995452,11382,142092,142092,2,0,0,True,88.67241668701172,1.0,0.0,2.2347521735355258e-05,4357,3,0.058729685842990875,-1204.378173828125,26.278718948364258,-2203.841796875
34.11896100000013,1,10.769044799992116,11400,142092,142092,2,0,0,True,88.8982925415039,1.0,0.0,-0.0005102549912407994,4373,3,0.05879715457558632,-1203.9324951171875,26.24893569946289,-2203.635498046875
34.13022030000866,1,10.780304100000649,11410,142092,142092,2,0,0,True,89.1766128540039,1.0,0.0,-0.00020076244254596531,4395,3,0.058819644153118134,-1203.7647705078125,26.237668991088867,-2203.5576171875
34.14111470000353,1,10.791198499995517,11420,142092,142092,2,0,0,True,89.39979553222656,1.0,0.0,0.0008983019506558776,4412,3,0.058864619582891464,-1203.5406494140625,26.222599029541016,-2203.45361328125
34.1521783000062,1,10.802262099998188,11427,142092,142092,2,0,0,True,89.68424987792969,1.0,0.0,0.002436325652524829,4430,3,0.05888710916042328,-1203.3160400390625,26.207502365112305,-2203.349365234375
34.163071000002674,1,10.813154799994663,11437,142092,142092,2,0,0,True,89.91004180908203,1.0,0.0,0.0020334592554718256,4441,3,0.05893208831548691,-1203.147216796875,26.1961669921875,-2203.27099609375
34.17410859999654,1,10.824192399988533,11455,142092,142092,2,0,0,True,90.13864135742188,1.0,0.0,0.00239276560023427,4448,3,0.05899955332279205,-1202.6956787109375,26.165769577026367,-2203.060791015625
34.18536580000364,1,10.835449599995627,11465,142092,142092,2,0,0,True,90.42607879638672,1.0,0.0,0.002846289658918977,4453,3,0.05902204290032387,-1202.5257568359375,26.154335021972656,-2202.981689453125
34.19627529999707,1,10.846359099989058,11475,142092,142092,2,0,0,True,90.6478500366211,1.0,0.0,0.0019213559571653605,4458,3,0.0590670220553875,-1202.298583984375,26.139070510864258,-2202.8759765625
34.207691300005536,1,10.857775099997525,11482,142092,142092,2,0,0,True,90.92481994628906,1.0,0.0,0.00016512925503775477,4474,3,0.05908950790762901,-1202.071044921875,26.123798370361328,-2202.77001953125
34.21844320000673,1,10.868526999998721,11495,142092,142092,2,0,0,True,91.1500473022461,1.0,0.0,-0.0006574976723641157,4494,3,0.05911199003458023,-1201.89990234375,26.112327575683594,-2202.690185546875
34.22956950000662,1,10.879653299998608,11502,142092,142092,2,0,0,True,91.37857818603516,1.0,0.0,0.00019270283519290388,4514,3,0.059156958013772964,-1201.6141357421875,26.093122482299805,-2202.55712890625
34.24053370000911,1,10.890617500001099,11522,142092,142092,2,0,0,True,91.66094207763672,1.0,0.0,0.0007284128223545849,4528,3,0.059224411845207214,-1201.2125244140625,26.066049575805664,-2202.369873046875
34.25163800000155,1,10.901721799993538,11530,142092,142092,2,0,0,True,91.88557434082031,1.0,0.0,0.001360092544928193,4533,3,0.05926937982439995,-1200.9822998046875,26.050527572631836,-2202.262451171875
34.26260529999854,1,10.91268909999053,11540,142092,142092,2,0,0,True,92.16412353515625,1.0,0.0,0.0009939740411937237,4539,3,0.059291861951351166,-1200.8092041015625,26.03887176513672,-2202.181640625
34.273688400004175,1,10.923772199996165,11550,142092,142092,2,0,0,True,92.39134216308594,1.0,0.0,0.0013176269130781293,4545,3,0.0593368299305439,-1200.5780029296875,26.02329444885254,-2202.073974609375
34.28472120000515,1,10.93480499999714,11567,142092,142092,2,0,0,True,92.67140197753906,1.0,0.0,0.0006168619729578495,4556,3,0.05938179790973663,-1200.1719970703125,25.995952606201172,-2201.884521484375
34.29584600000817,1,10.945929800000158,11577,142092,142092,2,0,0,True,92.8979721069336,1.0,0.0,-0.0003006738261319697,4569,3,0.05942676588892937,-1199.939208984375,25.98029899597168,-2201.77587890625
34.30685029999586,1,10.956934099987848,11585,142092,142092,2,0,0,True,93.1201171875,1.0,0.0,5.608237552223727e-05,4581,3,0.0594717338681221,-1199.7059326171875,25.964601516723633,-2201.6669921875
34.3179700000037,1,10.968053799995687,11595,142092,142092,2,0,0,True,93.4013900756836,1.0,0.0,0.00021991795802023262,4595,3,0.05949421972036362,-1199.530517578125,25.95282554626465,-2201.585205078125
34.328902000008384,1,10.978985800000373,11605,142092,142092,2,0,0,True,93.62332153320312,1.0,0.0,-4.173495835857466e-05,4606,3,0.05953918769955635,-1199.296142578125,25.937116622924805,-2201.475830078125
34.340004300000146,1,10.990088099992136,11612,142092,142092,2,0,0,True,93.90331268310547,1.0,0.0,0.00010550826846156269,4618,3,0.05956166982650757,-1199.061279296875,25.9213809967041,-2201.3662109375
34.35113540000748,1,11.001219199999468,11632,142092,142092,2,0,0,True,94.12420654296875,1.0,0.0,0.00030146155040711164,4629,3,0.05962912365794182,-1198.64892578125,25.893760681152344,-2201.173583984375
34.36227510000754,1,11.012358899999526,11640,142092,142092,2,0,0,True,94.40076446533203,1.0,0.0,0.0006101483013480902,4641,3,0.05967409163713455,-1198.4124755859375,25.877914428710938,-2201.063232421875
34.373362900005304,1,11.023446699997294,11650,142092,142092,2,0,0,True,94.62187957763672,1.0,0.0,0.0008845144184306264,4650,3,0.05969657376408577,-1198.23486328125,25.866010665893555,-2200.98046875
34.38430540000263,1,11.03438919999462,11660,142092,142092,2,0,0,True,94.84228515625,1.0,0.0,0.0008266700897365808,4660,3,0.0597415417432785,-1197.9974365234375,25.85015296936035,-2200.86962890625
34.39584700000705,1,11.045930799999041,11667,142092,142092,2,0,0,True,95.1183853149414,1.0,0.0,0.0002444425772409886,4674,3,0.05976402759552002,-1197.759521484375,25.834327697753906,-2200.758544921875
34.40646260000358,1,11.056546399995568,11687,142092,142092,2,0,0,True,95.34025573730469,1.0,0.0,5.580557626672089e-06,4686,3,0.05983161926269531,-1197.3416748046875,25.806676864624023,-2200.563720703125
34.41747480000777,1,11.067558599999757,11697,142092,142092,2,0,0,True,95.6120834350586,1.0,0.0,-0.0005167623749002814,4703,3,0.05987677723169327,-1197.1021728515625,25.790874481201172,-2200.451904296875
34.42822739999974,1,11.078311199991731,11705,142092,142092,2,0,0,True,95.83415985107422,1.0,0.0,-0.0014543740544468164,4717,3,0.05992193520069122,-1196.8621826171875,25.775035858154297,-2200.33984375
34.439336399998865,1,11.089420199990855,11715,142092,142092,2,0,0,True,96.0525894165039,1.0,0.0,-0.001315125497058034,4731,3,0.0599445104598999,-1196.6817626953125,25.763105392456055,-2200.255615234375
34.45042229999672,1,11.100506099988706,11725,142092,142092,2,0,0,True,96.32565307617188,1.0,0.0,-0.00024114063126035035,4747,3,0.05998966842889786,-1196.440673828125,25.74711799621582,-2200.143310546875
34.46136149999802,1,11.11144529999001,11732,142092,142092,2,0,0,True,96.5499267578125,1.0,0.0,0.0011157817207276821,4756,3,0.060012247413396835,-1196.19921875,25.73101234436035,-2200.030517578125
34.47239330000593,1,11.122477099997923,11752,142092,142092,2,0,0,True,96.82471466064453,1.0,0.0,0.0010604668641462922,4763,3,0.06007998436689377,-1195.775146484375,25.70253562927246,-2199.832763671875
34.483422999997856,1,11.133506799989846,11760,142092,142092,2,0,0,True,97.0444564819336,1.0,0.0,0.001339524518698454,4768,3,0.060125138610601425,-1195.5321044921875,25.686132431030273,-2199.71923828125
34.49433240000508,1,11.144416199997067,11772,142092,142092,2,0,0,True,97.26429748535156,1.0,0.0,0.001675100065767765,4774,3,0.0601477175951004,-1195.349365234375,25.673786163330078,-2199.634033203125
34.505630600004224,1,11.155714399996214,11780,142092,142092,2,0,0,True,97.53617095947266,1.0,0.0,0.001204662723466754,4785,3,0.06019287556409836,-1195.0443115234375,25.65315055847168,-2199.49169921875
34.51672060000419,1,11.166804399996181,11790,142092,142092,2,0,0,True,97.75341796875,1.0,0.0,0.0004935709293931723,4798,3,0.060238029807806015,-1194.86083984375,25.6407470703125,-2199.406005859375
34.52785210000002,1,11.177935899992008,11807,142092,142092,2,0,0,True,98.0230941772461,1.0,0.0,-0.0002447015722282231,4817,3,0.06030576676130295,-1194.3699951171875,25.607601165771484,-2199.177001953125
34.53893520000565,1,11.189018999997643,11817,142092,142092,2,0,0,True,98.2386245727539,1.0,0.0,-0.00014280682080425322,4833,3,0.060328345745801926,-1194.1854248046875,25.59514617919922,-2199.0908203125
34.54995909999707,1,11.200042899989057,11827,142092,142092,2,0,0,True,98.50898742675781,1.0,0.0,8.729231194593012e-05,4851,3,0.06037350371479988,-1193.938720703125,25.578510284423828,-2198.975830078125
34.560947500009206,1,11.211031300001196,11835,142092,142092,2,0,0,True,98.72525024414062,1.0,0.0,-0.00017530111654195935,4863,3,0.06041865795850754,-1193.6915283203125,25.561832427978516,-2198.860595703125
34.572198599998956,1,11.222282399990945,11845,142092,142092,2,0,0,True,98.99748992919922,1.0,0.0,0.0001899324997793883,4875,3,0.060441236943006516,-1193.505859375,25.54928970336914,-2198.77392578125
34.583882300008554,1,11.233966100000544,11865,142092,142092,2,0,0,True,99.21635437011719,1.0,0.0,0.0008369042188860476,4882,3,0.06053146719932556,-1193.009033203125,25.51567840576172,-2198.5419921875
34.5948897000053,1,11.244973499997286,11875,142092,142092,2,0,0,True,99.49002075195312,1.0,0.0,0.0009899972938001156,4889,3,0.06055387854576111,-1192.7598876953125,25.498777389526367,-2198.42578125
34.60578949999763,1,11.255873299989616,11882,142092,142092,2,0,0,True,99.70921325683594,1.0,0.0,0.000568551302421838,4895,3,0.060598697513341904,-1192.5101318359375,25.481815338134766,-2198.30908203125
34.616935800004285,1,11.267019599996274,11892,142092,142092,2,0,0,True,99.92786407470703,1.0,0.0,0.0007050218409858644,4903,3,0.0606435164809227,-1192.3223876953125,25.469057083129883,-2198.2216796875
34.62794050000957,1,11.278024300001562,11902,142092,142092,2,0,0,True,100.1992416381836,1.0,0.0,0.0004165048885624856,4915,3,0.060665927827358246,-1192.07177734375,25.45199203491211,-2198.1044921875
34.639151700001094,1,11.289235499993083,11920,142092,142092,2,0,0,True,100.41500854492188,1.0,0.0,0.00016459898324683309,4926,3,0.060755569487810135,-1191.568603515625,25.417709350585938,-2197.869873046875
34.6502244000003,1,11.300308199992287,11930,142092,142092,2,0,0,True,100.68345642089844,1.0,0.0,0.00022583706595469266,4942,3,0.06077797710895538,-1191.37939453125,25.404809951782227,-2197.781494140625
34.66135999999824,1,11.31144379999023,11940,142092,142092,2,0,0,True,100.89742279052734,1.0,0.0,0.0003721145913004875,4955,3,0.06082279980182648,-1191.1265869140625,25.38758087158203,-2197.66357421875
34.672305900006904,1,11.322389699998894,11947,142092,142092,2,0,0,True,101.16474914550781,1.0,0.0,0.00060865847626701,4970,3,0.06086761876940727,-1190.873291015625,25.370325088500977,-2197.54541015625
34.6833023000072,1,11.333386099999188,11957,142092,142092,2,0,0,True,101.37934112548828,1.0,0.0,0.0007527641719207168,4982,3,0.06089003011584282,-1190.6829833984375,25.357370376586914,-2197.45654296875
34.69440619999659,1,11.344489999988582,11975,142092,142092,2,0,0,True,101.64800262451172,1.0,0.0,0.0008601107401773334,4994,3,0.06097967177629471,-1190.1739501953125,25.322786331176758,-2197.21923828125
34.70551390000037,1,11.355597699992359,11985,142092,142092,2,0,0,True,101.86300659179688,1.0,0.0,0.0007067134138196707,5004,3,0.06100207939743996,-1189.9825439453125,25.309803009033203,-2197.1298828125
34.71651610000117,1,11.366599899993162,11995,142092,142092,2,0,0,True,102.07844543457031,1.0,0.0,0.0003931487153749913,5015,3,0.06104690209031105,-1189.726806640625,25.292469024658203,-2197.010498046875
34.72766910000064,1,11.377752899992629,12005,142092,142092,2,0,0,True,102.34801483154297,1.0,0.0,0.00025970584829337895,5030,3,0.061091721057891846,-1189.4705810546875,25.275102615356445,-2196.890869140625
34.738802799998666,1,11.388886599990656,12012,142092,142092,2,0,0,True,102.56407165527344,1.0,0.0,0.00013446301454678178,5042,3,0.06113654002547264,-1189.2137451171875,25.257692337036133,-2196.771240234375
34.749660200002836,1,11.399743999994826,12025,142092,142092,2,0,0,True,102.83502960205078,1.0,0.0,0.000451841508038342,5056,3,0.06115895137190819,-1189.020751953125,25.24460220336914,-2196.68115234375
34.7608321000007,1,11.410915899992688,12040,142092,142092,2,0,0,True,103.05268096923828,1.0,0.0,0.0006799439433962107,5066,3,0.061248619109392166,-1188.504638671875,25.209543228149414,-2196.4404296875
34.7720008000033,1,11.422084599995287,12052,142092,142092,2,0,0,True,103.27042388916016,1.0,0.0,0.00042344132089056075,5075,3,0.06127108633518219,-1188.310546875,25.196331024169922,-2196.349853515625
34.7828853999963,1,11.432969199988293,12060,142092,142092,2,0,0,True,103.54154968261719,1.0,0.0,0.0006661085644736886,5086,3,0.06131602078676224,-1187.986328125,25.174222946166992,-2196.19873046875
34.79378790000919,1,11.443871700001182,12070,142092,142092,2,0,0,True,103.75839233398438,1.0,0.0,0.0008842915995046496,5096,3,0.061360955238342285,-1187.79150390625,25.160911560058594,-2196.107666015625
34.80492490000324,1,11.455008699995233,12080,142092,142092,2,0,0,True,104.02996063232422,1.0,0.0,0.000980160548351705,5110,3,0.061405885964632034,-1187.5311279296875,25.143125534057617,-2195.986328125
34.81601629999932,1,11.466100099991309,12097,142092,142092,2,0,0,True,104.24632263183594,1.0,0.0,0.0008410587906837463,5123,3,0.061473287642002106,-1187.07421875,25.111894607543945,-2195.773193359375
34.82688540000527,1,11.476969199997257,12107,142092,142092,2,0,0,True,104.51521301269531,1.0,0.0,0.0006997607415542006,5140,3,0.06151822209358215,-1186.812255859375,25.093994140625,-2195.651123046875
34.83803949999856,1,11.488123299990548,12117,142092,142092,2,0,0,True,104.73370361328125,1.0,0.0,0.0008695067372173071,5153,3,0.06154068559408188,-1186.5499267578125,25.076080322265625,-2195.528564453125
34.84914459999709,1,11.499228399989079,12125,142092,142092,2,0,0,True,104.95218658447266,1.0,0.0,0.0006959211314097047,5166,3,0.061585620045661926,-1186.2869873046875,25.058168411254883,-2195.406005859375
34.86046440000064,1,11.510548199992627,12135,142092,142092,2,0,0,True,105.22698974609375,1.0,0.0,0.00014079474203754216,5180,3,0.061630554497241974,-1186.08935546875,25.044729232788086,-2195.31396484375
34.871332700000494,1,11.521416499992483,12145,142092,142092,2,0,0,True,105.44832611083984,1.0,0.0,6.464251055149361e-05,5191,3,0.06167548522353172,-1185.825439453125,25.026790618896484,-2195.190673828125
34.88245900000038,1,11.53254279999237,12165,142092,142092,2,0,0,True,105.72526550292969,1.0,0.0,0.00019039330072700977,5201,3,0.061742886900901794,-1185.3621826171875,24.995302200317383,-2194.974853515625
34.893996400001924,1,11.544080199993914,12172,142092,142092,2,0,0,True,105.94659423828125,1.0,0.0,1.8846491002477705e-05,5210,3,0.06178782135248184,-1185.0302734375,24.972736358642578,-2194.820068359375
34.905059299999266,1,11.555143099991255,12182,142092,142092,2,0,0,True,106.22748565673828,1.0,0.0,-6.996979936957359e-05,5220,3,0.06183275207877159,-1184.830810546875,24.95916175842285,-2194.72705078125
34.91613620000135,1,11.566219999993336,12192,142092,142092,2,0,0,True,106.45353698730469,1.0,0.0,0.0007250200724229217,5228,3,0.06187768653035164,-1184.564208984375,24.941011428833008,-2194.602783203125
34.92699629999697,1,11.577080099988962,12200,142092,142092,2,0,0,True,106.72880554199219,1.0,0.0,0.0004737221752293408,5239,3,0.06190015375614166,-1184.2969970703125,24.922779083251953,-2194.478271484375
34.938046700000996,1,11.588130499992985,12210,142092,142092,2,0,0,True,106.9504165649414,1.0,0.0,0.0004992439062334597,5249,3,0.06194508820772171,-1184.0963134765625,24.9090633392334,-2194.384521484375
34.949475600005826,1,11.599559399997815,12230,142092,142092,2,0,0,True,107.17151641845703,1.0,0.0,0.0004677106917370111,5261,3,0.06203503906726837,-1183.5594482421875,24.872434616088867,-2194.13427734375
34.960356099996716,1,11.610439899988705,12237,142092,142092,2,0,0,True,107.44760131835938,1.0,0.0,0.0005292329587973654,5279,3,0.0620800219476223,-1183.290283203125,24.854080200195312,-2194.0087890625
34.97130370000377,1,11.621387499995762,12250,142092,142092,2,0,0,True,107.6678237915039,1.0,0.0,0.00046376045793294907,5295,3,0.06210251525044441,-1183.0880126953125,24.84029197692871,-2193.91455078125
34.98236350000661,1,11.632447299998603,12257,142092,142092,2,0,0,True,107.94520568847656,1.0,0.0,0.000559454143512994,5313,3,0.06214749440550804,-1182.7501220703125,24.817276000976562,-2193.757080078125
34.9933594000031,1,11.64344319999509,12265,142092,142092,2,0,0,True,108.16304779052734,1.0,0.0,0.0003529275127220899,5326,3,0.06219247728586197,-1182.5469970703125,24.80345344543457,-2193.662353515625
35.0044898000051,1,11.654573599997093,12285,142092,142092,2,0,0,True,108.38388061523438,1.0,0.0,0.0001614115753909573,5340,3,0.062282443046569824,-1182.0037841796875,24.766525268554688,-2193.4091796875
35.015377899995656,1,11.665461699987645,12295,142092,142092,2,0,0,True,108.66625213623047,1.0,0.0,0.000999118317849934,5354,3,0.06230493634939194,-1181.7994384765625,24.752643585205078,-2193.31396484375
35.02626910000981,1,11.676352900001802,12305,142092,142092,2,0,0,True,108.88976287841797,1.0,0.0,0.0007799454033374786,5362,3,0.062349919229745865,-1181.526611328125,24.7341251373291,-2193.186767578125
35.03768200000923,1,11.687765800001216,12312,142092,142092,2,0,0,True,109.17145538330078,1.0,0.0,0.0003773868374992162,5370,3,0.06239490211009979,-1181.253173828125,24.71561050415039,-2193.059326171875
35.048548999999184,1,11.698632799991174,12322,142092,142092,2,0,0,True,109.39720916748047,1.0,0.0,0.00020646757911890745,5378,3,0.06241739168763161,-1181.0477294921875,24.701723098754883,-2192.963623046875
35.05933180000284,1,11.709415599994827,12332,142092,142092,2,0,0,True,109.62580871582031,1.0,0.0,0.0001487874542362988,5387,3,0.062462374567985535,-1180.7733154296875,24.683197021484375,-2192.835693359375
35.07053120000637,1,11.72061499999836,12350,142092,142092,2,0,0,True,109.90826416015625,1.0,0.0,0.0002989303902722895,5401,3,0.06255234032869339,-1180.2227783203125,24.646081924438477,-2192.5791015625
35.0813402000058,1,11.731423999997787,12360,142092,142092,2,0,0,True,110.13626098632812,1.0,0.0,-5.27950469404459e-05,5413,3,0.06259731948375702,-1180.015625,24.632116317749023,-2192.482666015625
35.09242169999925,1,11.742505499991239,12370,142092,142092,2,0,0,True,110.41738891601562,1.0,0.0,0.0006145942606963217,5426,3,0.06264230608940125,-1179.7391357421875,24.613439559936523,-2192.353759765625
35.10336370000732,1,11.75344749999931,12377,142092,142092,2,0,0,True,110.64117431640625,1.0,0.0,0.0006721580284647644,5436,3,0.06268731504678726,-1179.4619140625,24.5947265625,-2192.224609375
35.11512290000974,1,11.765206700001727,12390,142092,142092,2,0,0,True,110.9240493774414,1.0,0.0,0.00061474007088691,5448,3,0.06270986795425415,-1179.2537841796875,24.5806884765625,-2192.127685546875
35.126126999995904,1,11.776210799987894,12407,142092,142092,2,0,0,True,111.15184783935547,1.0,0.0,0.0007711112848483026,5458,3,0.06280007213354111,-1178.6968994140625,24.54332160949707,-2191.8681640625
35.13725149999664,1,11.787335299988627,12417,142092,142092,2,0,0,True,111.43363952636719,1.0,0.0,0.00032064045080915093,5472,3,0.06284517049789429,-1178.4176025390625,24.524642944335938,-2191.738037109375
35.148473499997635,1,11.798557299989625,12427,142092,142092,2,0,0,True,111.65679931640625,1.0,0.0,-0.00014683997142128646,5486,3,0.06289026886224747,-1178.1376953125,24.50595474243164,-2191.60791015625
35.15927630000806,1,11.809360100000049,12435,142092,142092,2,0,0,True,111.88058471679688,1.0,0.0,-0.0005811662995256484,5502,3,0.06293537467718124,-1177.8572998046875,24.487247467041016,-2191.47705078125
35.17029100000218,1,11.82037479999417,12445,142092,142092,2,0,0,True,112.16337585449219,1.0,0.0,6.229982682270929e-05,5523,3,0.06295792013406754,-1177.6466064453125,24.473190307617188,-2191.379150390625
35.18136090000917,1,11.831444700001157,12455,142092,142092,2,0,0,True,112.3910140991211,1.0,0.0,0.00099461292847991,5535,3,0.06300302594900131,-1177.3651123046875,24.454408645629883,-2191.248046875
35.19250450000982,1,11.842588300001808,12475,142092,142092,2,0,0,True,112.67716979980469,1.0,0.0,0.001116062980145216,5545,3,0.06309322267770767,-1176.871337890625,24.421463012695312,-2191.017822265625
35.204354300003615,1,11.854438099995605,12482,142092,142092,2,0,0,True,112.90106201171875,1.0,0.0,0.0006792699568904936,5550,3,0.06313832104206085,-1176.5174560546875,24.397876739501953,-2190.85302734375
35.21552440000232,1,11.865608199994313,12492,142092,142092,2,0,0,True,113.18608856201172,1.0,0.0,0.0009726500138640404,5561,3,0.06318342685699463,-1176.3048095703125,24.38370704650879,-2190.75390625
35.22660760000872,1,11.876691400000709,12502,142092,142092,2,0,0,True,113.4126968383789,1.0,0.0,0.0006575396982952952,5573,3,0.06322852522134781,-1176.0206298828125,24.364742279052734,-2190.62158203125
35.23754570000165,1,11.887629499993636,12510,142092,142092,2,0,0,True,113.69717407226562,1.0,0.0,0.0002380034711677581,5591,3,0.06327362358570099,-1175.7359619140625,24.345726013183594,-2190.489013671875
35.24844399999711,1,11.898527799989097,12530,142092,142092,2,0,0,True,113.92318725585938,1.0,0.0,0.00035960873356088996,5605,3,0.06334127485752106,-1175.236328125,24.312314987182617,-2190.25634765625
35.25935259999824,1,11.909436399990227,12540,142092,142092,2,0,0,True,114.14856719970703,1.0,0.0,0.0007373191183432937,5618,3,0.06338638067245483,-1174.9500732421875,24.29314613342285,-2190.123046875
35.27074520000315,1,11.920828999995138,12547,142092,142092,2,0,0,True,114.42945098876953,1.0,0.0,0.0007473189034499228,5632,3,0.06343141943216324,-1174.6632080078125,24.273942947387695,-2189.989501953125
35.281799600008526,1,11.931883400000515,12557,142092,142092,2,0,0,True,114.71385955810547,1.0,0.0,0.0006125156651251018,5645,3,0.06347643584012985,-1174.44775390625,24.259519577026367,-2189.88916015625
35.29301970000961,1,11.943103500001598,12567,142092,142092,2,0,0,True,114.93879699707031,1.0,0.0,0.00010299740824848413,5655,3,0.06352145969867706,-1174.159912109375,24.240264892578125,-2189.755126953125
35.304020700001274,1,11.954104499993264,12577,142092,142092,2,0,0,True,115.17013549804688,1.0,0.0,0.0005765980458818376,5663,3,0.06356648355722427,-1173.8714599609375,24.220989227294922,-2189.620849609375
35.315035999999964,1,11.965119799991953,12595,142092,142092,2,0,0,True,115.45384979248047,1.0,0.0,2.818994107656181e-05,5674,3,0.0636565238237381,-1173.29296875,24.182397842407227,-2189.351318359375
35.325941000002786,1,11.976024799994775,12605,142092,142092,2,0,0,True,115.68375396728516,1.0,0.0,-0.0002961392456199974,5684,3,0.06370154023170471,-1173.075439453125,24.16793441772461,-2189.25
35.33713620000344,1,11.987219999995432,12615,142092,142092,2,0,0,True,115.97130584716797,1.0,0.0,-0.0005849970621056855,5698,3,0.06374656409025192,-1172.7847900390625,24.148618698120117,-2189.11474609375
35.34813140000915,1,11.998215200001141,12622,142092,142092,2,0,0,True,116.20115661621094,1.0,0.0,-0.00011980737326666713,5708,3,0.06379158049821854,-1172.49365234375,24.129247665405273,-2188.979248046875
35.358872800003155,1,12.008956599995145,12632,142092,142092,2,0,0,True,116.43019104003906,1.0,0.0,-0.00027246016543358564,5718,3,0.06381409615278244,-1172.27490234375,24.114686965942383,-2188.87744140625
35.36995590000879,1,12.02003970000078,12652,142092,142092,2,0,0,True,116.71631622314453,1.0,0.0,0.015958594158291817,5730,3,0.06390413641929626,-1171.68994140625,24.07570457458496,-2188.605224609375
35.38095720000274,1,12.03104099999473,12660,142092,142092,2,0,0,True,116.94495391845703,1.0,0.0,0.02636321261525154,5739,3,0.06397166848182678,-1171.396728515625,24.056119918823242,-2188.46875
35.39205340000626,1,12.042137199998251,12670,142092,142092,2,0,0,True,117.17243957519531,1.0,0.0,0.06648203730583191,5748,3,0.06399417668581009,-1171.17626953125,24.041397094726562,-2188.365966796875
35.403109899998526,1,12.053193699990516,12680,142092,142092,2,0,0,True,117.45037841796875,1.0,0.0,0.041773125529289246,5764,3,0.0640392005443573,-1170.882080078125,24.021713256835938,-2188.22900390625
35.41426140000112,1,12.064345199993113,12687,142092,142092,2,0,0,True,117.67101287841797,1.0,0.0,0.047584570944309235,5780,3,0.06408421695232391,-1170.5872802734375,24.001970291137695,-2188.09130859375
35.42532960000972,1,12.075413400001707,12700,142092,142092,2,0,0,True,117.94764709472656,1.0,0.0,0.03893585503101349,5804,3,0.06412924081087112,-1170.365966796875,23.987110137939453,-2187.988037109375
35.436344700006885,1,12.086428499998874,12717,142092,142092,2,0,0,True,118.1678695678711,1.0,0.0,0.0335962176322937,5824,3,0.06421931087970734,-1169.7742919921875,23.947303771972656,-2187.7109375
35.44739810000465,1,12.097481899996637,12727,142092,142092,2,0,0,True,118.44710540771484,1.0,0.0,0.02326740324497223,5847,3,0.06426434218883514,-1169.477783203125,23.927303314208984,-2187.57177734375
35.45842819999962,1,12.108511999991606,12735,142092,142092,2,0,0,True,118.67289733886719,1.0,0.0,0.03144242614507675,5861,3,0.06430938094854355,-1169.1807861328125,23.907230377197266,-2187.43212890625
35.469374300009804,1,12.119458100001793,12745,142092,142092,2,0,0,True,118.9002456665039,1.0,0.0,0.02950652502477169,5869,3,0.06435441225767136,-1168.957763671875,23.892126083374023,-2187.3271484375
35.48039440000139,1,12.130478199993377,12755,142092,142092,2,0,0,True,119.18899536132812,1.0,0.0,0.030968666076660156,5872,3,0.06439945101737976,-1168.659912109375,23.87192153930664,-2187.186767578125
35.49139199999627,1,12.141475799988257,12772,142092,142092,2,0,0,True,119.41926574707031,1.0,0.0,0.03159559890627861,5871,3,0.06448952108621597,-1168.062744140625,23.831260681152344,-2186.904541015625
35.502565700007835,1,12.152649499999825,12785,142092,142092,2,0,0,True,119.70477294921875,1.0,0.0,0.030911941081285477,5870,3,0.06453455239534378,-1167.83837890625,23.81594467163086,-2186.798095703125
35.5135089999967,1,12.163592799988692,12792,142092,142092,2,0,0,True,119.93450164794922,1.0,0.0,0.03053385019302368,5875,3,0.06457958370447159,-1167.4637451171875,23.79039192199707,-2186.620361328125
35.52432029999909,1,12.17440409999108,12800,142092,142092,2,0,0,True,120.21366119384766,1.0,0.0,-0.004482537508010864,5889,3,0.06462462246417999,-1167.2386474609375,23.775047302246094,-2186.513427734375
35.5352450000064,1,12.185328799998388,12812,142092,142092,2,0,0,True,120.4383316040039,1.0,0.0,-0.014673430472612381,5907,3,0.0646696537733078,-1167.0133056640625,23.759700775146484,-2186.406005859375
35.54607019999821,1,12.196153999990202,12820,142092,142092,2,0,0,True,120.66502380371094,1.0,0.0,-0.007699574809521437,5927,3,0.0647146925330162,-1166.6370849609375,23.734155654907227,-2186.2265625
35.55685619999713,1,12.206939999989117,12830,142092,142092,2,0,0,True,120.8917007446289,1.0,0.0,-0.007983187213540077,5945,3,0.06475972384214401,-1166.410888671875,23.718854904174805,-2186.11865234375
35.56798880000133,1,12.21807259999332,12850,142092,142092,2,0,0,True,121.1749267578125,1.0,0.0,-0.018963659182190895,5963,3,0.06484980136156082,-1165.8065185546875,23.678020477294922,-2185.829833984375
35.579063099998166,1,12.229146899990155,12857,142092,142092,2,0,0,True,121.40474700927734,1.0,0.0,-0.006938864476978779,5970,3,0.06489486992359161,-1165.5035400390625,23.65754508972168,-2185.684814453125
35.590217000004486,1,12.240300799996476,12867,142092,142092,2,0,0,True,121.6910629272461,1.0,0.0,-0.005838036071509123,5972,3,0.06493993103504181,-1165.2760009765625,23.642148971557617,-2185.57568359375
35.601170699999784,1,12.251254499991774,12877,142092,142092,2,0,0,True,121.92324829101562,1.0,0.0,-0.001916326116770506,5972,3,0.0649849995970726,-1164.9720458984375,23.621562957763672,-2185.43017578125
35.61217140000372,1,12.262255199995707,12887,142092,142092,2,0,0,True,122.20166778564453,1.0,0.0,0.0006356464582495391,5976,3,0.0650300681591034,-1164.6676025390625,23.600908279418945,-2185.283935546875
35.6231936999975,1,12.27327749998949,12897,142092,142092,2,0,0,True,122.4122314453125,1.0,0.0,0.003676928346976638,5987,3,0.06507512927055359,-1164.3626708984375,23.5802059173584,-2185.137451171875
35.634189200005494,1,12.284272999997484,12915,142092,142092,2,0,0,True,122.63494110107422,1.0,0.0,0.005411352962255478,6007,3,0.06516526639461517,-1163.827880859375,23.543989181518555,-2184.88037109375
35.6452575000003,1,12.295341299992288,12925,142092,142092,2,0,0,True,122.9118881225586,1.0,0.0,0.0028498664032667875,6038,3,0.06521032750606537,-1163.5216064453125,23.523395538330078,-2184.73291015625
35.656494900002144,1,12.306578699994134,12932,142092,142092,2,0,0,True,123.12708282470703,1.0,0.0,0.003851188812404871,6063,3,0.06527792662382126,-1163.2147216796875,23.502721786499023,-2184.5849609375
35.66763560000982,1,12.317719400001806,12942,142092,142092,2,0,0,True,123.4175796508789,1.0,0.0,0.004020180553197861,6089,3,0.06530045717954636,-1162.984375,23.487211227416992,-2184.473876953125
35.67873630000395,1,12.328820099995937,12952,142092,142092,2,0,0,True,123.62208557128906,1.0,0.0,0.00464350450783968,6101,3,0.06534552574157715,-1162.6767578125,23.466506958007812,-2184.325439453125
35.68974319999688,1,12.339826999988873,12970,142092,142092,2,0,0,True,123.9178695678711,1.0,0.0,0.0004920958308503032,6098,3,0.06545819342136383,-1162.059814453125,23.424516677856445,-2184.02734375
35.70071020000614,1,12.350793999998132,12980,142092,142092,2,0,0,True,124.14959716796875,1.0,0.0,0.002583049703389406,6085,3,0.06548072397708893,-1161.8280029296875,23.40863800048828,-2183.915283203125
35.71173209999688,1,12.36181589998887,12990,142092,142092,2,0,0,True,124.36981964111328,1.0,0.0,-0.0025176317431032658,6073,3,0.06554832309484482,-1161.518310546875,23.387378692626953,-2183.765380859375
35.722944100009045,1,12.373027900001034,12997,142092,142092,2,0,0,True,124.64396667480469,1.0,0.0,0.0025546979159116745,6087,3,0.0655934289097786,-1161.2081298828125,23.366233825683594,-2183.615234375
35.734015900001395,1,12.384099699993385,13007,142092,142092,2,0,0,True,124.87590026855469,1.0,0.0,0.00025231862673535943,6108,3,0.06561599671840668,-1160.9752197265625,23.35027313232422,-2183.50244140625
35.74506580000161,1,12.395149599993601,13025,142092,142092,2,0,0,True,125.10985565185547,1.0,0.0,0.006013032048940659,6159,3,0.0657288059592247,-1160.3525390625,23.307538986206055,-2183.200927734375
35.75620190000336,1,12.406285699995351,13037,142092,142092,2,0,0,True,125.35890197753906,1.0,0.0,0.000779965310357511,6191,3,0.06577392667531967,-1160.1185302734375,23.29132652282715,-2183.08740234375
35.76697150000837,1,12.417055300000357,13045,142092,142092,2,0,0,True,125.58599090576172,1.0,0.0,0.006046632770448923,6223,3,0.06581905484199524,-1159.7279052734375,23.264286041259766,-2182.89794921875
35.7778502000001,1,12.427933999992092,13052,142092,142092,2,0,0,True,125.83594512939453,1.0,0.0,0.0011002334067597985,6229,3,0.06586417555809021,-1159.4931640625,23.247915267944336,-2182.783935546875
35.78902460000245,1,12.439108399994439,13065,142092,142092,2,0,0,True,125.99869537353516,1.0,0.0,0.008260674774646759,6233,3,0.06590929627418518,-1159.2581787109375,23.231462478637695,-2182.669921875
35.8001801000064,1,12.45026389999839,13082,142092,142092,2,0,0,True,126.3245849609375,1.0,0.0,0.0005248122615739703,6228,3,0.06599954515695572,-1158.6300048828125,23.18733024597168,-2182.36474609375
35.8111826999957,1,12.461266499987687,13092,142092,142092,2,0,0,True,126.4896469116211,1.0,0.0,0.008427864871919155,6231,3,0.06604467332363129,-1158.3150634765625,23.16515350341797,-2182.211669921875
35.82210839999607,1,12.472192199988058,13102,142092,142092,2,0,0,True,126.82356262207031,1.0,0.0,0.0007451961282640696,6232,3,0.06611235439777374,-1157.9998779296875,23.142812728881836,-2182.058349609375
35.83312450000085,1,12.483208299992839,13110,142092,142092,2,0,0,True,126.98980712890625,1.0,0.0,0.00859790202230215,6241,3,0.06615748256444931,-1157.683837890625,23.12046241760254,-2181.90478515625
35.84415250000893,1,12.494236300000921,13120,142092,142092,2,0,0,True,127.26123046875,1.0,0.0,0.0011131296632811427,6250,3,0.06620260328054428,-1157.4466552734375,23.103652954101562,-2181.789306640625
35.85538340000494,1,12.505467199996929,13130,142092,142092,2,0,0,True,127.48324584960938,1.0,0.0,0.007240805774927139,6266,3,0.06624773144721985,-1157.1297607421875,23.081125259399414,-2181.63525390625
35.86650830000872,1,12.516592100000707,13147,142092,142092,2,0,0,True,127.74530029296875,1.0,0.0,0.0021086286287754774,6276,3,0.066337950527668,-1156.5740966796875,23.041719436645508,-2181.36474609375
35.87763470000937,1,12.527718500001356,13157,142092,142092,2,0,0,True,127.98429107666016,1.0,0.0,0.03147420287132263,6286,3,0.06638304889202118,-1156.2557373046875,23.01922607421875,-2181.209716796875
35.88877210000646,1,12.538855899998453,13165,142092,142092,2,0,0,True,128.2405548095703,1.0,0.0,0.017983997240662575,6289,3,0.06642814725637436,-1155.9368896484375,22.996746063232422,-2181.0546875
35.89985460000753,1,12.549938399999519,13175,142092,142092,2,0,0,True,128.46731567382812,1.0,0.0,0.02553677186369896,6295,3,0.06647325307130814,-1155.697509765625,22.9798641204834,-2180.93798828125
35.910902300005546,1,12.560986099997535,13185,142092,142092,2,0,0,True,128.72750854492188,1.0,0.0,0.026162542402744293,6302,3,0.06651835143566132,-1155.377685546875,22.95747184753418,-2180.781982421875
35.921734500007005,1,12.571818299998995,13192,142092,142092,2,0,0,True,128.92747497558594,1.0,0.0,0.01979631558060646,6314,3,0.06658600270748138,-1155.0574951171875,22.935060501098633,-2180.6259765625
35.93269760000112,1,12.58278139999311,13212,142092,142092,2,0,0,True,129.21429443359375,1.0,0.0,0.018476111814379692,6328,3,0.06667620688676834,-1154.495849609375,22.89618682861328,-2180.351806640625
35.94403549999697,1,12.59411929998896,13222,142092,142092,2,0,0,True,129.40496826171875,1.0,0.0,0.014540760777890682,6342,3,0.06672130525112152,-1154.1741943359375,22.874046325683594,-2180.194580078125
35.95504719999735,1,12.605130999989342,13232,142092,142092,2,0,0,True,129.7011260986328,1.0,0.0,0.014705528505146503,6353,3,0.0667664110660553,-1153.8519287109375,22.852039337158203,-2180.037109375
35.96572419999575,1,12.615807999987737,13240,142092,142092,2,0,0,True,129.87657165527344,1.0,0.0,0.012682276777923107,6367,3,0.06681150943040848,-1153.529296875,22.829967498779297,-2179.87939453125
35.976950500000385,1,12.627034299992374,13250,142092,142092,2,0,0,True,130.1952667236328,1.0,0.0,0.013735118322074413,6386,3,0.06685661524534225,-1153.286865234375,22.81359100341797,-2179.7607421875
35.98785140000109,1,12.63793519999308,13270,142092,142092,2,0,0,True,130.35092163085938,1.0,0.0,0.013987523503601551,6405,3,0.0669693648815155,-1152.6392822265625,22.76980972290039,-2179.44384765625
35.998866399997496,1,12.648950199989486,13277,142092,142092,2,0,0,True,130.6161346435547,1.0,0.0,0.011361523531377316,6426,3,0.0670144110918045,-1152.3148193359375,22.74790382385254,-2179.28466796875
36.00988070000312,1,12.659964499995112,13287,142092,142092,2,0,0,True,130.8181915283203,1.0,0.0,0.016691584140062332,6454,3,0.06705927848815918,-1152.071044921875,22.731380462646484,-2179.1650390625
36.02092560000892,1,12.671009400000912,13297,142092,142092,2,0,0,True,131.09164428710938,1.0,0.0,0.012054059654474258,6472,3,0.06710415333509445,-1151.7457275390625,22.709392547607422,-2179.00537109375
36.032061999998405,1,12.682145799990394,13305,142092,142092,2,0,0,True,131.2734832763672,1.0,0.0,0.018496720120310783,6494,3,0.06714902073144913,-1151.419921875,22.68717384338379,-2178.84521484375
36.04299109999556,1,12.69307489998755,13325,142092,142092,2,0,0,True,131.55160522460938,1.0,0.0,0.011536097154021263,6511,3,0.06726119667291641,-1150.8487548828125,22.648115158081055,-2178.564208984375
36.05441690000589,1,12.70450069999788,13332,142092,142092,2,0,0,True,131.7042236328125,1.0,0.0,0.016203347593545914,6524,3,0.06730607151985168,-1150.5216064453125,22.62556266784668,-2178.403076171875
36.06529739999678,1,12.71538119998877,13345,142092,142092,2,0,0,True,132.0159912109375,1.0,0.0,0.011435229331254959,6546,3,0.06735093891620636,-1150.276123046875,22.608570098876953,-2178.281982421875
36.0763861000014,1,12.72646989999339,13352,142092,142092,2,0,0,True,132.15692138671875,1.0,0.0,0.018757637590169907,6560,3,0.06741824746131897,-1149.8663330078125,22.579988479614258,-2178.079833984375
36.08733910000592,1,12.73742289999791,13360,142092,142092,2,0,0,True,132.49884033203125,1.0,0.0,0.01028679870069027,6573,3,0.06744068115949631,-1149.6199951171875,22.562803268432617,-2177.9580078125
36.09830630000215,1,12.74839009999414,13380,142092,142092,2,0,0,True,132.64498901367188,1.0,0.0,0.01571638137102127,6577,3,0.06755286455154419,-1148.962158203125,22.516809463500977,-2177.632568359375
36.10942920000525,1,12.759512999997241,13390,142092,142092,2,0,0,True,132.8952178955078,1.0,0.0,0.018465086817741394,6570,3,0.06759773194789886,-1148.715087890625,22.499544143676758,-2177.51025390625
36.120486300002085,1,12.770570099994075,13400,142092,142092,2,0,0,True,133.11314392089844,1.0,0.0,0.02189982868731022,6562,3,0.06764260679483414,-1148.3851318359375,22.47649383544922,-2177.346435546875
36.13150289999612,1,12.781586699988111,13407,142092,142092,2,0,0,True,133.3922576904297,1.0,0.0,0.01847613975405693,6558,3,0.06770990788936615,-1148.0548095703125,22.45344352722168,-2177.182373046875
36.14249080000445,1,12.792574599996442,13415,142092,142092,2,0,0,True,133.61380004882812,1.0,0.0,0.018304741010069847,6561,3,0.06773237138986588,-1147.806640625,22.436017990112305,-2177.058837890625
36.1536277999985,1,12.803711599990493,13435,142092,142092,2,0,0,True,133.89797973632812,1.0,0.0,0.014008261263370514,6563,3,0.06784477829933167,-1147.143798828125,22.3895320892334,-2176.728759765625
36.16472760000033,1,12.814811399992323,13445,142092,142092,2,0,0,True,134.08448791503906,1.0,0.0,0.025243932381272316,6590,3,0.0678897425532341,-1146.8946533203125,22.372053146362305,-2176.6044921875
36.175860900009866,1,12.825944700001855,13455,142092,142092,2,0,0,True,134.37733459472656,1.0,0.0,0.02178274840116501,6619,3,0.06793470680713654,-1146.5621337890625,22.348691940307617,-2176.438720703125
36.187103800009936,1,12.837187600001926,13462,142092,142092,2,0,0,True,134.51821899414062,1.0,0.0,0.026655718684196472,6670,3,0.06800214946269989,-1146.2291259765625,22.325258255004883,-2176.272216796875
36.19812080000702,1,12.848204599999008,13472,142092,142092,2,0,0,True,134.842529296875,1.0,0.0,0.01544363796710968,6694,3,0.06802462786436081,-1145.979248046875,22.307674407958984,-2176.147216796875
36.209345700000995,1,12.859429499992984,13490,142092,142092,2,0,0,True,134.93685913085938,1.0,0.0,0.02588474750518799,6717,3,0.0681370422244072,-1145.3114013671875,22.260332107543945,-2175.812744140625
36.220271400001366,1,12.870355199993355,13502,142092,142092,2,0,0,True,135.28646850585938,1.0,0.0,0.012966802343726158,6720,3,0.06818199902772903,-1145.0606689453125,22.242412567138672,-2175.68701171875
36.231403400001,1,12.88148719999299,13510,142092,142092,2,0,0,True,135.38348388671875,1.0,0.0,0.02484743297100067,6731,3,0.06824944913387299,-1144.6419677734375,22.212459564208984,-2175.4765625
36.2420953999972,1,12.892179199989187,13517,142092,142092,2,0,0,True,135.75289916992188,1.0,0.0,0.011425385251641273,6730,3,0.06829441338777542,-1144.390625,22.19432830810547,-2175.35009765625
36.25300870000501,1,12.903092499997001,13527,142092,142092,2,0,0,True,135.88612365722656,1.0,0.0,0.02046058513224125,6734,3,0.06833937764167786,-1144.138916015625,22.17612648010254,-2175.223388671875
36.26364610000746,1,12.913729899999453,13537,142092,142092,2,0,0,True,136.18731689453125,1.0,0.0,0.010148544795811176,6724,3,0.0683843344449997,-1143.802734375,22.15182876586914,-2175.05419921875
36.2752676000091,1,12.925351400001091,13555,142092,142092,2,0,0,True,136.37229919433594,1.0,0.0,0.02030361443758011,6735,3,0.06847435981035233,-1143.213623046875,22.108930587768555,-2174.7568359375
36.28639540000586,1,12.936479199997848,13565,142092,142092,2,0,0,True,136.64605712890625,1.0,0.0,0.011041262187063694,6741,3,0.0685419887304306,-1142.87646484375,22.084259033203125,-2174.586669921875
36.297413599997526,1,12.947497399989516,13572,142092,142092,2,0,0,True,136.89453125,1.0,0.0,0.014501488767564297,6757,3,0.06858707219362259,-1142.53857421875,22.05959129333496,-2174.415771484375
36.30836330000602,1,12.958447099998011,13582,142092,142092,2,0,0,True,137.09136962890625,1.0,0.0,0.013880282640457153,6762,3,0.06863215565681458,-1142.2850341796875,22.040956497192383,-2174.287353515625
36.31946250000328,1,12.969546299995272,13600,142092,142092,2,0,0,True,137.29893493652344,1.0,0.0,0.023794900625944138,6772,3,0.06874487549066544,-1141.6075439453125,21.991052627563477,-2173.94384765625
36.33045970000967,1,12.980543500001659,13610,142092,142092,2,0,0,True,137.5462188720703,1.0,0.0,0.01594456471502781,6776,3,0.06878995895385742,-1141.3531494140625,21.97224998474121,-2173.814697265625
36.34146250000049,1,12.991546299992478,13620,142092,142092,2,0,0,True,137.7993927001953,1.0,0.0,0.02255219966173172,6783,3,0.06883504986763,-1141.0133056640625,21.947254180908203,-2173.641845703125
36.352343300008215,1,13.002427100000205,13630,142092,142092,2,0,0,True,138.01101684570312,1.0,0.0,0.019024085253477097,6790,3,0.06890267878770828,-1140.6732177734375,21.9221134185791,-2173.46875
36.36309970000002,1,13.01318349999201,13637,142092,142092,2,0,0,True,138.2895050048828,1.0,0.0,0.022232331335544586,6795,3,0.06894776225090027,-1140.3326416015625,21.89702606201172,-2173.295166015625
36.37421480000194,1,13.024298599993926,13647,142092,142092,2,0,0,True,138.4426727294922,1.0,0.0,0.02189563401043415,6801,3,0.06899284571409225,-1140.076904296875,21.878145217895508,-2173.164794921875
36.385315999999875,1,13.035399799991865,13665,142092,142092,2,0,0,True,138.75816345214844,1.0,0.0,0.017563877627253532,6806,3,0.06910556554794312,-1139.393798828125,21.82771110534668,-2172.81591796875
36.39628699999594,1,13.046370799987926,13675,142092,142092,2,0,0,True,138.89920043945312,1.0,0.0,0.021149979904294014,6814,3,0.0691506490111351,-1139.1370849609375,21.808752059936523,-2172.6845703125
36.407362300000386,1,13.057446099992376,13685,142092,142092,2,0,0,True,139.21434020996094,1.0,0.0,0.01335529051721096,6819,3,0.06919584423303604,-1138.7945556640625,21.783466339111328,-2172.509033203125
36.418458300002385,1,13.068542099994374,13692,142092,142092,2,0,0,True,139.3844451904297,1.0,0.0,0.0207852590829134,6826,3,0.06924107670783997,-1138.451416015625,21.75806427001953,-2172.333251953125
36.42942200000107,1,13.079505799993058,13702,142092,142092,2,0,0,True,139.643310546875,1.0,0.0,0.012499591335654259,6829,3,0.06928630918264389,-1138.19384765625,21.739036560058594,-2172.201171875
36.440362100009224,1,13.090445900001214,13720,142092,142092,2,0,0,True,139.86203002929688,1.0,0.0,0.019445601850748062,6840,3,0.0693993866443634,-1137.5057373046875,21.68816566467285,-2171.84765625
36.45147700000962,1,13.101560800001607,13730,142092,142092,2,0,0,True,140.0911102294922,1.0,0.0,0.012272526510059834,6849,3,0.06944461911916733,-1137.247314453125,21.669036865234375,-2171.71484375
36.46249900000112,1,13.112582799993106,13740,142092,142092,2,0,0,True,140.34010314941406,1.0,0.0,0.01358727365732193,6875,3,0.06951246410608292,-1136.90234375,21.643529891967773,-2171.537109375
36.47313440000289,1,13.12321819999488,13747,142092,142092,2,0,0,True,140.54759216308594,1.0,0.0,0.01436361949890852,6892,3,0.06955769658088684,-1136.556884765625,21.617944717407227,-2171.359130859375
36.484269499997026,1,13.134353299989016,13760,142092,142092,2,0,0,True,140.76100158691406,1.0,0.0,0.013564040884375572,6903,3,0.06960292160511017,-1136.2974853515625,21.598690032958984,-2171.225341796875
36.49531749999733,1,13.145401299989317,13777,142092,142092,2,0,0,True,141.0137481689453,1.0,0.0,0.011321363970637321,6903,3,0.06971599906682968,-1135.6046142578125,21.547073364257812,-2170.867431640625
36.506551200000104,1,13.156634999992093,13787,142092,142092,2,0,0,True,141.23358154296875,1.0,0.0,0.016518354415893555,6899,3,0.0697612315416336,-1135.2574462890625,21.521160125732422,-2170.68798828125
36.51719250000315,1,13.167276299995137,13795,142092,142092,2,0,0,True,141.4779052734375,1.0,0.0,0.013384979218244553,6898,3,0.0698290765285492,-1134.909912109375,21.495162963867188,-2170.508056640625
36.52835609999602,1,13.178439899988007,13802,142092,142092,2,0,0,True,141.70436096191406,1.0,0.0,0.01427602767944336,6903,3,0.06987430900335312,-1134.64892578125,21.47563362121582,-2170.372802734375
36.53951470000902,1,13.189598500001011,13815,142092,142092,2,0,0,True,141.93914794921875,1.0,0.0,0.04916705936193466,6921,3,0.06991925090551376,-1134.3876953125,21.4560489654541,-2170.237548828125
36.55080189999717,1,13.200885699989158,13832,142092,142092,2,0,0,True,142.16140747070312,1.0,0.0,0.03687642514705658,6940,3,0.07003137469291687,-1133.68994140625,21.40366554260254,-2169.875244140625
36.56176850000338,1,13.211852299995371,13842,142092,142092,2,0,0,True,142.3487091064453,1.0,0.0,0.031094932928681374,6959,3,0.07007621973752975,-1133.340576171875,21.377309799194336,-2169.693359375
36.57286749999912,1,13.22295129999111,13850,142092,142092,2,0,0,True,142.61183166503906,1.0,0.0,0.027327803894877434,6976,3,0.07014349102973938,-1132.99072265625,21.350812911987305,-2169.51123046875
36.58417430000554,1,13.234258099997533,13860,142092,142092,2,0,0,True,142.81317138671875,1.0,0.0,0.026978768408298492,6983,3,0.07018833607435226,-1132.72802734375,21.330856323242188,-2169.3740234375
36.594958500005305,1,13.245042299997294,13870,142092,142092,2,0,0,True,143.06446838378906,1.0,0.0,0.03172466158866882,6987,3,0.07023318111896515,-1132.3775634765625,21.304141998291016,-2169.19091796875
36.60588889999781,1,13.255972699989798,13887,142092,142092,2,0,0,True,143.2791290283203,1.0,0.0,0.024490561336278915,6990,3,0.07034529745578766,-1131.7633056640625,21.257123947143555,-2168.869384765625
36.617269399997895,1,13.267353199989884,13897,142092,142092,2,0,0,True,143.48056030273438,1.0,0.0,0.025102494284510612,6994,3,0.07039014995098114,-1131.4117431640625,21.230083465576172,-2168.68505859375
36.62804360000882,1,13.278127400000812,13905,142092,142092,2,0,0,True,143.73526000976562,1.0,0.0,0.02259080670773983,7003,3,0.07045741379261017,-1131.059814453125,21.202980041503906,-2168.5
36.639082000008784,1,13.289165800000774,13915,142092,142092,2,0,0,True,143.93910217285156,1.0,0.0,0.021862437948584557,7016,3,0.07050226628780365,-1130.795654296875,21.182584762573242,-2168.361083984375
36.65033180000319,1,13.300415599995176,13925,142092,142092,2,0,0,True,144.18780517578125,1.0,0.0,0.021202661097049713,7038,3,0.07054711133241653,-1130.4429931640625,21.155344009399414,-2168.17529296875
36.661771099999896,1,13.311854899991886,13942,142092,142092,2,0,0,True,144.38658142089844,1.0,0.0,0.02099701017141342,7054,3,0.07065939903259277,-1129.8250732421875,21.107526779174805,-2167.848876953125
36.67298620000656,1,13.323069999998552,13952,142092,142092,2,0,0,True,144.63592529296875,1.0,0.0,0.021082919090986252,7069,3,0.0707043781876564,-1129.4715576171875,21.080135345458984,-2167.66162109375
36.68395079999755,1,13.334034599989536,13960,142092,142092,2,0,0,True,144.8376007080078,1.0,0.0,0.021125299856066704,7074,3,0.07077185809612274,-1129.11767578125,21.052711486816406,-2167.473876953125
36.69492460000038,1,13.345008399992366,13970,142092,142092,2,0,0,True,145.0902099609375,1.0,0.0,0.02171066217124462,7076,3,0.07081683725118637,-1128.85205078125,21.03214454650879,-2167.332763671875
36.70599400000356,1,13.356077799995546,13980,142092,142092,2,0,0,True,145.294189453125,1.0,0.0,0.021964317187666893,7078,3,0.0708618238568306,-1128.49755859375,21.004745483398438,-2167.14404296875
36.71691630000714,1,13.367000099999132,13997,142092,142092,2,0,0,True,145.5474853515625,1.0,0.0,0.022562358528375626,7083,3,0.07097427546977997,-1127.8763427734375,20.956829071044922,-2166.812255859375
36.72791169999982,1,13.377995499991812,14007,142092,142092,2,0,0,True,145.74862670898438,1.0,0.0,0.023000095039606094,7091,3,0.07104175537824631,-1127.52099609375,20.92945671081543,-2166.6220703125
36.73892380000325,1,13.389007599995239,14017,142092,142092,2,0,0,True,145.95065307617188,1.0,0.0,0.022930964827537537,7100,3,0.07108673453330994,-1127.1651611328125,20.90209197998047,-2166.43115234375
36.749790700007,1,13.399874499998987,14025,142092,142092,2,0,0,True,146.19729614257812,1.0,0.0,0.023467104882001877,7113,3,0.07115420699119568,-1126.8092041015625,20.87474822998047,-2166.239501953125
36.7608656000084,1,13.41094940000039,14035,142092,142092,2,0,0,True,146.39353942871094,1.0,0.0,0.02325429767370224,7124,3,0.0711991935968399,-1126.5419921875,20.854265213012695,-2166.095458984375
36.772286000006716,1,13.422369799998705,14052,142092,142092,2,0,0,True,146.63815307617188,1.0,0.0,0.022804662585258484,7138,3,0.07128915935754776,-1125.917724609375,20.806577682495117,-2165.758056640625
36.78315430000657,1,13.433238099998562,14062,142092,142092,2,0,0,True,146.83331298828125,1.0,0.0,0.02242577075958252,7150,3,0.07135681807994843,-1125.5606689453125,20.779375076293945,-2165.564453125
36.7940998999984,1,13.44418369999039,14070,142092,142092,2,0,0,True,146.9671173095703,1.0,0.0,0.02249281108379364,6990,1,0.07140204310417175,-1125.2032470703125,20.752182006835938,-2165.3701171875
36.80508859999827,1,13.45517239999026,14080,142092,142092,2,0,0,True,146.96006774902344,1.0,0.0,0.022066885605454445,6791,1,0.07144727557897568,-1124.93505859375,20.731794357299805,-2165.22412109375
36.81623959999706,1,13.46632339998905,14090,142092,142092,2,0,0,True,146.94378662109375,1.0,0.0,0.020546726882457733,6632,1,0.07151511311531067,-1124.57763671875,20.704641342163086,-2165.02880859375
36.8272214000026,1,13.47730519999459,14107,142092,142092,2,0,0,True,146.9357147216797,1.0,0.0,0.020431548357009888,6433,1,0.07160557061433792,-1123.952392578125,20.657196044921875,-2164.6865234375
36.8381539999973,1,13.488237799989292,14117,142092,142092,2,0,0,True,146.92930603027344,1.0,0.0,0.01951736770570278,6274,1,0.07167341560125351,-1123.595458984375,20.630098342895508,-2164.490478515625
36.84958360000746,1,13.499667399999453,14125,142092,142092,2,0,0,True,146.92051696777344,1.0,0.0,0.018409384414553642,6115,1,0.0717412605881691,-1123.23876953125,20.602981567382812,-2164.2939453125
36.860419700009516,1,13.510503500001505,14135,142092,142092,2,0,0,True,146.90969848632812,1.0,0.0,0.01861029490828514,6044,4,0.07178648561239243,-1122.9713134765625,20.582630157470703,-2164.146484375
36.87129450000066,1,13.521378299992648,14145,142092,142092,2,0,0,True,147.010986328125,1.0,0.0,0.018816089257597923,6447,4,0.07183171063661575,-1122.614990234375,20.555471420288086,-2163.949462890625
36.88241220000782,1,13.53249599999981,14162,142092,142092,2,0,0,True,147.15760803222656,1.0,0.0,0.01979639381170273,6441,4,0.07194478809833527,-1121.9915771484375,20.507875442504883,-2163.603759765625
36.89361660000577,1,13.54370039999776,14172,142092,142092,2,0,0,True,147.34872436523438,1.0,0.0,0.019280022010207176,6137,4,0.0719900131225586,-1121.63525390625,20.48059844970703,-2163.40576171875
36.904634500009706,1,13.554718300001696,14180,142092,142092,2,0,0,True,147.65440368652344,1.0,0.0,0.020146459341049194,5718,4,0.0720577985048294,-1121.27880859375,20.45322608947754,-2163.206787109375
36.91562770000019,1,13.565711499992176,14190,142092,142092,2,0,0,True,147.899658203125,1.0,0.0,0.021768620237708092,5536,4,0.07210278511047363,-1121.01123046875,20.432619094848633,-2163.057373046875
36.92648670000199,1,13.576570499993977,14200,142092,142092,2,0,0,True,148.111572265625,1.0,0.0,0.022225206717848778,5550,4,0.07217026501893997,-1120.654052734375,20.405052185058594,-2162.857421875
36.93743309999991,1,13.587516899991897,14217,142092,142092,2,0,0,True,148.3197021484375,1.0,0.0,0.023076826706528664,5773,4,0.07226024568080902,-1120.0281982421875,20.356552124023438,-2162.505859375
36.948492099996656,1,13.598575899988646,14227,142092,142092,2,0,0,True,148.45860290527344,1.0,0.0,0.02330002188682556,5984,4,0.07232772558927536,-1119.6702880859375,20.328693389892578,-2162.30419921875
36.961096400002134,1,13.611180199994124,14235,142092,142092,2,0,0,True,148.6343536376953,1.0,0.0,0.022391967475414276,6126,4,0.07237271964550018,-1119.3121337890625,20.300737380981445,-2162.101806640625
36.97222110000439,1,13.62230489999638,14245,142092,142092,2,0,0,True,148.83338928222656,1.0,0.0,0.01994224078953266,6088,4,0.07241770625114441,-1119.04345703125,20.279699325561523,-2161.94970703125
36.983135300004506,1,13.633219099996495,14262,142092,142092,2,0,0,True,149.01626586914062,1.0,0.0,0.018517954275012016,5989,4,0.07255267351865768,-1118.3267822265625,20.22336196899414,-2161.54248046875
36.99422580000828,1,13.64430960000027,14272,142092,142092,2,0,0,True,149.21688842773438,1.0,0.0,0.018324626609683037,5895,4,0.07259766012430191,-1118.0577392578125,20.202194213867188,-2161.388916015625
37.00560800000676,1,13.655691799998749,14282,142092,142092,2,0,0,True,149.47052001953125,1.0,0.0,0.019263502210378647,5844,4,0.07264265418052673,-1117.698974609375,20.173961639404297,-2161.183837890625
37.01627150000422,1,13.666355299996212,14290,142092,142092,2,0,0,True,149.66156005859375,1.0,0.0,0.019975649192929268,5865,4,0.07271013408899307,-1117.33984375,20.14573860168457,-2160.97802734375
37.02745510000386,1,13.677538899995852,14310,142092,142092,2,0,0,True,149.88821411132812,1.0,0.0,0.02300102822482586,5939,4,0.07280007749795914,-1116.8006591796875,20.103355407714844,-2160.668212890625
37.03862940000545,1,13.688713199997437,14317,142092,142092,2,0,0,True,150.05953979492188,1.0,0.0,0.024834485724568367,5995,4,0.0728674903512001,-1116.35107421875,20.06795883178711,-2160.408935546875
37.04960270000447,1,13.69968649999646,14327,142092,142092,2,0,0,True,150.2750701904297,1.0,0.0,0.026117434725165367,6023,4,0.07291243225336075,-1116.0811767578125,20.046709060668945,-2160.252685546875
37.06087080000725,1,13.71095459999924,14337,142092,142092,2,0,0,True,150.45225524902344,1.0,0.0,0.025756321847438812,6011,4,0.07297984510660172,-1115.7210693359375,20.01839828491211,-2160.0439453125
37.072287500006496,1,13.722371299998485,14352,142092,142092,2,0,0,True,150.67706298828125,1.0,0.0,0.02383609302341938,5981,4,0.07309219986200333,-1115.090576171875,19.96895408630371,-2159.67724609375
37.08399790000112,1,13.734081699993112,14362,142092,142092,2,0,0,True,150.8583221435547,1.0,0.0,0.023399434983730316,5968,4,0.07313713431358337,-1114.8201904296875,19.947784423828125,-2159.519287109375
37.094836999996915,1,13.744920799988904,14372,142092,142092,2,0,0,True,151.08226013183594,1.0,0.0,0.02163931541144848,5981,4,0.07318207621574402,-1114.4595947265625,19.919532775878906,-2159.30810546875
37.105824900005246,1,13.755908699997235,14380,142092,142092,2,0,0,True,151.26158142089844,1.0,0.0,0.020337890833616257,6008,4,0.07324948906898499,-1114.0986328125,19.8912296295166,-2159.096435546875
37.11668479999935,1,13.766768599991337,14390,142092,142092,2,0,0,True,151.43695068359375,1.0,0.0,0.020288653671741486,6034,4,0.07329443097114563,-1113.827880859375,19.869964599609375,-2158.937255859375
37.12763860000996,1,13.777722400001949,14407,142092,142092,2,0,0,True,151.65780639648438,1.0,0.0,0.021094370633363724,6053,4,0.07340678572654724,-1113.1051025390625,19.813085556030273,-2158.51123046875
37.138486299998476,1,13.788570099990466,14417,142092,142092,2,0,0,True,151.83473205566406,1.0,0.0,0.02155524119734764,6055,4,0.07345172762870789,-1112.8338623046875,19.79168701171875,-2158.3505859375
37.1495300999959,1,13.79961389998789,14425,142092,142092,2,0,0,True,152.06044006347656,1.0,0.0,0.020740076899528503,6050,4,0.07351928949356079,-1112.4720458984375,19.763093948364258,-2158.13623046875
37.1605195000011,1,13.81060329999309,14435,142092,142092,2,0,0,True,152.24093627929688,1.0,0.0,0.020825233310461044,6047,4,0.07356442511081696,-1112.2005615234375,19.741596221923828,-2157.974853515625
37.17173360000015,1,13.821817399992142,14452,142092,142092,2,0,0,True,152.4199981689453,1.0,0.0,0.021450387313961983,6050,4,0.07369983196258545,-1111.47607421875,19.684078216552734,-2157.54296875
37.18282220000401,1,13.832905999996001,14462,142092,142092,2,0,0,True,152.64454650878906,1.0,0.0,0.021194661036133766,6061,4,0.07374496757984161,-1111.2042236328125,19.662443161010742,-2157.38037109375
37.194119400010095,1,13.844203200002084,14472,142092,142092,2,0,0,True,152.82247924804688,1.0,0.0,0.02054937370121479,6073,4,0.07379010319709778,-1110.841552734375,19.633546829223633,-2157.1630859375
37.20504559999972,1,13.85512939999171,14480,142092,142092,2,0,0,True,153.0451202392578,1.0,0.0,0.020941825583577156,6087,4,0.07385780662298203,-1110.4786376953125,19.60460090637207,-2156.945068359375
37.216067800007295,1,13.866151599999284,14490,142092,142092,2,0,0,True,153.22459411621094,1.0,0.0,0.02195567451417446,6094,4,0.07390294224023819,-1110.206298828125,19.58285903930664,-2156.78125
37.22720520000439,1,13.87728899999638,14507,142092,142092,2,0,0,True,153.4480743408203,1.0,0.0,0.022386465221643448,6096,4,0.0740157812833786,-1109.4796142578125,19.52472496032715,-2156.342529296875
37.23816870000155,1,13.888252499993541,14517,142092,142092,2,0,0,True,153.62571716308594,1.0,0.0,0.022141341120004654,6097,4,0.07408348470926285,-1109.2069091796875,19.502870559692383,-2156.17724609375
37.24940600000264,1,13.899489799994626,14527,142092,142092,2,0,0,True,153.80313110351562,1.0,0.0,0.022226689383387566,6100,4,0.07412862032651901,-1108.8431396484375,19.473711013793945,-2155.95654296875
37.26054470000963,1,13.910628500001621,14535,142092,142092,2,0,0,True,154.02459716796875,1.0,0.0,0.022169718518853188,6110,4,0.07419632375240326,-1108.4791259765625,19.44452476501465,-2155.73486328125
37.27159630000824,1,13.92168010000023,14545,142092,142092,2,0,0,True,154.19969177246094,1.0,0.0,0.021576745435595512,6121,4,0.07424131035804749,-1108.2060546875,19.422611236572266,-2155.568359375
37.28250200000184,1,13.93258579999383,14562,142092,142092,2,0,0,True,154.41671752929688,1.0,0.0,0.020150359719991684,6139,4,0.0743536502122879,-1107.568359375,19.371339797973633,-2155.178466796875
37.2936064999958,1,13.943690299987793,14570,142092,142092,2,0,0,True,154.5919647216797,1.0,0.0,0.020608261227607727,6151,4,0.07442105561494827,-1107.2037353515625,19.341907501220703,-2154.954833984375
37.30456430000777,1,13.954648099999758,14580,142092,142092,2,0,0,True,154.80979919433594,1.0,0.0,0.020160257816314697,6160,4,0.07446599006652832,-1106.93017578125,19.31976318359375,-2154.786865234375
37.31563009999809,1,13.965713899990078,14597,142092,142092,2,0,0,True,154.98574829101562,1.0,0.0,0.01961241289973259,6163,4,0.07457832992076874,-1106.2000732421875,19.260473251342773,-2154.336669921875
37.32681290000619,1,13.976896699998179,14607,142092,142092,2,0,0,True,155.161865234375,1.0,0.0,0.01914750412106514,6168,4,0.07462326437234879,-1105.9261474609375,19.238121032714844,-2154.167236328125
37.33778919999895,1,13.987872999990941,14617,142092,142092,2,0,0,True,155.38282775878906,1.0,0.0,0.020066464319825172,6177,4,0.07469066977500916,-1105.5606689453125,19.208194732666016,-2153.94091796875
37.34892720000062,1,13.999010999992606,14625,142092,142092,2,0,0,True,155.55906677246094,1.0,0.0,0.02088090218603611,6185,4,0.07475807517766953,-1105.1949462890625,19.178102493286133,-2153.714111328125
37.35990700000548,1,14.009990799997468,14635,142092,142092,2,0,0,True,155.77957153320312,1.0,0.0,0.020487168803811073,6191,4,0.07480300962924957,-1104.9205322265625,19.155426025390625,-2153.54345703125
37.37097430000722,1,14.021058099999209,14642,142092,142092,2,0,0,True,155.95338439941406,1.0,0.0,0.02044050022959709,6194,4,0.07487041503190994,-1104.5545654296875,19.12505531311035,-2153.3154296875
37.382560099998955,1,14.032643899990944,14662,142092,142092,2,0,0,True,156.16793823242188,1.0,0.0,0.020237818360328674,6201,4,0.07496029883623123,-1103.91357421875,19.07162094116211,-2152.9150390625
37.393725800007815,1,14.043809599999804,14670,142092,142092,2,0,0,True,156.3385772705078,1.0,0.0,0.01868799701333046,6209,4,0.0750277191400528,-1103.5469970703125,19.040939331054688,-2152.685302734375
37.40450210000563,1,14.054585899997619,14680,142092,142092,2,0,0,True,156.55308532714844,1.0,0.0,0.017810897901654243,6221,4,0.07507266849279404,-1103.27197265625,19.01787567138672,-2152.5126953125
37.41541020000295,1,14.065493999994942,14690,142092,142092,2,0,0,True,156.7261505126953,1.0,0.0,0.017231585457921028,6230,4,0.0751400887966156,-1102.9052734375,18.987079620361328,-2152.281982421875
37.42655119999836,1,14.076634999990347,14707,142092,142092,2,0,0,True,156.89776611328125,1.0,0.0,0.017611077055335045,6236,4,0.075252465903759,-1102.262939453125,18.93310546875,-2151.876708984375
37.437466200004565,1,14.087549999996554,14717,142092,142092,2,0,0,True,157.11610412597656,1.0,0.0,0.017942331731319427,6241,4,0.07531988620758057,-1101.8956298828125,18.902246475219727,-2151.64404296875
37.448631999999634,1,14.098715799991623,14725,142092,142092,2,0,0,True,157.289306640625,1.0,0.0,0.01806800812482834,6243,4,0.07538731396198273,-1101.5281982421875,18.87139320373535,-2151.410888671875
37.459462099999655,1,14.109545899991645,14735,142092,142092,2,0,0,True,157.5082550048828,1.0,0.0,0.018996229395270348,6246,4,0.07543226331472397,-1101.2525634765625,18.848270416259766,-2151.235595703125
37.47074689999863,1,14.12083069999062,14752,142092,142092,2,0,0,True,157.68405151367188,1.0,0.0,0.019424667581915855,6251,4,0.07554463297128677,-1100.5169677734375,18.78678321838379,-2150.766357421875
37.481726900005015,1,14.131810699997004,14762,142092,142092,2,0,0,True,157.85946655273438,1.0,0.0,0.020456835627555847,6258,4,0.07558958232402802,-1100.240966796875,18.763778686523438,-2150.589599609375
37.49272320000455,1,14.142806999996537,14770,142092,142092,2,0,0,True,158.076904296875,1.0,0.0,0.021569952368736267,6267,4,0.07565709203481674,-1099.872802734375,18.73312759399414,-2150.353515625
37.50381070000003,1,14.15389449999202,14780,142092,142092,2,0,0,True,158.25242614746094,1.0,0.0,0.021409794688224792,6275,4,0.07570237666368484,-1099.5965576171875,18.71014976501465,-2150.176025390625
37.514815900009125,1,14.164899700001115,14787,142092,142092,2,0,0,True,158.47012329101562,1.0,0.0,0.02202506549656391,6281,4,0.0757703110575676,-1099.2281494140625,18.67951774597168,-2149.938720703125
37.52598649999709,1,14.176070299989078,14807,142092,142092,2,0,0,True,158.64480590820312,1.0,0.0,0.022716885432600975,6286,4,0.07588353008031845,-1098.5830078125,18.625925064086914,-2149.52197265625
37.536928900008206,1,14.187012700000196,14815,142092,142092,2,0,0,True,158.8599853515625,1.0,0.0,0.02278747782111168,6296,4,0.0759514570236206,-1098.214111328125,18.595260620117188,-2149.282958984375
37.5481068000081,1,14.198190600000089,14825,142092,142092,2,0,0,True,159.0311737060547,1.0,0.0,0.02139304019510746,6307,4,0.0759967491030693,-1097.9373779296875,18.572202682495117,-2149.103271484375
37.5591451000073,1,14.209228899999289,14832,142092,142092,2,0,0,True,159.20773315429688,1.0,0.0,0.021726375445723534,6320,4,0.07606468349695206,-1097.5682373046875,18.541349411010742,-2148.86328125
37.570452200001455,1,14.220535999993444,14852,142092,142092,2,0,0,True,159.41864013671875,1.0,0.0,0.022842498496174812,6335,4,0.07617790251970291,-1096.921630859375,18.486928939819336,-2148.441650390625
37.58124780000071,1,14.2313315999927,14860,142092,142092,2,0,0,True,159.57675170898438,1.0,0.0,0.01900988072156906,6344,4,0.07622318714857101,-1096.552001953125,18.45549964904785,-2148.199951171875
37.592518300007214,1,14.242602099999203,14870,142092,142092,2,0,0,True,159.77403259277344,1.0,0.0,0.01693383976817131,6360,4,0.07626847922801971,-1096.274658203125,18.431806564331055,-2148.0185546875
37.60349439999845,1,14.253578199990443,14880,142092,142092,2,0,0,True,159.93646240234375,1.0,0.0,0.007352270185947418,6377,4,0.07633640617132187,-1095.9046630859375,18.40009880065918,-2147.77587890625
37.61459050000121,1,14.264674299993203,14895,142092,142092,2,0,0,True,160.13671875,1.0,0.0,0.0035650471691042185,6396,4,0.07644864171743393,-1095.2569580078125,18.344411849975586,-2147.349853515625
37.625794200008386,1,14.275878000000375,14905,142092,142092,2,0,0,True,160.3061981201172,1.0,0.0,-0.004591613542288542,6419,4,0.07649336755275726,-1094.979248046875,18.32048988342285,-2147.166748046875
37.636914800008526,1,14.286998600000516,14915,142092,142092,2,0,0,True,160.4914093017578,1.0,0.0,-0.020791450515389442,6426,4,0.07656045258045197,-1094.6087646484375,18.288515090942383,-2146.922119140625
37.647923399999854,1,14.298007199991844,14922,142092,142092,2,0,0,True,160.72061157226562,1.0,0.0,-0.004889828618615866,6401,4,0.07662754505872726,-1094.2379150390625,18.256498336791992,-2146.677001953125
37.65911609999603,1,14.309199899988016,14940,142092,142092,2,0,0,True,160.9059295654297,1.0,0.0,-0.011618874967098236,6370,4,0.0767393559217453,-1093.5885009765625,18.20061683654785,-2146.24658203125
37.66990920000535,1,14.31999299999734,14950,142092,142092,2,0,0,True,161.13746643066406,1.0,0.0,0.00139301223680377,6347,4,0.07678408175706863,-1093.3099365234375,18.17678451538086,-2146.061767578125
37.68120610000915,1,14.331289900001138,14960,142092,142092,2,0,0,True,161.3220672607422,1.0,0.0,0.003019532188773155,6350,4,0.07685117423534393,-1092.9383544921875,18.1451416015625,-2145.814697265625
37.69213560000935,1,14.34221940000134,14967,142092,142092,2,0,0,True,161.5420379638672,1.0,0.0,0.00420564878731966,6377,4,0.07691825926303864,-1092.56640625,18.11358070373535,-2145.56689453125
37.70328800000425,1,14.35337179999624,14975,142092,142092,2,0,0,True,161.70870971679688,1.0,0.0,0.004829841200262308,6402,4,0.07696298509836197,-1092.287353515625,18.089937210083008,-2145.380859375
37.71428500000911,1,14.364368800001102,14995,142092,142092,2,0,0,True,161.87596130371094,1.0,0.0,-0.0005648609949275851,6420,4,0.07707479596138,-1091.6357421875,18.034881591796875,-2144.9453125
37.72558690000733,1,14.375670699999318,15002,142092,142092,2,0,0,True,162.08580017089844,1.0,0.0,0.004541304893791676,6428,4,0.07714235037565231,-1091.2630615234375,18.003543853759766,-2144.69580078125
37.7363852999988,1,14.38646909999079,15012,142092,142092,2,0,0,True,162.24383544921875,1.0,0.0,0.0031135398894548416,6430,4,0.0771874487400055,-1090.9833984375,17.98009490966797,-2144.50830078125
37.74739699999918,1,14.397480799991172,15020,142092,142092,2,0,0,True,162.44029235839844,1.0,0.0,-0.0010894699953496456,6446,4,0.07725510001182556,-1090.6103515625,17.9488525390625,-2144.2578125
37.758511100008036,1,14.408594900000026,15040,142092,142092,2,0,0,True,162.6072998046875,1.0,0.0,-0.001286644721403718,6468,4,0.07736784964799881,-1089.9569091796875,17.8941707611084,-2143.818603515625
37.76961930000107,1,14.419703099993058,15047,142092,142092,2,0,0,True,162.81411743164062,1.0,0.0,0.0035540054086595774,6486,4,0.07743549346923828,-1089.583251953125,17.862958908081055,-2143.56689453125
37.780503900008625,1,14.430587700000615,15057,142092,142092,2,0,0,True,162.98065185546875,1.0,0.0,0.0008138812845572829,6493,4,0.07748059183359146,-1089.302734375,17.839611053466797,-2143.3779296875
37.79179450000811,1,14.441878300000099,15065,142092,142092,2,0,0,True,163.15802001953125,1.0,0.0,0.003894240129739046,6495,4,0.07754824310541153,-1088.928466796875,17.80857276916504,-2143.12548828125
37.80284709999978,1,14.45293089999177,15082,142092,142092,2,0,0,True,163.38742065429688,1.0,0.0,0.0020373857114464045,6488,4,0.07766099274158478,-1088.27294921875,17.754497528076172,-2142.682861328125
37.81405359999917,1,14.46413739999116,15092,142092,142092,2,0,0,True,163.56781005859375,1.0,0.0,0.0051307715475559235,6477,4,0.07770609110593796,-1087.99169921875,17.731395721435547,-2142.49267578125
37.82508239999879,1,14.475166199990781,15100,142092,142092,2,0,0,True,163.791015625,1.0,0.0,0.003920098766684532,6469,4,0.07777373492717743,-1087.6163330078125,17.700679779052734,-2142.23876953125
37.83620190000511,1,14.486285699997097,15110,142092,142092,2,0,0,True,163.9636993408203,1.0,0.0,0.003864401951432228,6472,4,0.07781881093978882,-1087.3345947265625,17.6777400970459,-2142.048095703125
37.84699410000758,1,14.497077899999567,15127,142092,142092,2,0,0,True,164.1779327392578,1.0,0.0,-0.0012974247802048922,6484,4,0.07795380800962448,-1086.58251953125,17.617111206054688,-2141.538330078125
37.85812079999596,1,14.508204599987948,15137,142092,142092,2,0,0,True,164.3488006591797,1.0,0.0,0.0009774004574865103,6500,4,0.0779988095164299,-1086.3001708984375,17.594640731811523,-2141.346923828125
37.86906270000327,1,14.519146499995259,15147,142092,142092,2,0,0,True,164.51683044433594,1.0,0.0,0.0017204962205141783,6516,4,0.07806630432605743,-1085.92333984375,17.564830780029297,-2141.091064453125
37.88048960000742,1,14.530573399999412,15155,142092,142092,2,0,0,True,164.71815490722656,1.0,0.0,0.0012990477262064815,6530,4,0.07813380658626556,-1085.5462646484375,17.53510284423828,-2140.8349609375
37.891764500003774,1,14.541848299995763,15165,142092,142092,2,0,0,True,164.8789825439453,1.0,0.0,0.0008912150515243411,6536,4,0.0782013013958931,-1085.26318359375,17.512866973876953,-2140.642822265625
37.902737600001274,1,14.552821399993263,15182,142092,142092,2,0,0,True,165.09048461914062,1.0,0.0,-0.002465413650497794,6538,4,0.07831379771232605,-1084.5074462890625,17.45401382446289,-2140.129150390625
37.91377690000809,1,14.563860700000077,15192,142092,142092,2,0,0,True,165.26351928710938,1.0,0.0,9.606025560060516e-05,6543,4,0.07838129997253418,-1084.2237548828125,17.432186126708984,-2139.93603515625
37.92470410000533,1,14.574787899997318,15202,142092,142092,2,0,0,True,165.48338317871094,1.0,0.0,0.004733721725642681,6561,4,0.07844880223274231,-1083.84521484375,17.403169631958008,-2139.678466796875
37.935765900008846,1,14.585849700000836,15210,142092,142092,2,0,0,True,165.66067504882812,1.0,0.0,-0.0013410341925919056,6576,4,0.07849379628896713,-1083.4661865234375,17.37409210205078,-2139.42041015625
37.947395800001686,1,14.597479599993676,15227,142092,142092,2,0,0,True,165.87828063964844,1.0,0.0,-0.0015336155192926526,6580,4,0.07862856239080429,-1082.8021240234375,17.3227596282959,-2138.96826171875
37.95856189999904,1,14.60864569999103,15237,142092,142092,2,0,0,True,166.04234313964844,1.0,0.0,-0.0007080139475874603,6572,4,0.07867345958948135,-1082.5172119140625,17.300613403320312,-2138.774169921875
37.969322600009036,1,14.619406400001026,15245,142092,142092,2,0,0,True,166.22633361816406,1.0,0.0,0.005030844826251268,6566,4,0.07874080538749695,-1082.136962890625,17.27105140686035,-2138.514892578125
37.98057569999946,1,14.630659499991452,15255,142092,142092,2,0,0,True,166.36416625976562,1.0,0.0,-0.0011182836024090648,6578,4,0.07878570258617401,-1081.8515625,17.24891471862793,-2138.320556640625
37.99169999999867,1,14.641783799990662,15272,142092,142092,2,0,0,True,166.52655029296875,1.0,0.0,0.0011702966876327991,6614,4,0.0789203867316246,-1081.0897216796875,17.190217971801758,-2137.801025390625
38.00253120000707,1,14.65261499999906,15282,142092,142092,2,0,0,True,166.74691772460938,1.0,0.0,-0.0003152087447233498,6665,4,0.07896528393030167,-1080.8037109375,17.16834259033203,-2137.605712890625
38.01381499999843,1,14.66389879999042,15290,142092,142092,2,0,0,True,166.92724609375,1.0,0.0,-6.240879883989692e-07,6684,4,0.07903262972831726,-1080.4219970703125,17.13909339904785,-2137.345458984375
38.02480959999957,1,14.67489339999156,15300,142092,142092,2,0,0,True,167.1585235595703,1.0,0.0,0.00030880316626280546,6661,4,0.07907752692699432,-1080.135498046875,17.11701011657715,-2137.14990234375
38.03575150000688,1,14.685835299998871,15317,142092,142092,2,0,0,True,167.3424530029297,1.0,0.0,-2.9312854167073965e-05,6619,4,0.07921221852302551,-1079.3702392578125,17.057580947875977,-2136.627685546875
38.046819700000924,1,14.696903499992914,15327,142092,142092,2,0,0,True,167.5238800048828,1.0,0.0,-0.0003619274648372084,6581,4,0.0792798325419426,-1079.0828857421875,17.03521728515625,-2136.431640625
38.05780770001002,1,14.707891500002006,15335,142092,142092,2,0,0,True,167.73680114746094,1.0,0.0,-0.00018112488032784313,6571,4,0.07934772968292236,-1078.699462890625,17.005428314208984,-2136.169921875
38.069093600002816,1,14.719177399994805,15345,142092,142092,2,0,0,True,167.8905029296875,1.0,0.0,0.0005937351379543543,6602,4,0.07939299941062927,-1078.41162109375,16.98303985595703,-2135.973388671875
38.07995870000741,1,14.7300424999994,15352,142092,142092,2,0,0,True,168.07330322265625,1.0,0.0,0.000785716634709388,6681,4,0.07946089655160904,-1078.0274658203125,16.952930450439453,-2135.7109375
38.09108769999875,1,14.741171499990742,15370,142092,142092,2,0,0,True,168.21498107910156,1.0,0.0,2.84785455733072e-05,6743,4,0.07957405596971512,-1077.3544921875,16.89937400817871,-2135.25146484375
38.10215310000058,1,14.752236899992567,15380,142092,142092,2,0,0,True,168.3920135498047,1.0,0.0,0.00040370546048507094,6787,4,0.07961931824684143,-1077.065673828125,16.876070022583008,-2135.054443359375
38.11312259999977,1,14.763206399991759,15390,142092,142092,2,0,0,True,168.54173278808594,1.0,0.0,0.0005506561719812453,6797,4,0.0796872153878212,-1076.6805419921875,16.844697952270508,-2134.791259765625
38.12385460000951,1,14.773938400001498,15397,142092,142092,2,0,0,True,168.7088165283203,1.0,0.0,0.0002859029336832464,6792,4,0.07975511252880096,-1076.294921875,16.8129940032959,-2134.528076171875
38.13489220000338,1,14.784975999995368,15417,142092,142092,2,0,0,True,168.92539978027344,1.0,0.0,0.00050730025395751,6769,4,0.07986827939748764,-1075.6195068359375,16.756683349609375,-2134.06689453125
38.14604690000124,1,14.796130699993228,15425,142092,142092,2,0,0,True,169.1058349609375,1.0,0.0,0.0009003272280097008,6744,4,0.07993617653846741,-1075.2330322265625,16.724096298217773,-2133.802734375
38.156933799997205,1,14.807017599989194,15435,142092,142092,2,0,0,True,169.3302459716797,1.0,0.0,0.000574527948629111,6711,4,0.08000365644693375,-1074.94287109375,16.699506759643555,-2133.604736328125
38.16809269999794,1,14.818176499989931,15442,142092,142092,2,0,0,True,169.50450134277344,1.0,0.0,0.00022582248493563384,6693,4,0.08007073402404785,-1074.5556640625,16.666589736938477,-2133.34033203125
38.179263900005026,1,14.829347699997015,15460,142092,142092,2,0,0,True,169.6756134033203,1.0,0.0,6.537867011502385e-05,6691,4,0.0801825225353241,-1073.8770751953125,16.608858108520508,-2132.876708984375
38.1901760000037,1,14.840259799995692,15470,142092,142092,2,0,0,True,169.8841094970703,1.0,0.0,0.00037424793117679656,6709,4,0.08022724092006683,-1073.5859375,16.584138870239258,-2132.677734375
38.20126909999817,1,14.851352899990161,15477,142092,142092,2,0,0,True,170.0450897216797,1.0,0.0,0.00021984995692037046,6729,4,0.08029431104660034,-1073.1973876953125,16.551246643066406,-2132.412353515625
38.21213179999904,1,14.862215599991032,15487,142092,142092,2,0,0,True,170.25039672851562,1.0,0.0,3.0442857678281143e-05,6750,4,0.08033902943134308,-1072.90576171875,16.526655197143555,-2132.213134765625
38.22331940000004,1,14.873403199992026,15497,142092,142092,2,0,0,True,170.4156951904297,1.0,0.0,-5.901586700929329e-05,6756,4,0.08042845875024796,-1072.5164794921875,16.494020462036133,-2131.947021484375
38.23429400000896,1,14.884377800000948,15515,142092,142092,2,0,0,True,170.58070373535156,1.0,0.0,-6.03757580392994e-05,6754,4,0.0805402547121048,-1071.83447265625,16.437397003173828,-2131.48095703125
38.245386299997335,1,14.895470099989325,15525,142092,142092,2,0,0,True,170.78750610351562,1.0,0.0,-0.00016760415746830404,6750,4,0.0806073248386383,-1071.4442138671875,16.405357360839844,-2131.21435546875
38.25638040000922,1,14.90646420000121,15532,142092,142092,2,0,0,True,170.95391845703125,1.0,0.0,-0.00021908467169851065,6749,4,0.08067440241575241,-1071.0535888671875,16.37357521057129,-2130.947265625
38.26740019999852,1,14.917483999990509,15540,142092,142092,2,0,0,True,171.16429138183594,1.0,0.0,-0.00016577976930420846,6756,4,0.08071966469287872,-1070.7603759765625,16.34992218017578,-2130.746826171875
38.278318900003796,1,14.928402699995786,15560,142092,142092,2,0,0,True,171.33010864257812,1.0,0.0,-0.00045530073111876845,6767,4,0.08085600286722183,-1069.9774169921875,16.28762435913086,-2130.21142578125
38.28972739999881,1,14.9398111999908,15567,142092,142092,2,0,0,True,171.49497985839844,1.0,0.0,-3.8350612157955766e-05,6779,4,0.08092416822910309,-1069.683349609375,16.264474868774414,-2130.010498046875
38.3007343000063,1,14.950818099998287,15577,142092,142092,2,0,0,True,171.7002716064453,1.0,0.0,-0.00012108153896406293,6792,4,0.08096961677074432,-1069.38916015625,16.241411209106445,-2129.809326171875
38.3114651000069,1,14.961548899998888,15587,142092,142092,2,0,0,True,171.8658905029297,1.0,0.0,-0.0005927153397351503,6798,4,0.08103778958320618,-1068.9964599609375,16.210773468017578,-2129.540771484375
38.322435000009136,1,14.972518800001126,15595,142092,142092,2,0,0,True,172.069091796875,1.0,0.0,-0.0009134949650615454,6803,4,0.08110595494508743,-1068.6033935546875,16.180240631103516,-2129.27197265625
38.33339110000816,1,14.983474900000147,15612,142092,142092,2,0,0,True,172.23023986816406,1.0,0.0,5.9555270127020776e-05,6811,4,0.08121956884860992,-1067.9146728515625,16.126880645751953,-2128.801025390625
38.344404000003124,1,14.994487799995113,15622,142092,142092,2,0,0,True,172.390625,1.0,0.0,-0.0005850781453773379,6823,4,0.08126501739025116,-1067.6192626953125,16.103952407836914,-2128.598876953125
38.35548359999666,1,15.00556739998865,15632,142092,142092,2,0,0,True,172.5912628173828,1.0,0.0,0.00010725293395807967,6841,4,0.08133319020271301,-1067.224853515625,16.07325553894043,-2128.329345703125
38.366605900009745,1,15.016689700001734,15640,142092,142092,2,0,0,True,172.7481231689453,1.0,0.0,5.761129432357848e-05,6854,4,0.08142385631799698,-1066.8302001953125,16.042360305786133,-2128.059326171875
38.377532300000894,1,15.027616099992883,15650,142092,142092,2,0,0,True,172.9459686279297,1.0,0.0,6.599365588044748e-05,6869,4,0.08146842569112778,-1066.533935546875,16.01903533935547,-2127.856689453125
38.388542500004405,1,15.038626299996395,15667,142092,142092,2,0,0,True,173.10438537597656,1.0,0.0,-0.00032956901122815907,6877,4,0.08160212635993958,-1065.7430419921875,15.956067085266113,-2127.31591796875
38.39948910000385,1,15.049572899995837,15677,142092,142092,2,0,0,True,173.29891967773438,1.0,0.0,-0.00013285863678902388,6882,4,0.08164668828248978,-1065.446044921875,15.932167053222656,-2127.11279296875
38.4102816000086,1,15.060365400000592,15687,142092,142092,2,0,0,True,173.4576416015625,1.0,0.0,0.00042919389670714736,6887,4,0.08171354234218597,-1065.0498046875,15.900076866149902,-2126.841796875
38.42125090000627,1,15.07133469999826,15695,142092,142092,2,0,0,True,173.61985778808594,1.0,0.0,0.0006380833219736814,6892,4,0.08180267363786697,-1064.6531982421875,15.867743492126465,-2126.570556640625
38.43229860000429,1,15.082382399996277,15715,142092,142092,2,0,0,True,173.8234100341797,1.0,0.0,0.0001074137253453955,6897,4,0.08191408962011337,-1063.9583740234375,15.810574531555176,-2126.09521484375
38.443320599995786,1,15.093404399987776,15722,142092,142092,2,0,0,True,173.98622131347656,1.0,0.0,-0.00017319782637059689,6896,4,0.08198093622922897,-1063.560791015625,15.777588844299316,-2125.823486328125
38.45440529999905,1,15.104489099991042,15730,142092,142092,2,0,0,True,174.14869689941406,1.0,0.0,0.000501897360663861,6893,4,0.08202549815177917,-1063.262451171875,15.752728462219238,-2125.619384765625
38.465360600006534,1,15.115444399998523,15740,142092,142092,2,0,0,True,174.3500213623047,1.0,0.0,-5.5773962230887264e-05,6889,4,0.08209235221147537,-1062.9637451171875,15.727792739868164,-2125.4150390625
38.476773400005186,1,15.126857199997175,15757,142092,142092,2,0,0,True,174.5067901611328,1.0,0.0,4.173339402768761e-05,6891,4,0.08222804218530655,-1062.16650390625,15.66109848022461,-2124.869873046875
38.4880686999968,1,15.138152499988792,15767,142092,142092,2,0,0,True,174.70069885253906,1.0,0.0,-5.615899135591462e-05,6902,4,0.08227349817752838,-1061.8670654296875,15.636042594909668,-2124.6650390625
38.49903880000056,1,15.149122599992552,15777,142092,142092,2,0,0,True,174.85525512695312,1.0,0.0,0.00010482176730874926,6914,4,0.08234167844057083,-1061.4676513671875,15.602633476257324,-2124.391845703125
38.51016000000527,1,15.16024379999726,15787,142092,142092,2,0,0,True,175.0514678955078,1.0,0.0,-0.00017468548321630806,6926,4,0.08240985870361328,-1061.0677490234375,15.569265365600586,-2124.118408203125
38.52118199999677,1,15.17126579998876,15795,142092,142092,2,0,0,True,175.2075958251953,1.0,0.0,-3.602854485507123e-05,6933,4,0.08250076323747635,-1060.6676025390625,15.535967826843262,-2123.844482421875
38.53220549999969,1,15.18228929999168,15812,142092,142092,2,0,0,True,175.40972900390625,1.0,0.0,-0.0001657853281358257,6939,4,0.08261439949274063,-1059.9664306640625,15.477888107299805,-2123.364990234375
38.543329399995855,1,15.193413199987845,15822,142092,142092,2,0,0,True,175.5694580078125,1.0,0.0,-0.00021069143258500844,6940,4,0.08265984803438187,-1059.66552734375,15.4530611038208,-2123.1591796875
38.55428579999716,1,15.20436959998915,15832,142092,142092,2,0,0,True,175.72898864746094,1.0,0.0,-0.0004336370329838246,6941,4,0.08272802829742432,-1059.26416015625,15.420008659362793,-2122.884521484375
38.56518830001005,1,15.21527210000204,15840,142092,142092,2,0,0,True,175.92752075195312,1.0,0.0,-0.0004246849857736379,6944,4,0.08279620856046677,-1058.8623046875,15.387051582336426,-2122.609619140625
38.576369400005206,1,15.226453199997195,15857,142092,142092,2,0,0,True,176.0860595703125,1.0,0.0,-0.0007073517190292478,6949,4,0.0829310417175293,-1058.1580810546875,15.329621315002441,-2122.128173828125
38.5875931000046,1,15.237676899996586,15867,142092,142092,2,0,0,True,176.28126525878906,1.0,0.0,-0.0007028259569779038,6960,4,0.08297562599182129,-1057.85595703125,15.305089950561523,-2121.92138671875
38.59845479999785,1,15.248538599989843,15877,142092,142092,2,0,0,True,176.43922424316406,1.0,0.0,-0.0001493553281761706,6970,4,0.08304249495267868,-1057.452880859375,15.272424697875977,-2121.645751953125
38.60945850001008,1,15.259542300002067,15885,142092,142092,2,0,0,True,176.6351318359375,1.0,0.0,-0.00030938920099288225,6981,4,0.08313166350126266,-1057.04931640625,15.239752769470215,-2121.369873046875
38.62054139999964,1,15.270625199991628,15895,142092,142092,2,0,0,True,176.79129028320312,1.0,0.0,-0.0009964705677703023,6988,4,0.08317624032497406,-1056.7464599609375,15.215234756469727,-2121.16259765625
38.631238500005566,1,15.281322299997555,15912,142092,142092,2,0,0,True,176.94464111328125,1.0,0.0,-0.0008301665657199919,6993,4,0.08330998569726944,-1055.9378662109375,15.149673461914062,-2120.609619140625
38.64233590000367,1,15.292419699995662,15920,142092,142092,2,0,0,True,177.13381958007812,1.0,0.0,0.0002551899815443903,7001,4,0.08337686210870743,-1055.63427734375,15.124994277954102,-2120.402099609375
38.65364160000172,1,15.30372539999371,15930,142092,142092,2,0,0,True,177.28475952148438,1.0,0.0,0.0001433748402632773,7010,4,0.08342143893241882,-1055.3304443359375,15.100260734558105,-2120.1943359375
38.66505440000037,1,15.315138199992361,15940,142092,142092,2,0,0,True,177.47140502929688,1.0,0.0,-0.00011836191697511822,7024,4,0.08348831534385681,-1054.925048828125,15.06719970703125,-2119.9169921875
38.6762877000001,1,15.326371499992092,15957,142092,142092,2,0,0,True,177.6212158203125,1.0,0.0,4.868687392445281e-05,7035,4,0.0836232602596283,-1054.2149658203125,15.009115219116211,-2119.43115234375
38.68730859999778,1,15.337392399989767,15967,142092,142092,2,0,0,True,177.81072998046875,1.0,0.0,0.0005127473850734532,7046,4,0.08369158208370209,-1053.8087158203125,14.975777626037598,-2119.1533203125
38.6983656000084,1,15.34844940000039,15975,142092,142092,2,0,0,True,177.9642333984375,1.0,0.0,0.000732886022888124,7047,4,0.08375990390777588,-1053.402099609375,14.942374229431152,-2118.875244140625
38.70942990000185,1,15.35951369999384,15985,142092,142092,2,0,0,True,178.15692138671875,1.0,0.0,0.0006290104938670993,7043,4,0.08380544930696487,-1053.096923828125,14.917305946350098,-2118.66650390625
38.72047250000469,1,15.370556299996679,15992,142092,142092,2,0,0,True,178.31163024902344,1.0,0.0,-0.0002154840185539797,7040,4,0.08389654755592346,-1052.689697265625,14.883902549743652,-2118.387939453125
38.731803900009254,1,15.381887700001244,16012,142092,142092,2,0,0,True,178.46873474121094,1.0,0.0,-2.4080820821836824e-06,7041,4,0.08401041477918625,-1051.9761962890625,14.825624465942383,-2117.89990234375
38.74292920000153,1,15.393012999993516,16020,142092,142092,2,0,0,True,178.66036987304688,1.0,0.0,0.00018797483062371612,7047,4,0.08407872915267944,-1051.5679931640625,14.792462348937988,-2117.62060546875
38.75413800000388,1,15.404221799995867,16030,142092,142092,2,0,0,True,178.8084716796875,1.0,0.0,-0.00019353421521373093,7056,4,0.08414705097675323,-1051.26171875,14.76767349243164,-2117.410888671875
38.765312600007746,1,15.415396399999736,16047,142092,142092,2,0,0,True,178.99171447753906,1.0,0.0,-0.0006786685553379357,7066,4,0.08426091820001602,-1050.5460205078125,14.710198402404785,-2116.921142578125
38.77622500000871,1,15.426308800000697,16055,142092,142092,2,0,0,True,179.13909912109375,1.0,0.0,-0.0004337852296885103,7072,4,0.08432883769273758,-1050.13671875,14.677700996398926,-2116.640869140625
38.78738019999582,1,15.437463999987813,16065,142092,142092,2,0,0,True,179.3303680419922,1.0,0.0,-0.00017512930207885802,7080,4,0.0843963548541069,-1049.8294677734375,14.653532981872559,-2116.4306640625
38.79836680000881,1,15.448450600000797,16075,142092,142092,2,0,0,True,179.48269653320312,1.0,0.0,-0.00021227981778793037,7086,4,0.08446387201547623,-1049.41943359375,14.62157154083252,-2116.150146484375
38.80949220000184,1,15.459575999993831,16082,142092,142092,2,0,0,True,179.67678833007812,1.0,0.0,3.8275160477496684e-05,7092,4,0.08453138917684555,-1049.009033203125,14.589859962463379,-2115.869140625
38.820683400001144,1,15.470767199993134,16100,142092,142092,2,0,0,True,179.83201599121094,1.0,0.0,-0.000453647633548826,7095,4,0.0846664160490036,-1048.2900390625,14.534893035888672,-2115.376953125
38.83154480000667,1,15.481628599998658,16110,142092,142092,2,0,0,True,179.98426818847656,1.0,0.0,-0.0003713843470904976,7097,4,0.08471143245697021,-1047.9815673828125,14.511533737182617,-2115.165771484375
38.84270110000216,1,15.492784899994149,16120,142092,142092,2,0,0,True,180.17526245117188,1.0,0.0,-0.000538107065949589,7101,4,0.08477894216775894,-1047.56982421875,14.480583190917969,-2114.884033203125
38.85382370000298,1,15.503907499994966,16127,142092,142092,2,0,0,True,180.3265838623047,1.0,0.0,0.0023987269960343838,7106,4,0.08484645932912827,-1047.1578369140625,14.4498291015625,-2114.60205078125
38.86485700000776,1,15.51494079999975,16147,142092,142092,2,0,0,True,180.5094451904297,1.0,0.0,0.008554721251130104,7117,4,0.08498149365186691,-1046.43603515625,14.396247863769531,-2114.108154296875
38.87585660000332,1,15.525940399995307,16155,142092,142092,2,0,0,True,180.65472412109375,1.0,0.0,0.01340240053832531,7129,4,0.08504903316497803,-1046.0230712890625,14.365663528442383,-2113.825439453125
38.88695719999669,1,15.537040999988676,16165,142092,142092,2,0,0,True,180.83529663085938,1.0,0.0,0.010640664957463741,7145,4,0.08511659502983093,-1045.713134765625,14.342695236206055,-2113.61328125
38.898253999999724,1,15.548337799991714,16172,142092,142092,2,0,0,True,180.9769287109375,1.0,0.0,0.020571382716298103,7072,1,0.08518415689468384,-1045.2996826171875,14.312003135681152,-2113.330078125
38.90916750000906,1,15.559251300001051,16190,142092,142092,2,0,0,True,180.99867248535156,1.0,0.0,0.015106416307389736,6912,1,0.08531928807497025,-1044.5753173828125,14.258028030395508,-2112.833984375
38.92036220000591,1,15.5704459999979,16200,142092,142092,2,0,0,True,180.9823760986328,1.0,0.0,0.013167676515877247,6713,1,0.08536432683467865,-1044.264892578125,14.234776496887207,-2112.62109375
38.93134039999859,1,15.581424199990579,16210,142092,142092,2,0,0,True,180.96148681640625,1.0,0.0,0.014527405612170696,6554,1,0.08543188869953156,-1043.85107421875,14.203676223754883,-2112.33740234375
38.94237260000955,1,15.592456400001538,16217,142092,142092,2,0,0,True,180.93336486816406,1.0,0.0,0.011949926614761353,6355,1,0.08552197366952896,-1043.4373779296875,14.172481536865234,-2112.0537109375
38.95347500000207,1,15.603558799994062,16227,142092,142092,2,0,0,True,180.91082763671875,1.0,0.0,0.011288341134786606,6196,1,0.08556701987981796,-1043.1270751953125,14.149033546447754,-2111.8408203125
38.964451100007864,1,15.614534899999853,16245,142092,142092,2,0,0,True,180.8849639892578,1.0,0.0,0.011576554737985134,5998,1,0.08570214360952377,-1042.4034423828125,14.094192504882812,-2111.343994140625
38.9754385999986,1,15.625522399990587,16255,142092,142092,2,0,0,True,180.8928680419922,1.0,0.0,0.011571630835533142,6371,5,0.08576972037553787,-1041.9901123046875,14.0628023147583,-2111.059814453125
38.98653059999924,1,15.636614399991231,16262,142092,142092,2,0,0,True,180.95700073242188,1.0,0.0,0.011097081936895847,6512,5,0.08583731204271317,-1041.576904296875,14.031405448913574,-2110.77587890625
38.997836099995766,1,15.647919899987755,16272,142092,142092,2,0,0,True,181.1202850341797,1.0,0.0,0.010971631854772568,6246,5,0.08590491116046906,-1041.2669677734375,14.007865905761719,-2110.5625
39.0092430000077,1,15.65932679999969,16290,142092,142092,2,0,0,True,181.29873657226562,1.0,0.0,0.01120440848171711,5930,5,0.08604009449481964,-1040.43994140625,13.945176124572754,-2109.993408203125
39.02039380000497,1,15.670477599996957,16300,142092,142092,2,0,0,True,181.53028869628906,1.0,0.0,0.012285824865102768,5745,5,0.08608515560626984,-1040.129638671875,13.921669960021973,-2109.779296875
39.03132760000881,1,15.681411400000798,16307,142092,142092,2,0,0,True,181.68667602539062,1.0,0.0,0.01202480960637331,5820,5,0.08617528527975082,-1039.7154541015625,13.890247344970703,-2109.493896484375
39.04239139999845,1,15.69247519999044,16317,142092,142092,2,0,0,True,181.841552734375,1.0,0.0,0.012441572733223438,6045,5,0.08622034639120102,-1039.404541015625,13.866598129272461,-2109.279296875
39.053493700004765,1,15.703577499996754,16335,142092,142092,2,0,0,True,181.953125,1.0,0.0,0.013169490732252598,6171,5,0.0863555371761322,-1038.6788330078125,13.811012268066406,-2108.7783203125
39.06463110000186,1,15.71471489999385,16342,142092,142092,2,0,0,True,182.09689331054688,1.0,0.0,0.012646900489926338,6169,5,0.0864231288433075,-1038.263916015625,13.778922080993652,-2108.491455078125
39.075453199999174,1,15.725536999991164,16352,142092,142092,2,0,0,True,182.2213592529297,1.0,0.0,0.011127271689474583,6092,5,0.0864681676030159,-1037.95263671875,13.754683494567871,-2108.2763671875
39.086454400006915,1,15.736538199998904,16362,142092,142092,2,0,0,True,182.351318359375,1.0,0.0,0.009499533101916313,6031,5,0.08655814081430435,-1037.5374755859375,13.722127914428711,-2107.989013671875
39.09750150000036,1,15.747585299992352,16370,142092,142092,2,0,0,True,182.52169799804688,1.0,0.0,0.008342880755662918,6030,5,0.08662562072277069,-1037.1221923828125,13.689339637756348,-2107.701171875
39.10870799999975,1,15.75879179999174,16390,142092,142092,2,0,0,True,182.65969848632812,1.0,0.0,0.007530517410486937,6077,5,0.08676057308912277,-1036.394775390625,13.631522178649902,-2107.197021484375
39.119711000006646,1,15.769794799998635,16397,142092,142092,2,0,0,True,182.83096313476562,1.0,0.0,0.008230853825807571,6123,5,0.08682804554700851,-1035.97900390625,13.598240852355957,-2106.908203125
39.130927999998676,1,15.781011799990665,16407,142092,142092,2,0,0,True,182.96836853027344,1.0,0.0,0.00887223519384861,6120,5,0.08687303215265274,-1035.6669921875,13.573186874389648,-2106.69140625
39.14194850000786,1,15.792032299999846,16417,142092,142092,2,0,0,True,183.14402770996094,1.0,0.0,0.010379685088992119,6081,5,0.08696300536394119,-1035.250732421875,13.539709091186523,-2106.402099609375
39.15310940000927,1,15.80319320000126,16432,142092,142092,2,0,0,True,183.2859649658203,1.0,0.0,0.010784628801047802,6057,5,0.08707546442747116,-1034.52197265625,13.481203079223633,-2105.894775390625
39.16428389999783,1,15.814367699989816,16442,142092,142092,2,0,0,True,183.42237854003906,1.0,0.0,0.010872891172766685,6054,5,0.0871429443359375,-1034.20947265625,13.45623779296875,-2105.6767578125
39.17516680000699,1,15.82525059999898,16452,142092,142092,2,0,0,True,183.58334350585938,1.0,0.0,0.010808865539729595,6078,5,0.0872105062007904,-1033.792724609375,13.423068046569824,-2105.3857421875
39.1862431000045,1,15.836326899996493,16460,142092,142092,2,0,0,True,183.7139129638672,1.0,0.0,0.010455725714564323,6100,5,0.08727815002202988,-1033.3758544921875,13.390067100524902,-2105.094482421875
39.19735250000667,1,15.847436299998662,16477,142092,142092,2,0,0,True,183.87918090820312,1.0,0.0,0.010330099612474442,6115,5,0.08741345256567001,-1032.6458740234375,13.332921981811523,-2104.58349609375
39.20836489999783,1,15.858448699989822,16487,142092,142092,2,0,0,True,184.01431274414062,1.0,0.0,0.010255572386085987,6116,5,0.08748109638690948,-1032.3328857421875,13.308695793151855,-2104.364013671875
39.219476099999156,1,15.869559899991145,16497,142092,142092,2,0,0,True,184.1874542236328,1.0,0.0,0.01046120934188366,6110,5,0.08754874765872955,-1031.91552734375,13.276618957519531,-2104.07080078125
39.23062499999651,1,15.880708799988497,16505,142092,142092,2,0,0,True,184.32638549804688,1.0,0.0,0.011601760983467102,6105,5,0.08761639147996902,-1031.498046875,13.244796752929688,-2103.77734375
39.241760600009,1,15.891844400000991,16515,142092,142092,2,0,0,True,184.46652221679688,1.0,0.0,0.012590551748871803,6107,5,0.08768404275178909,-1031.184814453125,13.221094131469727,-2103.556640625
39.252974800008815,1,15.903058600000804,16532,142092,142092,2,0,0,True,184.6383819580078,1.0,0.0,0.012823449447751045,6117,5,0.08781933784484863,-1030.34912109375,13.15859317779541,-2102.96728515625
39.26399069999752,1,15.91407449998951,16540,142092,142092,2,0,0,True,184.7725372314453,1.0,0.0,0.01217576302587986,6125,5,0.0878869891166687,-1030.0355224609375,13.135371208190918,-2102.745849609375
39.27500580000924,1,15.925089600001229,16550,142092,142092,2,0,0,True,184.93565368652344,1.0,0.0,0.010684601962566376,6132,5,0.08793195337057114,-1029.721923828125,13.112241744995117,-2102.524169921875
39.28606120000768,1,15.93614499999967,16567,142092,142092,2,0,0,True,185.06690979003906,1.0,0.0,0.011380929499864578,6136,5,0.08808919042348862,-1028.8853759765625,13.050915718078613,-2101.931396484375
39.29728020000039,1,15.947363999992376,16577,142092,142092,2,0,0,True,185.2267303466797,1.0,0.0,0.009477689862251282,6147,5,0.08813411742448807,-1028.571533203125,13.027999877929688,-2101.70849609375
39.30817930000194,1,15.958263099993928,16585,142092,142092,2,0,0,True,185.3572998046875,1.0,0.0,0.00930197723209858,6157,5,0.08822397142648697,-1028.15283203125,12.997469902038574,-2101.4111328125
39.31907920000958,1,15.969163000001572,16595,142092,142092,2,0,0,True,185.4907989501953,1.0,0.0,0.009615844115614891,6166,5,0.08826889097690582,-1027.8388671875,12.974583625793457,-2101.187744140625
39.330031600009534,1,15.980115400001523,16605,142092,142092,2,0,0,True,185.657470703125,1.0,0.0,0.010329912416636944,6169,5,0.088336281478405,-1027.4200439453125,12.944043159484863,-2100.8896484375
39.34108300000662,1,15.99116679999861,16622,142092,142092,2,0,0,True,185.79061889648438,1.0,0.0,0.009058244526386261,6169,5,0.08847105503082275,-1026.6866455078125,12.890524864196777,-2100.366943359375
39.352012100003776,1,16.002095899995766,16632,142092,142092,2,0,0,True,185.92596435546875,1.0,0.0,0.010023675858974457,6166,5,0.08856090903282166,-1026.2674560546875,12.859943389892578,-2100.067626953125
39.363117800006876,1,16.013201599998865,16640,142092,142092,2,0,0,True,186.0970001220703,1.0,0.0,0.011448552832007408,6166,5,0.08862834423780441,-1025.8480224609375,12.829412460327148,-2099.767822265625
39.37416459999804,1,16.02424839999003,16647,142092,142092,2,0,0,True,186.2285614013672,1.0,0.0,0.008747893385589123,6172,5,0.08867346495389938,-1025.533447265625,12.806537628173828,-2099.542724609375
39.38561130000744,1,16.03569509999943,16667,142092,142092,2,0,0,True,186.39111328125,1.0,0.0,0.009935415349900723,6181,5,0.08880883455276489,-1024.7989501953125,12.753173828125,-2099.016357421875
39.3964488000056,1,16.04653259999759,16675,142092,142092,2,0,0,True,186.52328491210938,1.0,0.0,0.008698591031134129,6185,5,0.08887651562690735,-1024.379150390625,12.722785949707031,-2098.715087890625
39.407388100007665,1,16.057471899999655,16685,142092,142092,2,0,0,True,186.6830291748047,1.0,0.0,0.010061445645987988,6187,5,0.0889442041516304,-1024.064208984375,12.700080871582031,-2098.48876953125
39.41854990000138,1,16.06863369999337,16692,142092,142092,2,0,0,True,186.81455993652344,1.0,0.0,0.009685306809842587,6196,5,0.08901188522577286,-1023.6441040039062,12.669913291931152,-2098.1865234375
39.42995820000942,1,16.080042000001413,16702,142092,142092,2,0,0,True,186.9781494140625,1.0,0.0,0.010142619721591473,6203,5,0.08907957375049591,-1023.3289184570312,12.647356986999512,-2097.959716796875
39.44106520000787,1,16.09114899999986,16720,142092,142092,2,0,0,True,187.1031951904297,1.0,0.0,0.00985488947480917,6204,5,0.08921493589878082,-1022.4882202148438,12.587462425231934,-2097.353271484375
39.45224969999981,1,16.1023334999918,16730,142092,142092,2,0,0,True,187.2638702392578,1.0,0.0,0.009325454942882061,6208,5,0.08928262442350388,-1022.1728515625,12.56513500213623,-2097.12548828125
39.463143600005424,1,16.113227399997413,16740,142092,142092,2,0,0,True,187.39268493652344,1.0,0.0,0.009142876602709293,6211,5,0.08935024589300156,-1021.752197265625,12.535518646240234,-2096.821044921875
39.47434300000896,1,16.124426800000947,16755,142092,142092,2,0,0,True,187.5235595703125,1.0,0.0,0.01284117717295885,6217,5,0.08948488533496857,-1021.015869140625,12.484113693237305,-2096.28759765625
39.48541049999767,1,16.13549429998966,16765,142092,142092,2,0,0,True,187.68797302246094,1.0,0.0,0.006723953410983086,6227,5,0.08955220878124237,-1020.7001342773438,12.462239265441895,-2096.05859375
39.49635699999635,1,16.14644079998834,16775,142092,142092,2,0,0,True,187.8203582763672,1.0,0.0,0.010197201743721962,6231,5,0.08961952477693558,-1020.2791137695312,12.433175086975098,-2095.752685546875
39.507511899995734,1,16.157595699987723,16782,142092,142092,2,0,0,True,187.9862518310547,1.0,0.0,0.011335216462612152,6232,5,0.08968684822320938,-1019.8579711914062,12.404229164123535,-2095.4462890625
39.51852840000356,1,16.16861219999555,16792,142092,142092,2,0,0,True,188.1184844970703,1.0,0.0,0.011412488296627998,6233,5,0.08975416421890259,-1019.5419921875,12.38260269165039,-2095.21630859375
39.529582600007416,1,16.179666399999405,16802,142092,142092,2,0,0,True,188.27989196777344,1.0,0.0,0.01215336099267006,6235,5,0.08982148766517639,-1019.12060546875,12.353861808776855,-2094.9091796875
39.5407300000079,1,16.190813799999887,16820,142092,142092,2,0,0,True,188.40744018554688,1.0,0.0,0.012851224280893803,6240,5,0.08997856825590134,-1018.2775268554688,12.296670913696289,-2094.29345703125
39.55194119999942,1,16.20202499999141,16827,142092,142092,2,0,0,True,188.5326385498047,1.0,0.0,0.011562938801944256,6248,5,0.09004588425159454,-1017.9612426757812,12.275291442871094,-2094.06201171875
39.56270510000468,1,16.212788899996667,16837,142092,142092,2,0,0,True,188.68585205078125,1.0,0.0,0.010001834481954575,6259,5,0.09009096026420593,-1017.6448974609375,12.25393295288086,-2093.83056640625
39.573987800002214,1,16.224071599994204,16855,142092,142092,2,0,0,True,188.81295776367188,1.0,0.0,0.010064269416034222,6268,5,0.0902489423751831,-1016.8010864257812,12.197100639343262,-2093.211669921875
39.585400500000105,1,16.235484299992095,16865,142092,142092,2,0,0,True,188.97471618652344,1.0,0.0,0.010543173179030418,6273,5,0.09029407799243927,-1016.4845581054688,12.175840377807617,-2092.97900390625
39.59649860000354,1,16.246582399995532,16875,142092,142092,2,0,0,True,189.1102294921875,1.0,0.0,0.009644592180848122,6275,5,0.0903843492269516,-1016.0623779296875,12.147509574890137,-2092.66845703125
39.60741840000264,1,16.257502199994633,16882,142092,142092,2,0,0,True,189.2777557373047,1.0,0.0,0.011929776519536972,6276,5,0.09045206010341644,-1015.6400756835938,12.119142532348633,-2092.357666015625
39.61830970000301,1,16.268393499995,16892,142092,142092,2,0,0,True,189.40609741210938,1.0,0.0,0.012274878099560738,6274,5,0.09051976352930069,-1015.3232421875,12.097795486450195,-2092.124267578125
39.629094100004295,1,16.279177899996284,16910,142092,142092,2,0,0,True,189.53269958496094,1.0,0.0,0.01226587314158678,6274,5,0.0906326100230217,-1014.583740234375,12.047811508178711,-2091.57861328125
39.64006600000721,1,16.2901497999992,16917,142092,142092,2,0,0,True,189.68832397460938,1.0,0.0,0.010893230326473713,6280,5,0.09072288125753403,-1014.1610107421875,12.019230842590332,-2091.26611328125
39.651195900005405,1,16.301279699997394,16927,142092,142092,2,0,0,True,189.8087158203125,1.0,0.0,0.009515268728137016,6293,5,0.0907905101776123,-1013.8439331054688,11.997783660888672,-2091.031494140625
39.662063099996885,1,16.312146899988875,16935,142092,142092,2,0,0,True,189.96633911132812,1.0,0.0,0.00967087410390377,6319,5,0.09085775911808014,-1013.4210205078125,11.969145774841309,-2090.71826171875
39.673363000008976,1,16.323446800000966,16955,142092,142092,2,0,0,True,190.0915069580078,1.0,0.0,0.009854388423264027,6325,5,0.09099225699901581,-1012.6806640625,11.918716430664062,-2090.169189453125
39.68437280000944,1,16.33445660000143,16962,142092,142092,2,0,0,True,190.21578979492188,1.0,0.0,0.00900421291589737,6319,5,0.09105950593948364,-1012.2574462890625,11.889795303344727,-2089.854736328125
39.695523300004425,1,16.345607099996414,16972,142092,142092,2,0,0,True,190.37643432617188,1.0,0.0,0.009043337777256966,6307,5,0.09112675487995148,-1011.9400024414062,11.868102073669434,-2089.61865234375
39.7064226000075,1,16.35650639999949,16982,142092,142092,2,0,0,True,190.50543212890625,1.0,0.0,0.009380023926496506,6304,5,0.09119400382041931,-1011.5166625976562,11.839221000671387,-2089.303466796875
39.71743499999866,1,16.36751879999065,16997,142092,142092,2,0,0,True,190.66758728027344,1.0,0.0,0.00997699424624443,6315,5,0.09132850170135498,-1010.7754516601562,11.788805961608887,-2088.750732421875
39.72853110000142,1,16.37861489999341,17007,142092,142092,2,0,0,True,190.79904174804688,1.0,0.0,0.010534463450312614,6327,5,0.09139575064182281,-1010.4577026367188,11.767240524291992,-2088.513427734375
39.739728500004276,1,16.389812299996265,17017,142092,142092,2,0,0,True,190.95887756347656,1.0,0.0,0.012048369273543358,6335,5,0.09146299958229065,-1010.033935546875,11.738511085510254,-2088.19677734375
39.7506507000071,1,16.40073449999909,17025,142092,142092,2,0,0,True,191.08995056152344,1.0,0.0,0.011714965105056763,6335,5,0.09155308455228806,-1009.610107421875,11.709807395935059,-2087.87939453125
39.761805000001914,1,16.411888799993903,17042,142092,142092,2,0,0,True,191.22247314453125,1.0,0.0,0.01297032181173563,6333,5,0.09166601300239563,-1008.8681030273438,11.659680366516113,-2087.3232421875
39.77306089999911,1,16.4231446999911,17052,142092,142092,2,0,0,True,191.3802032470703,1.0,0.0,0.012569530867040157,6332,5,0.09173376858234406,-1008.5499877929688,11.638166427612305,-2087.084228515625
39.78394350000599,1,16.43402729999798,17062,142092,142092,2,0,0,True,191.50640869140625,1.0,0.0,0.011498275212943554,6340,5,0.09180152416229248,-1008.125732421875,11.609434127807617,-2086.765380859375
39.7947797000088,1,16.444863500000793,17070,142092,142092,2,0,0,True,191.6634979248047,1.0,0.0,0.011183904483914375,6352,5,0.09189186245203018,-1007.701416015625,11.580604553222656,-2086.446044921875
39.8065065999981,1,16.45659039999009,17087,142092,142092,2,0,0,True,191.77737426757812,1.0,0.0,0.011043640784919262,6362,5,0.09200479090213776,-1007.064697265625,11.537132263183594,-2085.96630859375
39.81754050000745,1,16.467624299999443,17095,142092,142092,2,0,0,True,191.92529296875,1.0,0.0,0.008492417633533478,6382,5,0.09207253903150558,-1006.64013671875,11.507975578308105,-2085.64599609375
39.82859610000742,1,16.478679899999406,17105,142092,142092,2,0,0,True,192.0442657470703,1.0,0.0,0.008006655611097813,6389,5,0.09214029461145401,-1006.3216552734375,11.486013412475586,-2085.405517578125
39.83971640000527,1,16.489800199997262,17115,142092,142092,2,0,0,True,192.194091796875,1.0,0.0,0.006858326960355043,6390,5,0.09220805019140244,-1005.8969116210938,11.456656455993652,-2085.08447265625
39.850740800000494,1,16.500824599992484,17130,142092,142092,2,0,0,True,192.32005310058594,1.0,0.0,0.006736263632774353,6391,5,0.09234242886304855,-1005.1534423828125,11.405180931091309,-2084.521484375
39.86195950000547,1,16.51204329999746,17140,142092,142092,2,0,0,True,192.45030212402344,1.0,0.0,0.0074408273212611675,6388,5,0.09240956604480743,-1004.8347778320312,11.383122444152832,-2084.27978515625
39.87290519999806,1,16.522988999990048,17150,142092,142092,2,0,0,True,192.6128387451172,1.0,0.0,0.008493213914334774,6380,5,0.09247669577598572,-1004.4097290039062,11.353790283203125,-2083.95703125
39.88378060000832,1,16.53386440000031,17157,142092,142092,2,0,0,True,192.7445831298828,1.0,0.0,0.01013173721730709,6379,5,0.09256621450185776,-1003.9845581054688,11.324602127075195,-2083.6337890625
39.89497960000881,1,16.5450634000008,17175,142092,142092,2,0,0,True,192.9092254638672,1.0,0.0,0.010834118351340294,6386,5,0.09270048141479492,-1003.2404174804688,11.273988723754883,-2083.067138671875
39.90591100000893,1,16.555994800000917,17185,142092,142092,2,0,0,True,193.03781127929688,1.0,0.0,0.012202713638544083,6395,5,0.0927676185965538,-1002.92138671875,11.252488136291504,-2082.82373046875
39.91666550000082,1,16.566749299992807,17195,142092,142092,2,0,0,True,193.16433715820312,1.0,0.0,0.013055026531219482,6401,5,0.09283475577831268,-1002.4959716796875,11.223993301391602,-2082.498779296875
39.9276802999957,1,16.57776409998769,17202,142092,142092,2,0,0,True,193.32472229003906,1.0,0.0,0.016140123829245567,6402,5,0.09290189296007156,-1002.0704345703125,11.195688247680664,-2082.17333984375
39.938701100007165,1,16.588784899999155,17212,142092,142092,2,0,0,True,193.45523071289062,1.0,0.0,0.020966246724128723,6402,5,0.0929693877696991,-1001.7512817382812,11.174577713012695,-2081.928955078125
39.94978429999901,1,16.599868099991,17230,142092,142092,2,0,0,True,193.61184692382812,1.0,0.0,0.021338999271392822,6405,5,0.09312771260738373,-1000.89990234375,11.118559837341309,-2081.27587890625
39.96097690000897,1,16.611060700000962,17240,142092,142092,2,0,0,True,193.73001098632812,1.0,0.0,0.018578268587589264,6411,5,0.09317295253276825,-1000.58056640625,11.09754753112793,-2081.030517578125
39.971779800005606,1,16.621863599997596,17247,142092,142092,2,0,0,True,193.83897399902344,1.0,0.0,0.019292138516902924,6421,5,0.0932634249329567,-1000.1547241210938,11.069502830505371,-2080.702880859375
39.982947700002114,1,16.633031499994104,17265,142092,142092,2,0,0,True,193.97996520996094,1.0,0.0,0.01763470657169819,6436,5,0.09339913725852966,-999.409423828125,11.020496368408203,-2080.12841796875
39.99388340000587,1,16.64396719999786,17275,142092,142092,2,0,0,True,194.10089111328125,1.0,0.0,0.020595792680978775,6455,5,0.09346699714660645,-999.0900268554688,10.999552726745605,-2079.881591796875
40.00499480000872,1,16.655078600000707,17282,142092,142092,2,0,0,True,194.2605743408203,1.0,0.0,0.015546314418315887,6470,5,0.09353484958410263,-998.6640625,10.971613883972168,-2079.55224609375
40.0159593999997,1,16.66604319999169,17292,142092,142092,2,0,0,True,194.39288330078125,1.0,0.0,0.015811530873179436,6466,5,0.09360270202159882,-998.3446044921875,10.950618743896484,-2079.304931640625
40.026722299997346,1,16.676806099989335,17300,142092,142092,2,0,0,True,194.52365112304688,1.0,0.0,0.017964810132980347,6449,5,0.09367040544748306,-997.9185180664062,10.922579765319824,-2078.974853515625
40.037846400009585,1,16.687930200001574,17317,142092,142092,2,0,0,True,194.6871337890625,1.0,0.0,0.01921938732266426,6432,5,0.09380427747964859,-997.1727905273438,10.873562812805176,-2078.395751953125
40.048913699996774,1,16.698997499988764,17327,142092,142092,2,0,0,True,194.81417846679688,1.0,0.0,0.02110789157450199,6433,5,0.09387121349573135,-996.8531494140625,10.852644920349121,-2078.14697265625
40.059915600009845,1,16.709999400001834,17335,142092,142092,2,0,0,True,194.96881103515625,1.0,0.0,0.019989047199487686,6449,5,0.09393814206123352,-996.4269409179688,10.8248291015625,-2077.81494140625
40.07096029999957,1,16.72104409999156,17345,142092,142092,2,0,0,True,195.0912628173828,1.0,0.0,0.019614553079009056,6466,5,0.09400507807731628,-996.1072998046875,10.804008483886719,-2077.565673828125
40.08203869999852,1,16.73212249999051,17362,142092,142092,2,0,0,True,195.24310302734375,1.0,0.0,0.02031124383211136,6477,5,0.094161257147789,-995.2547607421875,10.748505592346191,-2076.899169921875
40.0931222000072,1,16.74320599999919,17370,142092,142092,2,0,0,True,195.36434936523438,1.0,0.0,0.019104843959212303,6478,5,0.09422819316387177,-994.93505859375,10.727681159973145,-2076.6484375
40.10398780000105,1,16.75407159999304,17380,142092,142092,2,0,0,True,195.48703002929688,1.0,0.0,0.017681187018752098,6476,5,0.09427281469106674,-994.6153564453125,10.706847190856934,-2076.397705078125
40.115056099995854,1,16.765139899987844,17390,142092,142092,2,0,0,True,195.63848876953125,1.0,0.0,0.016710903495550156,6477,5,0.09436206519603729,-994.1890258789062,10.679049491882324,-2076.06298828125
40.12637949999771,1,16.7764632999897,17407,142092,142092,2,0,0,True,195.75611877441406,1.0,0.0,0.016547631472349167,6485,5,0.09449798613786697,-993.4429931640625,10.630267143249512,-2075.4755859375
40.1373048999958,1,16.787388699987787,17415,142092,142092,2,0,0,True,195.9073028564453,1.0,0.0,0.015385687351226807,6500,5,0.09456603974103928,-993.0167236328125,10.602283477783203,-2075.13916015625
40.148311800003285,1,16.798395599995274,17425,142092,142092,2,0,0,True,196.0299072265625,1.0,0.0,0.018088819459080696,6509,5,0.09463409334421158,-992.6969604492188,10.581249237060547,-2074.88671875
40.15951040000073,1,16.809594199992716,17435,142092,142092,2,0,0,True,196.1851043701172,1.0,0.0,0.026352593675255775,6513,5,0.09470214694738388,-992.2706909179688,10.553130149841309,-2074.54931640625
40.170515999998315,1,16.820599799990305,17450,142092,142092,2,0,0,True,196.3112030029297,1.0,0.0,0.032496243715286255,6512,5,0.09483824670314789,-991.524658203125,10.503616333007812,-2073.957763671875
40.181498699996155,1,16.831582499988144,17460,142092,142092,2,0,0,True,196.4362335205078,1.0,0.0,0.035633862018585205,6507,5,0.09490630030632019,-991.2049560546875,10.48226261138916,-2073.703857421875
40.19276630000968,1,16.84285010000167,17470,142092,142092,2,0,0,True,196.5838623046875,1.0,0.0,0.02966376394033432,6505,5,0.09497435390949249,-990.7786865234375,10.453685760498047,-2073.364501953125
40.20381030000863,1,16.853894100000616,17477,142092,142092,2,0,0,True,196.69741821289062,1.0,0.0,0.03134937956929207,6510,5,0.09506509453058243,-990.3525390625,10.425012588500977,-2073.024658203125
40.214958900003694,1,16.865042699995684,17495,142092,142092,2,0,0,True,196.83615112304688,1.0,0.0,0.024287179112434387,6524,5,0.09519965201616287,-989.6070556640625,10.374764442443848,-2072.42822265625
40.2260563000018,1,16.87614009999379,17505,142092,142092,2,0,0,True,196.94886779785156,1.0,0.0,0.021995633840560913,6535,5,0.0952666774392128,-989.2877197265625,10.353252410888672,-2072.171875
40.2369469999976,1,16.88703079998959,17515,142092,142092,2,0,0,True,197.09617614746094,1.0,0.0,0.020340070128440857,6543,5,0.09533370286226273,-988.8619995117188,10.324640274047852,-2071.82958984375
40.247824000005494,1,16.897907799997483,17522,142092,142092,2,0,0,True,197.21524047851562,1.0,0.0,0.02023831382393837,6541,5,0.09542306512594223,-988.4364013671875,10.296136856079102,-2071.48681640625
40.25918760000786,1,16.909271399999852,17540,142092,142092,2,0,0,True,197.3382568359375,1.0,0.0,0.022455088794231415,6538,5,0.09553476423025131,-987.79833984375,10.25368595123291,-2070.970947265625
40.2702355000074,1,16.92031929999939,17547,142092,142092,2,0,0,True,197.4931182861328,1.0,0.0,0.027268104255199432,6537,5,0.09562412649393082,-987.3731079101562,10.225641250610352,-2070.626220703125
40.28096479999658,1,16.93104859998857,17557,142092,142092,2,0,0,True,197.61764526367188,1.0,0.0,0.027485990896821022,6542,5,0.09566881507635117,-987.0542602539062,10.204755783081055,-2070.367431640625
40.29200000000128,1,16.94208379999327,17567,142092,142092,2,0,0,True,197.76638793945312,1.0,0.0,0.028276218101382256,6549,5,0.09575817734003067,-986.6293334960938,10.17708683013916,-2070.021240234375
40.303278000006685,1,16.953361799998675,17582,142092,142092,2,0,0,True,197.88229370117188,1.0,0.0,0.030274134129285812,6554,5,0.09589322656393051,-985.8860473632812,10.129082679748535,-2069.413818359375
40.314474200000404,1,16.964557999992394,17592,142092,142092,2,0,0,True,198.02386474609375,1.0,0.0,0.027809297665953636,6557,5,0.09596110880374908,-985.567626953125,10.108695983886719,-2069.15283203125
40.325559999997495,1,16.975643799989484,17602,142092,142092,2,0,0,True,198.13792419433594,1.0,0.0,0.024492507800459862,6560,5,0.09602899104356766,-985.143310546875,10.08169937133789,-2068.80419921875
40.336733999996795,1,16.986817799988785,17610,142092,142092,2,0,0,True,198.25254821777344,1.0,0.0,0.022345833480358124,6569,5,0.09611950069665909,-984.71923828125,10.05489730834961,-2068.454833984375
40.34782690000429,1,16.997910699996282,17627,142092,142092,2,0,0,True,198.39759826660156,1.0,0.0,0.021438896656036377,6581,5,0.09625526517629623,-983.9774780273438,10.008296966552734,-2067.841552734375
40.358575400008704,1,17.008659200000693,17637,142092,142092,2,0,0,True,198.51895141601562,1.0,0.0,0.023216785863041878,6585,5,0.09632314741611481,-983.6597290039062,9.988446235656738,-2067.577880859375
40.369609400004265,1,17.019693199996254,17647,142092,142092,2,0,0,True,198.66770935058594,1.0,0.0,0.020865680649876595,6585,5,0.09639102965593338,-983.2362670898438,9.962077140808105,-2067.225830078125
40.38086450000992,1,17.03094830000191,17655,142092,142092,2,0,0,True,198.78729248046875,1.0,0.0,0.016696682199835777,6583,5,0.09648153930902481,-982.81298828125,9.935794830322266,-2066.873046875
40.3919925000082,1,17.04207630000019,17672,142092,142092,2,0,0,True,198.9091339111328,1.0,0.0,0.015656892210245132,6585,5,0.09659427404403687,-982.1784057617188,9.896492958068848,-2066.342529296875
40.40302280000469,1,17.05310659999668,17682,142092,142092,2,0,0,True,199.05636596679688,1.0,0.0,0.019379036501049995,6588,5,0.09668413549661636,-981.7555541992188,9.870344161987305,-2065.988037109375
40.4140505999967,1,17.06413439998869,17690,142092,142092,2,0,0,True,199.17544555664062,1.0,0.0,0.01930217258632183,6594,5,0.09675152599811554,-981.3328247070312,9.84420108795166,-2065.632568359375
40.4250827000069,1,17.075166499998886,17700,142092,142092,2,0,0,True,199.31324768066406,1.0,0.0,0.01734290085732937,6602,5,0.09681892395019531,-981.015869140625,9.824562072753906,-2065.36572265625
40.43609820000711,1,17.0861819999991,17717,142092,142092,2,0,0,True,199.40696716308594,1.0,0.0,0.016397885978221893,6607,5,0.09695371240377426,-980.2767333984375,9.778634071350098,-2064.741455078125
40.447114000009606,1,17.097197800001595,17727,142092,142092,2,0,0,True,199.528564453125,1.0,0.0,0.008749484084546566,6615,5,0.09704357385635376,-979.854736328125,9.752445220947266,-2064.3837890625
40.45816779999586,1,17.108251599987852,17735,142092,142092,2,0,0,True,199.64967346191406,1.0,0.0,0.007554001174867153,6624,5,0.09711096435785294,-979.4329833984375,9.726461410522461,-2064.025146484375
40.46924710000167,1,17.119330899993656,17745,142092,142092,2,0,0,True,199.7781982421875,1.0,0.0,0.012383424676954746,6633,5,0.09717836230993271,-979.1167602539062,9.70715618133545,-2063.755859375
40.480418699997244,1,17.130502499989234,17760,142092,142092,2,0,0,True,199.9381103515625,1.0,0.0,0.01694604754447937,6632,5,0.09731300175189972,-978.37939453125,9.662416458129883,-2063.125732421875
40.49137669999618,1,17.14146049998817,17770,142092,142092,2,0,0,True,200.0659942626953,1.0,0.0,0.030183125287294388,6625,5,0.09738022089004517,-978.0635375976562,9.64329719543457,-2062.85498046875
40.50250460000825,1,17.15258840000024,17780,142092,142092,2,0,0,True,200.22242736816406,1.0,0.0,0.03451630845665932,6618,5,0.09744744002819061,-977.642578125,9.617897987365723,-2062.4931640625
40.51344650000101,1,17.163530299993,17787,142092,142092,2,0,0,True,200.3402099609375,1.0,0.0,0.03444834426045418,6616,5,0.0975370705127716,-977.2218017578125,9.59264850616455,-2062.130615234375
40.524444399998174,1,17.174528199990164,17805,142092,142092,2,0,0,True,200.4813690185547,1.0,0.0,0.03316266089677811,6620,5,0.09764910489320755,-976.5909423828125,9.554898262023926,-2061.585693359375
40.535672500001965,1,17.185756299993955,17815,142092,142092,2,0,0,True,200.5817108154297,1.0,0.0,0.02522231638431549,6631,5,0.09773872792720795,-976.1705932617188,9.529607772827148,-2061.221435546875
40.54683730000397,1,17.19692109999596,17822,142092,142092,2,0,0,True,200.6805419921875,1.0,0.0,0.021528160199522972,6658,5,0.0978059470653534,-975.7504272460938,9.504149436950684,-2060.8564453125
40.55766740000399,1,17.207751199995982,17832,142092,142092,2,0,0,True,200.81590270996094,1.0,0.0,0.016580263152718544,6693,5,0.09787316620349884,-975.4354248046875,9.484925270080566,-2060.58251953125
40.568568100003176,1,17.218651899995166,17850,142092,142092,2,0,0,True,200.92323303222656,1.0,0.0,0.014320725575089455,6703,5,0.09802787005901337,-974.7006225585938,9.439523696899414,-2059.94189453125
40.57963540000492,1,17.229719199996907,17860,142092,142092,2,0,0,True,201.06851196289062,1.0,0.0,0.012948427349328995,6698,5,0.09809251874685287,-974.2809448242188,9.413227081298828,-2059.574951171875
40.590594299996155,1,17.240678099988145,17867,142092,142092,2,0,0,True,201.19140625,1.0,0.0,0.014582013711333275,6681,5,0.09817872196435928,-973.861328125,9.386699676513672,-2059.20751953125
40.60170430000289,1,17.251788099994883,17877,142092,142092,2,0,0,True,201.30740356445312,1.0,0.0,0.014319502748548985,6665,5,0.09824337065219879,-973.5466918945312,9.36667537689209,-2058.931396484375
40.61273950000759,1,17.26282329999958,17887,142092,142092,2,0,0,True,201.45741271972656,1.0,0.0,0.013939226977527142,6666,5,0.0983295738697052,-973.1272583007812,9.33981990814209,-2058.56298828125
40.62374190000992,1,17.273825700001908,17902,142092,142092,2,0,0,True,201.5789031982422,1.0,0.0,0.01664687693119049,6676,5,0.09845887124538422,-972.3935546875,9.292532920837402,-2057.91650390625
40.63461819999793,1,17.28470199998992,17912,142092,142092,2,0,0,True,201.7207794189453,1.0,0.0,0.02185998484492302,6685,5,0.09852351993322372,-972.0792236328125,9.272153854370117,-2057.638671875
40.64575280000281,1,17.2958365999948,17922,142092,142092,2,0,0,True,201.8358917236328,1.0,0.0,0.0200502946972847,6689,5,0.09860972315073013,-971.6602783203125,9.244893074035645,-2057.26806640625
40.65646430000197,1,17.30654809999396,17930,142092,142092,2,0,0,True,201.9501190185547,1.0,0.0,0.022940589115023613,6686,5,0.09865282475948334,-971.241455078125,9.217580795288086,-2056.896484375
40.6673848000064,1,17.317468599998392,17947,142092,142092,2,0,0,True,202.08721923828125,1.0,0.0,0.02154107578098774,6682,5,0.09883797913789749,-970.5090942382812,9.1698637008667,-2056.24462890625
40.67819370000507,1,17.328277499997057,17957,142092,142092,2,0,0,True,202.20291137695312,1.0,0.0,0.024550452828407288,6688,5,0.09888448566198349,-970.1954345703125,9.149486541748047,-2055.964599609375
40.68923170000198,1,17.339315499993972,17967,142092,142092,2,0,0,True,202.31686401367188,1.0,0.0,0.0236225463449955,6694,5,0.0989774838089943,-969.7774047851562,9.12237548828125,-2055.5908203125
40.70046150000417,1,17.350545299996156,17975,142092,142092,2,0,0,True,202.45343017578125,1.0,0.0,0.02421984262764454,6701,5,0.0990472361445427,-969.359619140625,9.095319747924805,-2055.216064453125
40.71147290000226,1,17.361556699994253,17985,142092,142092,2,0,0,True,202.55911254882812,1.0,0.0,0.0229917224496603,6705,5,0.0991169884800911,-969.04638671875,9.075090408325195,-2054.9345703125
40.72286900000472,1,17.37295279999671,18002,142092,142092,2,0,0,True,202.69900512695312,1.0,0.0,0.02373323030769825,6707,5,0.0992797464132309,-968.2119140625,9.021469116210938,-2054.181884765625
40.73401890000969,1,17.384102700001677,18010,142092,142092,2,0,0,True,202.8194122314453,1.0,0.0,0.0224889125674963,6713,5,0.0993262529373169,-967.8992309570312,9.001535415649414,-2053.898681640625
40.744967000006,1,17.39505079999799,18020,142092,142092,2,0,0,True,202.96360778808594,1.0,0.0,0.024214226752519608,6718,5,0.09941856563091278,-967.586669921875,8.981663703918457,-2053.615234375
40.755689199999324,1,17.405772999991314,18037,142092,142092,2,0,0,True,203.07904052734375,1.0,0.0,0.024289552122354507,6722,5,0.09954985231161118,-966.7537231445312,8.92868709564209,-2052.857421875
40.766761599996244,1,17.416845399988233,18047,142092,142092,2,0,0,True,203.190673828125,1.0,0.0,0.025595540180802345,6723,5,0.09961549192667007,-966.4415893554688,8.908830642700195,-2052.572509765625
40.7777602999995,1,17.42784409999149,18055,142092,142092,2,0,0,True,203.33168029785156,1.0,0.0,0.024631010368466377,6724,5,0.09970301389694214,-966.0255737304688,8.882410049438477,-2052.192138671875
40.78881559999718,1,17.438899399989168,18065,142092,142092,2,0,0,True,203.43893432617188,1.0,0.0,0.024255000054836273,6730,5,0.09976865351200104,-965.7137451171875,8.862635612487793,-2051.90625
40.799872700008564,1,17.449956500000553,18075,142092,142092,2,0,0,True,203.56983947753906,1.0,0.0,0.01948823407292366,6744,5,0.0998561754822731,-965.2981567382812,8.836197853088379,-2051.5244140625
40.81095080000523,1,17.46103459999722,18090,142092,142092,2,0,0,True,203.68435668945312,1.0,0.0,0.020046044141054153,6754,5,0.0999874621629715,-964.5714721679688,8.789815902709961,-2050.854736328125
40.82202340000367,1,17.472107199995662,18102,142092,142092,2,0,0,True,203.82388305664062,1.0,0.0,0.02155917137861252,6754,5,0.1000531017780304,-964.26025390625,8.769906044006348,-2050.567138671875
40.83328690000053,1,17.48337069999252,18110,142092,142092,2,0,0,True,203.9381866455078,1.0,0.0,0.01917681284248829,6760,5,0.10016573220491409,-963.7417602539062,8.736673355102539,-2050.0869140625
40.84428469999693,1,17.494368499988923,18117,142092,142092,2,0,0,True,204.05174255371094,1.0,0.0,0.022976433858275414,6757,5,0.10021207481622696,-963.4307861328125,8.716659545898438,-2049.798095703125
40.855262299999595,1,17.505346099991584,18137,142092,142092,2,0,0,True,204.1929473876953,1.0,0.0,0.023386405780911446,6754,5,0.10035109519958496,-962.7057495117188,8.669886589050293,-2049.123046875
40.86622769999667,1,17.51631149998866,18145,142092,142092,2,0,0,True,204.30291748046875,1.0,0.0,0.02698223665356636,6756,5,0.1004437804222107,-962.2918090820312,8.643182754516602,-2048.736328125
40.877245600000606,1,17.527329399992595,18155,142092,142092,2,0,0,True,204.4485321044922,1.0,0.0,0.02660002000629902,6765,5,0.10049012303352356,-961.9815063476562,8.623154640197754,-2048.44580078125
40.8883874000021,1,17.538471199994092,18162,142092,142092,2,0,0,True,204.56118774414062,1.0,0.0,0.03082623891532421,6770,5,0.10058280825614929,-961.5679321289062,8.596413612365723,-2048.0576171875
40.89932050000061,1,17.549404299992602,18172,142092,142092,2,0,0,True,204.66990661621094,1.0,0.0,0.02875523827970028,6774,5,0.10065232217311859,-961.2579345703125,8.57629680633545,-2047.7662353515625
40.91044110000075,1,17.560524899992743,18190,142092,142092,2,0,0,True,204.8031463623047,1.0,0.0,0.026427369564771652,6775,5,0.10081451386213303,-960.4320068359375,8.522466659545898,-2046.9869384765625
40.921394200006034,1,17.571477999998024,18200,142092,142092,2,0,0,True,204.907958984375,1.0,0.0,0.025329425930976868,6773,5,0.10086026787757874,-960.12255859375,8.50228214263916,-2046.6939697265625
40.93226030000369,1,17.58234409999568,18210,142092,142092,2,0,0,True,205.0421905517578,1.0,0.0,0.022287137806415558,6790,5,0.10094825178384781,-959.7102661132812,8.475379943847656,-2046.3026123046875
40.94372720000683,1,17.593810999998823,18217,142092,142092,2,0,0,True,205.15867614746094,1.0,0.0,0.023485993966460228,6804,5,0.10103622823953629,-959.2982177734375,8.448402404785156,-2045.91064453125
40.95457300000999,1,17.604656800001976,18235,142092,142092,2,0,0,True,205.26939392089844,1.0,0.0,0.025794120505452156,6806,5,0.1011682003736496,-958.6805419921875,8.407698631286621,-2045.3212890625
40.96563669999887,1,17.615720499990857,18245,142092,142092,2,0,0,True,205.40383911132812,1.0,0.0,0.024479500949382782,6798,5,0.10123418271541595,-958.2691040039062,8.380403518676758,-2044.927490234375
40.97669370000949,1,17.62677750000148,18252,142092,142092,2,0,0,True,205.51388549804688,1.0,0.0,0.024651814252138138,6793,5,0.10132216662168503,-957.8579711914062,8.353060722351074,-2044.5330810546875
40.98790600000939,1,17.637989800001378,18262,142092,142092,2,0,0,True,205.64356994628906,1.0,0.0,0.021898558363318443,6798,5,0.10138814896345139,-957.5498046875,8.332501411437988,-2044.2366943359375
40.99891720000596,1,17.649000999997952,18280,142092,142092,2,0,0,True,205.7544708251953,1.0,0.0,0.021488552913069725,6819,5,0.1015201210975647,-956.831298828125,8.284346580505371,-2043.543701171875
41.00996660000237,1,17.66005039999436,18290,142092,142092,2,0,0,True,205.89111328125,1.0,0.0,0.024317152798175812,6827,5,0.10161043703556061,-956.421142578125,8.256658554077148,-2043.146728515625
41.021121600002516,1,17.671205399994506,18297,142092,142092,2,0,0,True,205.9970703125,1.0,0.0,0.026384906843304634,6826,5,0.10170215368270874,-956.01123046875,8.228888511657715,-2042.7490234375
41.03210480000416,1,17.682188599996152,18307,142092,142092,2,0,0,True,206.13223266601562,1.0,0.0,0.027056755498051643,6820,5,0.1017480120062828,-955.7039794921875,8.20800495147705,-2042.4503173828125
41.0432787000027,1,17.69336249999469,18317,142092,142092,2,0,0,True,206.24087524414062,1.0,0.0,0.0202511977404356,6818,5,0.10183972865343094,-955.2946166992188,8.18012523651123,-2042.05126953125
41.05409000000509,1,17.70417379999708,18335,142092,142092,2,0,0,True,206.34555053710938,1.0,0.0,0.01789926551282406,6821,5,0.10197730362415314,-954.5789794921875,8.131293296813965,-2041.3511962890625
41.065196199997445,1,17.715279999989434,18345,142092,142092,2,0,0,True,206.48104858398438,1.0,0.0,0.003823349252343178,6832,5,0.10206902027130127,-954.1704711914062,8.103371620178223,-2040.9500732421875
41.07617320001009,1,17.72625700000208,18352,142092,142092,2,0,0,True,206.58653259277344,1.0,0.0,0.005535696633160114,6838,5,0.10213781148195267,-953.7623291015625,8.075450897216797,-2040.54833984375
41.087272799995844,1,17.737356599987834,18362,142092,142092,2,0,0,True,206.72274780273438,1.0,0.0,0.006844626739621162,6843,5,0.10220660269260406,-953.4563598632812,8.054537773132324,-2040.2464599609375
41.098299300007056,1,17.748383099999046,18380,142092,142092,2,0,0,True,206.8307647705078,1.0,0.0,0.010235853493213654,6844,5,0.10236486792564392,-952.6412353515625,7.998918533325195,-2039.439697265625
41.10949309999705,1,17.759576899989042,18387,142092,142092,2,0,0,True,206.9676971435547,1.0,0.0,0.008568488992750645,6844,5,0.10243174433708191,-952.3358154296875,7.978117942810059,-2039.136474609375
41.12080770000466,1,17.77089149999665,18397,142092,142092,2,0,0,True,207.08145141601562,1.0,0.0,0.01545222382992506,6845,5,0.1024986132979393,-952.0306396484375,7.9573588371276855,-2038.832763671875
41.132032299996354,1,17.782116099988343,18407,142092,142092,2,0,0,True,207.190673828125,1.0,0.0,0.01156426128000021,6848,5,0.10258777439594269,-951.6239013671875,7.929725646972656,-2038.42724609375
41.14297179999994,1,17.79305559999193,18415,142092,142092,2,0,0,True,207.3260955810547,1.0,0.0,0.014764287509024143,6854,5,0.10265465080738068,-951.2174072265625,7.902092933654785,-2038.02099609375
41.15400609999779,1,17.804089899989776,18435,142092,142092,2,0,0,True,207.4327392578125,1.0,0.0,0.01771405339241028,6858,5,0.10281068831682205,-950.5067749023438,7.853724479675293,-2037.308349609375
41.16477570000279,1,17.814859499994782,18442,142092,142092,2,0,0,True,207.56094360351562,1.0,0.0,0.012187534943223,6860,5,0.10289984941482544,-950.1010131835938,7.826128005981445,-2036.900146484375
41.175511800000095,1,17.825595599992084,18452,142092,142092,2,0,0,True,207.66700744628906,1.0,0.0,0.011918207630515099,6867,5,0.10296671837568283,-949.7969360351562,7.805469989776611,-2036.5936279296875
41.18675809999695,1,17.83684189998894,18460,142092,142092,2,0,0,True,207.7789306640625,1.0,0.0,0.0117215970531106,6877,5,0.10303407162427902,-949.3916625976562,7.77792501449585,-2036.184326171875
41.19775160000427,1,17.847835399996256,18470,142092,142092,2,0,0,True,207.91700744628906,1.0,0.0,0.012609894387423992,6884,5,0.10310190916061401,-949.087890625,7.757254600524902,-2035.8768310546875
41.20892800000729,1,17.85901179999928,18487,142092,142092,2,0,0,True,208.02239990234375,1.0,0.0,0.014150991104543209,6881,5,0.10326018929481506,-948.2783203125,7.701958656311035,-2035.0552978515625
41.21991810000327,1,17.87000189999526,18497,142092,142092,2,0,0,True,208.1577606201172,1.0,0.0,0.010674899443984032,6877,5,0.10332802683115005,-947.9749755859375,7.681190490722656,-2034.74658203125
41.23113739999826,1,17.88122119999025,18507,142092,142092,2,0,0,True,208.26197814941406,1.0,0.0,0.011681195348501205,6878,5,0.10341846942901611,-947.5707397460938,7.653522968292236,-2034.3343505859375
41.24184719999903,1,17.89193099999102,18515,142092,142092,2,0,0,True,208.39678955078125,1.0,0.0,0.009672247804701328,6891,5,0.10350891947746277,-947.1666870117188,7.625881671905518,-2033.9215087890625
41.25306560000172,1,17.90314939999371,18535,142092,142092,2,0,0,True,208.50717163085938,1.0,0.0,0.01151011511683464,6899,5,0.10364458709955215,-946.4600830078125,7.577459812164307,-2033.197509765625
41.26413969999703,1,17.91422349998902,18542,142092,142092,2,0,0,True,208.6141815185547,1.0,0.0,0.007521520368754864,6903,5,0.1037350669503212,-946.0565185546875,7.549741744995117,-2032.7830810546875
41.27518179999606,1,17.92526559998805,18550,142092,142092,2,0,0,True,208.75027465820312,1.0,0.0,0.007221790496259928,6901,5,0.10378041863441467,-945.7540283203125,7.528954029083252,-2032.4718017578125
41.286561200002325,1,17.936644999994314,18562,142092,142092,2,0,0,True,208.86141967773438,1.0,0.0,0.007878717966377735,6899,5,0.10384844988584518,-945.4515991210938,7.508184432983398,-2032.1602783203125
41.297734300009324,1,17.947818100001314,18577,142092,142092,2,0,0,True,208.99972534179688,1.0,0.0,0.006338990293443203,6903,5,0.10402986407279968,-944.6455078125,7.452853679656982,-2031.3277587890625
41.308838700002525,1,17.958922499994515,18587,142092,142092,2,0,0,True,209.11497497558594,1.0,0.0,0.011006132699549198,6909,5,0.10407522320747375,-944.3433837890625,7.432068347930908,-2031.0150146484375
41.320026700006565,1,17.970110499998555,18597,142092,142092,2,0,0,True,209.24862670898438,1.0,0.0,0.01157364808022976,6913,5,0.1041659265756607,-943.940673828125,7.404278755187988,-2030.597412109375
41.33104849999654,1,17.98113229998853,18605,142092,142092,2,0,0,True,209.3550567626953,1.0,0.0,0.009601335041224957,6916,5,0.10425663739442825,-943.5380249023438,7.37637996673584,-2030.179443359375
41.342207100009546,1,17.992290900001535,18615,142092,142092,2,0,0,True,209.4841766357422,1.0,0.0,0.008449713699519634,6923,5,0.10430198907852173,-943.2361450195312,7.355399131774902,-2029.8656005859375
41.35334129999683,1,18.003425099988817,18632,142092,142092,2,0,0,True,209.58309936523438,1.0,0.0,0.007671078201383352,6931,5,0.1044829785823822,-942.4314575195312,7.29912805557251,-2029.0272216796875
41.3643080000038,1,18.014391799995792,18642,142092,142092,2,0,0,True,209.69329833984375,1.0,0.0,0.006853439379483461,6944,5,0.10455016046762466,-942.1297607421875,7.277894973754883,-2028.7122802734375
41.37489160000405,1,18.024975399996038,18652,142092,142092,2,0,0,True,209.82090759277344,1.0,0.0,0.003315101843327284,6949,5,0.10461733490228653,-941.7276611328125,7.249441623687744,-2028.2919921875
41.38605169999937,1,18.03613549999136,18660,142092,142092,2,0,0,True,209.92691040039062,1.0,0.0,0.007429168093949556,6949,5,0.10470691323280334,-941.3256225585938,7.220843315124512,-2027.8712158203125
41.39746819999709,1,18.047551999989082,18677,142092,142092,2,0,0,True,210.0659942626953,1.0,0.0,0.007427483331412077,6943,5,0.10486365854740143,-940.6222534179688,7.170610427856445,-2027.1337890625
41.40821710000455,1,18.05830089999654,18687,142092,142092,2,0,0,True,210.17645263671875,1.0,0.0,0.007867825217545033,6940,5,0.10493084043264389,-940.3208618164062,7.14907169342041,-2026.8172607421875
41.419259600006626,1,18.069343399998615,18697,142092,142092,2,0,0,True,210.28790283203125,1.0,0.0,0.00525759719312191,6944,5,0.10499802231788635,-939.9191284179688,7.120334148406982,-2026.394775390625
41.430369000008795,1,18.080452800000785,18705,142092,142092,2,0,0,True,210.42706298828125,1.0,0.0,0.01039145328104496,6949,5,0.10508759319782257,-939.5173950195312,7.091545581817627,-2025.9718017578125
41.441539300009026,1,18.091623100001016,18715,142092,142092,2,0,0,True,210.53170776367188,1.0,0.0,0.009861498139798641,6953,5,0.10515476763248444,-939.2161865234375,7.069958686828613,-2025.654296875
41.4523451999994,1,18.10242899999139,18732,142092,142092,2,0,0,True,210.65806579589844,1.0,0.0,0.008482796140015125,6956,5,0.10531409829854965,-938.4131469726562,7.0124688148498535,-2024.80615234375
41.46354430000065,1,18.11362809999264,18742,142092,142092,2,0,0,True,210.76748657226562,1.0,0.0,0.008422776125371456,6962,5,0.10538247227668762,-938.1121215820312,6.990980625152588,-2024.4876708984375
41.47466649999842,1,18.12475029999041,18752,142092,142092,2,0,0,True,210.9032745361328,1.0,0.0,0.008156420662999153,6969,5,0.10547363013029099,-937.7107543945312,6.962379455566406,-2024.0625
41.485723699996015,1,18.135807499988005,18760,142092,142092,2,0,0,True,211.01358032226562,1.0,0.0,0.006414962466806173,6973,5,0.10554199665784836,-937.3095092773438,6.933798313140869,-2023.6368408203125
41.49671999999555,1,18.146803799987538,18777,142092,142092,2,0,0,True,211.12677001953125,1.0,0.0,0.009480660781264305,6974,5,0.1056787371635437,-936.7076416015625,6.890835762023926,-2022.9976806640625
41.50766859999567,1,18.157752399987658,18787,142092,142092,2,0,0,True,211.2591552734375,1.0,0.0,0.00845935009419918,6973,5,0.10576990246772766,-936.306396484375,6.862130641937256,-2022.5709228515625
41.51883650000673,1,18.168920299998717,18795,142092,142092,2,0,0,True,211.36190795898438,1.0,0.0,0.005807577632367611,6975,5,0.10583826899528503,-935.9052124023438,6.833381175994873,-2022.143798828125
41.52983189999941,1,18.179915699991398,18805,142092,142092,2,0,0,True,211.49124145507812,1.0,0.0,0.001139231724664569,6985,5,0.10590644925832748,-935.6043701171875,6.811779022216797,-2021.8231201171875
41.54105320000963,1,18.191137000001618,18822,142092,142092,2,0,0,True,211.59481811523438,1.0,0.0,0.004321651998907328,6998,5,0.1060633659362793,-934.9024047851562,6.761180400848389,-2021.073974609375
41.55190639999637,1,18.20199019998836,18832,142092,142092,2,0,0,True,211.7283477783203,1.0,0.0,0.0015721258241683245,7012,5,0.10615303367376328,-934.5012817382812,6.732064723968506,-2020.6453857421875
41.562906400009524,1,18.212990200001514,18840,142092,142092,2,0,0,True,211.8352813720703,1.0,0.0,-0.0008297855383716524,7013,5,0.10622028261423111,-934.1001586914062,6.702757835388184,-2020.2164306640625
41.57366700000421,1,18.223750799996196,18847,142092,142092,2,0,0,True,211.94032287597656,1.0,0.0,0.001210880232974887,7006,5,0.10628753155469894,-933.79931640625,6.680672645568848,-2019.89453125
41.58572260000801,1,18.2358064,18865,142092,142092,2,0,0,True,212.07656860351562,1.0,0.0,-0.0020171126816421747,7000,5,0.10644444823265076,-933.0972290039062,6.628918170928955,-2019.1424560546875
41.59659580000152,1,18.246679599993513,18875,142092,142092,2,0,0,True,212.18470764160156,1.0,0.0,0.001020974712446332,7003,5,0.10651169717311859,-932.7962646484375,6.606628894805908,-2018.81982421875
41.60765099999844,1,18.25773479999043,18885,142092,142092,2,0,0,True,212.3199462890625,1.0,0.0,-0.0037016875576227903,7012,5,0.10660136491060257,-932.39501953125,6.576815605163574,-2018.3892822265625
41.61860620000516,1,18.26868999999715,18892,142092,142092,2,0,0,True,212.41993713378906,1.0,0.0,-0.0035339086316525936,7016,5,0.10666896402835846,-931.9937133789062,6.54689359664917,-2017.9583740234375
41.62980969999626,1,18.279893499988248,18910,142092,142092,2,0,0,True,212.5528106689453,1.0,0.0,0.00041552301263436675,7022,5,0.10682686418294907,-931.2913818359375,6.494424819946289,-2017.203369140625
41.64080190000823,1,18.290885700000217,18920,142092,142092,2,0,0,True,212.65863037109375,1.0,0.0,6.646554538747296e-05,7023,5,0.10689453780651093,-930.9903564453125,6.471932888031006,-2016.8795166015625
41.65183590000379,1,18.30191969999578,18927,142092,142092,2,0,0,True,212.75901794433594,1.0,0.0,-0.0003678557986859232,7026,5,0.10698476433753967,-930.5889282226562,6.441933631896973,-2016.447265625
41.66340520000085,1,18.313488999992842,18937,142092,142092,2,0,0,True,212.89796447753906,1.0,0.0,0.0015932847745716572,7028,5,0.10702987760305405,-930.2877807617188,6.419442653656006,-2016.1229248046875
41.67455989999871,1,18.324643699990702,18955,142092,142092,2,0,0,True,213.00189208984375,1.0,0.0,0.001038521178998053,7030,5,0.10718777775764465,-929.5850830078125,6.367035865783691,-2015.3653564453125
41.685587200001464,1,18.335670999993454,18965,142092,142092,2,0,0,True,213.13470458984375,1.0,0.0,0.0014080533292144537,7037,5,0.1072780042886734,-929.1834716796875,6.337131977081299,-2014.9320068359375
41.69657840000582,1,18.34666219999781,18972,142092,142092,2,0,0,True,213.2371826171875,1.0,0.0,0.0018662200309336185,7039,5,0.10736840218305588,-928.78173828125,6.307254791259766,-2014.498291015625
41.7075834999996,1,18.35766729999159,18980,142092,142092,2,0,0,True,213.3626708984375,1.0,0.0,0.0006468347273766994,7043,5,0.10741373896598816,-928.4804077148438,6.28486967086792,-2014.1727294921875
41.7186045999988,1,18.368688399990788,18997,142092,142092,2,0,0,True,213.46731567382812,1.0,0.0,0.0008454904891550541,7049,5,0.10757242888212204,-927.777099609375,6.2328386306762695,-2013.41259765625
41.72962670000561,1,18.3797104999976,19007,142092,142092,2,0,0,True,213.59848022460938,1.0,0.0,0.0009651286527514458,7055,5,0.10764043778181076,-927.4755859375,6.210602760314941,-2013.08642578125
41.740955900007975,1,18.391039699999965,19015,142092,142092,2,0,0,True,213.70999145507812,1.0,0.0,0.0006487201899290085,7059,5,0.10773111879825592,-927.0735473632812,6.181023120880127,-2012.6513671875
41.751800099998945,1,18.401883899990935,19032,142092,142092,2,0,0,True,213.82431030273438,1.0,0.0,0.001097825006581843,7059,5,0.10786713659763336,-926.36962890625,6.1293253898620605,-2011.8892822265625
41.76293369999621,1,18.4130174999882,19042,142092,142092,2,0,0,True,213.9603271484375,1.0,0.0,0.0017335659358650446,7059,5,0.10793514549732208,-926.0678100585938,6.107132434844971,-2011.5623779296875
41.77384069999971,1,18.4239244999917,19050,142092,142092,2,0,0,True,214.06285095214844,1.0,0.0,0.0007244249572977424,7060,5,0.10802582651376724,-925.665283203125,6.077472686767578,-2011.126220703125
41.78483899999992,1,18.43492279999191,19060,142092,142092,2,0,0,True,214.19097900390625,1.0,0.0,0.0010334583930671215,7062,5,0.10809355229139328,-925.3633422851562,6.055192470550537,-2010.7989501953125
41.79591870000877,1,18.44600250000076,19077,142092,142092,2,0,0,True,214.29116821289062,1.0,0.0,0.0017002844251692295,7074,5,0.10822845250368118,-924.6585083007812,6.003145694732666,-2010.03466796875
41.806761100000585,1,18.456844899992575,19085,142092,142092,2,0,0,True,214.3870391845703,1.0,0.0,0.0002979118435177952,7092,5,0.10831838846206665,-924.2555541992188,5.973164081573486,-2009.59765625
41.81763240000873,1,18.467716200000723,19095,142092,142092,2,0,0,True,214.5188751220703,1.0,0.0,0.0007501976215280592,7105,5,0.1083858385682106,-923.9533081054688,5.950531482696533,-2009.2696533203125
41.82861189999676,1,18.478695699988748,19102,142092,142092,2,0,0,True,214.62088012695312,1.0,0.0,0.0003597092581912875,7097,5,0.10847577452659607,-923.5501098632812,5.920198917388916,-2008.832275390625
41.83981869999843,1,18.48990249999042,19120,142092,142092,2,0,0,True,214.75100708007812,1.0,0.0,-2.045718429144472e-05,7093,5,0.10858818888664246,-922.945068359375,5.874447345733643,-2008.175537109375
41.850920900003985,1,18.501004699995974,19127,142092,142092,2,0,0,True,214.86026000976562,1.0,0.0,0.0004180481773801148,7094,5,0.10867812484502792,-922.54150390625,5.843714714050293,-2007.7374267578125
41.861916100009694,1,18.511999900001683,19137,142092,142092,2,0,0,True,214.9627685546875,1.0,0.0,0.00011843840184155852,7095,5,0.10874557495117188,-922.23876953125,5.820545196533203,-2007.40869140625
41.87309190000815,1,18.523175700000138,19155,142092,142092,2,0,0,True,215.08924865722656,1.0,0.0,0.0001534143229946494,7100,5,0.10892605781555176,-921.4309692382812,5.758441925048828,-2006.5313720703125
41.884328000000096,1,18.534411799992085,19162,142092,142092,2,0,0,True,215.18983459472656,1.0,0.0,-6.818371912231669e-05,7104,5,0.10899379104375839,-921.1279296875,5.735074996948242,-2006.2021484375
41.89535089999845,1,18.545434699990437,19172,142092,142092,2,0,0,True,215.3174285888672,1.0,0.0,0.000638122612144798,7108,5,0.10906153172254562,-920.8247680664062,5.711695194244385,-2005.872802734375
41.90646050000214,1,18.55654429999413,19180,142092,142092,2,0,0,True,215.42208862304688,1.0,0.0,0.00020121425040997565,7111,5,0.10912926495075226,-920.42041015625,5.680516719818115,-2005.4334716796875
41.91752550000092,1,18.56760929999291,19197,142092,142092,2,0,0,True,215.55258178710938,1.0,0.0,0.00029635673854500055,7114,5,0.1092873215675354,-919.71240234375,5.6259870529174805,-2004.6639404296875
41.92845870000019,1,18.57854249999218,19205,142092,142092,2,0,0,True,215.6541290283203,1.0,0.0,0.00039142355672083795,7115,5,0.10935505479574203,-919.4088134765625,5.6026458740234375,-2004.333984375
41.93934470000386,1,18.589428499995847,19215,142092,142092,2,0,0,True,215.7572021484375,1.0,0.0,-0.0002946674940176308,7117,5,0.10942278802394867,-919.1051025390625,5.579341888427734,-2004.0037841796875
41.95044329999655,1,18.60052709998854,19232,142092,142092,2,0,0,True,215.88714599609375,1.0,0.0,-0.00015558997984044254,7122,5,0.10958089679479599,-918.2948608398438,5.517422676086426,-2003.122802734375
41.9618627000018,1,18.611946499993792,19240,142092,142092,2,0,0,True,215.9910125732422,1.0,0.0,5.847362626809627e-05,7126,5,0.1096486821770668,-917.9908447265625,5.494263172149658,-2002.7921142578125
41.97294980000879,1,18.62303360000078,19250,142092,142092,2,0,0,True,216.11976623535156,1.0,0.0,-0.00025469070533290505,7132,5,0.10971646755933762,-917.6867065429688,5.471109867095947,-2002.4613037109375
41.98390140000265,1,18.63398519999464,19257,142092,142092,2,0,0,True,216.2202606201172,1.0,0.0,9.101131581701338e-08,7134,5,0.1098068505525589,-917.2811279296875,5.44024133682251,-2002.0201416015625
41.99492460000329,1,18.645008399995277,19275,142092,142092,2,0,0,True,216.34716796875,1.0,0.0,0.00011364930105628446,7137,5,0.1099650114774704,-916.57080078125,5.386279106140137,-2001.2474365234375
42.005985099996906,1,18.656068899988895,19282,142092,142092,2,0,0,True,216.4485321044922,1.0,0.0,0.0004476375470403582,7142,5,0.11003279685974121,-916.2662353515625,5.363171100616455,-2000.916015625
42.016913500003284,1,18.666997299995273,19292,142092,142092,2,0,0,True,216.5734405517578,1.0,0.0,-0.00018085440387949347,7149,5,0.11007799208164215,-915.9616088867188,5.34004545211792,-2000.58447265625
42.028135600005044,1,18.678219399997033,19310,142092,142092,2,0,0,True,216.6627960205078,1.0,0.0,3.481046587694436e-05,7031,1,0.11023613810539246,-915.2503051757812,5.285995006561279,-1999.810546875
42.0391418000072,1,18.68922559999919,19317,142092,142092,2,0,0,True,216.63160705566406,1.0,0.0,0.000225090843741782,6871,1,0.1103263795375824,-914.8436889648438,5.255077362060547,-1999.3680419921875
42.05003020000004,1,18.700113999992027,19327,142092,142092,2,0,0,True,216.58538818359375,1.0,0.0,-0.00040743674617260695,6672,1,0.11039406061172485,-914.5386962890625,5.231900691986084,-1999.0361328125
42.061109000002034,1,18.711192799994024,19342,142092,142092,2,0,0,True,216.54591369628906,1.0,0.0,-0.00046858887071721256,6513,1,0.11055199056863785,-913.8272705078125,5.177906036376953,-1998.26171875
42.07187320000958,1,18.721957000001566,19352,142092,142092,2,0,0,True,216.50384521484375,1.0,0.0,8.491801418131217e-05,6354,1,0.11059711128473282,-913.5224609375,5.154808521270752,-1997.929931640625
42.08302810000896,1,18.73311190000095,19360,142092,142092,2,0,0,True,216.45004272460938,1.0,0.0,-0.0005086311721242964,6155,1,0.11068735271692276,-913.1161499023438,5.124073505401611,-1997.4876708984375
42.09397290000925,1,18.744056700001238,19370,142092,142092,2,0,0,True,216.40948486328125,1.0,0.0,-0.0006074512493796647,5997,1,0.11075503379106522,-912.8114624023438,5.10107946395874,-1997.156005859375
42.105004400000325,1,18.755088199992315,19387,142092,142092,2,0,0,True,216.37881469726562,1.0,0.0,-0.0004883960937149823,6564,6,0.11091296374797821,-912.1007690429688,5.047702789306641,-1996.382080078125
42.116355400008615,1,18.766439200000605,19395,142092,142092,2,0,0,True,216.4265594482422,1.0,0.0,-0.00022125478426460177,6577,6,0.11100306361913681,-911.6947021484375,5.017391204833984,-1995.93994140625
42.12738449999597,1,18.77746829998796,19405,142092,142092,2,0,0,True,216.55523681640625,1.0,0.0,1.7868609575089067e-05,6257,6,0.11107056587934494,-911.39013671875,4.994745254516602,-1995.6083984375
42.13841110000794,1,18.788494899999932,19412,142092,142092,2,0,0,True,216.6844482421875,1.0,0.0,3.2718020520405844e-05,6042,6,0.11113807559013367,-910.98388671875,4.964637279510498,-1995.166015625
42.14955149999878,1,18.79963529999077,19430,142092,142092,2,0,0,True,216.83001708984375,1.0,0.0,-0.0002795864420477301,6053,6,0.11127309501171112,-910.3741455078125,4.9195990562438965,-1994.501953125
42.160594600005425,1,18.810678399997414,19437,142092,142092,2,0,0,True,216.91641235351562,1.0,0.0,0.0001654212683206424,6199,6,0.11136310547590256,-909.9673461914062,4.889641761779785,-1994.0589599609375
42.17150660000334,1,18.82159039999533,19447,142092,142092,2,0,0,True,216.9934539794922,1.0,0.0,0.00041910249274224043,6319,6,0.11143060773611069,-909.6621704101562,4.867227077484131,-1993.7265625
42.1825428000011,1,18.83262659999309,19462,142092,142092,2,0,0,True,217.0965576171875,1.0,0.0,-0.0004955236800014973,6331,6,0.11158812791109085,-908.94970703125,4.814979553222656,-1992.9505615234375
42.19362679999904,1,18.843710599991027,19472,142092,142092,2,0,0,True,217.19363403320312,1.0,0.0,-0.000722987693734467,6261,6,0.11165563762187958,-908.6442260742188,4.792551517486572,-1992.6177978515625
42.204547800007276,1,18.854631599999266,19480,142092,142092,2,0,0,True,217.3268280029297,1.0,0.0,-4.055608587805182e-05,6185,6,0.1117461770772934,-908.2367553710938,4.7625837326049805,-1992.174072265625
42.21576459999778,1,18.865848399989773,19497,142092,142092,2,0,0,True,217.42507934570312,1.0,0.0,-0.0003109207609668374,6188,6,0.11188211292028427,-907.5232543945312,4.70994758605957,-1991.3968505859375
42.22685160000401,1,18.876935399996,19507,142092,142092,2,0,0,True,217.51809692382812,1.0,0.0,-0.0008065087022259831,6229,6,0.11195007711648941,-907.21728515625,4.687286376953125,-1991.0635986328125
42.23780970000371,1,18.887893499995698,19515,142092,142092,2,0,0,True,217.6280517578125,1.0,0.0,-0.0004643628199119121,6276,6,0.1120406910777092,-906.8092041015625,4.65695858001709,-1990.619140625
42.24867180000001,1,18.898755599992,19522,142092,142092,2,0,0,True,217.71371459960938,1.0,0.0,0.00029291596729308367,6281,6,0.11210865527391434,-906.5030517578125,4.634109020233154,-1990.28564453125
42.259862200007774,1,18.909945999999763,19540,142092,142092,2,0,0,True,217.8299102783203,1.0,0.0,0.00047558927326463163,6264,6,0.11226724088191986,-905.7882690429688,4.58036994934082,-1989.507080078125
42.27089139999589,1,18.92097519998788,19550,142092,142092,2,0,0,True,217.9178924560547,1.0,0.0,-0.0005672720726579428,6249,6,0.11231255531311035,-905.4818115234375,4.557132244110107,-1989.17333984375
42.28189169999678,1,18.931975499988766,19557,142092,142092,2,0,0,True,218.0290069580078,1.0,0.0,-0.00026262050960212946,6252,6,0.11240311712026596,-905.0730590820312,4.525996685028076,-1988.72802734375
42.29301970000961,1,18.943103500001598,19567,142092,142092,2,0,0,True,218.119140625,1.0,0.0,0.0001233576040249318,6266,6,0.11256095767021179,-904.3572998046875,4.471211910247803,-1987.948486328125
42.30441769999743,1,18.95450149998942,19585,142092,142092,2,0,0,True,218.21327209472656,1.0,0.0,-0.0002898410602938384,6281,6,0.11262860894203186,-904.0504150390625,4.4476423263549805,-1987.6141357421875
42.31524189999618,1,18.96532569998817,19592,142092,142092,2,0,0,True,218.3315887451172,1.0,0.0,-0.00039441167609766126,6283,6,0.11271879822015762,-903.64111328125,4.416103839874268,-1987.168212890625
42.32624219999707,1,18.976325999989058,19600,142092,142092,2,0,0,True,218.4291534423828,1.0,0.0,-0.00017299146566074342,6273,6,0.11278644949197769,-903.333984375,4.392369270324707,-1986.833740234375
42.33729409999796,1,18.98737789998995,19617,142092,142092,2,0,0,True,218.54443359375,1.0,0.0,-0.00010576012573437765,6264,6,0.11294429004192352,-902.6170043945312,4.336890697479248,-1986.0526123046875
42.34843450000335,1,18.99851829999534,19627,142092,142092,2,0,0,True,218.63668823242188,1.0,0.0,-4.136135976295918e-05,6267,6,0.1129893884062767,-902.3095092773438,4.313114643096924,-1985.7177734375
42.35945669999637,1,19.00954049998836,19635,142092,142092,2,0,0,True,218.75344848632812,1.0,0.0,-0.00010024999937741086,6280,6,0.11307957768440247,-901.8994750976562,4.281435012817383,-1985.27099609375
42.37058529999922,1,19.02066909999121,19645,142092,142092,2,0,0,True,218.8470001220703,1.0,0.0,-0.00020901548850815743,6290,6,0.11314707249403,-901.591796875,4.257671356201172,-1984.935791015625
42.381692900002236,1,19.031776699994225,19662,142092,142092,2,0,0,True,218.9366912841797,1.0,0.0,-0.0003320768882986158,6292,6,0.11330418288707733,-900.87353515625,4.202163219451904,-1984.1533203125
42.39254570000048,1,19.042629499992472,19670,142092,142092,2,0,0,True,219.0384063720703,1.0,0.0,-0.000709543761331588,6287,6,0.11339395493268967,-900.4628295898438,4.170403003692627,-1983.7059326171875
42.403656000009505,1,19.053739800001495,19680,142092,142092,2,0,0,True,219.12803649902344,1.0,0.0,0.0004511845763772726,6285,6,0.11346129328012466,-900.15478515625,4.146636486053467,-1983.370361328125
42.41505870000401,1,19.065142499996,19695,142092,142092,2,0,0,True,219.24603271484375,1.0,0.0,0.00048599630827084184,6295,6,0.113618403673172,-899.4354858398438,4.091494560241699,-1982.586669921875
42.425872899999376,1,19.075956699991366,19705,142092,142092,2,0,0,True,219.34066772460938,1.0,0.0,-0.00047306076157838106,6307,6,0.1136857345700264,-899.1270751953125,4.067951202392578,-1982.250732421875
42.437028200001805,1,19.087111999993795,19712,142092,142092,2,0,0,True,219.4571990966797,1.0,0.0,2.8561753424583003e-05,6308,6,0.11377551406621933,-898.7156982421875,4.036599159240723,-1981.802490234375
42.44802520000667,1,19.098108999998658,19730,142092,142092,2,0,0,True,219.55166625976562,1.0,0.0,-0.00045263476204127073,6305,6,0.11388850957155228,-898.0982666015625,3.989781379699707,-1981.1297607421875
42.45915680000326,1,19.109240599995246,19740,142092,142092,2,0,0,True,219.6450653076172,1.0,0.0,-0.0005520047852769494,6303,6,0.1139795184135437,-897.6864624023438,3.9588143825531006,-1980.68115234375
42.47030719999748,1,19.120390999989468,19747,142092,142092,2,0,0,True,219.76486206054688,1.0,0.0,-0.0003634528547991067,6306,6,0.11407052725553513,-897.2744140625,3.9280223846435547,-1980.232177734375
42.48127899999963,1,19.13136279999162,19755,142092,142092,2,0,0,True,219.85885620117188,1.0,0.0,-7.728342461632565e-05,6311,6,0.11413878202438354,-896.9652709960938,3.9050076007843018,-1979.8953857421875
42.49255570000969,1,19.14263950000168,19772,142092,142092,2,0,0,True,219.97787475585938,1.0,0.0,0.00024081062292680144,6316,6,0.11429805308580399,-896.2435913085938,3.8514702320098877,-1979.109130859375
42.50331390000065,1,19.153397699992638,19780,142092,142092,2,0,0,True,220.0714111328125,1.0,0.0,-0.0007736424449831247,6318,6,0.114366315305233,-895.93408203125,3.828582286834717,-1978.77197265625
42.514217899995856,1,19.164301699987845,19790,142092,142092,2,0,0,True,220.1591033935547,1.0,0.0,0.00025219679810106754,6319,6,0.11443457007408142,-895.62451171875,3.805706739425659,-1978.4346923828125
42.52500979999604,1,19.17509359998803,19805,142092,142092,2,0,0,True,220.27359008789062,1.0,0.0,0.0004984185798093677,6323,6,0.11457091569900513,-894.9017944335938,3.75235915184021,-1977.6473388671875
42.5362221999967,1,19.18630599998869,19815,142092,142092,2,0,0,True,220.36669921875,1.0,0.0,-0.0007414326537400484,6327,6,0.11463813483715057,-894.5919189453125,3.7295138835906982,-1977.3096923828125
42.54723969999759,1,19.19732349998958,19822,142092,142092,2,0,0,True,220.4901885986328,1.0,0.0,-0.00036752104642800987,6337,6,0.11472776532173157,-894.1785278320312,3.6990339756011963,-1976.859375
42.55828140000813,1,19.208365200000117,19832,142092,142092,2,0,0,True,220.58863830566406,1.0,0.0,0.00010481139906914905,6339,6,0.11479499191045761,-893.868408203125,3.6760966777801514,-1976.521484375
42.569644999995944,1,19.219728799987934,19850,142092,142092,2,0,0,True,220.70501708984375,1.0,0.0,-0.0001811588736018166,6334,6,0.11495184153318405,-893.1444091796875,3.6221508979797363,-1975.732666015625
42.58050920000824,1,19.230593000000226,19857,142092,142092,2,0,0,True,220.78945922851562,1.0,0.0,-0.0008314875303767622,6330,6,0.11504147201776505,-892.7304077148438,3.591075897216797,-1975.2816162109375
42.59156729999813,1,19.241651099990122,19867,142092,142092,2,0,0,True,220.87281799316406,1.0,0.0,-0.00029422735678963363,6336,6,0.11510869860649109,-892.4198608398438,3.5676791667938232,-1974.9432373046875
42.60264399999869,1,19.25272779999068,19882,142092,142092,2,0,0,True,220.98104858398438,1.0,0.0,0.0003676468040794134,6359,6,0.11526554822921753,-891.69482421875,3.5128273963928223,-1974.1534423828125
42.61352300000726,1,19.263606799999252,19892,142092,142092,2,0,0,True,221.06979370117188,1.0,0.0,-0.00012526792124845088,6373,6,0.1153319925069809,-891.3839721679688,3.4891717433929443,-1973.814697265625
42.62473189999582,1,19.274815699987812,19900,142092,142092,2,0,0,True,221.18527221679688,1.0,0.0,6.482221942860633e-05,6365,6,0.11542036384344101,-890.9692993164062,3.457496404647827,-1973.363037109375
42.63568300000043,1,19.285766799992416,19910,142092,142092,2,0,0,True,221.27902221679688,1.0,0.0,-7.356722926488146e-05,6348,6,0.11548664420843124,-890.658203125,3.433689594268799,-1973.0240478515625
42.64672950000386,1,19.296813299995847,19925,142092,142092,2,0,0,True,221.3778533935547,1.0,0.0,-0.00011992883082712069,6342,6,0.11564130336046219,-889.9319458007812,3.378220796585083,-1972.23291015625
42.657742399998824,1,19.307826199990814,19935,142092,142092,2,0,0,True,221.49435424804688,1.0,0.0,0.00023761345073580742,6351,6,0.11570758372545242,-889.6205444335938,3.354520797729492,-1971.8935546875
42.66852829999698,1,19.318612099988968,19945,142092,142092,2,0,0,True,221.59181213378906,1.0,0.0,-0.0005137281841598451,6364,6,0.11579596251249313,-889.2051391601562,3.3229751586914062,-1971.4410400390625
42.680053300005966,1,19.330137099997955,19960,142092,142092,2,0,0,True,221.708740234375,1.0,0.0,-0.0006831864593550563,6371,6,0.11595062166452408,-888.477783203125,3.267946720123291,-1970.6485595703125
42.69108650000999,1,19.341170300001977,19970,142092,142092,2,0,0,True,221.80331420898438,1.0,0.0,-0.00016199081437662244,6369,6,0.1160174235701561,-888.1658935546875,3.24440860748291,-1970.3087158203125
42.70195899999817,1,19.35204279999016,19977,142092,142092,2,0,0,True,221.91912841796875,1.0,0.0,-0.00016885345394257456,6363,6,0.11610719561576843,-887.7498779296875,3.2130515575408936,-1969.8555908203125
42.71305910000228,1,19.363142899994273,19995,142092,142092,2,0,0,True,222.00888061523438,1.0,0.0,-0.0006005180184729397,6363,6,0.11624185740947723,-887.12548828125,3.166006565093994,-1969.17529296875
42.72434400000202,1,19.37442779999401,20002,142092,142092,2,0,0,True,222.1013946533203,1.0,0.0,0.00010755480616353452,6372,6,0.11633162200450897,-886.7090454101562,3.1346042156219482,-1968.7215576171875
42.735253699996974,1,19.385337499988964,20012,142092,142092,2,0,0,True,222.21377563476562,1.0,0.0,8.83883549249731e-05,6385,6,0.11639895290136337,-886.3966064453125,3.1109976768493652,-1968.3812255859375
42.746380199998384,1,19.396463999990374,20020,142092,142092,2,0,0,True,222.2999725341797,1.0,0.0,-0.00022946229728404433,6392,6,0.11648872494697571,-885.9798583984375,3.079399585723877,-1967.92724609375
42.75794389999646,1,19.408027699988452,20037,142092,142092,2,0,0,True,222.4100799560547,1.0,0.0,-0.00031802826561033726,6392,6,0.11662337929010391,-885.3543701171875,3.0317304134368896,-1967.245849609375
42.76915970000846,1,19.419243500000448,20047,142092,142092,2,0,0,True,222.50094604492188,1.0,0.0,0.00013975394540466368,6390,6,0.11669071018695831,-884.9371948242188,2.9998340606689453,-1966.7913818359375
42.78015980000782,1,19.430243599999812,20055,142092,142092,2,0,0,True,222.61683654785156,1.0,0.0,0.00037326698657125235,6396,6,0.1168048307299614,-884.5198974609375,2.9678657054901123,-1966.3367919921875
42.79136920000019,1,19.44145299999218,20072,142092,142092,2,0,0,True,222.7103729248047,1.0,0.0,-0.0004955198965035379,6398,6,0.11691916733980179,-883.8935546875,2.919726848602295,-1965.654541015625
42.802229200009606,1,19.452313000001595,20080,142092,142092,2,0,0,True,222.82449340820312,1.0,0.0,0.0001446647511329502,6397,6,0.11701063066720963,-883.4757690429688,2.887566566467285,-1965.199462890625
42.81315729999915,1,19.463241099991137,20087,142092,142092,2,0,0,True,222.91786193847656,1.0,0.0,-0.0003574032452888787,6396,6,0.1170792356133461,-883.1622924804688,2.8634541034698486,-1964.85791015625
42.824026300004334,1,19.474110099996324,20105,142092,142092,2,0,0,True,223.0099639892578,1.0,0.0,-0.0003100025642197579,6398,6,0.11723929643630981,-882.4306030273438,2.8073582649230957,-1964.060791015625
42.83510120000574,1,19.485184999997728,20112,142092,142092,2,0,0,True,223.12464904785156,1.0,0.0,-0.00029348733369261026,6405,6,0.11730790138244629,-882.1168212890625,2.783379077911377,-1963.718994140625
42.8458246000082,1,19.49590840000019,20122,142092,142092,2,0,0,True,223.2181854248047,1.0,0.0,-2.7076064725406468e-05,6409,6,0.11737649887800217,-881.8029174804688,2.759437084197998,-1963.3770751953125
42.85707110000658,1,19.507154899998568,20137,142092,142092,2,0,0,True,223.333251953125,1.0,0.0,0.00020127056632190943,6410,6,0.11753392964601517,-881.0701904296875,2.703754425048828,-1962.578857421875
42.868020199995954,1,19.518103999987943,20147,142092,142092,2,0,0,True,223.4224090576172,1.0,0.0,1.876642636489123e-05,6411,6,0.11760076880455017,-880.7559814453125,2.679955244064331,-1962.2366943359375
42.87892160000047,1,19.529005399992457,20155,142092,142092,2,0,0,True,223.51466369628906,1.0,0.0,-0.0002604315523058176,6412,6,0.11768989264965057,-880.3369140625,2.6482884883880615,-1961.7801513671875
42.88996909999696,1,19.54005289998895,20165,142092,142092,2,0,0,True,223.62960815429688,1.0,0.0,2.1448940970003605e-05,6416,6,0.11775673180818558,-880.0224609375,2.6245956420898438,-1961.4376220703125
42.90140000000247,1,19.551483799994458,20182,142092,142092,2,0,0,True,223.7223663330078,1.0,0.0,-0.0008711486589163542,6423,6,0.11793497204780579,-879.18359375,2.5615601539611816,-1960.523681640625
42.91247350000776,1,19.562557299999753,20190,142092,142092,2,0,0,True,223.8379669189453,1.0,0.0,-0.0005355995963327587,6427,6,0.11800181120634079,-878.8687744140625,2.5379045009613037,-1960.1806640625
42.92346190000535,1,19.57354569999734,20200,142092,142092,2,0,0,True,223.92933654785156,1.0,0.0,0.00018711188749875873,6428,6,0.11806865781545639,-878.553955078125,2.514239549636841,-1959.837646484375
42.93441719999828,1,19.58450099999027,20207,142092,142092,2,0,0,True,224.02023315429688,1.0,0.0,-0.0007085188990458846,6428,6,0.11815792322158813,-878.1339721679688,2.4826650619506836,-1959.380126953125
42.94568849999632,1,19.59577229998831,20225,142092,142092,2,0,0,True,224.13381958007812,1.0,0.0,-0.0004637506790459156,6433,6,0.1183159276843071,-877.3986206054688,2.4273135662078857,-1958.5789794921875
42.95670360000804,1,19.60678740000003,20235,142092,142092,2,0,0,True,224.22120666503906,1.0,0.0,0.0006509672966785729,6438,6,0.11838364601135254,-877.0833129882812,2.4035205841064453,-1958.2354736328125
42.96769649999624,1,19.617780299988226,20245,142092,142092,2,0,0,True,224.33004760742188,1.0,0.0,0.00031247304286807775,6443,6,0.11847393214702606,-876.6627197265625,2.3717291355133057,-1957.77734375
42.978536800001166,1,19.628620599993155,20260,142092,142092,2,0,0,True,224.41844177246094,1.0,0.0,-6.377152749337256e-05,6445,6,0.11860936880111694,-876.0315551757812,2.323986291885376,-1957.0897216796875
42.989563000010094,1,19.639646800002083,20267,142092,142092,2,0,0,True,224.53831481933594,1.0,0.0,7.398419256787747e-05,6447,6,0.11869965493679047,-875.610595703125,2.292168617248535,-1956.631103515625
43.000788999997894,1,19.650872799989884,20277,142092,142092,2,0,0,True,224.63232421875,1.0,0.0,-0.00040667946450412273,6449,6,0.11876737326383591,-875.2947387695312,2.2682952880859375,-1956.2869873046875
43.01195120000921,1,19.662035000001197,20292,142092,142092,2,0,0,True,224.75001525878906,1.0,0.0,-0.00027262643561698496,6449,6,0.11892559379339218,-874.5573120117188,2.212519884109497,-1955.483642578125
43.02312150000944,1,19.673205300001428,20302,142092,142092,2,0,0,True,224.8443603515625,1.0,0.0,0.00031041624606586993,6448,6,0.11899356544017792,-874.2411499023438,2.188622236251831,-1955.1392822265625
43.03410050000821,1,19.684184300000197,20310,142092,142092,2,0,0,True,224.9361572265625,1.0,0.0,3.603602817747742e-05,6452,6,0.1190841943025589,-873.8193969726562,2.156766414642334,-1954.6798095703125
43.04514339999878,1,19.695227199990768,20317,142092,142092,2,0,0,True,225.0495147705078,1.0,0.0,-0.00016508839325979352,6457,6,0.11915217339992523,-873.5029296875,2.13285231590271,-1954.335205078125
43.05636909999885,1,19.706452899990836,20335,142092,142092,2,0,0,True,225.132080078125,1.0,0.0,-0.0010334498947486281,6460,6,0.11931077390909195,-872.7642211914062,2.07686448097229,-1953.530517578125
43.06732240000565,1,19.71740619999764,20345,142092,142092,2,0,0,True,225.24349975585938,1.0,0.0,0.00018782382539939135,6466,6,0.11937875300645828,-872.4474487304688,2.0528080463409424,-1953.185546875
43.078317200008314,1,19.728401000000304,20355,142092,142092,2,0,0,True,225.33425903320312,1.0,0.0,0.000452013046015054,6472,6,0.11946938186883926,-872.0249633789062,2.0206947326660156,-1952.725341796875
43.089434900000924,1,19.739518699992914,20370,142092,142092,2,0,0,True,225.4207000732422,1.0,0.0,-0.000509635719936341,6479,6,0.11962764710187912,-871.28515625,1.9642152786254883,-1951.919677734375
43.10056180000538,1,19.75064559999737,20380,142092,142092,2,0,0,True,225.53700256347656,1.0,0.0,-0.00020266274805180728,6478,6,0.11969493329524994,-870.9679565429688,1.9398880004882812,-1951.57421875
43.11146890000964,1,19.76155270000163,20387,142092,142092,2,0,0,True,225.62974548339844,1.0,0.0,0.0003197589539922774,6473,6,0.1197846531867981,-870.5448608398438,1.9074124097824097,-1951.1134033203125
43.12257540000428,1,19.77265919999627,20395,142092,142092,2,0,0,True,225.74639892578125,1.0,0.0,0.0004933583550155163,6476,6,0.11985193938016891,-870.2274169921875,1.883028507232666,-1950.7677001953125
43.13488630000211,1,19.784970099994098,20412,142092,142092,2,0,0,True,225.83790588378906,1.0,0.0,2.2259850084083155e-05,6480,6,0.12000894546508789,-869.486328125,1.825904130935669,-1949.960693359375
43.145680400004494,1,19.795764199996484,20422,142092,142092,2,0,0,True,225.94607543945312,1.0,0.0,-5.7733370340429246e-05,6484,6,0.12007623165845871,-869.1685791015625,1.8013521432876587,-1949.6146240234375
43.15674750000471,1,19.806831299996702,20430,142092,142092,2,0,0,True,226.03089904785156,1.0,0.0,-0.0001331475650658831,6486,6,0.12016595155000687,-868.7447509765625,1.7685763835906982,-1949.153076171875
43.167909099996905,1,19.817992899988894,20447,142092,142092,2,0,0,True,226.14230346679688,1.0,0.0,8.213446562876925e-05,6491,6,0.12032303959131241,-868.002685546875,1.7112318277359009,-1948.344970703125
43.17882630000531,1,19.8289100999973,20457,142092,142092,2,0,0,True,226.2314453125,1.0,0.0,-5.7828576245810837e-05,6494,6,0.12039080262184143,-867.6844482421875,1.6866768598556519,-1947.99853515625
43.1897278999968,1,19.839811699988786,20465,142092,142092,2,0,0,True,226.341064453125,1.0,0.0,0.00017221264715772122,6496,6,0.12048115581274033,-867.2600708007812,1.653968095779419,-1947.536376953125
43.20091179999872,1,19.85099559999071,20482,142092,142092,2,0,0,True,226.42562866210938,1.0,0.0,-0.00015391036868095398,6496,6,0.12061668932437897,-866.6231689453125,1.6050058603286743,-1946.8426513671875
43.21220219999668,1,19.86228599998867,20490,142092,142092,2,0,0,True,226.53887939453125,1.0,0.0,-0.00017405030666850507,6499,6,0.12070704251527786,-866.1983032226562,1.572564959526062,-1946.380126953125
43.22295570001006,1,19.87303950000205,20500,142092,142092,2,0,0,True,226.63026428222656,1.0,0.0,0.000279488624073565,6504,6,0.12077481299638748,-865.8795776367188,1.5483756065368652,-1946.032958984375
43.23417940000945,1,19.884263200001442,20507,142092,142092,2,0,0,True,226.72349548339844,1.0,0.0,0.0003710207820404321,6509,6,0.12086516618728638,-865.4544677734375,1.5162715911865234,-1945.5699462890625
43.245011100007105,1,19.895094899999094,20525,142092,142092,2,0,0,True,226.8368682861328,1.0,0.0,0.00034254713682457805,6511,6,0.12100069224834442,-864.8164672851562,1.4683729410171509,-1944.8751220703125
43.25573950000398,1,19.905823299995973,20535,142092,142092,2,0,0,True,226.9267120361328,1.0,0.0,-0.00014787264808546752,6511,6,0.12109099328517914,-864.390869140625,1.4366486072540283,-1944.4117431640625
43.26693230000092,1,19.917016099992907,20542,142092,142092,2,0,0,True,227.01722717285156,1.0,0.0,-0.00034568217233754694,6511,6,0.12118126451969147,-863.965087890625,1.4051220417022705,-1943.9481201171875
43.27799440000672,1,19.92807819999871,20550,142092,142092,2,0,0,True,227.1312713623047,1.0,0.0,9.215880709234625e-05,6514,6,0.12124897539615631,-863.6456909179688,1.3815841674804688,-1943.6002197265625
43.2893308000057,1,19.93941459999769,20567,142092,142092,2,0,0,True,227.22283935546875,1.0,0.0,0.0005574049428105354,6518,6,0.12140694260597229,-862.89990234375,1.3269284963607788,-1942.7882080078125
43.30060980000417,1,19.950693599996157,20577,142092,142092,2,0,0,True,227.33441162109375,1.0,0.0,-0.0005309217958711088,6523,6,0.12147465348243713,-862.5801391601562,1.3035690784454346,-1942.43994140625
43.31163480000396,1,19.961718599995947,20585,142092,142092,2,0,0,True,227.42515563964844,1.0,0.0,-0.0005576239782385528,6525,6,0.12156492471694946,-862.1536254882812,1.2724616527557373,-1941.9755859375
43.322678800002905,1,19.972762599994894,20602,142092,142092,2,0,0,True,227.53675842285156,1.0,0.0,0.00095991266425699,6528,6,0.12170033156871796,-861.5135498046875,1.225844144821167,-1941.278564453125
43.333694200002356,1,19.983777999994345,20612,142092,142092,2,0,0,True,227.62767028808594,1.0,0.0,0.0006234728498384356,6532,6,0.12179050594568253,-861.0866088867188,1.1947426795959473,-1940.813720703125
43.34464969999681,1,19.994733499988797,20620,142092,142092,2,0,0,True,227.73944091796875,1.0,0.0,-0.0003370173799339682,6536,6,0.12188053876161575,-860.6594848632812,1.1635775566101074,-1940.3486328125
43.35550869999861,1,20.0055924999906,20637,142092,142092,2,0,0,True,227.82525634765625,1.0,0.0,-0.00044599443208426237,6537,6,0.1220155879855156,-860.0184936523438,1.1166632175445557,-1939.6507568359375
43.36669690000417,1,20.01678069999616,20645,142092,142092,2,0,0,True,227.9143524169922,1.0,0.0,0.0006397690158337355,6541,6,0.12210562080144882,-859.5909423828125,1.0852820873260498,-1939.1851806640625
43.37836299999617,1,20.02844679998816,20652,142092,142092,2,0,0,True,228.0190887451172,1.0,0.0,0.00027654244331642985,6543,6,0.12217314541339874,-859.2702026367188,1.0616921186447144,-1938.8359375
43.3894147999963,1,20.039498599988292,20670,142092,142092,2,0,0,True,228.1072540283203,1.0,0.0,-0.00021752102475147694,6549,6,0.1223532110452652,-858.5214233398438,1.0065456628799438,-1938.020751953125
43.40055140000186,1,20.05063519999385,20680,142092,142092,2,0,0,True,228.2172088623047,1.0,0.0,-0.00011178361455677077,6551,6,0.12242073565721512,-858.2003173828125,0.9828703999519348,-1937.671142578125
43.411336600009236,1,20.061420400001225,20690,142092,142092,2,0,0,True,228.30325317382812,1.0,0.0,0.00014627166092395782,6552,6,0.12251082062721252,-857.7720947265625,0.9512990117073059,-1937.204833984375
43.42265849999967,1,20.07274229999166,20697,142092,142092,2,0,0,True,228.41050720214844,1.0,0.0,-0.00011930690379813313,6551,6,0.1226009950041771,-857.34375,0.9197466969490051,-1936.7384033203125
43.43370110000251,1,20.083784899994498,20715,142092,142092,2,0,0,True,228.50189208984375,1.0,0.0,-2.6060195523314178e-05,6554,6,0.12273626774549484,-856.7008666992188,0.8726183772087097,-1936.0384521484375
43.44469600000593,1,20.094779799997923,20722,142092,142092,2,0,0,True,228.6151885986328,1.0,0.0,0.0001861685886979103,6559,6,0.12282644957304001,-856.2720336914062,0.8413538932800293,-1935.571533203125
43.455758299998706,1,20.105842099990696,20732,142092,142092,2,0,0,True,228.70681762695312,1.0,0.0,-0.0002055944933090359,6563,6,0.12289407849311829,-855.9503173828125,0.8179610371589661,-1935.2213134765625
43.46689080000215,1,20.116974599994137,20740,142092,142092,2,0,0,True,228.7953338623047,1.0,0.0,0.00044504451216198504,6564,6,0.12298426032066345,-855.5211791992188,0.78681880235672,-1934.754150390625
43.47791290000896,1,20.12799670000095,20757,142092,142092,2,0,0,True,228.90249633789062,1.0,0.0,0.00045182075700722635,6564,6,0.1231420710682869,-854.769775390625,0.7325394749641418,-1933.93603515625
43.48890730000858,1,20.138991100000567,20767,142092,142092,2,0,0,True,228.9869384765625,1.0,0.0,0.00030195838189683855,6565,6,0.12320972234010696,-854.4476318359375,0.709367573261261,-1933.5853271484375
43.49991120000777,1,20.149994999999763,20775,142092,142092,2,0,0,True,229.09632873535156,1.0,0.0,-0.0004263937007635832,6570,6,0.1232999935746193,-854.0178833007812,0.6785508990287781,-1933.117431640625
43.510926700007985,1,20.161010499999975,20782,142092,142092,2,0,0,True,229.1820831298828,1.0,0.0,0.0002532252110540867,6577,6,0.12336769700050354,-853.6954956054688,0.6554856896400452,-1932.7664794921875
43.52247609999904,1,20.17255989999103,20800,142092,142092,2,0,0,True,229.29002380371094,1.0,0.0,6.551005208166316e-05,6581,6,0.12352567166090012,-852.94287109375,0.6017524003982544,-1931.947021484375
43.533173700008774,1,20.183257500000764,20810,142092,142092,2,0,0,True,229.38250732421875,1.0,0.0,-0.0006378461257554591,6581,6,0.12359338253736496,-852.6201782226562,0.5787816643714905,-1931.595703125
43.544238100002985,1,20.194321899994975,20820,142092,142092,2,0,0,True,229.47059631347656,1.0,0.0,-0.0002601238084025681,6582,6,0.12368365377187729,-852.1898193359375,0.548219621181488,-1931.1270751953125
43.55529910000041,1,20.2053828999924,20835,142092,142092,2,0,0,True,229.58567810058594,1.0,0.0,-0.00010633836063789204,6584,6,0.12386419624090195,-851.4362182617188,0.49478623270988464,-1930.3065185546875
43.56652120000217,1,20.21660499999416,20845,142092,142092,2,0,0,True,229.674560546875,1.0,0.0,0.0002967338659800589,6585,6,0.1239318922162056,-851.113037109375,0.47189193964004517,-1929.9547119140625
43.57764250000764,1,20.22772629999963,20852,142092,142092,2,0,0,True,229.7811279296875,1.0,0.0,-0.00023715183488093317,6591,6,0.12402204424142838,-850.6820678710938,0.4413372278213501,-1929.4854736328125
43.588482499995735,1,20.238566299987724,20860,142092,142092,2,0,0,True,229.86203002929688,1.0,0.0,-0.00028311597998254,6594,6,0.12408966571092606,-850.3587036132812,0.41838526725769043,-1929.1334228515625
43.599956699996255,1,20.250040499988245,20880,142092,142092,2,0,0,True,229.96328735351562,1.0,0.0,0.00031037762528285384,6599,6,0.12424743920564651,-849.6038818359375,0.364705353975296,-1928.3115234375
43.61111250000249,1,20.26119629999448,20887,142092,142092,2,0,0,True,230.0498504638672,1.0,0.0,0.0004380836908239871,6606,6,0.1243375912308693,-849.1723022460938,0.33399710059165955,-1927.8416748046875
43.62206090000109,1,20.272144699993078,20897,142092,142092,2,0,0,True,230.15423583984375,1.0,0.0,-0.0003067611833103001,6609,6,0.12440521270036697,-848.8485107421875,0.3109292984008789,-1927.4891357421875
43.63320090000343,1,20.28328469999542,20912,142092,142092,2,0,0,True,230.24179077148438,1.0,0.0,-0.0002481273259036243,6607,6,0.12456298619508743,-848.0926513671875,0.25705310702323914,-1926.6663818359375
43.644254400001955,1,20.294338199993945,20922,142092,142092,2,0,0,True,230.33071899414062,1.0,0.0,0.00037271346081979573,6604,6,0.12463060021400452,-847.7686157226562,0.23400960862636566,-1926.3134765625
43.655426900004386,1,20.305510699996375,20930,142092,142092,2,0,0,True,230.44029235839844,1.0,0.0,-0.00032858393387869,6607,6,0.12472047656774521,-847.3363037109375,0.20336896181106567,-1925.8428955078125
43.666568900007405,1,20.316652699999395,20940,142092,142092,2,0,0,True,230.52743530273438,1.0,0.0,-0.00013749688514508307,6611,6,0.1247878447175026,-847.0120239257812,0.18044592440128326,-1925.4898681640625
43.67762620000576,1,20.32770999999775,20957,142092,142092,2,0,0,True,230.63818359375,1.0,0.0,-0.0004895907477475703,6617,6,0.12498995661735535,-846.146728515625,0.11959189921617508,-1924.5478515625
43.68851760000689,1,20.33860139999888,20965,142092,142092,2,0,0,True,230.72457885742188,1.0,0.0,-3.894948895322159e-05,6619,6,0.12505732476711273,-845.8220825195312,0.09687279164791107,-1924.1944580078125
43.699457000009716,1,20.349540800001705,20975,142092,142092,2,0,0,True,230.83106994628906,1.0,0.0,0.00024432758800685406,6619,6,0.1251247078180313,-845.497314453125,0.07419542223215103,-1923.8409423828125
43.71065459999954,1,20.360738399991533,20990,142092,142092,2,0,0,True,230.91590881347656,1.0,0.0,3.790723712882027e-05,6619,6,0.1252819001674652,-844.7391967773438,0.021453235298395157,-1923.015625
43.721738100008224,1,20.371821900000214,21000,142092,142092,2,0,0,True,231.00335693359375,1.0,0.0,0.000250160665018484,6623,6,0.1253492683172226,-844.4141235351562,-0.001072799088433385,-1922.661865234375
43.7327449000004,1,20.382828699992388,21010,142092,142092,2,0,0,True,231.11083984375,1.0,0.0,0.0007634637877345085,6629,6,0.12543977797031403,-843.9805297851562,-0.031078385189175606,-1922.1898193359375
43.74349780000921,1,20.3935816000012,21017,142092,142092,2,0,0,True,231.19740295410156,1.0,0.0,-0.00027874051011167467,6632,6,0.12553037703037262,-843.5468139648438,-0.06108945235610008,-1921.7177734375
43.754931700008456,1,20.405015500000445,21035,142092,142092,2,0,0,True,231.3054656982422,1.0,0.0,-0.0004896757891401649,6634,6,0.12568892538547516,-842.787353515625,-0.11365831643342972,-1920.89111328125
43.76612470000691,1,20.416208499998902,21042,142092,142092,2,0,0,True,231.39076232910156,1.0,0.0,0.00064861960709095,6636,6,0.1257568597793579,-842.4617309570312,-0.136227548122406,-1920.53662109375
43.77729189999809,1,20.42737569999008,21052,142092,142092,2,0,0,True,231.49920654296875,1.0,0.0,0.00034962259815074503,6640,6,0.1258474588394165,-842.1360473632812,-0.15883769094944,-1920.18212890625
43.78835709999839,1,20.438440899990383,21070,142092,142092,2,0,0,True,231.5825958251953,1.0,0.0,-0.0005396591732278466,6643,6,0.12600600719451904,-841.375732421875,-0.21182042360305786,-1919.3543701171875
43.79943500000809,1,20.449518800000078,21080,142092,142092,2,0,0,True,231.66627502441406,1.0,0.0,-0.0005445805727504194,6646,6,0.12609654664993286,-840.9410400390625,-0.24224965274333954,-1918.8812255859375
43.810535299999174,1,20.460619099991163,21087,142092,142092,2,0,0,True,231.76840209960938,1.0,0.0,0.0005730147240683436,6649,6,0.12618663907051086,-840.5061645507812,-0.2727687954902649,-1918.4078369140625
43.82151680000243,1,20.471600599994417,21095,142092,142092,2,0,0,True,231.85372924804688,1.0,0.0,0.0004122962709516287,6651,6,0.12625420093536377,-840.179931640625,-0.2957124710083008,-1918.052734375
43.832442300001276,1,20.482526099993265,21112,142092,142092,2,0,0,True,231.95489501953125,1.0,0.0,0.0001881374337244779,6654,6,0.12641187012195587,-839.4183959960938,-0.34933969378471375,-1917.2237548828125
43.84362120000878,1,20.493705000000773,21122,142092,142092,2,0,0,True,232.02951049804688,1.0,0.0,-0.00016444030916318297,6656,6,0.12647943198680878,-839.0918579101562,-0.37236288189888,-1916.868408203125
43.854678200004855,1,20.504761999996845,21130,142092,142092,2,0,0,True,232.1329803466797,1.0,0.0,-0.00018329056911170483,6656,6,0.12656952440738678,-838.6563720703125,-0.4029856324195862,-1916.394287109375
43.865875999996206,1,20.515959799988195,21147,142092,142092,2,0,0,True,232.22036743164062,1.0,0.0,-0.0001496066543040797,6660,6,0.12674970924854279,-837.893798828125,-0.4561716914176941,-1915.5643310546875
43.876928199999384,1,20.527011999991373,21157,142092,142092,2,0,0,True,232.30255126953125,1.0,0.0,0.00022280510165728629,6665,6,0.12681721150875092,-837.5668334960938,-0.478810578584671,-1915.20849609375
43.88779770000838,1,20.537881500000367,21165,142092,142092,2,0,0,True,232.40699768066406,1.0,0.0,0.000553432444576174,6668,6,0.12690679728984833,-837.1307373046875,-0.5088416337966919,-1914.73388671875
43.89892580000742,1,20.54900959999941,21175,142092,142092,2,0,0,True,232.49203491210938,1.0,0.0,0.00010703745647333562,6670,6,0.1269739866256714,-836.8035278320312,-0.5311864018440247,-1914.3778076171875
43.91013760000351,1,20.5602213999955,21192,142092,142092,2,0,0,True,232.5966033935547,1.0,0.0,0.0004230194608680904,6672,6,0.12713076174259186,-836.0397338867188,-0.5826244950294495,-1913.5465087890625
43.92101309999998,1,20.57109689999197,21200,142092,142092,2,0,0,True,232.681884765625,1.0,0.0,-0.0003179782070219517,6672,6,0.12722034752368927,-835.60302734375,-0.6116338968276978,-1913.0712890625
43.932122700003674,1,20.582206499995664,21210,142092,142092,2,0,0,True,232.7888946533203,1.0,0.0,-5.4975898819975555e-06,6675,6,0.12730993330478668,-835.275390625,-0.6332035660743713,-1912.7147216796875
43.94313949999923,1,20.593223299991223,21217,142092,142092,2,0,0,True,232.8742218017578,1.0,0.0,0.00017665265477262437,6678,6,0.1273995190858841,-834.83837890625,-0.6617300510406494,-1912.2392578125
43.95423060000758,1,20.604314399999566,21227,142092,142092,2,0,0,True,232.96173095703125,1.0,0.0,-0.00012308252917136997,6680,6,0.12746670842170715,-834.510498046875,-0.6829634308815002,-1911.8824462890625
43.96523810000508,1,20.61532189999707,21245,142092,142092,2,0,0,True,233.06590270996094,1.0,0.0,-0.00042608389048837125,6682,6,0.1276477575302124,-833.6356811523438,-0.739048182964325,-1910.9305419921875
43.976338100008434,1,20.626421900000423,21252,142092,142092,2,0,0,True,233.14959716796875,1.0,0.0,0.0007394520216621459,6684,6,0.12771597504615784,-833.3074340820312,-0.7599292397499084,-1910.5733642578125
43.987538800007314,1,20.637622599999304,21262,142092,142092,2,0,0,True,233.2523956298828,1.0,0.0,0.0005564488237723708,6686,6,0.12778419256210327,-832.9791259765625,-0.7807449698448181,-1910.2161865234375
43.99855820000812,1,20.64864200000011,21280,142092,142092,2,0,0,True,233.33705139160156,1.0,0.0,-0.00033578352304175496,6691,6,0.12794338166713715,-832.2127075195312,-0.8291097283363342,-1909.3822021484375
44.009754200000316,1,20.659837999992305,21290,142092,142092,2,0,0,True,233.4434814453125,1.0,0.0,-0.000534554070327431,6697,6,0.1280343383550644,-831.7745361328125,-0.8567138910293579,-1908.9053955078125
44.02066300000297,1,20.67074679999496,21297,142092,142092,2,0,0,True,233.52615356445312,1.0,0.0,0.000587110873311758,6699,6,0.12814803421497345,-831.3362426757812,-0.8843517899513245,-1908.428466796875
44.03168430000369,1,20.68176809999568,21307,142092,142092,2,0,0,True,233.60879516601562,1.0,0.0,0.000755170127376914,6698,6,0.12821625173091888,-831.0073852539062,-0.9051016569137573,-1908.0706787109375
44.042721500009065,1,20.692805300001055,21325,142092,142092,2,0,0,True,233.712646484375,1.0,0.0,-0.0004721341538242996,6699,6,0.12837372720241547,-830.2396850585938,-0.9535614252090454,-1907.2353515625
44.05399349999789,1,20.704077299989876,21332,142092,142092,2,0,0,True,233.7960662841797,1.0,0.0,-0.0005057819071225822,6703,6,0.12846344709396362,-829.8008422851562,-0.981299638748169,-1906.7578125
44.06506000000809,1,20.715143800000078,21342,142092,142092,2,0,0,True,233.8998260498047,1.0,0.0,0.0006526527577079833,6709,6,0.12853074073791504,-829.4715576171875,-1.0021495819091797,-1906.3995361328125
44.07597170000372,1,20.72605549999571,21350,142092,142092,2,0,0,True,233.9817352294922,1.0,0.0,0.0007328572100959718,6710,6,0.1286204606294632,-829.0324096679688,-1.030012607574463,-1905.9217529296875
44.08670630000415,1,20.736790099996142,21360,142092,142092,2,0,0,True,234.0644073486328,1.0,0.0,-0.0005859597004018724,6711,6,0.12871018052101135,-828.7029418945312,-1.0509482622146606,-1905.563232421875
44.09781170000497,1,20.747895499996957,21377,142092,142092,2,0,0,True,234.16421508789062,1.0,0.0,-0.00013212185876909643,6712,6,0.12888963520526886,-827.8239135742188,-1.1069238185882568,-1904.60693359375
44.10891120000451,1,20.758994999996503,21385,142092,142092,2,0,0,True,234.24380493164062,1.0,0.0,0.000566521193832159,6715,6,0.12895691394805908,-827.494140625,-1.1279594898223877,-1904.248046875
44.1199220999988,1,20.770005899990792,21395,142092,142092,2,0,0,True,234.3441925048828,1.0,0.0,0.000530372082721442,6719,6,0.1290244609117508,-827.1642456054688,-1.149003505706787,-1903.88916015625
44.13147449999815,1,20.781558299990138,21412,142092,142092,2,0,0,True,234.4254150390625,1.0,0.0,-0.00016705578309483826,6723,6,0.12918217480182648,-826.3942260742188,-1.1981019973754883,-1903.0513916015625
44.14255060000869,1,20.79263440000068,21422,142092,142092,2,0,0,True,234.52761840820312,1.0,0.0,-0.0001200217375298962,6725,6,0.12929482758045197,-825.9539794921875,-1.2261476516723633,-1902.5723876953125
44.153576800003066,1,20.803660599995055,21430,142092,142092,2,0,0,True,234.6109161376953,1.0,0.0,-1.2698366845143028e-05,6725,6,0.12938494980335236,-825.5135498046875,-1.2541381120681763,-1902.09326171875
44.164976700005354,1,20.815060499997344,21440,142092,142092,2,0,0,True,234.7134246826172,1.0,0.0,-2.4226377718150616e-05,6727,6,0.12945254147052765,-825.1831665039062,-1.2750972509384155,-1901.73388671875
44.17593749999651,1,20.826021299988497,21457,142092,142092,2,0,0,True,234.794189453125,1.0,0.0,0.00017026648856699467,6730,6,0.12961025536060333,-824.411865234375,-1.3238956928253174,-1900.894775390625
44.18690760000027,1,20.836991399992257,21465,142092,142092,2,0,0,True,234.89137268066406,1.0,0.0,0.00014063056732993573,6733,6,0.1297004520893097,-823.970947265625,-1.3516994714736938,-1900.4150390625
44.197954999996,1,20.84803879998799,21475,142092,142092,2,0,0,True,234.97085571289062,1.0,0.0,0.00030233850702643394,6736,6,0.129768505692482,-823.64013671875,-1.3724886178970337,-1900.05517578125
44.209238900002674,1,20.859322699994664,21482,142092,142092,2,0,0,True,235.05555725097656,1.0,0.0,0.0002200212184106931,6739,6,0.12988193333148956,-823.1989135742188,-1.4001400470733643,-1899.5750732421875
44.22005400000489,1,20.870137799996883,21500,142092,142092,2,0,0,True,235.16311645507812,1.0,0.0,0.0003113853163085878,6743,6,0.1300407201051712,-822.4263916015625,-1.4483978748321533,-1898.7347412109375
44.23120019999624,1,20.881283999988227,21510,142092,142092,2,0,0,True,235.24559020996094,1.0,0.0,-0.0002709788968786597,6744,6,0.1301087737083435,-822.0951538085938,-1.4690868854522705,-1898.3743896484375
44.242215200007195,1,20.892298999999184,21517,142092,142092,2,0,0,True,235.34349060058594,1.0,0.0,0.00012893516395706683,6743,6,0.13019950687885284,-821.6533813476562,-1.4966838359832764,-1897.893798828125
44.25345489999745,1,20.90353869998944,21527,142092,142092,2,0,0,True,235.42266845703125,1.0,0.0,-1.8380589608568698e-05,6744,6,0.13026756048202515,-821.3218994140625,-1.517372488975525,-1897.5333251953125
44.26444710000942,1,20.91453090000141,21545,142092,142092,2,0,0,True,235.5014190673828,1.0,0.0,0.0006246409029699862,6750,6,0.13044829666614532,-820.5481567382812,-1.5655680894851685,-1896.691650390625
44.2755227000016,1,20.92560649999359,21555,142092,142092,2,0,0,True,235.59796142578125,1.0,0.0,-0.00011647417704807594,6760,6,0.13053706288337708,-820.1058349609375,-1.5931601524353027,-1896.2105712890625
44.28651279999758,1,20.93659659998957,21562,142092,142092,2,0,0,True,235.6739044189453,1.0,0.0,-0.00017710044630803168,6761,6,0.13062582910060883,-819.6633911132812,-1.62079918384552,-1895.729248046875
44.2976442000072,1,20.947727999999188,21572,142092,142092,2,0,0,True,235.77340698242188,1.0,0.0,0.0003456139820627868,6759,6,0.13069240748882294,-819.3314208984375,-1.6415200233459473,-1895.3682861328125
44.308516999997664,1,20.958600799989654,21587,142092,142092,2,0,0,True,235.85556030273438,1.0,0.0,-0.004981103353202343,6760,6,0.13086993992328644,-818.5564575195312,-1.6897472143173218,-1894.525390625
44.31987950000621,1,20.9699632999982,21597,142092,142092,2,0,0,True,235.95928955078125,1.0,0.0,-0.0020793427247554064,6763,6,0.13093650341033936,-818.2242431640625,-1.7103625535964966,-1894.1640625
44.330650700008846,1,20.980734500000835,21607,142092,142092,2,0,0,True,236.0393524169922,1.0,0.0,-0.017066914588212967,6766,6,0.1310252696275711,-817.7810668945312,-1.7377983331680298,-1893.68212890625
44.34185080000316,1,20.991934599995147,21615,142092,142092,2,0,0,True,236.1195068359375,1.0,0.0,-0.01759929209947586,6768,6,0.13111403584480286,-817.3377075195312,-1.7651726007461548,-1893.2000732421875
44.35297629999695,1,21.003060099988943,21632,142092,142092,2,0,0,True,236.21629333496094,1.0,0.0,-0.02354072779417038,6770,6,0.13129688799381256,-816.5613403320312,-1.812842845916748,-1892.356201171875
44.363984399999026,1,21.014068199991016,21642,142092,142092,2,0,0,True,236.29714965820312,1.0,0.0,-0.019386742264032364,6772,6,0.1313655972480774,-816.2283325195312,-1.833175778388977,-1891.994384765625
44.375089299996034,1,21.025173099988024,21650,142092,142092,2,0,0,True,236.39105224609375,1.0,0.0,-0.020557820796966553,6774,6,0.13145719468593597,-815.7841796875,-1.8602179288864136,-1891.5120849609375
44.386272899995674,1,21.036356699987664,21667,142092,142092,2,0,0,True,236.47021484375,1.0,0.0,-0.02146969549357891,6776,6,0.1316175013780594,-815.0061645507812,-1.9073618650436401,-1890.667724609375
44.39753990000463,1,21.04762369999662,21677,142092,142092,2,0,0,True,236.56346130371094,1.0,0.0,-0.018479064106941223,6780,6,0.13168621063232422,-814.6724853515625,-1.9274559020996094,-1890.305908203125
44.408675700004096,1,21.058759499996086,21687,142092,142092,2,0,0,True,236.63973999023438,1.0,0.0,-0.016260620206594467,6783,6,0.1317778080701828,-814.227294921875,-1.9541383981704712,-1889.8233642578125
44.41971000000194,1,21.06979379999393,21695,142092,142092,2,0,0,True,236.7400665283203,1.0,0.0,-0.021837517619132996,6787,6,0.1318691521883011,-813.7817993164062,-1.9806839227676392,-1889.3408203125
44.430812999999034,1,21.080896799991024,21702,142092,142092,2,0,0,True,236.81906127929688,1.0,0.0,-0.023315202444791794,6790,6,0.1319587379693985,-813.447509765625,-2.000499963760376,-1888.97900390625
44.441930000000866,1,21.092013799992856,21722,142092,142092,2,0,0,True,236.89329528808594,1.0,0.0,-0.025135591626167297,6790,6,0.13211549818515778,-812.6666870117188,-2.0464744567871094,-1888.1346435546875
44.45307030000549,1,21.103154099997482,21730,142092,142092,2,0,0,True,236.99237060546875,1.0,0.0,-0.02375621907413006,6791,6,0.1322050839662552,-812.219970703125,-2.072561740875244,-1887.652099609375
44.46399289999681,1,21.1140766999888,21740,142092,142092,2,0,0,True,237.07261657714844,1.0,0.0,-0.022145353257656097,6795,6,0.13227227330207825,-811.8847045898438,-2.0920088291168213,-1887.290283203125
44.475182800000766,1,21.125266599992756,21757,142092,142092,2,0,0,True,237.1740264892578,1.0,0.0,-0.025746729224920273,6799,6,0.13245142996311188,-811.1014404296875,-2.1371657848358154,-1886.4462890625
44.486315200003446,1,21.136398999995436,21767,142092,142092,2,0,0,True,237.25428771972656,1.0,0.0,-0.026804964989423752,6801,6,0.1325410157442093,-810.6533203125,-2.1629183292388916,-1885.964111328125
44.497226799998316,1,21.147310599990305,21775,142092,142092,2,0,0,True,237.35107421875,1.0,0.0,-0.028512975201010704,6802,6,0.13263103365898132,-810.2047729492188,-2.188661813735962,-1885.4820556640625
44.50826299999608,1,21.158346799988067,21785,142092,142092,2,0,0,True,237.42715454101562,1.0,0.0,-0.026469925418496132,6804,6,0.13272133469581604,-809.8680419921875,-2.2079873085021973,-1885.1204833984375
44.51936900000146,1,21.16945279999345,21795,142092,142092,2,0,0,True,237.49853515625,1.0,0.0,-0.026371074840426445,6806,6,0.13281163573265076,-809.418701171875,-2.233839988708496,-1884.638671875
44.53045540000312,1,21.18053919999511,21810,142092,142092,2,0,0,True,237.5863494873047,1.0,0.0,-0.022752469405531883,6814,6,0.13296964764595032,-808.6311645507812,-2.2793657779693604,-1883.7957763671875
44.5417790000065,1,21.19186279999849,21820,142092,142092,2,0,0,True,237.65528869628906,1.0,0.0,-0.019859233871102333,6821,6,0.13303737342357635,-808.293212890625,-2.299018621444702,-1883.4346923828125
44.55297469999641,1,21.2030584999884,21827,142092,142092,2,0,0,True,237.7489471435547,1.0,0.0,-0.022571811452507973,6825,6,0.13312765955924988,-807.8422241210938,-2.3253374099731445,-1882.9534912109375
44.563881399997626,1,21.213965199989616,21837,142092,142092,2,0,0,True,237.82249450683594,1.0,0.0,-0.024075081571936607,6824,6,0.1332179605960846,-807.5036010742188,-2.345154047012329,-1882.5926513671875
44.57490200000757,1,21.22498579999956,21855,142092,142092,2,0,0,True,237.9193115234375,1.0,0.0,-0.02553604543209076,6822,6,0.1333988904953003,-806.5992431640625,-2.3983261585235596,-1881.631103515625
44.586017000008724,1,21.236100800000713,21865,142092,142092,2,0,0,True,237.99380493164062,1.0,0.0,-0.028509534895420074,6820,6,0.13346683979034424,-806.259521484375,-2.4183647632598877,-1881.270751953125
44.59687730000587,1,21.24696109999786,21875,142092,142092,2,0,0,True,238.08596801757812,1.0,0.0,-0.024648239836096764,6823,6,0.13355743885040283,-805.8060302734375,-2.4451255798339844,-1880.7906494140625
44.60805439999967,1,21.258138199991663,21882,142092,142092,2,0,0,True,238.1573028564453,1.0,0.0,-0.029979268088936806,6828,6,0.13367067277431488,-805.3519287109375,-2.471932888031006,-1880.3106689453125
44.61908570000378,1,21.26916949999577,21900,142092,142092,2,0,0,True,238.22891235351562,1.0,0.0,-0.024874573573470116,6832,6,0.13380657136440277,-804.6695556640625,-2.5122573375701904,-1879.591552734375
44.63013289999799,1,21.28021669998998,21907,142092,142092,2,0,0,True,238.3146514892578,1.0,0.0,-0.023940203711390495,6833,6,0.13389717042446136,-804.2138671875,-2.539201498031616,-1879.1124267578125
44.64128480000363,1,21.29136859999562,21917,142092,142092,2,0,0,True,238.38351440429688,1.0,0.0,-0.024756431579589844,6834,6,0.1339651197195053,-803.8716430664062,-2.5594356060028076,-1878.75341796875
44.652285400006804,1,21.302369199998793,21927,142092,142092,2,0,0,True,238.4716796875,1.0,0.0,-0.02442203462123871,6835,6,0.1340770423412323,-803.414794921875,-2.5864391326904297,-1878.2750244140625
44.663280100008706,1,21.313363900000695,21942,142092,142092,2,0,0,True,238.5376739501953,1.0,0.0,-0.023179946467280388,6840,6,0.13423191010951996,-802.6136474609375,-2.633809804916382,-1877.4388427734375
44.673937500003376,1,21.324021299995366,21952,142092,142092,2,0,0,True,238.59994506835938,1.0,0.0,-0.02271527238190174,6843,6,0.13429826498031616,-802.2695922851562,-2.654160499572754,-1877.080810546875
44.685041600008844,1,21.335125400000834,21962,142092,142092,2,0,0,True,238.67764282226562,1.0,0.0,-0.020195195451378822,6846,6,0.1344088762998581,-801.8103637695312,-2.6812965869903564,-1876.603759765625
44.69631320000917,1,21.34639700000116,21970,142092,142092,2,0,0,True,238.74551391601562,1.0,0.0,-0.015565024688839912,6852,6,0.13449737429618835,-801.350341796875,-2.7083938121795654,-1876.1273193359375
44.70764920000511,1,21.357732999997097,21987,142092,142092,2,0,0,True,238.8333740234375,1.0,0.0,-0.013612461276352406,6856,6,0.13467435538768768,-800.5435180664062,-2.755692958831787,-1875.29443359375
44.71877230000973,1,21.36885610000172,21997,142092,142092,2,0,0,True,238.90255737304688,1.0,0.0,-0.015619581565260887,6855,6,0.13471859693527222,-800.1970825195312,-2.7759132385253906,-1874.93798828125
44.72975559999759,1,21.379839399989578,22007,142092,142092,2,0,0,True,238.98597717285156,1.0,0.0,-0.02005956508219242,6853,6,0.13483162224292755,-799.7344360351562,-2.80279278755188,-1874.4630126953125
44.740930700005265,1,21.391014499997254,22015,142092,142092,2,0,0,True,239.0529022216797,1.0,0.0,-0.017622385174036026,6854,6,0.13492225110530853,-799.27099609375,-2.8295340538024902,-1873.9886474609375
44.752016400001594,1,21.402100199993583,22032,142092,142092,2,0,0,True,239.14120483398438,1.0,0.0,-0.022008197382092476,6859,6,0.13508085906505585,-798.5743408203125,-2.869309663772583,-1873.278076171875
44.76308200000494,1,21.413165799996932,22042,142092,142092,2,0,0,True,239.2113800048828,1.0,0.0,-0.023656023666262627,6861,6,0.13517150282859802,-798.1088256835938,-2.8956494331359863,-1872.804931640625
44.77417859999696,1,21.424262399988947,22050,142092,142092,2,0,0,True,239.2823028564453,1.0,0.0,-0.02709200419485569,6861,6,0.135262131690979,-797.642578125,-2.921902656555176,-1872.3323974609375
44.78546149999602,1,21.435545299988007,22060,142092,142092,2,0,0,True,239.36404418945312,1.0,0.0,-0.026455698534846306,6858,6,0.13533011078834534,-797.2923583984375,-2.941554546356201,-1871.978271484375
44.7962406000006,1,21.44632439999259,22077,142092,142092,2,0,0,True,239.43048095703125,1.0,0.0,-0.02416948601603508,6860,6,0.1355106085538864,-796.4733276367188,-2.987278461456299,-1871.1531982421875
44.8072444999998,1,21.457328299991786,22087,142092,142092,2,0,0,True,239.5105438232422,1.0,0.0,-0.02110447734594345,6867,6,0.1356000006198883,-796.0042724609375,-3.0133774280548096,-1870.6824951171875
44.818409300001804,1,21.468493099993793,22095,142092,142092,2,0,0,True,239.57618713378906,1.0,0.0,-0.02038542367517948,6873,6,0.1356894075870514,-795.534423828125,-3.0395073890686035,-1870.2122802734375
44.82931749999989,1,21.479401299991878,22102,142092,142092,2,0,0,True,239.6424102783203,1.0,0.0,-0.019685368984937668,6876,6,0.13577881455421448,-795.1815795898438,-3.059145927429199,-1869.85986328125
44.84070220000285,1,21.49078599999484,22122,142092,142092,2,0,0,True,239.72731018066406,1.0,0.0,-0.01937745325267315,6877,6,0.13593526184558868,-794.3566284179688,-3.1051366329193115,-1869.038818359375
44.85155570000643,1,21.50163949999842,22130,142092,142092,2,0,0,True,239.7937774658203,1.0,0.0,-0.02037997543811798,6876,6,0.13602466881275177,-793.8841552734375,-3.131547689437866,-1868.5703125
44.86243680000189,1,21.512520599993877,22140,142092,142092,2,0,0,True,239.87779235839844,1.0,0.0,-0.021262474358081818,6875,6,0.13611406087875366,-793.5293579101562,-3.151416778564453,-1868.21923828125
44.87322320000385,1,21.52330699999584,22147,142092,142092,2,0,0,True,239.9482879638672,1.0,0.0,-0.021160762757062912,6881,6,0.13620391488075256,-793.0556640625,-3.1779911518096924,-1867.7515869140625
44.884235999998054,1,21.534319799990044,22157,142092,142092,2,0,0,True,240.01828002929688,1.0,0.0,-0.023811662569642067,6886,6,0.13627184927463531,-792.6998901367188,-3.198002338409424,-1867.401123046875
44.895516799995676,1,21.545600599987665,22175,142092,142092,2,0,0,True,240.1044921875,1.0,0.0,-0.02637268789112568,6885,6,0.13647566735744476,-791.7491455078125,-3.251826524734497,-1866.4678955078125
44.906333300008555,1,21.556417100000544,22185,142092,142092,2,0,0,True,240.1728515625,1.0,0.0,-0.02626160718500614,6883,6,0.13654360175132751,-791.391845703125,-3.2721970081329346,-1866.118408203125
44.91715860000113,1,21.56724239999312,22195,142092,142092,2,0,0,True,240.25421142578125,1.0,0.0,-0.02507166750729084,6884,6,0.1366342008113861,-790.9148559570312,-3.2995409965515137,-1865.6529541015625
44.92830230000254,1,21.578386099994532,22202,142092,142092,2,0,0,True,240.3154296875,1.0,0.0,-0.024650363251566887,6891,6,0.1367247849702835,-790.4371948242188,-3.3271143436431885,-1865.1878662109375
44.939482400004636,1,21.589566199996625,22212,142092,142092,2,0,0,True,240.39154052734375,1.0,0.0,-0.020144136622548103,6901,6,0.13679271936416626,-790.0784301757812,-3.3479578495025635,-1864.83935546875
44.95060350000858,1,21.600687300000573,22230,142092,142092,2,0,0,True,240.45474243164062,1.0,0.0,-0.018868807703256607,6906,6,0.13699544966220856,-789.119873046875,-3.4041709899902344,-1863.9114990234375
44.9614969999966,1,21.611580799988587,22237,142092,142092,2,0,0,True,240.51596069335938,1.0,0.0,-0.01631578616797924,6906,6,0.1370626538991928,-788.7597045898438,-3.4254848957061768,-1863.56396484375
44.972538100002566,1,21.622621899994556,22250,142092,142092,2,0,0,True,240.59780883789062,1.0,0.0,-0.01694055274128914,6903,6,0.13712987303733826,-788.3991088867188,-3.4469149112701416,-1863.216796875
44.98368330000085,1,21.633767099992838,22257,142092,142092,2,0,0,True,240.6621856689453,1.0,0.0,-0.01761719584465027,6900,6,0.13726429641246796,-787.7971801757812,-3.4828314781188965,-1862.638916015625
44.99469150000368,1,21.644775299995672,22277,142092,142092,2,0,0,True,240.7454376220703,1.0,0.0,-0.018055003136396408,6902,6,0.1374211311340332,-786.9525756835938,-3.533395767211914,-1861.8310546875
45.00543600000674,1,21.65551979999873,22285,142092,142092,2,0,0,True,240.81369018554688,1.0,0.0,-0.021671177819371223,6904,6,0.13753315806388855,-786.4688720703125,-3.5623862743377686,-1861.3702392578125
45.01648479999858,1,21.66656859999057,22292,142092,142092,2,0,0,True,240.87730407714844,1.0,0.0,-0.02279367484152317,6906,6,0.1376003623008728,-786.1055908203125,-3.5841610431671143,-1861.0250244140625
45.027472300003865,1,21.677556099995854,22305,142092,142092,2,0,0,True,240.95321655273438,1.0,0.0,-0.0222233384847641,6908,6,0.1376679688692093,-785.7418212890625,-3.6059610843658447,-1860.6800537109375
45.03852440000628,1,21.68860819999827,22312,142092,142092,2,0,0,True,241.0172576904297,1.0,0.0,-0.022835351526737213,6910,6,0.13778077065944672,-785.1345825195312,-3.642284870147705,-1860.10595703125
45.04940309999802,1,21.699486899990006,22320,142092,142092,2,0,0,True,241.093017578125,1.0,0.0,-0.021235348656773567,6913,6,0.13787102699279785,-784.7696533203125,-3.6640496253967285,-1859.7618408203125
45.0606082000013,1,21.710691999993287,22340,142092,142092,2,0,0,True,241.15896606445312,1.0,0.0,-0.024645566940307617,6915,6,0.13805150985717773,-783.7941284179688,-3.7220566272735596,-1858.84619140625
45.071661900001345,1,21.721745699993335,22350,142092,142092,2,0,0,True,241.22314453125,1.0,0.0,-0.023844676092267036,6916,6,0.1381191909313202,-783.427490234375,-3.7437853813171387,-1858.50341796875
45.082722499995725,1,21.732806299987715,22360,142092,142092,2,0,0,True,241.30612182617188,1.0,0.0,-0.02667711302638054,6916,6,0.1382320076227188,-782.9379272460938,-3.7727112770080566,-1858.0469970703125
45.09369290000177,1,21.74377669999376,22367,142092,142092,2,0,0,True,241.37083435058594,1.0,0.0,-0.026410896331071854,6918,6,0.13832224905490875,-782.447509765625,-3.8016269207000732,-1857.591064453125
45.10475330000918,1,21.75483710000117,22377,142092,142092,2,0,0,True,241.45303344726562,1.0,0.0,-0.02638849802315235,6920,6,0.13838979601860046,-782.0791625976562,-3.823333740234375,-1857.2496337890625
45.11580369999865,1,21.76588749999064,22395,142092,142092,2,0,0,True,241.5153350830078,1.0,0.0,-0.022537827491760254,6921,6,0.13859236240386963,-781.0947875976562,-3.8812949657440186,-1856.340576171875
45.12672310000926,1,21.776806900001247,22405,142092,142092,2,0,0,True,241.5762481689453,1.0,0.0,-0.02204316295683384,6924,6,0.13865989446640015,-780.7247924804688,-3.9030873775482178,-1856.000244140625
45.13767660000303,1,21.787760399995022,22415,142092,142092,2,0,0,True,241.64883422851562,1.0,0.0,-0.020989393815398216,6929,6,0.13874992728233337,-780.2308349609375,-3.932220220565796,-1855.547119140625
45.148765400008415,1,21.798849200000404,22422,142092,142092,2,0,0,True,241.7074737548828,1.0,0.0,-0.019464191049337387,6936,6,0.1388624608516693,-779.7361450195312,-3.961451530456543,-1855.094482421875
45.1599744999985,1,21.810058299990487,22432,142092,142092,2,0,0,True,241.78770446777344,1.0,0.0,-0.017380334436893463,6940,6,0.13892997801303864,-779.3646240234375,-3.983422040939331,-1854.7554931640625
45.17102680000244,1,21.821110599994427,22450,142092,142092,2,0,0,True,241.85247802734375,1.0,0.0,-0.018237952142953873,6940,6,0.13913217186927795,-778.3717651367188,-4.042173385620117,-1853.8529052734375
45.18210370000452,1,21.832187499996508,22460,142092,142092,2,0,0,True,241.9313201904297,1.0,0.0,-0.019368667155504227,6935,6,0.1391993761062622,-777.9986572265625,-4.064249038696289,-1853.51513671875
45.19336950000434,1,21.843453299996327,22470,142092,142092,2,0,0,True,241.99147033691406,1.0,0.0,-0.0207854975014925,6935,6,0.13928896188735962,-777.5004272460938,-4.093681335449219,-1853.065185546875
45.204258700003265,1,21.854342499995255,22477,142092,142092,2,0,0,True,242.05357360839844,1.0,0.0,-0.021084634587168694,6938,6,0.13940095901489258,-777.0014038085938,-4.123070240020752,-1852.615966796875
45.21528750000289,1,21.865371299994877,22497,142092,142092,2,0,0,True,242.1370391845703,1.0,0.0,-0.024719545617699623,6944,6,0.13955776393413544,-776.1260986328125,-4.174312591552734,-1851.831298828125
45.22652170000947,1,21.87660550000146,22505,142092,142092,2,0,0,True,242.19786071777344,1.0,0.0,-0.025006985291838646,6945,6,0.13964734971523285,-775.6248168945312,-4.203524112701416,-1851.3839111328125
45.237393600007636,1,21.887477399999625,22515,142092,142092,2,0,0,True,242.27182006835938,1.0,0.0,-0.024965284392237663,6944,6,0.13973695039749146,-775.248291015625,-4.225392818450928,-1851.048828125
45.248491999998805,1,21.898575799990795,22525,142092,142092,2,0,0,True,242.33200073242188,1.0,0.0,-0.024305103346705437,6945,6,0.13982714712619781,-774.7455444335938,-4.254464149475098,-1850.6025390625
45.25957010001002,1,21.909653900002013,22532,142092,142092,2,0,0,True,242.4085693359375,1.0,0.0,-0.022437242791056633,6949,6,0.13991771638393402,-774.2418823242188,-4.283405303955078,-1850.156982421875
45.2706884000072,1,21.920772199999192,22542,142092,142092,2,0,0,True,242.46688842773438,1.0,0.0,-0.021745804697275162,6951,6,0.14000827074050903,-773.8636474609375,-4.305048942565918,-1849.8232421875
45.281960499996785,1,21.932044299988775,22560,142092,142092,2,0,0,True,242.5270538330078,1.0,0.0,-0.02208140306174755,6951,6,0.14018939435482025,-772.8526000976562,-4.362541198730469,-1848.935302734375
45.293000200006645,1,21.943083999998635,22570,142092,142092,2,0,0,True,242.60250854492188,1.0,0.0,-0.021458763629198074,6954,6,0.1402573138475418,-772.47265625,-4.383968830108643,-1848.60302734375
45.303997000009986,1,21.954080800001975,22580,142092,142092,2,0,0,True,242.66400146484375,1.0,0.0,-0.021816715598106384,6959,6,0.14037051796913147,-771.9652709960938,-4.412421226501465,-1848.1605224609375
45.3151130000042,1,21.965196799996193,22590,142092,142092,2,0,0,True,242.7427520751953,1.0,0.0,-0.022461390122771263,6957,6,0.14046107232570648,-771.45703125,-4.440758228302002,-1847.7188720703125
45.32620250000036,1,21.976286299992353,22597,142092,142092,2,0,0,True,242.8061981201172,1.0,0.0,-0.02254486083984375,6958,6,0.140550896525383,-770.947998046875,-4.468980312347412,-1847.2777099609375
45.3374926999968,1,21.98757649998879,22617,142092,142092,2,0,0,True,242.87774658203125,1.0,0.0,-0.02226383611559868,6960,6,0.14072968065738678,-770.05517578125,-4.518087387084961,-1846.507568359375
45.34832230000757,1,21.998406099999556,22625,142092,142092,2,0,0,True,242.94036865234375,1.0,0.0,-0.022093545645475388,6965,6,0.14081907272338867,-769.5438842773438,-4.5460076332092285,-1846.068359375
45.359284999998636,1,22.009368799990625,22637,142092,142092,2,0,0,True,243.00100708007812,1.0,0.0,-0.02192801423370838,6969,6,0.14090846478939056,-769.1598510742188,-4.566870212554932,-1845.739501953125
45.37046820000978,1,22.02055200000177,22645,142092,142092,2,0,0,True,243.07582092285156,1.0,0.0,-0.020669633522629738,6968,6,0.14102020859718323,-768.518798828125,-4.60151481628418,-1845.192138671875
45.381640100007644,1,22.031723899999633,22655,142092,142092,2,0,0,True,243.13572692871094,1.0,0.0,-0.021854689344763756,6968,6,0.14108724892139435,-768.133544921875,-4.622233867645264,-1844.8642578125
45.392637700002524,1,22.042721499994514,22672,142092,142092,2,0,0,True,243.20571899414062,1.0,0.0,-0.020303750410676003,6968,6,0.14128924906253815,-767.1039428710938,-4.677191257476807,-1843.9918212890625
45.40358759999799,1,22.05367139998998,22682,142092,142092,2,0,0,True,243.2598419189453,1.0,0.0,-0.01947627402842045,6971,6,0.14135703444480896,-766.7169799804688,-4.697668552398682,-1843.6654052734375
45.41459149999719,1,22.064675299989176,22692,142092,142092,2,0,0,True,243.3349609375,1.0,0.0,-0.01940443180501461,6977,6,0.1414700150489807,-766.2003173828125,-4.7248101234436035,-1843.2308349609375
45.42590679999557,1,22.075990599987563,22702,142092,142092,2,0,0,True,243.39349365234375,1.0,0.0,-0.020059460774064064,6981,6,0.1415603905916214,-765.682861328125,-4.751730442047119,-1842.7969970703125
45.43680250000034,1,22.08688629999233,22710,142092,142092,2,0,0,True,243.4500732421875,1.0,0.0,-0.02100289613008499,6981,6,0.14165078103542328,-765.16455078125,-4.778458595275879,-1842.3638916015625
45.447968599997694,1,22.098052399989683,22720,142092,142092,2,0,0,True,243.52093505859375,1.0,0.0,-0.022012200206518173,6981,6,0.1417185664176941,-764.7752685546875,-4.798364162445068,-1842.03955078125
45.459152900002664,1,22.109236699994653,22737,142092,142092,2,0,0,True,243.5797119140625,1.0,0.0,-0.022074665874242783,6984,6,0.14192192256450653,-763.7347412109375,-4.850624084472656,-1841.1766357421875
45.47019890000229,1,22.120282699994277,22750,142092,142092,2,0,0,True,243.6584930419922,1.0,0.0,-0.02424478903412819,6990,6,0.1419895887374878,-763.3436889648438,-4.869909763336182,-1840.8538818359375
45.48126719999709,1,22.13135099998908,22757,142092,142092,2,0,0,True,243.71932983398438,1.0,0.0,-0.025475885719060898,6990,6,0.14212486147880554,-762.6908569335938,-4.9017229080200195,-1840.31689453125
45.49251510000613,1,22.14259889999812,22767,142092,142092,2,0,0,True,243.79576110839844,1.0,0.0,-0.02593236044049263,6988,6,0.14219248294830322,-762.2984619140625,-4.920628070831299,-1839.995361328125
45.503255800009356,1,22.153339600001345,22777,142092,142092,2,0,0,True,243.8570098876953,1.0,0.0,-0.026768464595079422,6987,6,0.1422826647758484,-761.7745971679688,-4.9456071853637695,-1839.567138671875
45.514266700003645,1,22.164350499995635,22795,142092,142092,2,0,0,True,243.9152069091797,1.0,0.0,-0.02504856139421463,6986,6,0.1424855887889862,-760.7243041992188,-4.99493408203125,-1838.713134765625
45.525614800004405,1,22.175698599996394,22805,142092,142092,2,0,0,True,243.9861602783203,1.0,0.0,-0.022595494985580444,6988,6,0.1425532102584839,-760.32958984375,-5.013248920440674,-1838.3935546875
45.53651879999961,1,22.186602599991602,22815,142092,142092,2,0,0,True,244.04676818847656,1.0,0.0,-0.022353461012244225,6990,6,0.14266586303710938,-759.8025512695312,-5.037517070770264,-1837.96826171875
45.54739459999837,1,22.19747839999036,22822,142092,142092,2,0,0,True,244.1211700439453,1.0,0.0,-0.02225150354206562,6994,6,0.1427554041147232,-759.2747802734375,-5.061636447906494,-1837.5435791015625
45.558581400007824,1,22.208665199999814,22835,142092,142092,2,0,0,True,244.17832946777344,1.0,0.0,-0.0216265507042408,6997,6,0.14282254874706268,-758.87841796875,-5.079658031463623,-1837.2254638671875
45.56983419999597,1,22.219917999987956,22852,142092,142092,2,0,0,True,244.24644470214844,1.0,0.0,-0.020383015275001526,7000,6,0.1430239975452423,-757.8193969726562,-5.127459526062012,-1836.3792724609375
45.58085929999652,1,22.230943099988508,22862,142092,142092,2,0,0,True,244.30223083496094,1.0,0.0,-0.019083552062511444,7002,6,0.14311353862285614,-757.2886962890625,-5.151147842407227,-1835.957275390625
45.591894299999694,1,22.241978099991684,22870,142092,142092,2,0,0,True,244.35723876953125,1.0,0.0,-0.018388252705335617,7003,6,0.14322544634342194,-756.7572631835938,-5.174680709838867,-1835.5360107421875
45.60309440000856,1,22.253178200000548,22880,142092,142092,2,0,0,True,244.42294311523438,1.0,0.0,-0.01778530515730381,7008,6,0.1432926058769226,-756.358154296875,-5.192235469818115,-1835.220458984375
45.613985899995896,1,22.264069699987886,22890,142092,142092,2,0,0,True,244.48281860351562,1.0,0.0,-0.02036851830780506,7011,6,0.1433822214603424,-755.8253173828125,-5.215480804443359,-1834.800537109375
45.62505349999992,1,22.27513729999191,22900,142092,142092,2,0,0,True,244.56239318847656,1.0,0.0,-0.022203980013728142,7013,6,0.14349503815174103,-755.2916870117188,-5.238472938537598,-1834.3812255859375
45.63605280000775,1,22.286136599999736,22907,142092,142092,2,0,0,True,244.6143035888672,1.0,0.0,-0.023077262565493584,7011,6,0.14358529448509216,-754.7572631835938,-5.2611985206604,-1833.9627685546875
45.647335200003,1,22.29741899999499,22927,142092,142092,2,0,0,True,244.66690063476562,1.0,0.0,-0.02120034396648407,7013,6,0.1437883824110031,-753.6859130859375,-5.305915832519531,-1833.1280517578125
45.65838860000076,1,22.308472399992752,22937,142092,142092,2,0,0,True,244.71249389648438,1.0,0.0,-0.01767042838037014,7015,6,0.14385606348514557,-753.2832641601562,-5.32230281829834,-1832.81591796875
45.66959030000726,1,22.319674099999247,22947,142092,142092,2,0,0,True,244.76451110839844,1.0,0.0,-0.014431576244533062,7024,6,0.14396889507770538,-752.7456665039062,-5.343723773956299,-1832.4005126953125
45.68071950000012,1,22.330803299992112,22957,142092,142092,2,0,0,True,244.809326171875,1.0,0.0,-0.015374843031167984,7025,6,0.14405915141105652,-752.207275390625,-5.364659309387207,-1831.986083984375
45.69173700000101,1,22.341820799993002,22965,142092,142092,2,0,0,True,244.85797119140625,1.0,0.0,-0.016321908682584763,7029,6,0.14414943754673004,-751.66796875,-5.3850297927856445,-1831.5723876953125
45.7023887999967,1,22.352472599988687,22977,142092,142092,2,0,0,True,244.910400390625,1.0,0.0,-0.017986059188842773,7039,6,0.14421716332435608,-751.262939453125,-5.399829387664795,-1831.2628173828125
45.71337759999733,1,22.36346139998932,22995,142092,142092,2,0,0,True,244.94883728027344,1.0,0.0,-0.018878385424613953,7047,6,0.14442035555839539,-750.1803588867188,-5.436946392059326,-1830.439697265625
45.72448800000711,1,22.374571799999103,23005,142092,142092,2,0,0,True,245.0108184814453,1.0,0.0,-0.019679510965943336,7052,6,0.14453323185443878,-749.6376953125,-5.454064846038818,-1830.029541015625
45.73553079999692,1,22.385614599988912,23015,142092,142092,2,0,0,True,245.06935119628906,1.0,0.0,-0.031048191711306572,7052,6,0.1446235477924347,-749.0941162109375,-5.470211505889893,-1829.620361328125
45.74668140000722,1,22.39676519999921,23022,142092,142092,2,0,0,True,245.1439208984375,1.0,0.0,-0.03248155117034912,7056,6,0.1447138488292694,-748.5496215820312,-5.485410213470459,-1829.212158203125
45.75730779999867,1,22.40739159999066,23032,142092,142092,2,0,0,True,245.211181640625,1.0,0.0,-0.03667362779378891,7055,6,0.14480414986610413,-748.140625,-5.496175765991211,-1828.9066162109375
45.76837410000735,1,22.41845789999934,23042,142092,142092,2,0,0,True,245.25856018066406,1.0,0.0,-0.03033461980521679,7050,6,0.14489413797855377,-747.5945434570312,-5.509763240814209,-1828.5
45.77957310000784,1,22.429656899999827,23052,142092,142092,2,0,0,True,245.29388427734375,1.0,0.0,-0.022649064660072327,7043,6,0.14498406648635864,-747.0474853515625,-5.522524833679199,-1828.09423828125
45.79067560000112,1,22.440759399993112,23070,142092,142092,2,0,0,True,245.32662963867188,1.0,0.0,-0.014748144894838333,7030,6,0.1451864093542099,-745.950927734375,-5.545495510101318,-1827.28564453125
45.801548000003095,1,22.451631799995084,23080,142092,142092,2,0,0,True,245.37123107910156,1.0,0.0,-0.013090718537569046,7039,6,0.14525385200977325,-745.538818359375,-5.553126811981201,-1826.9833984375
45.81252760000643,1,22.462611399998423,23090,142092,142092,2,0,0,True,245.40533447265625,1.0,0.0,-0.011180474422872066,7052,6,0.14536626636981964,-744.9887084960938,-5.5624308586120605,-1826.5811767578125
45.823725399997784,1,22.473809199989773,23100,142092,142092,2,0,0,True,245.44398498535156,1.0,0.0,-0.015288831666111946,7065,6,0.1454561948776245,-744.4378662109375,-5.570606231689453,-1826.1798095703125
45.834814100002404,1,22.484897899994394,23107,142092,142092,2,0,0,True,245.5147705078125,1.0,0.0,-0.023790866136550903,7085,6,0.1455685794353485,-743.8862915039062,-5.577517032623291,-1825.779296875
45.84599539999908,1,22.496079199991073,23120,142092,142092,2,0,0,True,245.5767822265625,1.0,0.0,-0.033686570823192596,7104,6,0.14563597738742828,-743.4720458984375,-5.58174991607666,-1825.4794921875
45.85681620000105,1,22.50689999999304,23137,142092,142092,2,0,0,True,245.6549835205078,1.0,0.0,-0.04317985475063324,7119,6,0.1458381563425064,-742.3652954101562,-5.589193820953369,-1824.68212890625
45.86782640000456,1,22.51791019999655,23147,142092,142092,2,0,0,True,245.71490478515625,1.0,0.0,-0.04657727852463722,7125,6,0.1459280103445053,-741.8107299804688,-5.590889930725098,-1824.28466796875
45.87861179999891,1,22.528695599990897,23155,142092,142092,2,0,0,True,245.77354431152344,1.0,0.0,-0.047937437891960144,7108,6,0.1460178643465042,-741.25537109375,-5.591307163238525,-1823.887939453125
45.88971250000759,1,22.53979629999958,23165,142092,142092,2,0,0,True,245.85411071777344,1.0,0.0,-0.04902081936597824,7074,6,0.1461077183485031,-740.83837890625,-5.590978145599365,-1823.5909423828125
45.90074340000865,1,22.55082720000064,23175,142092,142092,2,0,0,True,245.9217529296875,1.0,0.0,-0.04607434570789337,7041,6,0.14619757235050201,-740.28173828125,-5.589962482452393,-1823.195556640625
45.911503399998765,1,22.561587199990754,23192,142092,142092,2,0,0,True,245.9880828857422,1.0,0.0,-0.043113209307193756,7025,6,0.14639988541603088,-739.1666870117188,-5.586941719055176,-1822.4063720703125
45.9224269999977,1,22.572510799989686,23205,142092,142092,2,0,0,True,246.06553649902344,1.0,0.0,-0.038686055690050125,7014,6,0.14646734297275543,-738.7479248046875,-5.585804462432861,-1822.1109619140625
45.93357449999894,1,22.58365829999093,23212,142092,142092,2,0,0,True,246.10316467285156,1.0,0.0,-0.03145609796047211,7016,6,0.14660225808620453,-738.0492553710938,-5.584228038787842,-1821.6192626953125
45.94470710000314,1,22.594790899995132,23220,142092,142092,2,0,0,True,246.14031982421875,1.0,0.0,-0.017618276178836823,7048,6,0.14666970074176788,-737.6296997070312,-5.583468437194824,-1821.3245849609375
45.95567989999836,1,22.605763699990348,23232,142092,142092,2,0,0,True,246.16998291015625,1.0,0.0,-0.012218009680509567,7086,6,0.14673715829849243,-737.2098388671875,-5.582852840423584,-1821.0302734375
45.96655300000566,1,22.61663679999765,23240,142092,142092,2,0,0,True,246.18138122558594,1.0,0.0,-0.0012101070024073124,7114,6,0.14687207341194153,-736.5095825195312,-5.582322120666504,-1820.540283203125
45.978078000000096,1,22.628161799992085,23250,142092,142092,2,0,0,True,246.20530700683594,1.0,0.0,0.004600148648023605,7155,6,0.14693953096866608,-736.0891723632812,-5.582332611083984,-1820.2464599609375
45.989214800007176,1,22.639298599999165,23270,142092,142092,2,0,0,True,246.2306671142578,1.0,0.0,0.0058678267523646355,6996,1,0.14714261889457703,-734.967041015625,-5.583332061767578,-1819.4644775390625
46.00042080000276,1,22.650504599994747,23277,142092,142092,2,0,0,True,246.14378356933594,1.0,0.0,0.014396190643310547,6796,1,0.14723294973373413,-734.4054565429688,-5.584162712097168,-1819.0740966796875
46.011427000004915,1,22.661510799996904,23287,142092,142092,2,0,0,True,246.0386962890625,1.0,0.0,0.017958329990506172,6637,1,0.14730069041252136,-733.9840087890625,-5.584837913513184,-1818.78173828125
46.02260419999948,1,22.672687999991467,23297,142092,142092,2,0,0,True,245.93359375,1.0,0.0,0.009726864285767078,6438,1,0.14741359651088715,-733.4219970703125,-5.585567474365234,-1818.392578125
46.033651200006716,1,22.683734999998705,23305,142092,142092,2,0,0,True,245.82421875,1.0,0.0,0.004128116182982922,6279,1,0.14750392735004425,-732.8596801757812,-5.585793972015381,-1818.0042724609375
46.044730399997206,1,22.694814199989196,23325,142092,142092,2,0,0,True,245.6807403564453,1.0,0.0,0.0016173184849321842,6081,1,0.14770713448524475,-731.7341918945312,-5.584444046020508,-1817.2303466796875
46.056181399995694,1,22.706265199987683,23335,142092,142092,2,0,0,True,245.636962890625,1.0,0.0,-0.0020589844789355993,6358,7,0.14777474105358124,-731.3117065429688,-5.5829925537109375,-1816.9412841796875
46.067322100003366,1,22.717405899995356,23345,142092,142092,2,0,0,True,245.57369995117188,1.0,0.0,-0.006796549074351788,6600,7,0.14786487817764282,-730.748046875,-5.580139636993408,-1816.5567626953125
46.07835830000113,1,22.728442099993117,23352,142092,142092,2,0,0,True,245.59881591796875,1.0,0.0,-0.024848919361829758,6436,7,0.1479775458574295,-730.1839599609375,-5.57629919052124,-1816.173095703125
46.089455000008456,1,22.739538800000446,23362,142092,142092,2,0,0,True,245.67974853515625,1.0,0.0,-0.021035054698586464,6132,7,0.1480451375246048,-729.7605590820312,-5.572798252105713,-1815.885986328125
46.100641600001836,1,22.750725399993826,23380,142092,142092,2,0,0,True,245.7107391357422,1.0,0.0,-0.007195658516138792,6059,7,0.14824794232845306,-728.6292724609375,-5.56068229675293,-1815.122802734375
46.11157580000872,1,22.761659600000712,23390,142092,142092,2,0,0,True,245.72735595703125,1.0,0.0,-0.003361386712640524,6167,7,0.14831554889678955,-728.2042236328125,-5.555251121520996,-1814.8375244140625
46.122522400008165,1,22.772606200000155,23400,142092,142092,2,0,0,True,245.74871826171875,1.0,0.0,0.001945258816704154,6305,7,0.14840568602085114,-727.636962890625,-5.547109603881836,-1814.4581298828125
46.13360400000238,1,22.783687799994368,23407,142092,142092,2,0,0,True,245.79551696777344,1.0,0.0,-0.004713060799986124,6294,7,0.14851823449134827,-727.0690307617188,-5.53798770904541,-1814.0794677734375
46.14459050000005,1,22.79467429999204,23417,142092,142092,2,0,0,True,245.80316162109375,1.0,0.0,0.0013574857730418444,6215,7,0.14858576655387878,-726.6427612304688,-5.530555248260498,-1813.7960205078125
46.155423800009885,1,22.805507600001874,23435,142092,142092,2,0,0,True,245.828857421875,1.0,0.0,-0.0006749905878677964,6221,7,0.14878834784030914,-725.5045166015625,-5.507866382598877,-1813.0418701171875
46.1664649000013,1,22.81654869999329,23445,142092,142092,2,0,0,True,245.8647918701172,1.0,0.0,-0.0017055643256753683,6261,7,0.14885586500167847,-725.0772094726562,-5.497952938079834,-1812.7598876953125
46.177600600000005,1,22.827684399991995,23455,142092,142092,2,0,0,True,245.8977508544922,1.0,0.0,-0.005776992999017239,6296,7,0.1489458978176117,-724.5069580078125,-5.483276844024658,-1812.38427734375
46.1887327000004,1,22.83881649999239,23462,142092,142092,2,0,0,True,245.9340057373047,1.0,0.0,-0.008941201493144035,6305,7,0.14905844628810883,-723.9364013671875,-5.46693229675293,-1812.00927734375
46.19975759999943,1,22.84984139999142,23472,142092,142092,2,0,0,True,245.98883056640625,1.0,0.0,-0.009143702685832977,6285,7,0.14912597835063934,-723.5081787109375,-5.453578948974609,-1811.7283935546875
46.21144210000057,1,22.861525899992557,23490,142092,142092,2,0,0,True,246.01849365234375,1.0,0.0,0.007734360639005899,6271,7,0.14932838082313538,-722.3651123046875,-5.4134602546691895,-1810.980712890625
46.222676699995645,1,22.872760499987635,23500,142092,142092,2,0,0,True,246.0828094482422,1.0,0.0,-0.005201937630772591,6271,7,0.14939585328102112,-721.9360961914062,-5.3968915939331055,-1810.7008056640625
46.23374789999798,1,22.88383169998997,23510,142092,142092,2,0,0,True,246.14512634277344,1.0,0.0,-0.004412926733493805,6262,7,0.14948579668998718,-721.36376953125,-5.373541831970215,-1810.3280029296875
46.24496240000008,1,22.895046199992066,23525,142092,142092,2,0,0,True,246.2207489013672,1.0,0.0,-0.0011660194722935557,6232,7,0.1496657133102417,-720.3611450195312,-5.329763889312744,-1809.676513671875
46.25633650000964,1,22.906420300001628,23537,142092,142092,2,0,0,True,246.2760009765625,1.0,0.0,-0.002391650341451168,6228,7,0.14973317086696625,-719.93115234375,-5.310204029083252,-1809.3975830078125
46.26711319999595,1,22.917196999987937,23545,142092,142092,2,0,0,True,246.33892822265625,1.0,0.0,0.05106180161237717,6242,7,0.14986808598041534,-719.214111328125,-5.276812553405762,-1808.932861328125
46.27827419999812,1,22.928357999990112,23552,142092,142092,2,0,0,True,246.36683654785156,1.0,0.0,0.03134056553244591,6241,7,0.14993543922901154,-718.7837524414062,-5.256381034851074,-1808.6541748046875
46.289706299998215,1,22.939790099990205,23565,142092,142092,2,0,0,True,246.40106201171875,1.0,0.0,0.03748283162713051,6230,7,0.15000279247760773,-718.353515625,-5.235797882080078,-1808.3751220703125
46.30092360000708,1,22.95100739999907,23580,142092,142092,2,0,0,True,246.45346069335938,1.0,0.0,0.04046226665377617,6227,7,0.1502048522233963,-717.2060546875,-5.180667400360107,-1807.630859375
46.31193460000213,1,22.962018399994122,23592,142092,142092,2,0,0,True,246.49847412109375,1.0,0.0,0.04389592260122299,6230,7,0.1502722054719925,-716.7756958007812,-5.159989356994629,-1807.3515625
46.32285350000893,1,22.972937300000922,23600,142092,142092,2,0,0,True,246.54371643066406,1.0,0.0,0.03597865626215935,6235,7,0.15040691196918488,-716.0585327148438,-5.125764846801758,-1806.8858642578125
46.33359750000818,1,22.98368130000017,23607,142092,142092,2,0,0,True,246.5690155029297,1.0,0.0,0.04226464778184891,6236,7,0.15047426521778107,-715.628173828125,-5.1054606437683105,-1806.606201171875
46.344632499996806,1,22.994716299988795,23620,142092,142092,2,0,0,True,246.5972442626953,1.0,0.0,0.05822249501943588,6246,7,0.1505640745162964,-715.1979370117188,-5.08528995513916,-1806.326416015625
46.35568239999702,1,23.00576619998901,23635,142092,142092,2,0,0,True,246.6121368408203,1.0,0.0,0.04537499323487282,6258,7,0.15074443817138672,-714.05078125,-5.0321760177612305,-1805.5794677734375
46.366734199997154,1,23.016817999989144,23645,142092,142092,2,0,0,True,246.6273193359375,1.0,0.0,0.03874536603689194,6255,7,0.15083464980125427,-713.620849609375,-5.012518882751465,-1805.298828125
46.37763139999879,1,23.02771519999078,23655,142092,142092,2,0,0,True,246.6519012451172,1.0,0.0,0.03308932110667229,6242,7,0.15092484652996063,-713.0477905273438,-4.986400604248047,-1804.9244384765625
46.3885733000061,1,23.03865709999809,23662,142092,142092,2,0,0,True,246.66778564453125,1.0,0.0,0.031866271048784256,6242,7,0.15101505815982819,-712.4749755859375,-4.960203647613525,-1804.5494384765625
46.40004540000518,1,23.050129199997173,23672,142092,142092,2,0,0,True,246.67453002929688,1.0,0.0,0.02917604334652424,6254,7,0.15110526978969574,-712.0455932617188,-4.940430641174316,-1804.267822265625
46.41163360000064,1,23.06171739999263,23690,142092,142092,2,0,0,True,246.6831817626953,1.0,0.0,0.02994484454393387,6267,7,0.15128567814826965,-710.901611328125,-4.886487007141113,-1803.5152587890625
46.42267700000957,1,23.07276080000156,23700,142092,142092,2,0,0,True,246.70535278320312,1.0,0.0,0.02639506570994854,6268,7,0.15137600898742676,-710.4732055664062,-4.865477561950684,-1803.232177734375
46.43388930000947,1,23.083973100001458,23710,142092,142092,2,0,0,True,246.71441650390625,1.0,0.0,0.03122614324092865,6274,7,0.15146635472774506,-709.9024658203125,-4.836579322814941,-1802.85400390625
46.44488039999851,1,23.0949641999905,23717,142092,142092,2,0,0,True,246.7206573486328,1.0,0.0,0.032692503184080124,6290,7,0.15155670046806335,-709.3323364257812,-4.806632995605469,-1802.4749755859375
46.456102199997986,1,23.106185999989975,23737,142092,142092,2,0,0,True,246.72647094726562,1.0,0.0,0.02383183315396309,6296,7,0.15173739194869995,-708.33642578125,-4.751326560974121,-1801.8089599609375
46.466975100003765,1,23.117058899995754,23745,142092,142092,2,0,0,True,246.74765014648438,1.0,0.0,0.02418009750545025,6288,7,0.15182773768901825,-707.7685546875,-4.717746257781982,-1801.4267578125
46.477865100008785,1,23.127948900000774,23757,142092,142092,2,0,0,True,246.77264404296875,1.0,0.0,0.03375106677412987,6283,7,0.15191808342933655,-707.3431396484375,-4.691567420959473,-1801.139404296875
46.48865559999831,1,23.1387393999903,23765,142092,142092,2,0,0,True,246.7921142578125,1.0,0.0,0.03896554931998253,6296,7,0.15203094482421875,-706.6351318359375,-4.646162986755371,-1800.658935546875
46.49968700000318,1,23.149770799995167,23775,142092,142092,2,0,0,True,246.8092041015625,1.0,0.0,0.026277726516127586,6309,7,0.15209825336933136,-706.2109985351562,-4.617884635925293,-1800.3697509765625
46.51078860000416,1,23.16087239999615,23785,142092,142092,2,0,0,True,246.8274383544922,1.0,0.0,0.01959134452044964,6298,7,0.15221044421195984,-705.6463012695312,-4.578946590423584,-1799.983154296875
46.522057800000766,1,23.172141599992756,23802,142092,142092,2,0,0,True,246.84693908691406,1.0,0.0,0.026404554024338722,6265,7,0.15238995850086212,-704.6600952148438,-4.507429599761963,-1799.303466796875
46.53298810000706,1,23.18307189999905,23812,142092,142092,2,0,0,True,246.85372924804688,1.0,0.0,0.024847909808158875,6245,7,0.15247970819473267,-704.0977172851562,-4.4647698402404785,-1798.91357421875
46.54399220000778,1,23.194075999999768,23820,142092,142092,2,0,0,True,246.86080932617188,1.0,0.0,0.017218604683876038,6255,7,0.1525694578886032,-703.5361938476562,-4.420908451080322,-1798.5224609375
46.55502780000097,1,23.20511159999296,23830,142092,142092,2,0,0,True,246.8701171875,1.0,0.0,0.017138278111815453,6273,7,0.15265922248363495,-703.1156005859375,-4.387203216552734,-1798.2283935546875
46.56609580000804,1,23.216179600000032,23840,142092,142092,2,0,0,True,246.8751220703125,1.0,0.0,0.02889787033200264,6279,7,0.1527489423751831,-702.5555419921875,-4.341188907623291,-1797.83544921875
46.5768703000067,1,23.226954099998693,23857,142092,142092,2,0,0,True,246.88223266601562,1.0,0.0,0.08786801248788834,6290,7,0.1529504805803299,-701.4379272460938,-4.245571613311768,-1797.046142578125
46.588109500007704,1,23.238193299999693,23867,142092,142092,2,0,0,True,246.88385009765625,1.0,0.0,0.10084512829780579,6295,7,0.15301765501499176,-701.019775390625,-4.208437919616699,-1796.7489013671875
46.59893730000476,1,23.249021099996753,23877,142092,142092,2,0,0,True,246.8672332763672,1.0,0.0,0.07239308953285217,6289,7,0.15310722589492798,-700.4632568359375,-4.157862663269043,-1796.3514404296875
46.61003009999695,1,23.260113899988937,23885,142092,142092,2,0,0,True,246.8535919189453,1.0,0.0,0.09619254618883133,6284,7,0.15321919322013855,-699.9080200195312,-4.106088638305664,-1795.9522705078125
46.621060000004945,1,23.271143799996935,23895,142092,142092,2,0,0,True,246.84727478027344,1.0,0.0,0.08334515243768692,6293,7,0.15328636765480042,-699.492431640625,-4.06640625,-1795.6519775390625
46.63202699999965,1,23.282110799991642,23912,142092,142092,2,0,0,True,246.8325958251953,1.0,0.0,0.08037462830543518,6295,7,0.1534881442785263,-698.3878173828125,-3.956874370574951,-1794.8466796875
46.643274400004884,1,23.293358199996874,23922,142092,142092,2,0,0,True,246.81678771972656,1.0,0.0,0.07814332097768784,6302,7,0.15355578064918518,-697.974853515625,-3.914480209350586,-1794.543212890625
46.654162300008466,1,23.304246100000455,23932,142092,142092,2,0,0,True,246.81161499023438,1.0,0.0,0.07463948428630829,6300,7,0.15364596247673035,-697.425537109375,-3.8568015098571777,-1794.136962890625
46.66538099999889,1,23.315464799990878,23940,142092,142092,2,0,0,True,246.8052520751953,1.0,0.0,0.06928334385156631,6278,7,0.1537586897611618,-696.8775634765625,-3.797767162322998,-1793.729248046875
46.67623310000636,1,23.326316899998346,23950,142092,142092,2,0,0,True,246.79530334472656,1.0,0.0,0.06465043872594833,6261,7,0.15382634103298187,-696.4674682617188,-3.752703905105591,-1793.42236328125
46.68746139999712,1,23.33754519998911,23967,142092,142092,2,0,0,True,246.78884887695312,1.0,0.0,0.06554959714412689,6269,7,0.1540292501449585,-695.3775634765625,-3.6296799182891846,-1792.599609375
46.69865990000835,1,23.34874370000034,23977,142092,142092,2,0,0,True,246.76405334472656,1.0,0.0,0.06303462386131287,6272,7,0.15409688651561737,-694.9701538085938,-3.5825865268707275,-1792.28955078125
46.70972320000874,1,23.35980700000073,23987,142092,142092,2,0,0,True,246.7345733642578,1.0,0.0,0.0553385354578495,6270,7,0.15418708324432373,-694.4281005859375,-3.5190601348876953,-1791.874755859375
46.72064759999921,1,23.3707313999912,23997,142092,142092,2,0,0,True,246.71571350097656,1.0,0.0,0.05283366143703461,6266,7,0.15429982542991638,-693.887451171875,-3.4546964168548584,-1791.4583740234375
46.73162520000187,1,23.38170899999386,24005,142092,142092,2,0,0,True,246.69395446777344,1.0,0.0,0.04995805397629738,6263,7,0.15439003705978394,-693.3482055664062,-3.3895375728607178,-1791.0404052734375
46.74265390000073,1,23.392737699992722,24022,142092,142092,2,0,0,True,246.65025329589844,1.0,0.0,0.05389399826526642,6272,7,0.15457044541835785,-692.4077758789062,-3.27376651763916,-1790.305419921875
46.75399350000953,1,23.404077300001518,24035,142092,142092,2,0,0,True,246.62193298339844,1.0,0.0,0.0601356104016304,6297,7,0.15463809669017792,-692.006103515625,-3.223431348800659,-1789.9888916015625
46.76469520000683,1,23.414778999998816,24042,142092,142092,2,0,0,True,246.58714294433594,1.0,0.0,0.0653744786977768,6305,7,0.15475083887577057,-691.338623046875,-3.1384999752044678,-1789.459228515625
46.7762245000049,1,23.42630829999689,24050,142092,142092,2,0,0,True,246.55215454101562,1.0,0.0,0.07766604423522949,6286,7,0.15484105050563812,-690.9392700195312,-3.086956024169922,-1789.1400146484375
46.78705300000729,1,23.43713679999928,24062,142092,142092,2,0,0,True,246.51150512695312,1.0,0.0,0.08321841806173325,6268,7,0.1549086570739746,-690.5408935546875,-3.0349788665771484,-1788.8199462890625
46.798033800005214,1,23.448117599997204,24077,142092,142092,2,0,0,True,246.47299194335938,1.0,0.0,0.0890415608882904,6261,7,0.15511085093021393,-689.4830932617188,-2.8941659927368164,-1787.96142578125
46.80926200000977,1,23.459345800001756,24090,142092,142092,2,0,0,True,246.4255828857422,1.0,0.0,0.09049621969461441,6261,7,0.1551782488822937,-689.088134765625,-2.840512275695801,-1787.6375732421875
46.820233500009635,1,23.470317300001625,24097,142092,142092,2,0,0,True,246.35797119140625,1.0,0.0,0.08969222754240036,6267,7,0.15529057383537292,-688.43212890625,-2.750058650970459,-1787.095703125
46.83127520000562,1,23.48135899999761,24105,142092,142092,2,0,0,True,246.299072265625,1.0,0.0,0.08611120283603668,6271,7,0.15538044273853302,-688.0399169921875,-2.6951651573181152,-1786.7691650390625
46.84216800000286,1,23.492251799994847,24117,142092,142092,2,0,0,True,246.22274780273438,1.0,0.0,0.08028142899274826,6269,7,0.1554478406906128,-687.6486206054688,-2.639800548553467,-1786.4417724609375
46.85340380000707,1,23.503487599999062,24135,142092,142092,2,0,0,True,246.15963745117188,1.0,0.0,0.07678545266389847,6268,7,0.1556500792503357,-686.6104736328125,-2.489776611328125,-1785.5634765625
46.86457520000113,1,23.514658999993117,24145,142092,142092,2,0,0,True,246.08033752441406,1.0,0.0,0.06993907690048218,6275,7,0.15574005246162415,-686.09423828125,-2.413400888442993,-1785.12158203125
46.87555609999981,1,23.525639899991802,24152,142092,142092,2,0,0,True,246.01931762695312,1.0,0.0,0.06833475083112717,6278,7,0.1558300405740738,-685.5800170898438,-2.336085081100464,-1784.6778564453125
46.886704300006386,1,23.536788099998375,24162,142092,142092,2,0,0,True,245.96536254882812,1.0,0.0,0.06912656873464584,6283,7,0.15592002868652344,-685.1956176757812,-2.2774500846862793,-1784.34375
46.8977370000066,1,23.54782079999859,24172,142092,142092,2,0,0,True,245.89956665039062,0.6078431606292725,0.0,0.07672379165887833,6146,7,0.15601001679897308,-684.6849365234375,-2.198385238647461,-1783.8966064453125
46.908786700005294,1,23.558870499997283,24190,142092,142092,2,0,0,True,245.82325744628906,0.40392160415649414,0.0,0.08328931033611298,5998,7,0.15616747736930847,-683.7960815429688,-2.057650089263916,-1783.1097412109375
46.91982380000991,1,23.569907600001898,24200,142092,142092,2,0,0,True,245.6629638671875,0.02352941408753395,0.0,0.08425818383693695,5883,7,0.15627996623516083,-683.2909545898438,-1.975940465927124,-1782.657470703125
46.93073350000486,1,23.580817299996852,24210,142092,142092,2,0,0,True,245.4854278564453,0.0,0.0,0.08296793699264526,6070,7,0.15636995434761047,-682.7879028320312,-1.893377661705017,-1782.2037353515625
46.941508999996586,1,23.591592799988575,24217,142092,142092,2,0,0,True,245.2835235595703,0.0,0.0,0.08126173168420792,6254,7,0.1564599573612213,-682.286865234375,-1.8100758790969849,-1781.7484130859375
46.952321899996605,1,23.602405699988594,24227,142092,142092,2,0,0,True,245.0465850830078,0.0,0.0,0.08064689487218857,6238,7,0.15654996037483215,-681.9124755859375,-1.7472022771835327,-1781.406005859375
46.963390500008245,1,23.613474300000235,24245,142092,142092,2,0,0,True,244.87997436523438,0.0,0.0,0.08062786608934402,6092,7,0.15672998130321503,-680.9193115234375,-1.5782943964004517,-1780.48974609375
46.974247999998624,1,23.624331799990614,24255,142092,142092,2,0,0,True,244.72059631347656,0.0,0.0,0.08120470494031906,5985,7,0.15681998431682587,-680.5487670898438,-1.5146156549453735,-1780.1448974609375
46.98516959999688,1,23.63525339998887,24265,142092,142092,2,0,0,True,244.49696350097656,0.0,0.0,0.0818915069103241,6007,7,0.1569099873304367,-680.0562133789062,-1.4295203685760498,-1779.6842041015625
46.9964719999989,1,23.646555799990892,24272,142092,142092,2,0,0,True,244.31027221679688,0.0,0.0,0.0830983892083168,6079,7,0.15699999034404755,-679.5653686523438,-1.3442506790161133,-1779.2222900390625
47.0073931000079,1,23.657476899999892,24282,142092,142092,2,0,0,True,244.07481384277344,0.0,0.0,0.08245348185300827,6107,7,0.15706749260425568,-679.1984252929688,-1.2801716327667236,-1778.8751220703125
47.018418300009216,1,23.668502100001206,24292,142092,142092,2,0,0,True,243.88510131835938,0.0,0.0,0.08222472667694092,6067,7,0.15717992186546326,-678.7107543945312,-1.1946357488632202,-1778.411376953125
47.029452100003255,1,23.679535899995244,24310,142092,142092,2,0,0,True,243.6471710205078,0.0,0.0,0.08055586367845535,6036,7,0.15733733773231506,-677.8614501953125,-1.0447660684585571,-1777.59716796875
47.040569799995865,1,23.690653599987854,24320,142092,142092,2,0,0,True,243.4608917236328,0.0,0.0,0.07939974963665009,6039,7,0.15742728114128113,-677.378662109375,-0.9589433073997498,-1777.13037109375
47.05136730000959,1,23.701451100001577,24327,142092,142092,2,0,0,True,243.2633056640625,0.0,0.0,0.0790763571858406,6044,7,0.1575397253036499,-676.897705078125,-0.8729315996170044,-1776.6624755859375
47.06197989999782,1,23.712063699989812,24337,142092,142092,2,0,0,True,243.00831604003906,0.0,0.0,0.07439490407705307,6044,7,0.15760718286037445,-676.5382690429688,-0.8083120584487915,-1776.310791015625
47.072999099997105,1,23.723082899989095,24347,142092,142092,2,0,0,True,242.7996826171875,0.0,0.0,0.07122666388750076,6042,7,0.15769712626934052,-676.0607299804688,-0.7219562530517578,-1775.8409423828125
47.08416900000884,1,23.73425280000083,24365,142092,142092,2,0,0,True,242.5847930908203,0.0,0.0,0.06543903052806854,6040,7,0.15787683427333832,-675.22998046875,-0.5700857043266296,-1775.015625
47.095126700005494,1,23.745210499997484,24375,142092,142092,2,0,0,True,242.3134002685547,0.0,0.0,0.06386902183294296,6047,7,0.15796661376953125,-674.7582397460938,-0.4827441871166229,-1774.5423583984375
47.10632420000911,1,23.7564080000011,24382,142092,142092,2,0,0,True,242.0943145751953,0.0,0.0,0.06071704998612404,6050,7,0.15805640816688538,-674.2888793945312,-0.3948589265346527,-1774.0677490234375
47.11731960000179,1,23.767403399993782,24392,142092,142092,2,0,0,True,241.8265380859375,0.0,0.0,0.062946617603302,6048,7,0.15812373161315918,-673.9384155273438,-0.32853201031684875,-1773.7108154296875
47.12837390000641,1,23.7784576999984,24410,142092,142092,2,0,0,True,241.6196746826172,0.0,0.0,0.06660612672567368,6044,7,0.15830330550670624,-673.1260375976562,-0.17222490906715393,-1772.8748779296875
47.139534900008584,1,23.789618700000574,24420,142092,142092,2,0,0,True,241.4114532470703,0.0,0.0,0.06496450304985046,6040,7,0.15839308500289917,-672.6651611328125,-0.08194191753864288,-1772.395263671875
47.150502899996354,1,23.800586699988344,24427,142092,142092,2,0,0,True,241.15237426757812,0.0,0.0,0.06129077821969986,6033,7,0.1584828644990921,-672.2067260742188,0.009007679298520088,-1771.914306640625
47.16154670000833,1,23.81163050000032,24437,142092,142092,2,0,0,True,240.94508361816406,0.0,0.0,0.060598425567150116,6023,7,0.1585504710674286,-671.864501953125,0.07766127586364746,-1771.5526123046875
47.172561600003974,1,23.822645399995963,24447,142092,142092,2,0,0,True,240.6902618408203,0.0,0.0,0.06079389154911041,6000,7,0.15866322815418243,-671.4103393554688,0.16978920996189117,-1771.0692138671875
47.18367460000445,1,23.83375839999644,24465,142092,142092,2,0,0,True,240.48373413085938,0.0,0.0,0.061491236090660095,5981,7,0.15882109105587006,-670.6212158203125,0.3325284421443939,-1770.22021484375
47.1950169000047,1,23.845100699996692,24475,142092,142092,2,0,0,True,240.21878051757812,0.0,0.0,0.06292471289634705,5974,7,0.1589113026857376,-670.1735229492188,0.426302045583725,-1769.7332763671875
47.20601370000804,1,23.856097500000033,24482,142092,142092,2,0,0,True,240.005126953125,0.0,0.0,0.06381364911794662,5980,7,0.15900151431560516,-669.7282104492188,0.5206326842308044,-1769.2449951171875
47.21691920000012,1,23.86700299999211,24490,142092,142092,2,0,0,True,239.730712890625,0.0,0.0,0.06410221010446548,5990,7,0.15906916558742523,-669.3958740234375,0.5917625427246094,-1768.8779296875
47.22811389999697,1,23.87819769998896,24510,142092,142092,2,0,0,True,239.51226806640625,0.0,0.0,0.0647016391158104,5989,7,0.15927235782146454,-668.5162353515625,0.7830725312232971,-1767.895751953125
47.239062900000135,1,23.889146699992125,24520,142092,142092,2,0,0,True,239.30160522460938,0.0,0.0,0.06453117728233337,5986,7,0.1593402773141861,-668.18896484375,0.8554818034172058,-1767.526123046875
47.25019040000916,1,23.90027420000115,24527,142092,142092,2,0,0,True,239.0447998046875,0.0,0.0,0.06267286837100983,5976,7,0.15943081676959991,-667.7547607421875,0.95258629322052,-1767.0322265625
47.26135159999831,1,23.911435399990296,24537,142092,142092,2,0,0,True,238.8408966064453,0.0,0.0,0.06168980523943901,5968,7,0.15949873626232147,-667.4306640625,1.0258103609085083,-1766.660888671875
47.2722070000018,1,23.92229079999379,24545,142092,142092,2,0,0,True,238.58914184570312,0.0,0.0,0.060133352875709534,5967,7,0.15958929061889648,-667.0006713867188,1.1239356994628906,-1766.1649169921875
47.28313949999574,1,23.93322329998773,24562,142092,142092,2,0,0,True,238.3890838623047,0.0,0.0,0.06061370298266411,5952,7,0.15974774956703186,-666.2537231445312,1.296974539756775,-1765.2939453125
47.29408420000982,1,23.94416800000181,24572,142092,142092,2,0,0,True,238.18951416015625,0.0,0.0,0.06299923360347748,5936,7,0.15983830392360687,-665.935791015625,1.3716150522232056,-1764.919677734375
47.304835300004925,1,23.954919099996914,24582,142092,142092,2,0,0,True,237.9507598876953,0.0,0.0,0.06426361948251724,5916,7,0.1599288433790207,-665.513916015625,1.4715622663497925,-1764.419677734375
47.31588660000125,1,23.96597039999324,24590,142092,142092,2,0,0,True,237.75926208496094,0.0,0.0,0.06569982320070267,5909,7,0.1600194126367569,-665.09423828125,1.5719399452209473,-1763.91845703125
47.32721319999837,1,23.977296999990358,24610,142092,142092,2,0,0,True,237.52133178710938,0.0,0.0,0.06644109636545181,5917,7,0.1601552516222,-664.4686279296875,1.723089337348938,-1763.1649169921875
47.33803860000626,1,23.988122399998247,24617,142092,142092,2,0,0,True,237.33738708496094,0.0,0.0,0.06666193902492523,5920,7,0.16026845574378967,-663.9508666992188,1.8494796752929688,-1762.535400390625
47.349199899996165,1,23.999283699988155,24625,142092,142092,2,0,0,True,237.15834045410156,0.0,0.0,0.06706348061561584,5909,7,0.16033637523651123,-663.6416625976562,1.9254562854766846,-1762.156982421875
47.36020370000915,1,24.01028750000114,24635,142092,142092,2,0,0,True,236.9348602294922,0.0,0.0,0.06779741495847702,5881,7,0.1604042947292328,-663.3335571289062,2.0014939308166504,-1761.778076171875
47.37119050000911,1,24.021274300001096,24652,142092,142092,2,0,0,True,236.75799560546875,0.0,0.0,0.06869924068450928,5867,7,0.16060806810855865,-662.5166625976562,2.2043001651763916,-1760.7655029296875
47.382420000009006,1,24.032503800000995,24662,142092,142092,2,0,0,True,236.5326385498047,0.0,0.0,0.07084310799837112,5859,7,0.1606759876012802,-662.2120971679688,2.2803213596343994,-1760.385009765625
47.393442800006596,1,24.043526599998586,24670,142092,142092,2,0,0,True,236.35122680664062,0.0,0.0,0.07211420685052872,5857,7,0.1607666015625,-661.8075561523438,2.381624460220337,-1759.8770751953125
47.40459120000014,1,24.05467499999213,24677,142092,142092,2,0,0,True,236.12010192871094,0.0,0.0,0.07469969987869263,5855,7,0.16083455085754395,-661.5052490234375,2.457540512084961,-1759.4957275390625
47.41563810000662,1,24.065721899998607,24697,142092,142092,2,0,0,True,235.9320526123047,0.0,0.0,0.07583226263523102,5854,7,0.16101576387882233,-660.703857421875,2.659700632095337,-1758.4765625
47.4267225000076,1,24.07680629999959,24705,142092,142092,2,0,0,True,235.74559020996094,0.0,0.0,0.07703140377998352,5852,7,0.16108372807502747,-660.4051513671875,2.7354350090026855,-1758.0936279296875
47.437912599998526,1,24.087996399990516,24717,142092,142092,2,0,0,True,235.5155029296875,0.0,0.0,0.07867009937763214,5848,7,0.1611516773700714,-660.107421875,2.8111417293548584,-1757.7103271484375
47.448919600006775,1,24.099003399998765,24725,142092,142092,2,0,0,True,235.33010864257812,0.0,0.0,0.07949311286211014,5839,7,0.16126494109630585,-659.6134033203125,2.937263011932373,-1757.0704345703125
47.459952700010035,1,24.110036500002025,24732,142092,142092,2,0,0,True,235.09812927246094,0.0,0.0,0.0799558088183403,5836,7,0.16135555505752563,-659.318359375,3.0128934383392334,-1756.6861572265625
47.4709898000001,1,24.121073599992087,24752,142092,142092,2,0,0,True,234.91270446777344,0.0,0.0,0.07932952791452408,5836,7,0.16151416301727295,-658.6336059570312,3.1892478466033936,-1755.7877197265625
47.48205869999947,1,24.13214249999146,24760,142092,142092,2,0,0,True,234.68345642089844,0.0,0.0,0.07900466024875641,5831,7,0.16160479187965393,-658.2448120117188,3.289968252182007,-1755.2733154296875
47.49290270000347,1,24.14298649999546,24770,142092,142092,2,0,0,True,234.49937438964844,0.0,0.0,0.07889332622289658,5823,7,0.16167277097702026,-657.9542846679688,3.3654844760894775,-1754.8870849609375
47.50400359999912,1,24.154087399991113,24777,142092,142092,2,0,0,True,234.31431579589844,0.0,0.0,0.07883433252573013,5815,7,0.16176341474056244,-657.5685424804688,3.4661288261413574,-1754.37158203125
47.515014600008726,1,24.165098400000716,24787,142092,142092,2,0,0,True,234.07986450195312,0.0,0.0,0.07897578179836273,5811,7,0.16183139383792877,-657.2803955078125,3.5415873527526855,-1753.9844970703125
47.52606050000759,1,24.176144299999578,24805,142092,142092,2,0,0,True,233.8904571533203,0.0,0.0,0.07978563755750656,5808,7,0.16201266646385193,-656.5170288085938,3.7427937984466553,-1752.9503173828125
47.53706139999849,1,24.187145199990482,24812,142092,142092,2,0,0,True,233.65969848632812,0.0,0.0,0.0801750048995018,5802,7,0.16208064556121826,-656.2326049804688,3.8182578086853027,-1752.561767578125
47.5480297000031,1,24.198113499995088,24825,142092,142092,2,0,0,True,233.4738311767578,0.0,0.0,0.07928231358528137,5796,7,0.1621483564376831,-655.9492797851562,3.8937318325042725,-1752.1727294921875
47.55966860000626,1,24.20975239999825,24840,142092,142092,2,0,0,True,233.24166870117188,0.0,0.0,0.07881320267915726,5792,7,0.16232818365097046,-655.19873046875,4.094976425170898,-1751.1337890625
47.57105369999772,1,24.22113749998971,24852,142092,142092,2,0,0,True,233.0633544921875,0.0,0.0,0.07716996967792511,5794,7,0.1623956263065338,-654.919189453125,4.170432090759277,-1750.743408203125
47.58193549999851,1,24.232019299990498,24860,142092,142092,2,0,0,True,232.84384155273438,0.0,0.0,0.0763305276632309,5785,7,0.16253049671649933,-654.4553833007812,4.296142101287842,-1750.092041015625
47.59284440000192,1,24.242928199993912,24867,142092,142092,2,0,0,True,232.66952514648438,0.0,0.0,0.0742097944021225,5769,7,0.1625979244709015,-654.1784057617188,4.371499061584473,-1749.7008056640625
47.60360760000185,1,24.25369139999384,24877,142092,142092,2,0,0,True,232.4998321533203,0.0,0.0,0.0731080025434494,5764,7,0.16266536712646484,-653.90234375,4.4467692375183105,-1749.3092041015625
47.61462290000054,1,24.26470669999253,24895,142092,142092,2,0,0,True,232.28758239746094,0.0,0.0,0.07182450592517853,5749,7,0.16284523904323578,-653.170654296875,4.6469340324401855,-1748.2633056640625
47.62580789999629,1,24.27589169998828,24905,142092,142092,2,0,0,True,232.11756896972656,0.0,0.0,0.07180476188659668,5739,7,0.16291292011737823,-652.8978271484375,4.721717834472656,-1747.87060546875
47.636739000008674,1,24.286822800000664,24915,142092,142092,2,0,0,True,231.93994140625,0.0,0.0,0.07161430269479752,5730,7,0.16300316154956818,-652.535400390625,4.821155071258545,-1747.346435546875
47.647971700003836,1,24.298055499995826,24922,142092,142092,2,0,0,True,231.70909118652344,0.0,0.0,0.07267118990421295,5724,7,0.16309338808059692,-652.1744995117188,4.920262813568115,-1746.82177734375
47.65917559999798,1,24.30925939998997,24932,142092,142092,2,0,0,True,231.519287109375,0.0,0.0,0.0730631947517395,5723,7,0.16316106915473938,-651.9048461914062,4.9943928718566895,-1746.427978515625
47.67020710000361,1,24.320290899995598,24950,142092,142092,2,0,0,True,231.28140258789062,0.0,0.0,0.07293164730072021,5720,7,0.16334155201911926,-651.1904296875,5.191407680511475,-1745.376220703125
47.681210399998236,1,24.331294199990225,24960,142092,142092,2,0,0,True,231.0854034423828,0.0,0.0,0.07208684086799622,5724,7,0.16340921819210052,-650.9242553710938,5.265096664428711,-1744.9813232421875
47.69230460000108,1,24.34238839999307,24967,142092,142092,2,0,0,True,230.83155822753906,0.0,0.0,0.06999177485704422,5736,7,0.16349945962429047,-650.5709838867188,5.3632426261901855,-1744.4541015625
47.70339619999868,1,24.353479999990668,24977,142092,142092,2,0,0,True,230.63572692871094,0.0,0.0,0.07031600177288055,5744,7,0.16356682777404785,-650.3073120117188,5.436822891235352,-1744.058349609375
47.7143439000065,1,24.364427699998487,24995,142092,142092,2,0,0,True,230.39755249023438,0.0,0.0,0.06691350042819977,5737,7,0.16374240815639496,-649.6097412109375,5.633237838745117,-1743.001220703125
47.725643099998706,1,24.375726899990696,25005,142092,142092,2,0,0,True,230.21128845214844,0.0,0.0,0.06500513851642609,5722,7,0.16380825638771057,-649.3501586914062,5.706984996795654,-1742.6041259765625
47.73660210000526,1,24.386685899997246,25015,142092,142092,2,0,0,True,230.02638244628906,0.0,0.0,0.06166399270296097,5712,7,0.16389605402946472,-649.0057983398438,5.805348873138428,-1742.0740966796875
47.74736330000451,1,24.397447099996498,25025,142092,142092,2,0,0,True,229.800537109375,0.0,0.0,0.06128014251589775,5708,7,0.16398383677005768,-648.6633911132812,5.903749465942383,-1741.54345703125
47.75853079999797,1,24.40861459998996,25032,142092,142092,2,0,0,True,229.62648010253906,0.0,0.0,0.05977267026901245,5702,7,0.16407163441181183,-648.3229370117188,6.002190113067627,-1741.01220703125
47.76968910000869,1,24.41977290000068,25050,142092,142092,2,0,0,True,229.4077911376953,0.0,0.0,0.05943943187594414,5683,7,0.16424721479415894,-647.7314453125,6.174352645874023,-1740.0810546875
47.78065690000949,1,24.43074070000148,25060,142092,142092,2,0,0,True,229.23135375976562,0.0,0.0,0.05968679487705231,5666,7,0.16431400179862976,-647.4795532226562,6.2480034828186035,-1739.6815185546875
47.791716400010046,1,24.441800200002035,25070,142092,142092,2,0,0,True,229.0511474609375,0.0,0.0,0.05995618924498558,5662,7,0.1643809676170349,-647.1452026367188,6.346034526824951,-1739.1483154296875
47.802749499998754,1,24.452833299990743,25077,142092,142092,2,0,0,True,228.8194122314453,0.0,0.0,0.06184528023004532,5659,7,0.16447027027606964,-646.8125610351562,6.4438581466674805,-1738.6146240234375
47.81350129999919,1,24.463585099991178,25087,142092,142092,2,0,0,True,228.63136291503906,0.0,0.0,0.062197815626859665,5656,7,0.164537250995636,-646.564208984375,6.517103672027588,-1738.2139892578125
47.82465979999688,1,24.47474359998887,25105,142092,142092,2,0,0,True,228.3928985595703,0.0,0.0,0.062472790479660034,5653,7,0.16471585631370544,-645.90673828125,6.7119460105896,-1737.1444091796875
47.83577069999592,1,24.48585449998791,25115,142092,142092,2,0,0,True,228.20111083984375,0.0,0.0,0.062163956463336945,5651,7,0.1647828370332718,-645.6620483398438,6.784860134124756,-1736.7427978515625
47.846728500007885,1,24.496812299999874,25125,142092,142092,2,0,0,True,228.005859375,0.0,0.0,0.061700884252786636,5659,7,0.16487213969230652,-645.33740234375,6.881998062133789,-1736.2069091796875
47.85782340000151,1,24.507907199993497,25132,142092,142092,2,0,0,True,227.76126098632812,0.0,0.0,0.06034993752837181,5665,7,0.16496144235134125,-645.0146484375,6.979103088378906,-1735.67041015625
47.868880199996056,1,24.518963999988046,25142,142092,142092,2,0,0,True,227.56581115722656,0.0,0.0,0.05979873239994049,5662,7,0.1650288701057434,-644.77392578125,7.051942348480225,-1735.2677001953125
47.87984409999626,1,24.52992789998825,25160,142092,142092,2,0,0,True,227.33413696289062,0.0,0.0,0.058210764080286026,5652,7,0.16520893573760986,-644.137451171875,7.246337413787842,-1734.1922607421875
47.89115360000869,1,24.541237400000682,25170,142092,142092,2,0,0,True,227.14834594726562,0.0,0.0,0.05780917778611183,5641,7,0.16527646780014038,-643.90087890625,7.319302082061768,-1733.788330078125
47.90215520000493,1,24.552238999996916,25180,142092,142092,2,0,0,True,226.91616821289062,0.0,0.0,0.056877829134464264,5636,7,0.1653665006160736,-643.5870971679688,7.416623115539551,-1733.2493896484375
47.91335560000152,1,24.563439399993513,25187,142092,142092,2,0,0,True,226.73794555664062,0.0,0.0,0.056593943387269974,5639,7,0.16545653343200684,-643.2753295898438,7.513990879058838,-1732.7099609375
47.92424249999749,1,24.57432629998948,25197,142092,142092,2,0,0,True,226.56085205078125,0.0,0.0,0.05797981098294258,5628,7,0.16552405059337616,-643.042724609375,7.587040424346924,-1732.3050537109375
47.935201800006325,1,24.585285599998315,25217,142092,142092,2,0,0,True,226.3431396484375,0.0,0.0,0.05830337852239609,5607,7,0.16570410132408142,-642.4276733398438,7.78178071975708,-1731.223876953125
47.94618050000281,1,24.5962642999948,25225,142092,142092,2,0,0,True,226.1710968017578,0.0,0.0,0.05923880264163017,5601,7,0.16579404473304749,-642.1227416992188,7.878994464874268,-1730.6826171875
47.957319100009045,1,24.607402900001034,25235,142092,142092,2,0,0,True,225.95310974121094,0.0,0.0,0.06017163768410683,5598,7,0.16586150228977203,-641.8952026367188,7.951793670654297,-1730.2763671875
47.968225500007975,1,24.618309299999964,25245,142092,142092,2,0,0,True,225.7820587158203,0.0,0.0,0.06295335292816162,5589,7,0.1659514456987381,-641.59326171875,8.048681259155273,-1729.734375
47.97941539999738,1,24.629499199989368,25252,142092,142092,2,0,0,True,225.58119201660156,0.0,0.0,0.06384693831205368,5574,7,0.16604138910770416,-641.29296875,8.145354270935059,-1729.1920166015625
47.99098650000815,1,24.641070300000138,25272,142092,142092,2,0,0,True,225.41725158691406,0.0,0.0,0.06255451589822769,5564,7,0.16619879007339478,-640.7710571289062,8.313776969909668,-1728.241943359375
48.00187530000403,1,24.65195909999602,25280,142092,142092,2,0,0,True,225.21697998046875,0.0,0.0,0.061848774552345276,5569,7,0.16628873348236084,-640.4747314453125,8.409394264221191,-1727.6986083984375
48.01257700000133,1,24.66266079999332,25292,142092,142092,2,0,0,True,225.06396484375,0.0,0.0,0.061392296105623245,5576,7,0.1663561910390854,-640.2532958984375,8.480769157409668,-1727.291015625
48.02368500000739,1,24.67376879999938,25300,142092,142092,2,0,0,True,224.91635131835938,0.0,0.0,0.06115172803401947,5560,7,0.1664685308933258,-639.8858642578125,8.599059104919434,-1726.6112060546875
48.034760000009555,1,24.684843800001545,25307,142092,142092,2,0,0,True,224.72027587890625,0.0,0.0,0.06243925914168358,5528,7,0.16651342809200287,-639.6663208007812,8.66959285736084,-1726.203125
48.04574390000198,1,24.69582769999397,25327,142092,142092,2,0,0,True,224.56976318359375,0.0,0.0,0.06351922452449799,5519,7,0.16669303178787231,-639.083740234375,8.855775833129883,-1725.1143798828125
48.05666000000201,1,24.706743799994,25335,142092,142092,2,0,0,True,224.41734313964844,0.0,0.0,0.06436829268932343,5522,7,0.1667603850364685,-638.866455078125,8.924873352050781,-1724.705810546875
48.06734789999609,1,24.717431699988083,25347,142092,142092,2,0,0,True,224.22779846191406,0.0,0.0,0.06622143089771271,5515,7,0.1668277382850647,-638.6497192382812,8.993569374084473,-1724.2972412109375
48.07834649999859,1,24.728430299990578,25355,142092,142092,2,0,0,True,224.0716552734375,0.0,0.0,0.06702318787574768,5514,7,0.16693998873233795,-638.2898559570312,9.107121467590332,-1723.615966796875
48.08931320000556,1,24.739396999997552,25365,142092,142092,2,0,0,True,223.9185791015625,0.0,0.0,0.0670350044965744,5520,7,0.16700734198093414,-638.07470703125,9.174654006958008,-1723.20703125
48.100741600006586,1,24.750825399998575,25375,142092,142092,2,0,0,True,223.7290802001953,0.0,0.0,0.06666737794876099,5524,7,0.16709715127944946,-637.7886962890625,9.264039993286133,-1722.66162109375
48.11157730000559,1,24.761661099997582,25392,142092,142092,2,0,0,True,223.585693359375,0.0,0.0,0.06729070842266083,5516,7,0.1672544926404953,-637.2906494140625,9.418635368347168,-1721.706787109375
48.122684100002516,1,24.772767899994506,25402,142092,142092,2,0,0,True,223.40545654296875,0.0,0.0,0.06805873662233353,5490,7,0.16734443604946136,-637.00732421875,9.505867958068848,-1721.1610107421875
48.13343010000244,1,24.783513899994432,25412,142092,142092,2,0,0,True,223.26014709472656,0.0,0.0,0.06965310126543045,5480,7,0.16743437945842743,-636.7249145507812,9.592253684997559,-1720.614990234375
48.14459209999768,1,24.79467589998967,25420,142092,142092,2,0,0,True,223.06715393066406,0.0,0.0,0.07063990831375122,5479,7,0.1675243228673935,-636.4434204101562,9.677775382995605,-1720.0689697265625
48.1556253000017,1,24.805709099993692,25430,142092,142092,2,0,0,True,222.90573120117188,0.0,0.0,0.07372932136058807,5478,7,0.16756929457187653,-636.2328491210938,9.74137020111084,-1719.6593017578125
48.16671250000945,1,24.816796300001442,25447,142092,142092,2,0,0,True,222.7406768798828,0.0,0.0,0.07516047358512878,5475,7,0.16774918138980865,-635.6744384765625,9.908879280090332,-1718.56640625
48.17827160000161,1,24.828355399993598,25460,142092,142092,2,0,0,True,222.52447509765625,0.0,0.0,0.07771895825862885,5470,7,0.1678166389465332,-635.4662475585938,9.971017837524414,-1718.1563720703125
48.189188700009254,1,24.839272500001243,25467,142092,142092,2,0,0,True,222.34730529785156,0.0,0.0,0.0783790796995163,5484,7,0.167929008603096,-635.1209106445312,10.073919296264648,-1717.47265625
48.20012540000607,1,24.850209199998062,25475,142092,142092,2,0,0,True,222.12420654296875,0.0,0.0,0.07787743210792542,5511,7,0.16799642145633698,-634.914794921875,10.13534927368164,-1717.062255859375
48.21093400000245,1,24.861017799994443,25487,142092,142092,2,0,0,True,221.9469451904297,0.0,0.0,0.07730930298566818,5519,7,0.16806384921073914,-634.7095336914062,10.196596145629883,-1716.6517333984375
48.221687099998235,1,24.871770899990224,25495,142092,142092,2,0,0,True,221.76756286621094,0.0,0.0,0.07648909091949463,5512,7,0.16817620396614075,-634.3695068359375,10.298360824584961,-1715.9671630859375
48.23258409999835,1,24.882667899990338,25505,142092,142092,2,0,0,True,221.5537567138672,0.0,0.0,0.07559335976839066,5495,7,0.1682211458683014,-634.166748046875,10.359278678894043,-1715.5562744140625
48.24378699999943,1,24.89387079999142,25522,142092,142092,2,0,0,True,221.38848876953125,0.0,0.0,0.07562380284070969,5486,7,0.16840092837810516,-633.6309204101562,10.521502494812012,-1714.45947265625
48.25485490000574,1,24.90493869999773,25532,142092,142092,2,0,0,True,221.18032836914062,0.0,0.0,0.0755450502038002,5492,7,0.16846834123134613,-633.4317626953125,10.582300186157227,-1714.0477294921875
48.26592740000342,1,24.91601119999541,25542,142092,142092,2,0,0,True,221.0160369873047,0.0,0.0,0.07429445534944534,5496,7,0.16855822503566742,-633.1677856445312,10.663325309753418,-1713.4986572265625
48.27680920000421,1,24.9268929999962,25552,142092,142092,2,0,0,True,220.85403442382812,0.0,0.0,0.0740923285484314,5481,7,0.16864751279354095,-632.905517578125,10.74428653717041,-1712.9490966796875
48.287888799997745,1,24.937972599989735,25560,142092,142092,2,0,0,True,220.6501007080078,0.0,0.0,0.07487962394952774,5462,7,0.16873672604560852,-632.6448364257812,10.8251371383667,-1712.3994140625
48.299006400004146,1,24.949090199996135,25580,142092,142092,2,0,0,True,220.48399353027344,0.0,0.0,0.0767957791686058,5445,7,0.16887053847312927,-632.1926879882812,10.966303825378418,-1711.4366455078125
48.31015720000141,1,24.960240999993403,25587,142092,142092,2,0,0,True,220.26239013671875,0.0,0.0,0.07775546610355377,5436,7,0.16895975172519684,-631.9365234375,11.046768188476562,-1710.8861083984375
48.32118860000628,1,24.97127239999827,25600,142092,142092,2,0,0,True,220.07778930664062,0.0,0.0,0.077232725918293,5447,7,0.16902665793895721,-631.7455444335938,11.107010841369629,-1710.4730224609375
48.33208370000648,1,24.982167499998468,25607,142092,142092,2,0,0,True,219.84237670898438,0.0,0.0,0.07580859214067459,5470,7,0.16913817822933197,-631.4293823242188,11.20731258392334,-1709.7841796875
48.34324210000341,1,24.993325899995398,25617,142092,142092,2,0,0,True,219.65325927734375,0.0,0.0,0.07313843071460724,5480,7,0.16920508444309235,-631.2411499023438,11.267492294311523,-1709.3707275390625
48.3543173000071,1,25.004401099999086,25635,142092,142092,2,0,0,True,219.46920776367188,0.0,0.0,0.07130502909421921,5472,7,0.16936095058918,-630.7446899414062,11.428285598754883,-1708.2672119140625
48.36543299999903,1,25.01551679999102,25645,142092,142092,2,0,0,True,219.2539520263672,0.0,0.0,0.0668073445558548,5454,7,0.16942764818668365,-630.5606689453125,11.488786697387695,-1707.85302734375
48.37632009999652,1,25.02640389998851,25655,142092,142092,2,0,0,True,219.09347534179688,0.0,0.0,0.0638706311583519,5442,7,0.16951657831668854,-630.3170166015625,11.569622993469238,-1707.300537109375
48.38715830000001,1,25.037242099992,25665,142092,142092,2,0,0,True,218.89703369140625,0.0,0.0,0.058622341603040695,5439,7,0.1695832759141922,-630.0753173828125,11.65054702758789,-1706.7476806640625
48.398174600006314,1,25.048258399998304,25672,142092,142092,2,0,0,True,218.74607849121094,0.0,0.0,0.05758924037218094,5438,7,0.1696721911430359,-629.8353271484375,11.73144245147705,-1706.194580078125
48.40898130000278,1,25.05906509999477,25685,142092,142092,2,0,0,True,218.60279846191406,0.0,0.0,0.05672253668308258,5430,7,0.16973888874053955,-629.6565551757812,11.792058944702148,-1705.779541015625
48.42019269999582,1,25.070276499987813,25700,142092,142092,2,0,0,True,218.43003845214844,0.0,0.0,0.05801830813288689,5398,7,0.16991674900054932,-629.1839599609375,11.953130722045898,-1704.672119140625
48.431214700001874,1,25.081298499993864,25712,142092,142092,2,0,0,True,218.2964630126953,0.0,0.0,0.05913536623120308,5369,7,0.16998344659805298,-629.0081176757812,12.013143539428711,-1704.2567138671875
48.442109399999026,1,25.092193199991016,25720,142092,142092,2,0,0,True,218.13607788085938,0.0,0.0,0.056055404245853424,5359,7,0.17007359862327576,-628.716552734375,12.112420082092285,-1703.56396484375
48.453279599998496,1,25.103363399990485,25730,142092,142092,2,0,0,True,218.01121520996094,0.0,0.0,0.0589611753821373,5358,7,0.170141339302063,-628.5422973632812,12.171446800231934,-1703.1483154296875
48.464276300001075,1,25.114360099993064,25740,142092,142092,2,0,0,True,217.88821411132812,0.0,0.0,0.05783529207110405,5349,7,0.1702316552400589,-628.3106079101562,12.249382019042969,-1702.593994140625
48.47573550000379,1,25.125819299995783,25750,142092,142092,2,0,0,True,217.73463439941406,0.0,0.0,0.057130634784698486,5336,7,0.1703219711780548,-628.07958984375,12.326321601867676,-1702.0396728515625
48.48648800000956,1,25.136571800001548,25757,142092,142092,2,0,0,True,217.61468505859375,0.0,0.0,0.05630512908101082,5322,7,0.17041228711605072,-627.8490600585938,12.40213680267334,-1701.4853515625
48.49753629999759,1,25.14762009998958,25777,142092,142092,2,0,0,True,217.4673614501953,0.0,0.0,0.056734468787908554,5298,7,0.17057034373283386,-627.389404296875,12.550276756286621,-1700.376708984375
48.50876290000451,1,25.158846699996502,25787,142092,142092,2,0,0,True,217.35220336914062,0.0,0.0,0.05643387511372566,5284,7,0.1706380844116211,-627.217529296875,12.604593276977539,-1699.9610595703125
48.51984920000541,1,25.1699329999974,25797,142092,142092,2,0,0,True,217.20204162597656,0.0,0.0,0.05649995058774948,5268,7,0.17072844505310059,-626.9887084960938,12.675921440124512,-1699.40673828125
48.53072029999748,1,25.180804099989473,25807,142092,142092,2,0,0,True,217.0716094970703,0.0,0.0,0.05554678663611412,5266,7,0.1708190143108368,-626.7603149414062,12.746013641357422,-1698.8525390625
48.54175380000379,1,25.19183759999578,25815,142092,142092,2,0,0,True,216.93875122070312,0.0,0.0,0.05543051287531853,5282,7,0.17088693380355835,-626.5324096679688,12.814901351928711,-1698.2982177734375
48.55256029999873,1,25.20264409999072,25827,142092,142092,2,0,0,True,216.76475524902344,0.0,0.0,0.05594669654965401,5282,7,0.1709548681974411,-626.3618774414062,12.865822792053223,-1697.882568359375
48.563570700003766,1,25.213654499995755,25842,142092,142092,2,0,0,True,216.6157989501953,0.0,0.0,0.05643169581890106,5272,7,0.1711360067129135,-625.9089965820312,12.998714447021484,-1696.774169921875
48.57458709999628,1,25.22467089998827,25855,142092,142092,2,0,0,True,216.42149353027344,0.0,0.0,0.057783327996730804,5276,7,0.17120394110679626,-625.739990234375,13.047574996948242,-1696.3585205078125
48.585882300001686,1,25.235966099993675,25862,142092,142092,2,0,0,True,216.2579803466797,0.0,0.0,0.05818162485957146,5294,7,0.17129451036453247,-625.4596557617188,13.12800407409668,-1695.6656494140625
48.59692090000317,1,25.24700469999516,25872,142092,142092,2,0,0,True,216.05438232421875,0.0,0.0,0.057694852352142334,5328,7,0.17136244475841522,-625.2922973632812,13.17573356628418,-1695.2498779296875
48.60782440000912,1,25.25790820000111,25882,142092,142092,2,0,0,True,215.89100646972656,0.0,0.0,0.05750450864434242,5343,7,0.17145301401615143,-625.0702514648438,13.238846778869629,-1694.6954345703125
48.618974199998775,1,25.269057999990764,25892,142092,142092,2,0,0,True,215.72140502929688,0.0,0.0,0.0578654408454895,5339,7,0.17154359817504883,-624.8495483398438,13.301431655883789,-1694.1409912109375
48.629848600001424,1,25.279932399993413,25902,142092,142092,2,0,0,False,215.4981689453125,0.0,0.0,0.06013144180178642,5333,7,0.17163416743278503,-624.6303100585938,13.363581657409668,-1693.5863037109375
48.640906200002064,1,25.290989999994054,25920,142092,142092,2,0,0,False,215.3216094970703,0.0,0.0,0.061939537525177,5330,7,0.17179268598556519,-624.1968994140625,13.487143516540527,-1692.4765625
48.65196590000414,1,25.302049699996132,25930,142092,142092,2,0,0,False,215.11378479003906,0.0,0.0,0.06436276435852051,5324,7,0.17186062037944794,-624.0363159179688,13.533421516418457,-1692.0601806640625
48.66316910000751,1,25.313252899999497,25940,142092,142092,2,0,0,False,214.95120239257812,0.0,0.0,0.06441941112279892,5323,7,0.17195120453834534,-623.8237915039062,13.595149040222168,-1691.5047607421875
48.67419990000781,1,25.324283699999796,25950,142092,142092,2,0,0,False,214.78321838378906,0.0,0.0,0.06323191523551941,5331,7,0.1720191389322281,-623.6130981445312,13.656881332397461,-1690.94921875
48.68515190000471,1,25.3352356999967,25957,142092,142092,2,0,0,False,214.5789794921875,0.0,0.0,0.06220183148980141,5349,7,0.1721097230911255,-623.4042358398438,13.718581199645996,-1690.3934326171875
48.69638670000131,1,25.346470499993302,25977,142092,142092,2,0,0,False,214.4315643310547,0.0,0.0,0.058829501271247864,5353,7,0.17226818203926086,-623.04345703125,13.826606750488281,-1689.4202880859375
48.70723890000954,1,25.357322700001532,25985,142092,142092,2,0,0,False,214.26141357421875,0.0,0.0,0.057026684284210205,5322,7,0.17235872149467468,-622.8396606445312,13.888318061828613,-1688.864013671875
48.718510899998364,1,25.368594699990354,25997,142092,142092,2,0,0,False,214.12698364257812,0.0,0.0,0.05591806396842003,5290,7,0.1724039912223816,-622.6878662109375,13.934494018554688,-1688.446533203125
48.72943710000254,1,25.37952089999453,26005,142092,142092,2,0,0,False,213.95779418945312,0.0,0.0,0.05720207840204239,5276,7,0.17251718044281006,-622.4366455078125,14.011066436767578,-1687.750732421875
48.74052099999972,1,25.390604799991706,26015,142092,142092,2,0,0,False,213.8186798095703,0.0,0.0,0.061340004205703735,5272,7,0.17258507013320923,-622.2870483398438,14.056750297546387,-1687.3331298828125
48.751711600009,1,25.401795400000992,26025,142092,142092,2,0,0,False,213.67088317871094,0.0,0.0,0.06401411443948746,5262,7,0.17267560958862305,-622.0888061523438,14.11732292175293,-1686.7762451171875
48.76252220000606,1,25.41260599999805,26042,142092,142092,2,0,0,False,213.4796142578125,0.0,0.0,0.06803198158740997,5245,7,0.17283406853675842,-621.6964721679688,14.23715877532959,-1685.6619873046875
48.77342789999966,1,25.42351169999165,26042,142092,142092,2,0,0,False,213.3235321044922,0.0,0.0,0.06925531476736069,5250,7,0.17283406853675842,-621.6964721679688,14.23715877532959,-1685.6619873046875
48.78415190000669,1,25.43423569999868,26062,142092,142092,2,0,0,False,213.1682586669922,0.0,0.0,0.06923152506351471,5267,7,0.1730150431394577,-621.3099365234375,14.355388641357422,-1684.5472412109375
48.79505070000596,1,25.44513449999795,26072,142092,142092,2,0,0,False,212.96713256835938,0.0,0.0,0.0671861469745636,5290,7,0.17308290302753448,-621.1665649414062,14.399375915527344,-1684.129150390625
48.805831400008174,1,25.455915200000163,26082,142092,142092,2,0,0,False,212.8063507080078,0.0,0.0,0.06560089439153671,5301,7,0.17315076291561127,-620.976806640625,14.457765579223633,-1683.5716552734375
48.81720160000259,1,25.46728539999458,26092,142092,142092,2,0,0,False,212.6100616455078,0.0,0.0,0.06359978020191193,5294,7,0.17324122786521912,-620.7887573242188,14.5159330368042,-1683.013916015625
48.82802880000963,1,25.478112600001623,26100,142092,142092,2,0,0,False,212.45518493652344,0.0,0.0,0.06307633966207504,5274,7,0.17333170771598816,-620.6024169921875,14.573959350585938,-1682.4561767578125
48.83936359999643,1,25.48944739998842,26120,142092,142092,2,0,0,False,212.29782104492188,0.0,0.0,0.06363488733768463,5254,7,0.1734900325536728,-620.2806396484375,14.675277709960938,-1681.4796142578125
48.8501205000066,1,25.500204299998586,26127,142092,142092,2,0,0,False,212.10379028320312,0.0,0.0,0.0646146908402443,5249,7,0.17355787754058838,-620.0992431640625,14.733080863952637,-1680.92138671875
48.86115769999742,1,25.51124149998941,26140,142092,142092,2,0,0,False,211.95530700683594,0.0,0.0,0.06422735005617142,5258,7,0.17362573742866516,-619.9644165039062,14.776412963867188,-1680.502685546875
48.87225890000991,1,25.5223427000019,26147,142092,142092,2,0,0,False,211.7729949951172,0.0,0.0,0.06360889971256256,5264,7,0.1737387627363205,-619.7418823242188,14.84853744506836,-1679.8045654296875
48.88338110000768,1,25.53346489999967,26157,142092,142092,2,0,0,False,211.63528442382812,0.0,0.0,0.06097717583179474,5261,7,0.1738065779209137,-619.6096801757812,14.891698837280273,-1679.3857421875
48.89442870000494,1,25.544512499996927,26175,142092,142092,2,0,0,False,211.47015380859375,0.0,0.0,0.059155676513910294,5254,7,0.17396481335163116,-619.2613525390625,15.006168365478516,-1678.268310546875
48.905419400005485,1,25.555503199997474,26185,142092,142092,2,0,0,False,211.33673095703125,0.0,0.0,0.060414869338274,5234,7,0.17403262853622437,-619.1322021484375,15.048776626586914,-1677.84912109375
48.91657919999852,1,25.566662999990513,26195,142092,142092,2,0,0,False,211.1988067626953,0.0,0.0,0.0629243329167366,5209,7,0.17412304878234863,-618.9612426757812,15.105243682861328,-1677.290283203125
48.927955699997256,1,25.578039499989245,26202,142092,142092,2,0,0,False,211.02261352539062,0.0,0.0,0.06652545928955078,5188,7,0.17419086396694183,-618.791748046875,15.161338806152344,-1676.7313232421875
48.93898079999781,1,25.589064599989797,26212,142092,142092,2,0,0,False,210.87889099121094,0.0,0.0,0.047125086188316345,5179,7,0.17425867915153503,-618.66552734375,15.203169822692871,-1676.31201171875
48.95051710000553,1,25.600600899997517,26232,142092,142092,2,0,0,False,210.68661499023438,0.0,0.0,0.02991465851664543,5182,7,0.17443956434726715,-618.3327026367188,15.313554763793945,-1675.19384765625
48.96145020000404,1,25.611533999996027,26240,142092,142092,2,0,0,False,210.53492736816406,0.0,0.0,0.02366068586707115,5206,7,0.17450739443302155,-618.1685180664062,15.368128776550293,-1674.6346435546875
48.97269560000859,1,25.62277940000058,26250,142092,142092,2,0,0,False,210.34165954589844,0.0,0.0,0.02140776813030243,5238,7,0.17457523941993713,-618.04638671875,15.408896446228027,-1674.21533203125
48.98398260000977,1,25.634066400001757,26260,142092,142092,2,0,0,False,210.1878204345703,0.0,0.0,0.009406030178070068,5246,7,0.1746656894683838,-617.8850708007812,15.463088989257812,-1673.6561279296875
48.99487070000032,1,25.64495449999231,26267,142092,142092,2,0,0,False,210.00958251953125,0.0,0.0,0.023124825209379196,5230,7,0.17475613951683044,-617.7254028320312,15.517173767089844,-1673.0968017578125
49.00667020000401,1,25.656753999996,26287,142092,142092,2,0,0,False,209.87319946289062,0.0,0.0,0.027993492782115936,5214,7,0.1749144345521927,-617.411376953125,15.625271797180176,-1671.97802734375
49.017736499998136,1,25.667820299990126,26295,142092,142092,2,0,0,False,209.6850128173828,0.0,0.0,-0.018832748755812645,5202,7,0.17498227953910828,-617.29541015625,15.665766716003418,-1671.5584716796875
49.028945199999725,1,25.679028999991715,26307,142092,142092,2,0,0,False,209.5745086669922,0.0,0.0,-0.0016124295070767403,5202,7,0.17505010962486267,-617.1803588867188,15.706210136413574,-1671.1387939453125
49.04004740000528,1,25.690131199997268,26315,142092,142092,2,0,0,False,209.406982421875,0.0,0.0,-0.0216608215123415,5208,7,0.17516298592090607,-616.9904174804688,15.773536682128906,-1670.4393310546875
49.050761599995894,1,25.700845399987884,26325,142092,142092,2,0,0,False,209.2827911376953,0.0,0.0,-0.023537924513220787,5199,7,0.17520812153816223,-616.8776245117188,15.81389331817627,-1670.0196533203125
49.06157730000268,1,25.71166109999467,26342,142092,142092,2,0,0,False,209.1561737060547,0.0,0.0,-0.022083481773734093,5184,7,0.17538869380950928,-616.5808715820312,15.921170234680176,-1668.9002685546875
49.07254290000128,1,25.72262669999327,26352,142092,142092,2,0,0,False,209.00048828125,0.0,0.0,-0.016781983897089958,5171,7,0.17545638978481293,-616.4710083007812,15.961236953735352,-1668.4805908203125
49.083998100002646,1,25.734081899994635,26362,142092,142092,2,0,0,False,208.8766632080078,0.0,0.0,-0.01488481741398573,5169,7,0.17552410066127777,-616.3257446289062,16.014503479003906,-1667.9208984375
49.094774700002745,1,25.744858499994734,26370,142092,142092,2,0,0,False,208.7206268310547,0.0,0.0,-0.012900314293801785,5170,7,0.1756143867969513,-616.1817016601562,16.06757926940918,-1667.3612060546875
49.10540729999775,1,25.75549109998974,26380,142092,142092,2,0,0,False,208.60684204101562,0.0,0.0,-0.010973107069730759,5169,7,0.17568209767341614,-616.0745239257812,16.107254028320312,-1666.94140625
49.11636390000058,1,25.76644769999257,26390,142092,142092,2,0,0,False,208.49806213378906,0.0,0.0,-0.0006180512718856335,5169,7,0.17577238380908966,-615.9326782226562,16.15996551513672,-1666.3818359375
49.12712160000228,1,25.777205399994273,26407,142092,142092,2,0,0,False,208.3585662841797,0.0,0.0,-0.003783219726756215,5167,7,0.1759497970342636,-615.6522216796875,16.26435661315918,-1665.2625732421875
49.13830990000861,1,25.788393700000597,26420,142092,142092,2,0,0,False,208.2379150390625,0.0,0.0,-0.02893989160656929,5164,7,0.17599409818649292,-615.5480346679688,16.303001403808594,-1664.8428955078125
49.14907369999855,1,25.799157499990542,26427,142092,142092,2,0,0,False,208.10606384277344,0.0,0.0,-0.01994669809937477,5162,7,0.1761048585176468,-615.3756103515625,16.3668270111084,-1664.1435546875
49.16002049999952,1,25.810104299991508,26435,142092,142092,2,0,0,False,207.9554443359375,0.0,0.0,-0.05670301243662834,5134,7,0.17617130279541016,-615.27294921875,16.40492057800293,-1663.7239990234375
49.171154900002875,1,25.821238699994865,26447,142092,142092,2,0,0,False,207.8568572998047,0.0,0.0,-0.06795084476470947,5108,7,0.17623776197433472,-615.1707763671875,16.442922592163086,-1663.304443359375
49.18241649999982,1,25.832500299991807,26465,142092,142092,2,0,0,False,207.72821044921875,0.0,0.0,-0.05486635863780975,5094,7,0.1763928234577179,-614.9002075195312,16.54375457763672,-1662.1861572265625
49.19357200000377,1,25.84365579999576,26475,142092,142092,2,0,0,False,207.61575317382812,0.0,0.0,-0.056396327912807465,5141,7,0.1764814257621765,-614.7656860351562,16.593788146972656,-1661.627197265625
49.20433560000674,1,25.854419399998733,26482,142092,142092,2,0,0,False,207.49972534179688,0.0,0.0,-0.056397974491119385,5219,7,0.1765710562467575,-614.6317749023438,16.643455505371094,-1661.0684814453125
49.21504840000125,1,25.86513219999324,26492,142092,142092,2,0,0,False,207.3723907470703,0.0,0.0,-0.048599641770124435,5234,7,0.1766383945941925,-614.53173828125,16.680465698242188,-1660.6494140625
49.22602960000222,1,25.87611339999421,26502,142092,142092,2,0,0,False,207.2822265625,0.0,0.0,-0.03851443901658058,5169,7,0.17672817409038544,-614.3988037109375,16.729467391967773,-1660.0909423828125
49.23690750000242,1,25.886991299994406,26512,142092,142092,2,0,0,False,207.18585205078125,0.0,0.0,-0.04827776178717613,5081,7,0.17679551243782043,-614.2662963867188,16.77794647216797,-1659.5325927734375
49.247873100001016,1,25.897956899993005,26520,142092,142092,2,0,0,False,207.0962677001953,0.0,0.0,-0.052648089826107025,5045,7,0.17688529193401337,-614.1342163085938,16.825923919677734,-1658.9742431640625
49.25893769999675,1,25.90902149998874,26540,142092,142092,2,0,0,False,206.9949951171875,0.0,0.0,-0.049133073538541794,5050,7,0.17701996862888336,-613.9033203125,16.90811538696289,-1657.99755859375
49.26979220000794,1,25.91987599999993,26547,142092,142092,2,0,0,False,206.84263610839844,0.0,0.0,-0.04355770722031593,5062,7,0.1771097630262375,-613.7714233398438,16.954042434692383,-1657.4398193359375
49.28075190000527,1,25.93083569999726,26560,142092,142092,2,0,0,False,206.73623657226562,0.0,0.0,-0.03958609700202942,5104,7,0.17717710137367249,-613.6724853515625,16.988080978393555,-1657.0216064453125
49.29186379999737,1,25.941947599989362,26567,142092,142092,2,0,0,False,206.63705444335938,0.0,0.0,-0.04050040245056152,5114,7,0.1772896647453308,-613.5076293945312,17.04421615600586,-1656.3250732421875
49.302910400001565,1,25.952994199993555,26577,142092,142092,2,0,0,False,206.5066680908203,0.0,0.0,-0.047108035534620285,5099,7,0.1773347407579422,-613.4087524414062,17.07772445678711,-1655.9073486328125
49.3140138000017,1,25.964097599993693,26587,142092,142092,2,0,0,False,206.4005126953125,0.0,0.0,-0.05178283900022507,5142,7,0.17742490768432617,-613.2767944335938,17.12206268310547,-1655.3505859375
49.325204100008705,1,25.975287900000694,26605,142092,142092,2,0,0,False,206.2738800048828,0.0,0.0,-0.060983724892139435,5171,7,0.17756016552448273,-613.0457153320312,17.19835662841797,-1654.376953125
49.33614040000248,1,25.986224199994467,26615,142092,142092,2,0,0,False,206.18292236328125,0.0,0.0,-0.06537841260433197,5146,7,0.1776503324508667,-612.9135131835938,17.241130828857422,-1653.8209228515625
49.34726399999636,1,25.997347799988347,26625,142092,142092,2,0,0,False,206.09274291992188,0.0,0.0,-0.027915053069591522,5063,7,0.17774049937725067,-612.7811279296875,17.28318214416504,-1653.2652587890625
49.35834299999988,1,26.008426799991867,26632,142092,142092,2,0,0,False,205.98825073242188,0.0,0.0,-0.0036163153126835823,5025,7,0.17780812084674835,-612.6485595703125,17.32456398010254,-1652.709716796875
49.36937580000085,1,26.019459599992842,26645,142092,142092,2,0,0,False,205.83511352539062,0.0,0.0,0.019044457003474236,5034,7,0.17787574231624603,-612.5490112304688,17.355085372924805,-1652.293212890625
49.38052580000658,1,26.03060959999857,26662,142092,142092,2,0,0,False,205.74305725097656,0.0,0.0,0.02107476443052292,5032,7,0.1780562847852707,-612.282958984375,17.43455696105957,-1651.1834716796875
49.39149840000027,1,26.041582199992263,26672,142092,142092,2,0,0,False,205.66331481933594,0.0,0.0,0.033978186547756195,4974,7,0.17812401056289673,-612.1497802734375,17.473350524902344,-1650.6290283203125
49.40252760000294,1,26.05261139999493,26680,142092,142092,2,0,0,False,205.5363311767578,0.0,0.0,0.012571467086672783,5042,7,0.17821432650089264,-612.0164794921875,17.511781692504883,-1650.0748291015625
49.41350460000103,1,26.063588399993023,26690,142092,142092,2,0,0,False,205.41786193847656,0.0,0.0,-0.00039579300209879875,5171,7,0.17828206717967987,-611.9163208007812,17.540328979492188,-1649.6593017578125
49.424653399997624,1,26.074737199989613,26700,142092,142092,2,0,0,False,205.27105712890625,0.0,0.0,-0.022010505199432373,5270,7,0.1783498078584671,-611.782470703125,17.578012466430664,-1649.105712890625
49.435539700003574,1,26.085623499995563,26710,142092,142092,2,0,0,False,205.1842498779297,0.019607843831181526,0.0,-0.024241844192147255,5177,7,0.17844010889530182,-611.64794921875,17.615236282348633,-1648.5526123046875
49.44663550000405,1,26.09671929999604,26720,142092,142092,2,0,0,False,205.0747528076172,0.11372549831867218,0.0,-0.015625212341547012,5031,7,0.17853042483329773,-611.5128173828125,17.65194320678711,-1647.9998779296875
49.458151500002714,1,26.108235299994703,26740,142092,142092,2,0,0,False,204.9790496826172,0.24313727021217346,0.0,-0.000661131925880909,5016,7,0.17868845164775848,-611.2412719726562,17.72455596923828,-1646.8955078125
49.46930799999973,1,26.119391799991718,26747,142092,142092,2,0,0,False,204.90737915039062,0.32549020648002625,0.0,-0.003395763225853443,5129,7,0.17877870798110962,-611.1049194335938,17.760093688964844,-1646.3438720703125
49.480164499997045,1,26.130248299989034,26760,142092,142092,2,0,0,False,204.80050659179688,0.32549020648002625,0.0,-0.003039504634216428,5185,7,0.17882384359836578,-611.0023193359375,17.786314010620117,-1645.9302978515625
49.49087419999705,1,26.14095799998904,26767,142092,142092,2,0,0,False,204.7100830078125,0.3803921937942505,0.0,-0.012159408070147038,5151,7,0.1789366602897644,-610.8305053710938,17.829320907592773,-1645.241455078125
49.50169469999673,1,26.151778499988723,26777,142092,142092,2,0,0,False,204.6374969482422,0.3921568989753723,0.0,-0.020617756992578506,5131,7,0.17900434136390686,-610.7267456054688,17.854902267456055,-1644.828369140625
49.51265650001005,1,26.162740300002042,26787,142092,142092,2,0,0,False,204.56663513183594,0.40000003576278687,0.0,-0.0358426608145237,5102,7,0.1790720373392105,-610.5875854492188,17.8890438079834,-1644.2781982421875
49.52363150000747,1,26.173715299999458,26797,142092,142092,2,0,0,False,204.5150604248047,0.38823533058166504,0.0,-0.04614994674921036,5100,7,0.17916229367256165,-610.447509765625,17.92336082458496,-1643.7283935546875
49.53465760000108,1,26.184741399993072,26807,142092,142092,2,0,0,False,204.44081115722656,0.3529411852359772,0.0,-0.06388524919748306,5105,7,0.17925255000591278,-610.3064575195312,17.957693099975586,-1643.1790771484375
49.545818300000974,1,26.195902099992963,26827,142092,142092,2,0,0,False,204.3836669921875,0.32156863808631897,0.0,-0.087681844830513,5110,7,0.17941047251224518,-610.0222778320312,18.025720596313477,-1642.081298828125
49.55671269999584,1,26.20679649998783,26835,142092,142092,2,0,0,False,204.32847595214844,0.3019607961177826,0.0,-0.10047859698534012,5088,7,0.17947812378406525,-609.8792114257812,18.05925178527832,-1641.5328369140625
49.56802489999973,1,26.218108699991717,26847,142092,142092,2,0,0,False,204.2327117919922,0.3176470696926117,0.0,-0.08287176489830017,5051,7,0.17954577505588531,-609.7716674804688,18.08411407470703,-1641.1217041015625
49.579254900003434,1,26.229338699995424,26855,142092,142092,2,0,0,False,204.16943359375,0.29019609093666077,0.0,-0.07872524112462997,5047,7,0.17965851724147797,-609.5916137695312,18.1247501373291,-1640.4368896484375
49.59043060000113,1,26.240514399993117,26865,142092,142092,2,0,0,False,204.05169677734375,0.3176470696926117,0.0,-0.061582550406455994,5081,7,0.17972616851329803,-609.4832763671875,18.148662567138672,-1640.0262451171875
49.60128030000487,1,26.251364099996863,26877,142092,142092,2,0,0,False,203.94863891601562,0.3019607961177826,0.0,-0.0465492382645607,5121,7,0.1797938197851181,-609.3384399414062,18.179819107055664,-1639.4788818359375
49.611964499999885,1,26.262048299991875,26885,142092,142092,2,0,0,False,203.83151245117188,0.30588236451148987,0.0,-0.009012579917907715,5124,7,0.17990657687187195,-609.1567993164062,18.21749496459961,-1638.795166015625
49.623184299998684,1,26.273268099990673,26895,142092,142092,2,0,0,False,203.7642059326172,0.30588236451148987,0.0,-0.000874426681548357,5084,7,0.17995166778564453,-609.0473022460938,18.2393856048584,-1638.38525390625
49.6342513999989,1,26.284335199990892,26915,142092,142092,2,0,0,False,203.7215576171875,0.30980393290519714,0.0,0.01043298002332449,5110,7,0.18013207614421844,-608.75341796875,18.296430587768555,-1637.293212890625
49.645612399996025,1,26.295696199988015,26922,142092,142092,2,0,0,False,203.67576599121094,0.3019607961177826,0.0,-0.013910267502069473,5095,7,0.18019971251487732,-608.6058349609375,18.3242244720459,-1636.7476806640625
49.65672680000716,1,26.306810599999153,26935,142092,142092,2,0,0,False,203.5909423828125,0.30980393290519714,0.0,-0.035446085035800934,5095,7,0.1802673637866974,-608.4948120117188,18.344608306884766,-1636.3385009765625
49.66772559999663,1,26.31780939998862,26942,142092,142092,2,0,0,False,203.4241943359375,0.3333333432674408,0.0,-0.022655872628092766,5093,7,0.18038009107112885,-608.3084716796875,18.377885818481445,-1635.6572265625
49.67898160000914,1,26.329065400001127,26952,142092,142092,2,0,0,False,203.32948303222656,0.3333333432674408,0.0,0.011396292597055435,5109,7,0.18042519688606262,-608.1957397460938,18.397680282592773,-1635.2490234375
49.690029300007154,1,26.340113099999144,26965,142092,142092,2,0,0,False,203.2445526123047,0.37254902720451355,0.0,0.010581368580460548,5158,7,0.1805153787136078,-608.0445556640625,18.424287796020508,-1634.7052001953125
49.70106790000864,1,26.351151700000628,26982,142092,142092,2,0,0,False,203.18006896972656,0.3960784673690796,0.0,-0.02254585549235344,5117,7,0.18067321181297302,-607.740478515625,18.478452682495117,-1633.618896484375
49.712305499997456,1,26.362389299989445,26992,142092,142092,2,0,0,False,203.0678253173828,0.3960784673690796,0.0,-0.03534035384654999,5119,7,0.18076340854167938,-607.5870361328125,18.50556755065918,-1633.076416015625
49.723589000001084,1,26.373672799993074,27002,142092,142092,2,0,0,False,203.0366668701172,0.40392160415649414,0.0,-0.079240582883358,5233,7,0.18085363507270813,-607.431884765625,18.5329532623291,-1632.53466796875
49.73482030000014,1,26.384904099992127,27010,142092,142092,2,0,0,False,202.88539123535156,0.40000003576278687,0.0,-0.0746971145272255,5135,7,0.18092136085033417,-607.27490234375,18.56069564819336,-1631.99365234375
49.74614650000876,1,26.396230300000752,27022,142092,142092,2,0,0,False,202.79202270507812,0.4078431725502014,0.0,-0.10075908899307251,5052,7,0.1809890866279602,-607.1561279296875,18.581912994384766,-1631.58837890625
49.75709189999907,1,26.407175699991058,27030,142092,142092,2,0,0,False,202.67901611328125,0.41960787773132324,0.0,-0.10619305074214935,5105,7,0.18107937276363373,-606.9564819335938,18.618751525878906,-1630.9139404296875
49.76800140000705,1,26.41808519999904,27040,142092,142092,2,0,0,False,202.58462524414062,0.40000003576278687,0.0,-0.11539334058761597,5164,7,0.18114709854125977,-606.8353881835938,18.641189575195312,-1630.509765625
49.77896270000201,1,26.429046499994,27060,142092,142092,2,0,0,False,202.48846435546875,0.38823533058166504,0.0,-0.11616511642932892,5189,7,0.18130511045455933,-606.5068969726562,18.703407287597656,-1629.434814453125
49.78997040000104,1,26.44005419999303,27067,142092,142092,2,0,0,False,202.39947509765625,0.3294117748737335,0.0,-0.11880901455879211,5094,7,0.18139541149139404,-606.33984375,18.736045837402344,-1628.898681640625
49.800809699998354,1,26.450893499990343,27080,142092,142092,2,0,0,False,202.33529663085938,0.3294117748737335,0.0,-0.11938606947660446,5001,7,0.18146313726902008,-606.2134399414062,18.761127471923828,-1628.4970703125
49.81170970000676,1,26.46179349999875,27087,142092,142092,2,0,0,False,202.27381896972656,0.2823529541492462,0.0,-0.12132783234119415,4982,7,0.18155322968959808,-606.0008544921875,18.803741455078125,-1627.82861328125
49.822775100008585,1,26.472858900000574,27097,142092,142092,2,0,0,False,202.1687469482422,0.19215688109397888,0.0,-0.12579917907714844,5001,7,0.181619793176651,-605.8722534179688,18.82967758178711,-1627.4281005859375
49.83393710000382,1,26.484020899995812,27107,142092,142092,2,0,0,False,202.07211303710938,0.06666667014360428,0.0,-0.12131648510694504,4983,7,0.18170854449272156,-605.6995849609375,18.86453628540039,-1626.8946533203125
49.84495620000234,1,26.495039999994333,27125,142092,142092,2,0,0,False,201.9512481689453,0.0,0.0,-0.11966563016176224,4961,7,0.18186384439468384,-605.3508911132812,18.934680938720703,-1625.8297119140625
49.85592030000407,1,26.506004099996062,27137,142092,142092,2,0,0,False,201.8495635986328,0.0,0.0,-0.12362878769636154,4991,7,0.18193039298057556,-605.2191162109375,18.960905075073242,-1625.430908203125
49.86708470000303,1,26.517168499995023,27145,142092,142092,2,0,0,False,201.70643615722656,0.0,0.0,-0.09848497807979584,5015,7,0.18204133212566376,-604.9981689453125,19.00409698486328,-1624.76708984375
49.87812210000993,1,26.52820590000192,27155,142092,142092,2,0,0,False,201.59352111816406,0.0,0.0,-0.07949207723140717,4983,7,0.18208569288253784,-604.8649291992188,19.029687881469727,-1624.3692626953125
49.88886760000605,1,26.53895139999804,27165,142092,142092,2,0,0,False,201.49612426757812,0.0,0.0,-0.05387263745069504,4935,7,0.1821744441986084,-604.6864624023438,19.063444137573242,-1623.83935546875
49.89989939999941,1,26.549983199991402,27175,142092,142092,2,0,0,False,201.36692810058594,0.0,0.0,-0.04438956826925278,4911,7,0.18224100768566132,-604.5072631835938,19.096689224243164,-1623.3099365234375
49.910995700003696,1,26.561079499995685,27182,142092,142092,2,0,0,False,201.2577362060547,0.0,0.0,-0.04180866852402687,4959,7,0.18233108520507812,-604.3275146484375,19.129268646240234,-1622.781005859375
49.922212600009516,1,26.572296400001505,27202,142092,142092,2,0,0,False,201.1061553955078,0.0470588281750679,0.0,-0.036898281425237656,5026,7,0.1824890822172165,-603.9660034179688,19.191970825195312,-1621.724609375
49.93309410000802,1,26.58317790000001,27212,142092,142092,2,0,0,False,200.99533081054688,0.20784315466880798,0.0,-0.025986535474658012,5048,7,0.18255677819252014,-603.8297119140625,19.214773178100586,-1621.3289794921875
49.94407540000975,1,26.59415920000174,27222,142092,142092,2,0,0,False,200.89291381835938,0.20784315466880798,0.0,-0.027070922777056694,5020,7,0.18264706432819366,-603.647216796875,19.24468421936035,-1620.8021240234375
49.95513909999863,1,26.605222899990622,27232,142092,142092,2,0,0,False,200.7754364013672,0.46274513006210327,0.0,-0.03334867209196091,5010,7,0.1827147752046585,-603.4638671875,19.274024963378906,-1620.2757568359375
49.9663670000009,1,26.61645079999289,27240,142092,142092,2,0,0,False,200.68301391601562,0.572549045085907,0.0,-0.0408361479640007,5069,7,0.18280504643917084,-603.2796020507812,19.302845001220703,-1619.75
49.977178800007096,1,26.627262599999085,27252,142092,142092,2,0,0,False,200.57151794433594,0.729411780834198,0.0,-0.052985332906246185,5134,7,0.1828501969575882,-603.1406860351562,19.324127197265625,-1619.3560791015625
49.9884480000037,1,26.63853179999569,27270,142092,142092,2,0,0,False,200.4866943359375,0.8235294818878174,0.0,-0.05350947380065918,5112,7,0.18300819396972656,-602.7669677734375,19.379846572875977,-1618.3074951171875
49.99942030000966,1,26.64950410000165,27280,142092,142092,2,0,0,False,200.3921356201172,0.9803922176361084,0.0,-0.04525407776236534,5092,7,0.18309850990772247,-602.5781860351562,19.407297134399414,-1617.7841796875
50.010636100007105,1,26.660719899999094,27290,142092,142092,2,0,0,False,200.3340606689453,1.0,0.0,-0.04060585796833038,5120,7,0.18318882584571838,-602.3880004882812,19.434534072875977,-1617.26171875
50.02156219999597,1,26.67164599998796,27297,142092,142092,2,0,0,False,200.28428649902344,1.0,0.0,-0.035783104598522186,5148,7,0.18325655162334442,-602.196533203125,19.461566925048828,-1616.7398681640625
50.0327008000022,1,26.682784599994193,27307,142092,142092,2,0,0,False,200.226806640625,1.0,0.0,-0.028431477025151253,5152,7,0.18332429230213165,-602.0520629882812,19.4816951751709,-1616.348876953125
50.04373649999616,1,26.693820299988147,27317,142092,142092,2,0,0,False,200.18386840820312,1.0,0.0,-0.026057858020067215,5131,7,0.18339203298091888,-601.858154296875,19.50836944580078,-1615.828125
50.05476600000111,1,26.7048497999931,27325,142092,142092,2,0,0,False,200.12889099121094,1.0,0.0,-0.023203445598483086,5104,7,0.1834823340177536,-601.6626586914062,19.534961700439453,-1615.30810546875
50.06574580000597,1,26.71582959999796,27345,142092,142092,2,0,0,False,200.07615661621094,1.0,0.0,-0.0009832587093114853,5098,7,0.18364039063453674,-601.2664794921875,19.588390350341797,-1614.2705078125
50.07682240000577,1,26.726906199997757,27355,142092,142092,2,0,0,False,200.02418518066406,1.0,0.0,-0.0004849701654165983,5099,7,0.18370813131332397,-601.1160278320312,19.608671188354492,-1613.8822021484375
50.087809300006484,1,26.737893099998473,27365,142092,142092,2,0,0,False,199.95687866210938,1.0,0.0,-0.002898797392845154,5125,7,0.18377585709095,-600.9137573242188,19.63602638244629,-1613.365478515625
50.09868799999822,1,26.74877179999021,27375,142092,142092,2,0,0,False,199.90049743652344,1.0,0.0,0.004891851916909218,5141,7,0.18386617302894592,-600.70947265625,19.663806915283203,-1612.849609375
50.1094763000001,1,26.759560099992086,27382,142092,142092,2,0,0,False,199.83502197265625,1.0,0.0,0.007917562499642372,5108,7,0.18393391370773315,-600.5031127929688,19.692054748535156,-1612.334716796875
50.12073589999636,1,26.77081969998835,27395,142092,142092,2,0,0,False,199.78819274902344,1.0,0.0,-0.0007164032431319356,5116,7,0.18400165438652039,-600.3469848632812,19.713550567626953,-1611.94921875
50.13165530000697,1,26.78173909999896,27412,142092,142092,2,0,0,False,199.7400360107422,1.0,0.0,0.005249345675110817,5144,7,0.18415971100330353,-599.9252319335938,19.772098541259766,-1610.924072265625
50.142693400004646,1,26.792777199996635,27422,142092,142092,2,0,0,False,199.68963623046875,1.0,0.0,0.019983608275651932,5143,7,0.18425002694129944,-599.71142578125,19.801923751831055,-1610.4129638671875
50.15366530000756,1,26.80374909999955,27430,142092,142092,2,0,0,False,199.66500854492188,1.0,0.0,0.022050974890589714,5129,7,0.18431775271892548,-599.495849609375,19.832015991210938,-1609.9027099609375
50.164679599998635,1,26.814763399990625,27440,142092,142092,2,0,0,False,199.64430236816406,1.0,0.0,0.017431627959012985,5132,7,0.1843854933977127,-599.3330078125,19.854707717895508,-1609.5206298828125
50.17578610000783,1,26.825869899999816,27450,142092,142092,2,0,0,False,199.62860107421875,1.0,0.0,0.014657787047326565,5132,7,0.18445323407649994,-599.1143188476562,19.885061264038086,-1609.0118408203125
50.18680740000855,1,26.836891200000537,27467,142092,142092,2,0,0,False,199.6122283935547,1.0,0.0,0.020319748669862747,5133,7,0.18461130559444427,-598.6721801757812,19.945791244506836,-1607.9964599609375
50.1980021000054,1,26.848085899997386,27480,142092,142092,2,0,0,False,199.59173583984375,1.0,0.0,0.018023492768406868,5124,7,0.1846790611743927,-598.5048217773438,19.968477249145508,-1607.616455078125
50.209118900005706,1,26.859202699997695,27487,142092,142092,2,0,0,False,199.57437133789062,1.0,0.0,0.026506533846259117,5114,7,0.1847693920135498,-598.2239379882812,20.00612449645996,-1606.9840087890625
50.220279500004835,1,26.870363299996825,27497,142092,142092,2,0,0,False,199.55470275878906,1.0,0.0,0.02374519594013691,5110,7,0.18483713269233704,-598.0543823242188,20.028594970703125,-1606.6051025390625
50.23136630000954,1,26.88145010000153,27507,142092,142092,2,0,0,False,199.539306640625,1.0,0.0,0.023488206788897514,5118,7,0.18492746353149414,-597.8270263671875,20.058368682861328,-1606.100341796875
50.24223129999882,1,26.89231509999081,27517,142092,142092,2,0,0,False,199.51844787597656,1.0,0.0,0.03945821151137352,5124,7,0.18499520421028137,-597.5982666015625,20.08787727355957,-1605.5963134765625
50.253384800002095,1,26.903468599994085,27525,142092,142092,2,0,0,False,199.5041046142578,1.0,0.0,0.033531662076711655,5127,7,0.18508553504943848,-597.3682250976562,20.117103576660156,-1605.0928955078125
50.2644380999991,1,26.914521899991087,27545,142092,142092,2,0,0,False,199.4863739013672,1.0,0.0,0.030989786610007286,5128,7,0.18524359166622162,-596.9041748046875,20.174753189086914,-1604.0880126953125
50.275185699996655,1,26.925269499988644,27555,142092,142092,2,0,0,False,199.462646484375,1.0,0.0,0.04156868904829025,5128,7,0.18531131744384766,-596.7286987304688,20.196147918701172,-1603.7117919921875
50.28638879999926,1,26.936472599991248,27565,142092,142092,2,0,0,False,199.44554138183594,1.0,0.0,0.054047681391239166,5127,7,0.1853790432214737,-596.4934692382812,20.22452735900879,-1603.2109375
50.29747220000718,1,26.947555999999167,27575,142092,142092,2,0,0,False,199.4340057373047,1.0,0.0,0.04924217239022255,5127,7,0.1854693591594696,-596.2567749023438,20.25275421142578,-1602.7108154296875
50.308402000009664,1,26.958485800001654,27582,142092,142092,2,0,0,False,199.4271697998047,1.0,0.0,0.04538429155945778,5133,7,0.18553708493709564,-596.0187377929688,20.280839920043945,-1602.21142578125
50.31942600000184,1,26.96950979999383,27595,142092,142092,2,0,0,False,199.42434692382812,1.0,0.0,0.043891508132219315,5122,7,0.18560481071472168,-595.8392333984375,20.30181121826172,-1601.8372802734375
50.33068680000724,1,26.980770599999232,27612,142092,142092,2,0,0,False,199.42323303222656,1.0,0.0,0.03731449320912361,5115,7,0.18576285243034363,-595.356689453125,20.35738182067871,-1600.841552734375
50.34186220000265,1,26.99194599999464,27622,142092,142092,2,0,0,False,199.4202880859375,1.0,0.0,0.031602200120687485,5113,7,0.18583057820796967,-595.1132202148438,20.384994506835938,-1600.3447265625
50.35266560000309,1,27.002749399995082,27630,142092,142092,2,0,0,False,199.41490173339844,1.0,0.0,0.031750258058309555,5131,7,0.185920849442482,-594.8682861328125,20.41250228881836,-1599.8486328125
50.36370090000855,1,27.013784700000542,27640,142092,142092,2,0,0,False,199.4190673828125,1.0,0.0,0.029421884566545486,5134,7,0.18598853051662445,-594.6836547851562,20.43307113647461,-1599.47705078125
50.37493469999754,1,27.025018499989528,27650,142092,142092,2,0,0,False,199.42767333984375,1.0,0.0,0.027878323569893837,5142,7,0.1860562115907669,-594.4360961914062,20.460430145263672,-1598.982177734375
50.385870500002056,1,27.035954299994046,27660,142092,142092,2,0,0,False,199.44052124023438,1.0,0.0,0.0270308218896389,5142,7,0.18614645302295685,-594.1871337890625,20.48770523071289,-1598.4881591796875
50.397086700002546,1,27.047170499994536,27667,142092,142092,2,0,0,False,199.4638671875,1.0,0.0,0.023791039362549782,5134,7,0.1862141340970993,-593.9366455078125,20.514896392822266,-1597.9947509765625
50.40822379999736,1,27.058307599989348,27687,142092,142092,2,0,0,False,199.48800659179688,1.0,0.0,0.021001528948545456,5126,7,0.1863720715045929,-593.43115234375,20.56907081604004,-1597.01025390625
50.41939060000004,1,27.069474399992032,27697,142092,142092,2,0,0,False,199.51296997070312,1.0,0.0,0.017352452501654625,5118,7,0.18643975257873535,-593.2400512695312,20.589330673217773,-1596.6417236328125
50.43043220000982,1,27.080516000001808,27707,142092,142092,2,0,0,False,199.54446411132812,1.0,0.0,0.011487951502203941,5112,7,0.1865299940109253,-592.9839477539062,20.616287231445312,-1596.1510009765625
50.441594800009625,1,27.091678600001615,27717,142092,142092,2,0,0,False,199.57064819335938,1.0,0.0,0.008692809380590916,5108,7,0.18659766018390656,-592.726318359375,20.64318084716797,-1595.6610107421875
50.45246830000542,1,27.10255209999741,27727,142092,142092,2,0,0,False,199.6049041748047,1.0,0.0,0.004339006729424,5104,7,0.18668778240680695,-592.4672241210938,20.670026779174805,-1595.1717529296875
50.463496600001235,1,27.113580399993225,27737,142092,142092,2,0,0,False,199.6330108642578,1.0,0.0,0.002902095904573798,5103,7,0.18675537407398224,-592.2066650390625,20.69683265686035,-1594.68310546875
50.47456100001,1,27.124644800001988,27755,142092,142092,2,0,0,False,199.67388916015625,1.0,0.0,0.00020725245121866465,5101,7,0.18691307306289673,-591.68115234375,20.75030517578125,-1593.7080078125
50.4855949000048,1,27.135678699996788,27767,142092,142092,2,0,0,False,199.70932006835938,1.0,0.0,-0.0014751357957720757,5097,7,0.18698066473007202,-591.4826049804688,20.77031135559082,-1593.343017578125
50.496756699998514,1,27.146840499990503,27775,142092,142092,2,0,0,False,199.7462921142578,1.0,0.0,-0.0045773908495903015,5095,7,0.1870933175086975,-591.1500244140625,20.80362319946289,-1592.7354736328125
50.50800800000434,1,27.158091799996328,27785,142092,142092,2,0,0,False,199.79409790039062,1.0,0.0,-0.006247309967875481,5092,7,0.1871383637189865,-590.9494018554688,20.823589324951172,-1592.3714599609375
50.51876869999978,1,27.16885249999177,27797,142092,142092,2,0,0,False,199.8329315185547,1.0,0.0,-0.007857327349483967,5093,7,0.1872284859418869,-590.6807861328125,20.85017204284668,-1591.8865966796875
50.52981480000017,1,27.179898599992157,27805,142092,142092,2,0,0,False,199.88475036621094,1.0,0.0,-0.008013501763343811,5092,7,0.1873185932636261,-590.34326171875,20.883342742919922,-1591.2813720703125
50.54080850000901,1,27.190892300000996,27815,142092,142092,2,0,0,False,199.92578125,1.0,0.0,-0.006794870365411043,5090,7,0.18738608062267303,-590.1397705078125,20.903221130371094,-1590.918701171875
50.55191080000077,1,27.20199459999276,27827,142092,142092,2,0,0,False,199.96685791015625,1.0,0.0,-0.00579902483150363,5091,7,0.18747608363628387,-589.867431640625,20.92969512939453,-1590.435546875
50.562955100002,1,27.21303889999399,27845,142092,142092,2,0,0,False,200.02272033691406,1.0,0.0,-0.004152338020503521,5097,7,0.18763357400894165,-589.3192749023438,20.982582092285156,-1589.4708251953125
50.57382950000465,1,27.22391329999664,27845,142092,142092,2,0,0,False,200.07215881347656,1.0,0.0,-0.004412353970110416,5097,7,0.18763357400894165,-589.3192749023438,20.982582092285156,-1589.4708251953125
50.58492130000377,1,27.23500509999576,27865,142092,142092,2,0,0,False,200.13653564453125,1.0,0.0,-0.004842069465667009,5099,7,0.18779106438159943,-588.7667236328125,21.035497665405273,-1588.5079345703125
50.59574469999643,1,27.24582849998842,27875,142092,142092,2,0,0,False,200.19004821777344,1.0,0.0,-0.00587092200294137,5098,7,0.18785855174064636,-588.4889526367188,21.061973571777344,-1588.0272216796875
50.60674299999664,1,27.25682679998863,27885,142092,142092,2,0,0,False,200.24606323242188,1.0,0.0,-0.007141874637454748,5095,7,0.1879485547542572,-588.210205078125,21.088472366333008,-1587.546875
50.61780200000794,1,27.26788579999993,27895,142092,142092,2,0,0,False,200.31642150878906,1.0,0.0,-0.01164257526397705,5096,7,0.18803857266902924,-587.9305419921875,21.11500358581543,-1587.0667724609375
50.628919299997506,1,27.279003099989495,27902,142092,142092,2,0,0,False,200.3706817626953,1.0,0.0,-0.00969878863543272,5100,7,0.1881062090396881,-587.6499633789062,21.141550064086914,-1586.587158203125
50.639896799999406,1,27.289980599991395,27915,142092,142092,2,0,0,False,200.43978881835938,1.0,0.0,-0.008486966602504253,5101,7,0.18817386031150818,-587.43896484375,21.161457061767578,-1586.2276611328125
50.651109900005395,1,27.301193699997384,27925,142092,142092,2,0,0,False,200.4977264404297,1.0,0.0,-0.004625577479600906,5101,7,0.18826405704021454,-587.0863037109375,21.194644927978516,-1585.6287841796875
50.66216950000671,1,27.3122532999987,27932,142092,142092,2,0,0,False,200.5717315673828,1.0,0.0,-0.005039005074650049,5106,7,0.1883542686700821,-586.80322265625,21.221221923828125,-1585.1500244140625
50.673251000000164,1,27.323334799992153,27952,142092,142092,2,0,0,False,200.6341094970703,1.0,0.0,-0.005674254149198532,5108,7,0.18851211667060852,-586.2349853515625,21.27432632446289,-1584.1932373046875
50.68415709999681,1,27.3342408999888,27962,142092,142092,2,0,0,False,200.6960906982422,1.0,0.0,-0.006728920619934797,5107,7,0.1885797530412674,-586.0211791992188,21.294189453125,-1583.8345947265625
50.69510650000302,1,27.34519029999501,27975,142092,142092,2,0,0,False,200.77325439453125,1.0,0.0,-0.006671061739325523,5106,7,0.18864740431308746,-585.7355346679688,21.320634841918945,-1583.356689453125
50.706145000003744,1,27.356228799995733,27982,142092,142092,2,0,0,False,200.8339080810547,1.0,0.0,-0.005863694939762354,5108,7,0.18876014649868011,-585.377685546875,21.35362434387207,-1582.7593994140625
50.71734699999797,1,27.36743079998996,27992,142092,142092,2,0,0,False,200.91236877441406,1.0,0.0,-0.006173119880259037,5113,7,0.18882769346237183,-585.1625366210938,21.373374938964844,-1582.4012451171875
50.72838139999658,1,27.378465199988568,28002,142092,142092,2,0,0,False,200.97483825683594,1.0,0.0,-0.005654250271618366,5117,7,0.18889525532722473,-584.8751220703125,21.399662017822266,-1581.9237060546875
50.73952800000552,1,27.38961179999751,28012,142092,142092,2,0,0,False,201.05433654785156,1.0,0.0,-0.00742651242762804,5120,7,0.18898531794548035,-584.5872192382812,21.42585563659668,-1581.4462890625
50.75062230000913,1,27.400706100001116,28022,142092,142092,2,0,0,False,201.11737060546875,1.0,0.0,-0.0040275948122143745,5117,7,0.18905287981033325,-584.298828125,21.45193099975586,-1580.968994140625
50.761731000005966,1,27.411814799997956,28042,142092,142092,2,0,0,False,201.17807006835938,1.0,0.0,-0.004373825620859861,5115,7,0.18923301994800568,-583.7205200195312,21.50372314453125,-1580.0146484375
50.772538899997016,1,27.422622699989006,28050,142092,142092,2,0,0,False,201.25392150878906,1.0,0.0,-0.003030531108379364,5122,7,0.1893005669116974,-583.4307250976562,21.529497146606445,-1579.53759765625
50.78355449999799,1,27.43363829998998,28062,142092,142092,2,0,0,False,201.31605529785156,1.0,0.0,-0.002477766713127494,5128,7,0.1893681287765503,-583.2130126953125,21.54878807067871,-1579.1798095703125
50.79458060000616,1,27.444664399998146,28072,142092,142092,2,0,0,False,201.39627075195312,1.0,0.0,-0.005154103506356478,5131,7,0.1894581913948059,-582.8497314453125,21.580888748168945,-1578.5836181640625
50.80550790000416,1,27.45559169999615,28080,142092,142092,2,0,0,False,201.46368408203125,1.0,0.0,-0.004634059965610504,5128,7,0.18954817950725555,-582.5586547851562,21.606536865234375,-1578.106689453125
50.816667400009464,1,27.466751200001454,28092,142092,142092,2,0,0,False,201.52859497070312,1.0,0.0,-0.004253533203154802,5124,7,0.1896156519651413,-582.3400268554688,21.625761032104492,-1577.7490234375
50.827645099998335,1,27.477728899990325,28100,142092,142092,2,0,0,False,201.61306762695312,1.0,0.0,-0.004690110683441162,5125,7,0.18970562517642975,-581.9751586914062,21.65779685974121,-1577.1529541015625
50.83867769999779,1,27.488761499989778,28110,142092,142092,2,0,0,False,201.678955078125,1.0,0.0,-0.007887624204158783,5130,7,0.1897730976343155,-581.7559814453125,21.677045822143555,-1576.79541015625
50.84991380000429,1,27.499997599996277,28130,142092,142092,2,0,0,False,201.76068115234375,1.0,0.0,-0.006111264694482088,5135,7,0.18993054330348969,-581.1703491210938,21.728466033935547,-1575.841796875
50.86123700000462,1,27.51132079999661,28140,142092,142092,2,0,0,False,201.828857421875,1.0,0.0,-0.00879136472940445,5135,7,0.19002050161361694,-580.876953125,21.754222869873047,-1575.3651123046875
50.872153999996954,1,27.522237799988943,28150,142092,142092,2,0,0,False,201.91375732421875,1.0,0.0,-0.009749901480972767,5136,7,0.19008798897266388,-580.583251953125,21.77998161315918,-1574.8883056640625
50.88316399999894,1,27.53324779999093,28160,142092,142092,2,0,0,False,201.97967529296875,1.0,0.0,-0.008905196562409401,5136,7,0.19017794728279114,-580.2891845703125,21.805721282958984,-1574.41162109375
50.89437750000798,1,27.544461299999966,28167,142092,142092,2,0,0,False,202.04217529296875,1.0,0.0,-0.00848750676959753,5137,7,0.19026796519756317,-579.9947509765625,21.831403732299805,-1573.934814453125
50.90552660000685,1,27.55561039999884,28180,142092,142092,2,0,0,False,202.1185760498047,1.0,0.0,-0.01563999243080616,5140,7,0.19031298160552979,-579.7737426757812,21.850637435913086,-1573.5772705078125
50.91652280000562,1,27.566606599997613,28197,142092,142092,2,0,0,False,202.18385314941406,1.0,0.0,-0.009623139165341854,5147,7,0.19047051668167114,-579.183349609375,21.901885986328125,-1572.6236572265625
50.928000800005975,1,27.578084599997965,28207,142092,142092,2,0,0,False,202.26634216308594,1.0,0.0,-0.012877082452178001,5157,7,0.19056054949760437,-578.8876953125,21.927448272705078,-1572.1468505859375
50.93917230000079,1,27.58925609999278,28217,142092,142092,2,0,0,False,202.33572387695312,1.0,0.0,-0.017759334295988083,5157,7,0.1906505674123764,-578.5916748046875,21.952890396118164,-1571.670166015625
50.95000009999785,1,27.60008389998984,28227,142092,142092,2,0,0,False,202.42245483398438,1.0,0.0,-0.013743956573307514,5149,7,0.19071808457374573,-578.2953491210938,21.97820472717285,-1571.1932373046875
50.9609449999989,1,27.61102879999089,28237,142092,142092,2,0,0,False,202.48846435546875,1.0,0.0,-0.015681710094213486,5144,7,0.19080810248851776,-577.9987182617188,22.00341796875,-1570.7164306640625
50.97197159999632,1,27.622055399988312,28247,142092,142092,2,0,0,False,202.5690155029297,1.0,0.0,-0.01674424298107624,5151,7,0.190898135304451,-577.7017211914062,22.028545379638672,-1570.239501953125
50.98307190000196,1,27.63315569999395,28257,142092,142092,2,0,0,False,202.63099670410156,1.0,0.0,-0.014236412942409515,5159,7,0.19096563756465912,-577.4044189453125,22.053598403930664,-1569.7626953125
50.99393890000647,1,27.64402269999846,28267,142092,142092,2,0,0,False,202.69598388671875,1.0,0.0,-0.015685372054576874,5165,7,0.19105562567710876,-577.106689453125,22.078577041625977,-1569.2857666015625
51.0051775000029,1,27.65526129999489,28285,142092,142092,2,0,0,False,202.78244018554688,1.0,0.0,-0.016463568434119225,5166,7,0.19121311604976654,-576.5103149414062,22.128345489501953,-1568.33203125
51.01603339999565,1,27.66611719998764,28297,142092,142092,2,0,0,False,202.8492431640625,1.0,0.0,-0.015604252927005291,5163,7,0.19128061830997467,-576.2863159179688,22.146896362304688,-1567.974365234375
51.026828800007934,1,27.676912599999923,28307,142092,142092,2,0,0,False,202.9179229736328,1.0,0.0,-0.017686130478978157,5159,7,0.19137060642242432,-575.9125366210938,22.177692413330078,-1567.3782958984375
51.037902199997916,1,27.687985999989905,28315,142092,142092,2,0,0,False,203.00067138671875,1.0,0.0,-0.01981016807258129,5158,7,0.19146060943603516,-575.6130981445312,22.20226287841797,-1566.9013671875
51.04891040000075,1,27.69899419999274,28327,142092,142092,2,0,0,False,203.0629119873047,1.0,0.0,-0.017646998167037964,5164,7,0.1915281116962433,-575.3882446289062,22.220670700073242,-1566.543701171875
51.05997260000731,1,27.710056399999303,28337,142092,142092,2,0,0,False,203.1383514404297,1.0,0.0,-0.015445468947291374,5175,7,0.19161809980869293,-575.0130615234375,22.25130271911621,-1565.94775390625
51.07098340000084,1,27.72106719999283,28345,142092,142092,2,0,0,False,203.20010375976562,1.0,0.0,-0.014193088747560978,5177,7,0.19170808792114258,-574.71240234375,22.27573013305664,-1565.470947265625
51.08195479999995,1,27.732038599991938,28357,142092,142092,2,0,0,False,203.285888671875,1.0,0.0,-0.014159265905618668,5175,7,0.191753089427948,-574.4866943359375,22.29404067993164,-1565.1134033203125
51.09279080000124,1,27.74287459999323,28375,142092,142092,2,0,0,False,203.35316467285156,1.0,0.0,-0.01422123797237873,5175,7,0.1919330656528473,-573.8837280273438,22.3428897857666,-1564.1600341796875
51.1038944000029,1,27.75397819999489,28375,142092,142092,2,0,0,False,203.4189910888672,1.0,0.0,-0.014789430424571037,5175,7,0.1919330656528473,-573.8837280273438,22.3428897857666,-1564.1600341796875
51.114850099998876,1,27.764933899990865,28395,142092,142092,2,0,0,False,203.5018310546875,1.0,0.0,-0.01546313613653183,5175,7,0.19209054112434387,-573.279052734375,22.391712188720703,-1563.206787109375
51.12565610000456,1,27.77573989999655,28405,142092,142092,2,0,0,False,203.56845092773438,1.0,0.0,-0.015269704163074493,5177,7,0.19218052923679352,-572.9761352539062,22.41617774963379,-1562.730224609375
51.13672750000842,1,27.78681130000041,28415,142092,142092,2,0,0,False,203.63314819335938,1.0,0.0,-0.015474436804652214,5183,7,0.19224801659584045,-572.6727294921875,22.440702438354492,-1562.2537841796875
51.1479313000018,1,27.79801509999379,28425,142092,142092,2,0,0,False,203.71531677246094,1.0,0.0,-0.015729904174804688,5185,7,0.1923380047082901,-572.3688354492188,22.465242385864258,-1561.77734375
51.15885210000852,1,27.808935900000506,28432,142092,142092,2,0,0,False,203.77964782714844,1.0,0.0,-0.015399141237139702,5183,7,0.19242799282073975,-572.0645751953125,22.489789962768555,-1561.301025390625
51.16956520000531,1,27.8196489999973,28445,142092,142092,2,0,0,False,203.85971069335938,1.0,0.0,-0.015130186453461647,5185,7,0.19247297942638397,-571.8360595703125,22.508209228515625,-1560.94384765625
51.18080750000081,1,27.8308912999928,28455,142092,142092,2,0,0,False,203.9232940673828,1.0,0.0,-0.014797907322645187,5190,7,0.19258546829223633,-571.4546508789062,22.538942337036133,-1560.3486328125
51.19170070000109,1,27.841784499993082,28462,142092,142092,2,0,0,False,203.98324584960938,1.0,0.0,-0.014435491524636745,5190,7,0.19265295565128326,-571.1489868164062,22.563562393188477,-1559.87255859375
51.20257370000763,1,27.852657499999623,28482,142092,142092,2,0,0,False,204.06446838378906,1.0,0.0,-0.013532173819839954,5194,7,0.19283293187618256,-570.5363159179688,22.612905502319336,-1558.920654296875
51.21375860000262,1,27.86384239999461,28492,142092,142092,2,0,0,False,204.13253784179688,1.0,0.0,-0.014143360778689384,5195,7,0.19287791848182678,-570.3060302734375,22.631471633911133,-1558.563720703125
51.22513120000076,1,27.87521499999275,28505,142092,142092,2,0,0,False,204.2139892578125,1.0,0.0,-0.01510158833116293,5196,7,0.19296790659427643,-569.9986572265625,22.65627098083496,-1558.0880126953125
51.236165499998606,1,27.886249299990595,28512,142092,142092,2,0,0,False,204.27882385253906,1.0,0.0,-0.015271313488483429,5196,7,0.19308039546012878,-569.6137084960938,22.68729591369629,-1557.493408203125
51.24717440000677,1,27.89725819999876,28522,142092,142092,2,0,0,False,204.36480712890625,1.0,0.0,-0.016680477187037468,5199,7,0.193125382065773,-569.3823852539062,22.70594024658203,-1557.1368408203125
51.25818620000791,1,27.908269999999902,28532,142092,142092,2,0,0,False,204.42958068847656,1.0,0.0,-0.017606059089303017,5199,7,0.19321537017822266,-569.073486328125,22.730854034423828,-1556.661376953125
51.26927170000272,1,27.91935549999471,28542,142092,142092,2,0,0,False,204.49293518066406,1.0,0.0,-0.016428474336862564,5202,7,0.1933053582906723,-568.76416015625,22.755786895751953,-1556.18603515625
51.28018570000131,1,27.9302694999933,28550,142092,142092,2,0,0,False,204.5709991455078,1.0,0.0,-0.015972862020134926,5204,7,0.19337284564971924,-568.454345703125,22.780712127685547,-1555.710693359375
51.291370200007805,1,27.941453999999794,28572,142092,142092,2,0,0,False,204.63267517089844,1.0,0.0,-0.014594006352126598,5206,7,0.19355280697345734,-567.8331909179688,22.83049964904785,-1554.760498046875
51.30232319999777,1,27.952406999989762,28580,142092,142092,2,0,0,False,204.70883178710938,1.0,0.0,-0.013967775739729404,5215,7,0.19362029433250427,-567.5219116210938,22.85538673400879,-1554.2855224609375
51.31342880000011,1,27.9635125999921,28592,142092,142092,2,0,0,False,204.7722625732422,1.0,0.0,-0.013755015097558498,5217,7,0.1936877816915512,-567.2881469726562,22.874032974243164,-1553.929443359375
51.32436759999837,1,27.974451399990357,28602,142092,142092,2,0,0,False,204.836669921875,1.0,0.0,-0.01342653576284647,5215,7,0.19380027055740356,-566.89794921875,22.905092239379883,-1553.3360595703125
51.33532209999976,1,27.985405899991747,28610,142092,142092,2,0,0,False,204.91824340820312,1.0,0.0,-0.014175623655319214,5213,7,0.1938677728176117,-566.585205078125,22.92993927001953,-1552.8614501953125
51.34636379999574,1,27.996447599987732,28622,142092,142092,2,0,0,False,204.98529052734375,1.0,0.0,-0.015497758984565735,5215,7,0.19393527507781982,-566.350341796875,22.948575973510742,-1552.5054931640625
51.35755300000892,1,28.00763680000091,28630,142092,142092,2,0,0,False,205.06573486328125,1.0,0.0,-0.01617773249745369,5217,7,0.19404777884483337,-565.958251953125,22.979644775390625,-1551.9124755859375
51.36881020000146,1,28.018893999993452,28640,142092,142092,2,0,0,False,205.12794494628906,1.0,0.0,-0.015879908576607704,5218,7,0.1940927803516388,-565.72265625,22.998292922973633,-1551.5567626953125
51.37990329999593,1,28.02998709998792,28660,142092,142092,2,0,0,False,205.20228576660156,1.0,0.0,-0.014880070462822914,5220,7,0.19427278637886047,-565.0928955078125,23.048118591308594,-1550.6085205078125
51.390924100007396,1,28.041007899999386,28670,142092,142092,2,0,0,False,205.26283264160156,1.0,0.0,-0.014362347312271595,5223,7,0.1943402886390686,-564.7772216796875,23.073123931884766,-1550.1346435546875
51.402142400009325,1,28.052226200001314,28680,142092,142092,2,0,0,False,205.3237762451172,1.0,0.0,-0.014026699587702751,5225,7,0.19443029165267944,-564.4609985351562,23.098222732543945,-1549.6610107421875
51.4130642000091,1,28.063148000001092,28690,142092,142092,2,0,0,False,205.40599060058594,1.0,0.0,-0.0145054180175066,5226,7,0.19452029466629028,-564.144287109375,23.123422622680664,-1549.1873779296875
51.424065600003814,1,28.074149399995804,28697,142092,142092,2,0,0,False,205.47222900390625,1.0,0.0,-0.015037315897643566,5228,7,0.1945878118276596,-563.8270263671875,23.14874267578125,-1548.7139892578125
51.4351680999971,1,28.08525189998909,28710,142092,142092,2,0,0,False,205.55233764648438,1.0,0.0,-0.016802530735731125,5228,7,0.19465532898902893,-563.5887451171875,23.16779899597168,-1548.3590087890625
51.44616020000831,1,28.096244000000297,28727,142092,142092,2,0,0,False,205.61497497558594,1.0,0.0,-0.016321776434779167,5229,7,0.1948353797197342,-562.8720703125,23.225269317626953,-1547.2945556640625
51.45730920000642,1,28.10739299999841,28727,142092,142092,2,0,0,False,205.6951141357422,1.0,0.0,-0.01656072959303856,5231,7,0.1948353797197342,-562.8720703125,23.225269317626953,-1547.2945556640625
51.46847490000073,1,28.118558699992718,28747,142092,142092,2,0,0,False,205.76072692871094,1.0,0.0,-0.017677949741482735,5235,7,0.19501543045043945,-562.2327270507812,23.276840209960938,-1546.34912109375
51.47938679999788,1,28.129470599989872,28757,142092,142092,2,0,0,False,205.84237670898438,1.0,0.0,-0.01774897798895836,5240,7,0.19506043195724487,-561.9924926757812,23.296228408813477,-1545.99462890625
51.49034610000672,1,28.140429899998708,28767,142092,142092,2,0,0,False,205.90553283691406,1.0,0.0,-0.016849113628268242,5238,7,0.1951504647731781,-561.671630859375,23.322046279907227,-1545.522216796875
51.5014230000088,1,28.15150680000079,28777,142092,142092,2,0,0,False,205.96832275390625,1.0,0.0,-0.016605792567133904,5235,7,0.19524048268795013,-561.3502807617188,23.34781265258789,-1545.0498046875
51.51255840000522,1,28.162642199997208,28785,142092,142092,2,0,0,False,206.04489135742188,1.0,0.0,-0.016446858644485474,5242,7,0.19530799984931946,-561.0284423828125,23.373544692993164,-1544.57763671875
51.52363690000493,1,28.17372069999692,28797,142092,142092,2,0,0,False,206.10360717773438,1.0,0.0,-0.014806844294071198,5250,7,0.19537551701068878,-560.7867431640625,23.39281463623047,-1544.2236328125
51.5346475999977,1,28.184731399989687,28815,142092,142092,2,0,0,False,206.17906188964844,1.0,0.0,-0.013454204425215721,5256,7,0.19555556774139404,-560.0599975585938,23.450244903564453,-1543.161865234375
51.54581880000478,1,28.19590259999677,28827,142092,142092,2,0,0,False,206.2398681640625,1.0,0.0,-0.012561118230223656,5253,7,0.19562309980392456,-559.8171997070312,23.469274520874023,-1542.8079833984375
51.556744000001345,1,28.206827799993334,28835,142092,142092,2,0,0,False,206.30148315429688,1.0,0.0,-0.013221345841884613,5249,7,0.1957356184720993,-559.4119262695312,23.500900268554688,-1542.218505859375
51.56778490000579,1,28.21786869999778,28845,142092,142092,2,0,0,False,206.38217163085938,1.0,0.0,-0.01391709502786398,5251,7,0.19578063488006592,-559.1683959960938,23.519847869873047,-1541.864990234375
51.57886310000322,1,28.228946899995208,28857,142092,142092,2,0,0,False,206.45022583007812,1.0,0.0,-0.01506856083869934,5253,7,0.19587066769599915,-558.8432006835938,23.545087814331055,-1541.3936767578125
51.590030899998965,1,28.240114699990954,28865,142092,142092,2,0,0,False,206.5355682373047,1.0,0.0,-0.017864499241113663,5255,7,0.1959831863641739,-558.43603515625,23.57661247253418,-1540.8046875
51.60109569999622,1,28.25117949998821,28875,142092,142092,2,0,0,False,206.60137939453125,1.0,0.0,-0.019478050991892815,5253,7,0.19605068862438202,-558.1913452148438,23.595495223999023,-1540.451416015625
51.61220650000905,1,28.26229030000104,28885,142092,142092,2,0,0,False,206.67892456054688,1.0,0.0,-0.019884368404746056,5251,7,0.19611819088459015,-557.8645629882812,23.620630264282227,-1539.98046875
51.62319569999818,1,28.273279499990167,28905,142092,142092,2,0,0,False,206.74082946777344,1.0,0.0,-0.018536262214183807,5254,7,0.19629819691181183,-557.2095336914062,23.6707820892334,-1539.0389404296875
51.63423500000499,1,28.28431879999698,28915,142092,142092,2,0,0,False,206.79835510253906,1.0,0.0,-0.01816379278898239,5260,7,0.19636571407318115,-556.8812255859375,23.695789337158203,-1538.5684814453125
51.6456984999968,1,28.295782299988787,28925,142092,142092,2,0,0,False,206.86912536621094,1.0,0.0,-0.014961028471589088,5268,7,0.196455717086792,-556.5523681640625,23.720712661743164,-1538.09814453125
51.656844099998125,1,28.306927899990114,28932,142092,142092,2,0,0,False,206.92965698242188,1.0,0.0,-0.013955454342067242,5270,7,0.19654572010040283,-556.2230224609375,23.74555206298828,-1537.6280517578125
51.66742769999837,1,28.31751149999036,28945,142092,142092,2,0,0,False,207.0054168701172,1.0,0.0,-0.011099443770945072,5271,7,0.19659072160720825,-555.9757080078125,23.764131546020508,-1537.2755126953125
51.67868150000868,1,28.32876530000067,28952,142092,142092,2,0,0,False,207.06716918945312,1.0,0.0,-0.012163180857896805,5272,7,0.19670319557189941,-555.5628662109375,23.795019149780273,-1536.6881103515625
51.68969379999908,1,28.339777599991066,28962,142092,142092,2,0,0,False,207.14315795898438,1.0,0.0,-0.003383629722520709,5269,7,0.19677062332630157,-555.3148193359375,23.81350326538086,-1536.3358154296875
51.70086009999795,1,28.350943899989943,28975,142092,142092,2,0,0,False,207.20420837402344,1.0,0.0,0.023568717762827873,5272,7,0.19695043563842773,-554.5689086914062,23.86893081665039,-1535.279296875
51.71183529999689,1,28.36191909998888,28992,142092,142092,2,0,0,False,207.26736450195312,1.0,0.0,0.015320226550102234,5275,7,0.1970178782939911,-554.3197021484375,23.887454986572266,-1534.92724609375
51.72335129999556,1,28.373435099987546,29002,142092,142092,2,0,0,False,207.35214233398438,1.0,0.0,0.008501902222633362,5276,7,0.19710779190063477,-553.9871826171875,23.9122371673584,-1534.4580078125
51.734365800002706,1,28.384449599994696,29012,142092,142092,2,0,0,False,207.4303436279297,1.0,0.0,0.0040088826790452,5275,7,0.19717521965503693,-553.654296875,23.937101364135742,-1533.9886474609375
51.74510130000999,1,28.39518510000198,29020,142092,142092,2,0,0,False,207.49302673339844,1.0,0.0,0.0022990358993411064,5274,7,0.1972651332616806,-553.3209838867188,23.962047576904297,-1533.51953125
51.75598190000164,1,28.406065699993633,29032,142092,142092,2,0,0,False,207.55972290039062,1.0,0.0,-0.0002252098056487739,5275,7,0.19733256101608276,-553.0706787109375,23.980850219726562,-1533.167724609375
51.7671898999979,1,28.41727369998989,29040,142092,142092,2,0,0,False,207.6388397216797,1.0,0.0,-0.0007568798610009253,5281,7,0.19742251932621002,-552.6529541015625,24.01238441467285,-1532.5814208984375
51.77795390000392,1,28.42803769999591,29050,142092,142092,2,0,0,False,207.7036590576172,1.0,0.0,-0.0022417339496314526,5283,7,0.19749005138874054,-552.4020385742188,24.031391143798828,-1532.229736328125
51.78909269999713,1,28.439176499989117,29070,142092,142092,2,0,0,False,207.76788330078125,1.0,0.0,-0.002280048094689846,5281,7,0.1976926326751709,-551.6478271484375,24.0887508392334,-1531.1749267578125
51.8001127000025,1,28.45019649999449,29080,142092,142092,2,0,0,False,207.84628295898438,1.0,0.0,-0.0020338313188403845,5281,7,0.1977376490831375,-551.3959350585938,24.10801124572754,-1530.823486328125
51.81130490000942,1,28.461388700001407,29090,142092,142092,2,0,0,False,207.9081573486328,1.0,0.0,-0.0019266984891146421,5285,7,0.19782768189907074,-551.059814453125,24.133790969848633,-1530.3548583984375
51.822319300001254,1,28.472403099993244,29100,142092,142092,2,0,0,False,207.9869384765625,1.0,0.0,-0.001580537180416286,5288,7,0.19791771471500397,-550.7232666015625,24.159656524658203,-1529.8863525390625
51.833309499997995,1,28.483393299989984,29107,142092,142092,2,0,0,False,208.04869079589844,1.0,0.0,-0.0009729246376082301,5290,7,0.19798524677753448,-550.3864135742188,24.185609817504883,-1529.417724609375
51.84436420000566,1,28.494447999997647,29120,142092,142092,2,0,0,False,208.1107177734375,1.0,0.0,-0.001263096695765853,5293,7,0.198052778840065,-550.133544921875,24.20511817932129,-1529.06640625
51.85527880000882,1,28.505362600000808,29127,142092,142092,2,0,0,False,208.19288635253906,1.0,0.0,-0.0015116402646526694,5295,7,0.19816535711288452,-549.7117309570312,24.237716674804688,-1528.4808349609375
51.86637660000997,1,28.51646040000196,29137,142092,142092,2,0,0,False,208.2565155029297,1.0,0.0,-0.000877707963809371,5297,7,0.19823291897773743,-549.4584350585938,24.257322311401367,-1528.12939453125
51.87729040000704,1,28.52737419999903,29157,142092,142092,2,0,0,False,208.33522033691406,1.0,0.0,-0.0009267181158065796,5298,7,0.19841311872005463,-548.697509765625,24.3162841796875,-1527.0753173828125
51.88826490000065,1,28.53834869999264,29167,142092,142092,2,0,0,False,208.39793395996094,1.0,0.0,-0.0012005438329651952,5298,7,0.19848068058490753,-548.4435424804688,24.33599853515625,-1526.7239990234375
51.899474799996824,1,28.549558599988814,29177,142092,142092,2,0,0,False,208.47886657714844,1.0,0.0,-0.001093576429411769,5300,7,0.19857077300548553,-548.1046752929688,24.362369537353516,-1526.25537109375
51.91067650000332,1,28.56076029999531,29187,142092,142092,2,0,0,False,208.54568481445312,1.0,0.0,-0.0010030638659372926,5304,7,0.19863834977149963,-547.765625,24.38884925842285,-1525.786865234375
51.92155759999878,1,28.571641399990767,29195,142092,142092,2,0,0,False,208.61131286621094,1.0,0.0,-0.0015473136445507407,5306,7,0.19872844219207764,-547.42626953125,24.415388107299805,-1525.3182373046875
51.93268739999621,1,28.5827711999882,29207,142092,142092,2,0,0,False,208.69281005859375,1.0,0.0,-0.0022409402299672365,5303,7,0.19879601895809174,-547.171630859375,24.435317993164062,-1524.966796875
51.9437678999966,1,28.59385169998859,29225,142092,142092,2,0,0,False,208.75917053222656,1.0,0.0,-0.0022590691223740578,5303,7,0.1989537626504898,-546.4918823242188,24.488601684570312,-1524.029296875
51.95486399999936,1,28.60494779999135,29225,142092,142092,2,0,0,False,208.84202575683594,1.0,0.0,-0.0016697640530765057,5307,7,0.1989537626504898,-546.4918823242188,24.488601684570312,-1524.029296875
51.96602890000213,1,28.61611269999412,29245,142092,142092,2,0,0,False,208.9038848876953,1.0,0.0,-0.0011321480851620436,5311,7,0.19915659725666046,-545.7261962890625,24.54867935180664,-1522.974365234375
51.97724459999881,1,28.6273283999908,29255,142092,142092,2,0,0,False,208.97923278808594,1.0,0.0,-0.001801035483367741,5315,7,0.19920167326927185,-545.470703125,24.568632125854492,-1522.62255859375
51.98857300000964,1,28.638656800001627,29267,142092,142092,2,0,0,False,209.0412139892578,1.0,0.0,-0.0013229361502453685,5314,7,0.19929182529449463,-545.1299438476562,24.595190048217773,-1522.1534423828125
51.99926830000186,1,28.64935209999385,29277,142092,142092,2,0,0,False,209.11648559570312,1.0,0.0,-0.0003697097999975085,5319,7,0.1994045078754425,-544.7036743164062,24.62833023071289,-1521.5670166015625
52.01010270000552,1,28.660186499997508,29285,142092,142092,2,0,0,False,209.1785125732422,1.0,0.0,-0.00014178923447616398,5329,7,0.199472114443779,-544.3624877929688,24.654747009277344,-1521.0977783203125
52.02164960000664,1,28.67173339999863,29297,142092,142092,2,0,0,False,209.24224853515625,1.0,0.0,-0.0006799760740250349,5328,7,0.19953973591327667,-544.1064453125,24.67448616027832,-1520.745849609375
52.032243499998,1,28.682327299989993,29307,142092,142092,2,0,0,False,209.32156372070312,1.0,0.0,-0.0005594188114628196,5321,7,0.19965243339538574,-543.6795654296875,24.707273483276367,-1520.1590576171875
52.04317499999888,1,28.693258799990872,29315,142092,142092,2,0,0,False,209.3879852294922,1.0,0.0,-0.00019906717352569103,5321,7,0.19974258542060852,-543.3378295898438,24.733448028564453,-1519.6895751953125
52.05432599999767,1,28.704409799989662,29327,142092,142092,2,0,0,False,209.45301818847656,1.0,0.0,-0.0006808104808442295,5323,7,0.1997876614332199,-543.0814208984375,24.7530574798584,-1519.33740234375
52.0653553000011,1,28.71543909999309,29347,142092,142092,2,0,0,False,209.53297424316406,1.0,0.0,-0.0006798853282816708,5327,7,0.19999051094055176,-542.3117065429688,24.811811447143555,-1518.2803955078125
52.0765997999988,1,28.726683599990793,29357,142092,142092,2,0,0,False,209.5948486328125,1.0,0.0,-0.0003825900494121015,5328,7,0.20008066296577454,-541.9693603515625,24.837928771972656,-1517.8104248046875
52.0875165000034,1,28.737600299995393,29367,142092,142092,2,0,0,False,209.66973876953125,1.0,0.0,-0.0008303177892230451,5328,7,0.20014828443527222,-541.6268920898438,24.864084243774414,-1517.34033203125
52.098528300004546,1,28.748612099996535,29377,142092,142092,2,0,0,False,209.7335205078125,1.0,0.0,-0.0006019848515279591,5330,7,0.200238436460495,-541.2842407226562,24.890316009521484,-1516.8702392578125
52.10957120000967,1,28.759655000001658,29387,142092,142092,2,0,0,False,209.81146240234375,1.0,0.0,-8.457074000034481e-05,5334,7,0.20032858848571777,-540.9415283203125,24.916624069213867,-1516.39990234375
52.120739000005415,1,28.770822799997404,29397,142092,142092,2,0,0,False,209.87364196777344,1.0,0.0,-5.523660365724936e-05,5336,7,0.20039620995521545,-540.5986328125,24.942995071411133,-1515.9295654296875
52.13195330000599,1,28.78203709999798,29407,142092,142092,2,0,0,False,209.93458557128906,1.0,0.0,5.424387563834898e-05,5336,7,0.20048636198043823,-540.2555541992188,24.969430923461914,-1515.458984375
52.142673299997114,1,28.792757099989103,29417,142092,142092,2,0,0,False,210.01718139648438,1.0,0.0,-9.488489013165236e-05,5337,7,0.200576514005661,-539.9124145507812,24.995954513549805,-1514.9884033203125
52.15370239999902,1,28.80378619999101,29427,142092,142092,2,0,0,False,210.07931518554688,1.0,0.0,0.00014766922686249018,5340,7,0.2006666660308838,-539.5691528320312,25.02259635925293,-1514.5177001953125
52.164601099997526,1,28.814684899989516,29437,142092,142092,2,0,0,False,210.16009521484375,1.0,0.0,-0.0003197596815880388,5343,7,0.20073427259922028,-539.2257080078125,25.049297332763672,-1514.046875
52.17530470000929,1,28.82538850000128,29450,142092,142092,2,0,0,False,210.22764587402344,1.0,0.0,-0.0005660767783410847,5341,7,0.20082442462444305,-538.8821411132812,25.076053619384766,-1513.5758056640625
52.186189100000774,1,28.836272899992764,29467,142092,142092,2,0,0,False,210.29397583007812,1.0,0.0,0.00014495541108772159,5344,7,0.2010047286748886,-538.1946411132812,25.12972640991211,-1512.633544921875
52.197165200006566,1,28.847248999998556,29480,142092,142092,2,0,0,False,210.37266540527344,1.0,0.0,-9.9066091934219e-06,5348,7,0.2010723203420639,-537.8507080078125,25.156522750854492,-1512.162109375
52.20778340000834,1,28.857867200000328,29487,142092,142092,2,0,0,False,210.43124389648438,1.0,0.0,-0.0005279656616039574,5346,7,0.2011849731206894,-537.4205932617188,25.18988800048828,-1511.57275390625
52.21870779999881,1,28.8687915999908,29497,142092,142092,2,0,0,False,210.4856414794922,1.0,0.0,9.400441194884479e-05,5348,7,0.20125256478786469,-537.1624755859375,25.209880828857422,-1511.218994140625
52.229830199998105,1,28.879913999990094,29510,142092,142092,2,0,0,False,210.55657958984375,1.0,0.0,0.0006806758465245366,5357,7,0.20134268701076508,-536.8181762695312,25.236520767211914,-1510.747314453125
52.24082140000246,1,28.89090519999445,29517,142092,142092,2,0,0,False,210.6163787841797,1.0,0.0,0.0003765375877264887,5369,7,0.20143279433250427,-536.3876342773438,25.269775390625,-1510.157470703125
52.25188779999735,1,28.901971599989338,29527,142092,142092,2,0,0,False,210.69764709472656,1.0,0.0,0.00014059655950404704,5367,7,0.20150038599967957,-536.1292114257812,25.289691925048828,-1509.803466796875
52.26261390000582,1,28.912697699997807,29540,142092,142092,2,0,0,False,210.7657928466797,1.0,0.0,0.00037701288238167763,5358,7,0.20159050822257996,-535.7845458984375,25.316232681274414,-1509.3314208984375
52.273505999997724,1,28.923589799989713,29550,142092,142092,2,0,0,False,210.83334350585938,1.0,0.0,0.00027244005468674004,5351,7,0.20168063044548035,-535.3535766601562,25.34942054748535,-1508.7410888671875
52.28453190000437,1,28.934615699996357,29557,142092,142092,2,0,0,False,210.91380310058594,1.0,0.0,-0.00040571275167167187,5355,7,0.20177070796489716,-535.0086059570312,25.37600326538086,-1508.2686767578125
52.29556910000974,1,28.945652900001733,29570,142092,142092,2,0,0,False,210.97366333007812,1.0,0.0,4.6218352508731186e-05,5362,7,0.20183825492858887,-534.7498168945312,25.39597511291504,-1507.914306640625
52.306808499997715,1,28.956892299989704,29580,142092,142092,2,0,0,False,211.0324249267578,1.0,0.0,5.982763832435012e-05,5365,7,0.2019508332014084,-534.318359375,25.429340362548828,-1507.323486328125
52.317850599996746,1,28.967934399988735,29590,142092,142092,2,0,0,False,211.1083221435547,1.0,0.0,-0.00011840695515275002,5365,7,0.2020183801651001,-533.9730224609375,25.456144332885742,-1506.8507080078125
52.32884850000846,1,28.97893230000045,29610,142092,142092,2,0,0,False,211.16983032226562,1.0,0.0,0.00022771887597627938,5368,7,0.20219850540161133,-533.2821044921875,25.510028839111328,-1505.9049072265625
52.33959709999908,1,28.989680899991072,29620,142092,142092,2,0,0,False,211.24703979492188,1.0,0.0,0.00010711485083447769,5370,7,0.20228856801986694,-532.9364624023438,25.53706169128418,-1505.4317626953125
52.35082300000067,1,29.000906799992663,29632,142092,142092,2,0,0,False,211.30616760253906,1.0,0.0,0.00032985606230795383,5369,7,0.20235611498355865,-532.5907592773438,25.56417465209961,-1504.95849609375
52.36187580000842,1,29.01195960000041,29640,142092,142092,2,0,0,False,211.36842346191406,1.0,0.0,-4.988209911971353e-05,5371,7,0.20246872305870056,-532.158447265625,25.598234176635742,-1504.36669921875
52.37271260000125,1,29.02279639999324,29650,142092,142092,2,0,0,False,211.44482421875,1.0,0.0,0.00014719982573296875,5375,7,0.20253635942935944,-531.89892578125,25.61876678466797,-1504.011474609375
52.38377620000392,1,29.03385999999591,29662,142092,142092,2,0,0,False,211.5082550048828,1.0,0.0,0.00023379208869300783,5377,7,0.2026265263557434,-531.5529174804688,25.646255493164062,-1503.537841796875
52.394739199997275,1,29.044822999989265,29670,142092,142092,2,0,0,False,211.58425903320312,1.0,0.0,-3.804500011028722e-05,5379,7,0.20271670818328857,-531.1202392578125,25.680782318115234,-1502.945556640625
52.405334199997014,1,29.055417999989004,29680,142092,142092,2,0,0,False,211.64651489257812,1.0,0.0,9.527316433377564e-05,5379,7,0.20278432965278625,-530.8605346679688,25.701568603515625,-1502.5902099609375
52.41635719999613,1,29.066440999988117,29692,142092,142092,2,0,0,False,211.710205078125,1.0,0.0,9.726161806611344e-05,5379,7,0.20287449657917023,-530.51416015625,25.72939109802246,-1502.1160888671875
52.427299500006484,1,29.077383299998473,29700,142092,142092,2,0,0,False,211.7857208251953,1.0,0.0,0.0005267997039481997,5382,7,0.20298722386360168,-530.0810546875,25.764333724975586,-1501.5233154296875
52.43843330000527,1,29.08851709999726,29710,142092,142092,2,0,0,False,211.85145568847656,1.0,0.0,0.0002670785179361701,5385,7,0.20303229987621307,-529.8211059570312,25.78537368774414,-1501.1676025390625
52.44951980000769,1,29.099603599999682,29730,142092,142092,2,0,0,False,211.9283905029297,1.0,0.0,-0.00014150291099213064,5385,7,0.2032352089881897,-529.0409545898438,25.84876251220703,-1500.0999755859375
52.46050480000849,1,29.110588600000483,29740,142092,142092,2,0,0,False,211.9876708984375,1.0,0.0,-0.00019054328731726855,5387,7,0.20330286026000977,-528.78076171875,25.86994171142578,-1499.743896484375
52.47210630000336,1,29.12219009999535,29752,142092,142092,2,0,0,False,212.04991149902344,1.0,0.0,0.000302231521345675,5387,7,0.20339305698871613,-528.4337768554688,25.898225784301758,-1499.26904296875
52.4830237999995,1,29.13310759999149,29762,142092,142092,2,0,0,False,212.1248779296875,1.0,0.0,0.0005706117954105139,5390,7,0.20348325371742249,-527.9998779296875,25.93364906311035,-1498.67529296875
52.49417119999998,1,29.144254999991972,29770,142092,142092,2,0,0,False,212.18923950195312,1.0,0.0,-0.000344514031894505,5396,7,0.20357345044612885,-527.6526489257812,25.96200942993164,-1498.2001953125
52.50492910000321,1,29.1550128999952,29782,142092,142092,2,0,0,False,212.27139282226562,1.0,0.0,-0.0002631527022458613,5397,7,0.2036411017179489,-527.3921508789062,25.983259201049805,-1497.84375
52.515750699996715,1,29.165834499988705,29792,142092,142092,2,0,0,False,212.33596801757812,1.0,0.0,0.0004332992248237133,5395,7,0.20373129844665527,-526.9578857421875,26.01859474182129,-1497.24951171875
52.52681730000768,1,29.176901099999668,29802,142092,142092,2,0,0,False,212.4148406982422,1.0,0.0,0.000799148459918797,5395,7,0.20382149517536163,-526.6103515625,26.04673957824707,-1496.77392578125
52.538017099999706,1,29.188100899991696,29815,142092,142092,2,0,0,False,212.47518920898438,1.0,0.0,-0.00014621784794144332,5397,7,0.203911691904068,-526.2626342773438,26.074729919433594,-1496.2982177734375
52.54905370000051,1,29.199137499992503,29815,142092,142092,2,0,0,False,0.0,0.0,0.0,0.0,0,0,0.20402441918849945,-525.8279418945312,26.1094970703125,-1495.703369140625
