timestamp_s,lap_number,lap_time_s,speed_kmh,throttle,brake,steering,rpm,gear,normalized_position,world_x,world_y,world_z
0.001173799973912537,0,,0.015807660296559334,0.0,0.0,0.0,1877,1,0.8306893110275269,-131.13169860839844,-11.49174690246582,668.7152099609375
0.012410399998771027,0,,0.009642551653087139,0.0,0.0,0.0,1877,1,0.8306893110275269,-131.13169860839844,-11.491743087768555,668.7152099609375
0.02309539998532273,0,,0.015804069116711617,0.0,0.0,0.0,1877,1,0.8306893110275269,-131.13169860839844,-11.491743087768555,668.7152099609375
0.033907299977727234,0,,0.009642710909247398,0.0,0.0,0.0,1877,1,0.8306893110275269,-131.13169860839844,-11.491747856140137,668.7152099609375
0.04494129997328855,0,,0.005934601649641991,0.0,0.0,0.0,1877,1,0.8306893110275269,-131.13169860839844,-11.491744041442871,668.7152099609375
0.057501799979945645,0,,0.009646469727158546,0.0,0.0,0.0,1877,1,0.8306893110275269,-131.13169860839844,-11.491754531860352,668.7152099609375
0.06851899999310263,0,,0.015802334994077682,0.0,0.0,0.0,1877,1,0.8306893110275269,-131.13169860839844,-11.491747856140137,668.7152099609375
0.07978319999529049,0,,0.009645914658904076,0.0,0.0,0.0,1877,1,0.8306893110275269,-131.13169860839844,-11.491744041442871,668.7152099609375
0.09068479997222312,0,,0.015801457688212395,0.0,0.0,0.0,1877,1,0.8306893110275269,-131.13169860839844,-11.491755485534668,668.7152099609375
0.10169179999502376,0,,0.009647642262279987,0.0,0.0,0.0,1877,1,0.8306893110275269,-131.13169860839844,-11.491748809814453,668.7152099609375
0.11263039999175817,0,,0.015803469344973564,0.0,0.0,0.0,1877,1,0.8306893110275269,-131.13169860839844,-11.491755485534668,668.7152099609375
0.12409649998880923,0,,0.009644468314945698,0.0,0.0,0.0,1877,1,0.8306893110275269,-131.13169860839844,-11.49174976348877,668.7152099609375
0.13512929997523315,0,,0.0158010795712471,0.0,0.0,0.0,1877,1,0.8306893110275269,-131.13169860839844,-11.491744995117188,668.7152099609375
0.1462664999999106,0,,0.009645996615290642,0.0,0.0,0.0,1877,1,0.8306893110275269,-131.13169860839844,-11.491756439208984,668.7152099609375
0.1572501999908127,0,,0.005935143679380417,0.0,0.0,0.0,1877,1,0.8306893110275269,-131.13169860839844,-11.49174976348877,668.7152099609375
0.16824329999508336,0,,0.009649036452174187,0.0,0.0,0.0,1877,1,0.8306893110275269,-131.13169860839844,-11.491750717163086,668.7152099609375
0.1795304999977816,0,,0.005932899657636881,0.0,0.0,0.0,1877,1,0.8306893110275269,-131.13169860839844,-11.49174690246582,668.7152099609375
0.19048279998241924,0,,0.009649112820625305,0.0,0.0,0.0,1877,1,0.8306893110275269,-131.13169860839844,-11.4917573928833,668.7152099609375
0.2019045999913942,0,,0.005935888737440109,0.0,0.0,0.0,1877,1,0.8306893110275269,-131.13169860839844,-11.491750717163086,668.7152099609375
0.21317429997725412,0,,0.009649939835071564,0.0,0.0,0.0,1877,1,0.8306893110275269,-131.13169860839844,-11.49174690246582,668.7152099609375
0.22435809997841716,0,,0.005938463844358921,0.0,0.0,0.0,1877,1,0.8306893110275269,-131.13169860839844,-11.491758346557617,668.7152709960938
0.23528789999545552,0,,0.00965478178113699,0.0,0.0,0.0,1877,1,0.8306893110275269,-131.13169860839844,-11.491751670837402,668.7152709960938
0.24651699999230914,0,,0.00594314094632864,0.0,0.0,0.0,1877,1,0.8306893110275269,-131.13169860839844,-11.491747856140137,668.7152709960938
0.2573438999825157,0,,0.01579504832625389,0.0,0.0,0.0,1877,1,0.8306893110275269,-131.13169860839844,-11.491759300231934,668.7152709960938
0.2686752999725286,0,,0.0059398505836725235,0.0,0.0,0.0,1877,1,0.8306893110275269,-131.13169860839844,-11.491752624511719,668.7152709960938
0.27951279998524114,0,,0.015795579180121422,0.0,0.0,0.0,1877,1,0.8306893110275269,-131.13169860839844,-11.491747856140137,668.7152709960938
0.2904664999805391,0,,0.005942972376942635,0.0,0.0,0.0,1877,1,0.8306893110275269,-131.13169860839844,-11.491752624511719,668.7152709960938
0.30171239998890087,0,,0.015793567523360252,0.0,0.0,0.0,1877,1,0.8306893110275269,-131.13169860839844,-11.49176025390625,668.7152709960938
0.3128625999961514,0,,0.005938457790762186,0.0,0.0,0.0,1877,1,0.8306893110275269,-131.13169860839844,-11.491753578186035,668.7152709960938
0.32390899999882095,0,,0.015794208273291588,0.0,0.0,0.0,1877,1,0.8306893110275269,-131.13169860839844,-11.49174976348877,668.7152709960938
0.3347668999922462,0,,0.009655140340328217,0.0,0.0,0.0,1877,1,0.8306893110275269,-131.13169860839844,-11.49176025390625,668.7152709960938
0.34573589998763055,0,,0.01579160802066326,0.0,0.0,0.0,1877,1,0.8306893110275269,-131.13169860839844,-11.491753578186035,668.7152709960938
0.35681679999106564,0,,0.009654625318944454,0.0,0.0,0.0,1877,1,0.8306893110275269,-131.13169860839844,-11.49174976348877,668.7152709960938
0.3676627999811899,0,,0.005945928394794464,0.0,0.0,0.0,1877,1,0.8306893110275269,-131.13169860839844,-11.491761207580566,668.7152709960938
0.37876009999308735,0,,0.009656636044383049,0.0,0.0,0.0,1877,1,0.8306893110275269,-131.13169860839844,-11.491754531860352,668.7152709960938
0.38964569999370724,0,,0.005946432705968618,0.0,0.0,0.0,1877,1,0.8306893110275269,-131.13169860839844,-11.491750717163086,668.7152709960938
0.400676499994006,0,,0.009656211361289024,0.0,0.0,0.0,1877,1,0.8306893110275269,-131.13169860839844,-11.491761207580566,668.7152709960938
0.41123009999864735,0,,0.005944388918578625,0.0,0.0,0.0,1877,1,0.8306893110275269,-131.13169860839844,-11.491754531860352,668.7152709960938
0.4219380999857094,0,,0.015788093209266663,0.0,0.0,0.0,1877,1,0.8306893110275269,-131.13169860839844,-11.491762161254883,668.7152709960938
0.4330185999860987,0,,0.005941568408161402,0.0,0.0,0.0,1877,1,0.8306893110275269,-131.13169860839844,-11.491755485534668,668.7152709960938
0.44413609997718595,0,,0.01578930765390396,0.0,0.0,0.0,1877,1,0.8306893110275269,-131.13169860839844,-11.491762161254883,668.7152709960938
0.45527239999501035,0,,0.005950743332505226,0.0,0.0,0.0,1877,1,0.8306893110275269,-131.13169860839844,-11.491755485534668,668.7152709960938
0.4665256000007503,0,,0.015786701813340187,0.0,0.0,0.0,1877,1,0.8306893110275269,-131.13169860839844,-11.491751670837402,668.7152709960938
0.47724579999339767,0,,0.009660227224230766,0.0,0.0,0.0,1877,1,0.8306893110275269,-131.13169860839844,-11.491756439208984,668.7152709960938
0.48835059997509234,0,,0.01578930951654911,0.0,0.0,0.0,1877,1,0.8306893110275269,-131.13169860839844,-11.491752624511719,668.7152709960938
0.49936869999510236,0,,0.009660227224230766,0.0,0.0,0.0,1877,1,0.8306893110275269,-131.13169860839844,-11.4917631149292,668.7152709960938
0.5103433999756817,0,,0.015787798911333084,0.0,0.0,0.0,1877,1,0.8306893110275269,-131.13169860839844,-11.491756439208984,668.7152709960938
0.5212720999843441,0,,0.00966177973896265,0.0,0.0,0.0,1877,1,0.8306893110275269,-131.13169860839844,-11.491752624511719,668.7152709960938
0.5324849999742582,0,,0.005945144221186638,0.0,0.0,0.0,1877,1,0.8306893110275269,-131.13169860839844,-11.491764068603516,668.7152709960938
0.5432256999774836,0,,0.009665125049650669,0.0,0.0,0.0,1877,1,0.8306893110275269,-131.13169860839844,-11.4917573928833,668.7152709960938
0.5542305999842938,0,,0.005950775928795338,0.0,0.0,0.0,1877,1,0.8306893110275269,-131.13169860839844,-11.491764068603516,668.7152709960938
0.5654490999877453,0,,0.009662370197474957,0.0,0.0,0.0,1877,1,0.8306893110275269,-131.13169860839844,-11.4917573928833,668.7152709960938
0.5763319999969099,0,,0.005947442725300789,0.0,0.0,0.0,1877,1,0.8306893110275269,-131.13169860839844,-11.491753578186035,668.7152709960938
0.5874079999921378,0,,0.015785282477736473,0.0,0.0,0.0,1877,1,0.8306893110275269,-131.1317138671875,-11.491765022277832,668.7152709960938
0.5985305999929551,0,,0.005953004118055105,0.0,0.0,0.0,1877,1,0.8306893110275269,-131.1317138671875,-11.491758346557617,668.7152709960938
0.6095003999944311,0,,0.01578598842024803,0.0,0.0,0.0,1877,1,0.8306893110275269,-131.1317138671875,-11.491765022277832,668.7152709960938
0.6208017999888398,0,,0.005954812280833721,0.0,0.0,0.0,1877,1,0.8306893110275269,-131.1317138671875,-11.491758346557617,668.7152709960938
0.6320220999768935,0,,0.0157831609249115,0.0,0.0,0.0,1877,1,0.8306893110275269,-131.1317138671875,-11.491754531860352,668.7152709960938
0.6431273999914993,0,,0.005949913524091244,0.0,0.0,0.0,1877,1,0.8306893110275269,-131.1317138671875,-11.491765975952148,668.7152709960938
0.6542131999740377,0,,0.01578458584845066,0.0,0.0,0.0,1877,1,0.8306893110275269,-131.1317138671875,-11.491754531860352,668.7152709960938
0.6652185999846552,0,,0.005955283995717764,0.0,0.0,0.0,1877,1,0.8306893110275269,-131.1317138671875,-11.491765975952148,668.7152709960938
0.6762356999970507,0,,0.015782756730914116,0.0,0.0,0.0,1877,1,0.8306893110275269,-131.1317138671875,-11.491759300231934,668.7152709960938
0.6872767999884672,0,,0.00966572854667902,0.0,0.0,0.0,1877,1,0.8306893110275269,-131.1317138671875,-11.491755485534668,668.7152709960938
0.6985956999997143,0,,0.015782179310917854,0.0,0.0,0.0,1877,1,0.8306893110275269,-131.1317138671875,-11.491766929626465,668.7152709960938
0.7095934999815654,0,,0.009666015394032001,0.0,0.0,0.0,1877,1,0.8306893110275269,-131.1317138671875,-11.49176025390625,668.7152709960938
0.720805199991446,0,,0.015783041715621948,0.0,0.0,0.0,1877,1,0.8306893110275269,-131.1317138671875,-11.491755485534668,668.7152709960938
0.7316609999979846,0,,0.009668800048530102,0.0,0.0,0.0,1877,1,0.8306893110275269,-131.1317138671875,-11.491766929626465,668.71533203125
0.742257999983849,0,,0.005958372727036476,0.0,0.0,0.0,1877,1,0.8306893110275269,-131.1317138671875,-11.491756439208984,668.71533203125
0.7536746999830939,0,,0.009668348357081413,0.0,0.0,0.0,1877,1,0.8306893110275269,-131.1317138671875,-11.491766929626465,668.71533203125
0.7646324999805074,0,,0.005960850976407528,0.0,0.0,0.0,1877,1,0.8306893110275269,-131.1317138671875,-11.49176025390625,668.71533203125
0.7754150999826379,0,,0.009669234044849873,0.0,0.0,0.0,1877,1,0.8306893110275269,-131.1317138671875,-11.491767883300781,668.71533203125
0.786568499985151,0,,0.0059583657421171665,0.0,0.0,0.0,1877,1,0.8306893110275269,-131.1317138671875,-11.491761207580566,668.71533203125
0.7980106999748386,0,,0.015782877802848816,0.0,0.0,0.0,1877,1,0.8306893110275269,-131.1317138671875,-11.491761207580566,668.71533203125
0.8091461999865714,0,,0.005958561785519123,0.0,0.0,0.0,1877,1,0.8306893110275269,-131.1317138671875,-11.4917573928833,668.71533203125
0.8201130999950692,0,,0.01577894017100334,0.0,0.0,0.0,1877,1,0.8306893110275269,-131.1317138671875,-11.491768836975098,668.71533203125
0.8310414000006858,0,,0.00596301443874836,0.0,0.0,0.0,1877,1,0.8306893110275269,-131.1317138671875,-11.491762161254883,668.71533203125
0.8421938999963459,0,,0.015775209292769432,0.0,0.0,0.0,1877,1,0.8306893110275269,-131.1317138671875,-11.491768836975098,668.71533203125
0.8531804999802262,0,,0.005954535212367773,0.0,0.0,0.0,1877,1,0.8306893110275269,-131.1317138671875,-11.491768836975098,668.71533203125
0.8643584999954328,0,,0.0157795287668705,0.0,0.0,0.0,1877,1,0.8306893110275269,-131.1317138671875,-11.491762161254883,668.71533203125
0.876491899980465,0,,0.005963416770100594,0.0,0.0,0.0,1877,1,0.8306893110275269,-131.1317138671875,-11.491768836975098,668.71533203125
0.887998799997149,0,,0.015776589512825012,0.0,0.0,0.0,1877,1,0.8306893110275269,-131.1317138671875,-11.491758346557617,668.71533203125
0.8992675999761559,0,,0.005959839094430208,0.0,0.0,0.0,1877,1,0.8306893110275269,-131.1317138671875,-11.491769790649414,668.71533203125
0.9106558999919798,0,,0.009671793319284916,0.0,0.0,0.0,1877,1,0.8306893110275269,-131.1317138671875,-11.491758346557617,668.71533203125
0.9218369999725837,0,,0.005961038172245026,0.0,0.0,0.0,1877,1,0.8306893110275269,-131.1317138671875,-11.491758346557617,668.71533203125
0.9327988999721128,0,,0.01577506959438324,0.0,0.0,0.0,1877,1,0.8306893110275269,-131.1317138671875,-11.4917631149292,668.71533203125
0.9439804999856278,0,,0.005960064474493265,0.0,0.0,0.0,1877,1,0.8306893110275269,-131.1317138671875,-11.491769790649414,668.71533203125
0.9739270999853034,0,,0.005962450988590717,0.0,0.0,0.0,1877,1,0.8306893110275269,-131.1317138671875,-11.491769790649414,668.71533203125
0.9930229999881703,0,,0.009675037115812302,0.0,0.0,0.0,1877,1,0.8306893110275269,-131.1317138671875,-11.49177074432373,668.71533203125
1.0113010999921244,0,,0.009674258530139923,0.0,0.0,0.0,1877,1,0.8306893110275269,-131.1317138671875,-11.491764068603516,668.71533203125
1.0227599999925587,0,,0.015772193670272827,0.0,0.0,0.0,1877,1,0.8306893110275269,-131.1317138671875,-11.491764068603516,668.71533203125
1.0350585999840405,0,,0.009675671346485615,0.0,0.0,0.0,1877,1,0.8306893110275269,-131.1317138671875,-11.491764068603516,668.71533203125
1.0461037999775726,0,,0.009676758199930191,0.0,0.0,0.0,1877,1,0.8306893110275269,-131.1317138671875,-11.491764068603516,668.71533203125
1.0571108000003733,0,,0.0059599438682198524,0.0,0.0,0.0,1877,1,0.8306893110275269,-131.1317138671875,-11.491764068603516,668.71533203125
1.0680007999762893,0,,0.009675850160419941,0.0,0.0,0.0,1877,1,0.8306893110275269,-131.1317138671875,-11.491764068603516,668.71533203125
1.0787813999922946,0,,0.005964632611721754,0.0,0.0,0.0,1877,1,0.8306893110275269,-131.1317138671875,-11.491764068603516,668.71533203125
1.0897538999852259,0,,0.015770385041832924,0.0,0.0,0.0,1877,1,0.8306893110275269,-131.1317138671875,-11.491764068603516,668.71533203125
1.1007488999748603,0,,0.005969882011413574,0.0,0.0,0.0,1877,1,0.8306893110275269,-131.1317138671875,-11.491764068603516,668.71533203125
1.111480699997628,0,,0.015769941732287407,0.0,0.0,0.0,1877,1,0.8306893110275269,-131.1317138671875,-11.491765022277832,668.71533203125
1.1223016000003554,0,,0.009676163084805012,0.0,0.0,0.0,1877,1,0.8306893110275269,-131.1317138671875,-11.491772651672363,668.71533203125
1.1331726999778766,0,,0.01577135920524597,0.0,0.0,0.0,1877,1,0.8306893110275269,-131.1317138671875,-11.491772651672363,668.71533203125
1.143963899987284,0,,0.009677749127149582,0.0,0.0,0.0,1877,1,0.8306893110275269,-131.1317138671875,-11.491761207580566,668.71533203125
1.1547717999783345,0,,0.00597063172608614,0.0,0.0,0.0,1877,1,0.8306893110275269,-131.1317138671875,-11.491761207580566,668.71533203125
1.165514299995266,0,,0.009678523056209087,0.0,0.0,0.0,1877,1,0.8306893110275269,-131.1317138671875,-11.491762161254883,668.71533203125
1.1763948999869172,0,,0.0059653595089912415,0.0,0.0,0.0,1877,1,0.8306893110275269,-131.1317138671875,-11.491765975952148,668.71533203125
1.1873607999878004,0,,0.01577131077647209,0.0,0.0,0.0,1877,1,0.8306893110275269,-131.1317138671875,-11.491762161254883,668.71533203125
1.1982157999882475,0,,0.0059676989912986755,0.0,0.0,0.0,1877,1,0.8306893110275269,-131.1317138671875,-11.491762161254883,668.71533203125
1.2093843999900855,0,,0.015768710523843765,0.0,0.0,0.0,1877,1,0.8306893110275269,-131.1317138671875,-11.491762161254883,668.71533203125
1.220268599980045,0,,0.009679431095719337,0.0,0.0,0.0,1877,1,0.8306893110275269,-131.1317138671875,-11.491766929626465,668.7153930664062
1.231310899980599,0,,0.015767782926559448,0.0,0.0,0.0,1877,1,0.8306893110275269,-131.1317138671875,-11.4917631149292,668.7153930664062
1.2423189999826718,0,,0.00968144740909338,0.0,0.0,0.0,1877,1,0.8306893110275269,-131.1317138671875,-11.49177360534668,668.7153930664062
1.253428600000916,0,,0.0157662071287632,0.0,0.0,0.0,1877,1,0.8306893110275269,-131.1317138671875,-11.491766929626465,668.7153930664062
1.2646675999858417,0,,0.009680265560746193,0.0,0.0,0.0,1877,1,0.8306893110275269,-131.1317138671875,-11.4917631149292,668.7153930664062
1.2755454999860376,0,,0.015766289085149765,0.0,0.0,0.0,1877,1,0.8306893110275269,-131.1317138671875,-11.491774559020996,668.7153930664062
1.2866975999786519,0,,0.009683100506663322,0.0,0.0,0.0,1877,1,0.8306893110275269,-131.13172912597656,-11.4917631149292,668.7153930664062
1.2976162999984808,0,,0.01576802507042885,0.0,0.0,0.0,1877,1,0.8306893110275269,-131.13172912597656,-11.4917631149292,668.7153930664062
1.3085351999907289,0,,0.009683385491371155,0.0,0.0,0.0,1877,1,0.8306893110275269,-131.13172912597656,-11.491774559020996,668.7153930664062
1.3192434999800753,0,,0.00597271416336298,0.0,0.0,0.0,1877,1,0.8306893110275269,-131.13172912597656,-11.491764068603516,668.7153930664062
1.330470899993088,0,,0.00968115497380495,0.0,0.0,0.0,1877,1,0.8306893110275269,-131.13172912597656,-11.491764068603516,668.7153930664062
1.3420133999898098,0,,0.005970779340714216,0.0,0.0,0.0,1877,1,0.8306893110275269,-131.13172912597656,-11.491764068603516,668.7153930664062
1.3531932999903802,0,,0.009681619703769684,0.0,0.0,0.0,1877,1,0.8306893110275269,-131.13172912597656,-11.491775512695312,668.7153930664062
1.3642448999744374,0,,0.005969283636659384,0.0,0.0,0.0,1877,1,0.8306893110275269,-131.13172912597656,-11.491768836975098,668.7153930664062
1.37543609997374,0,,0.009682259522378445,0.0,0.0,0.0,1877,1,0.8306893110275269,-131.13172912597656,-11.491775512695312,668.7153930664062
1.386741099995561,0,,0.0059708585031330585,0.0,0.0,0.0,1877,1,0.8306893110275269,-131.13172912597656,-11.491775512695312,668.7153930664062
1.3978490000008605,0,,0.009682539850473404,0.0,0.0,0.0,1877,1,0.8306893110275269,-131.13172912597656,-11.491768836975098,668.7153930664062
1.408752099989215,0,,0.005966719705611467,0.0,0.0,0.0,1877,1,0.8306893110275269,-131.13172912597656,-11.491775512695312,668.7153930664062
1.4198114999744575,0,,0.015763867646455765,0.0,0.0,0.0,1877,1,0.8306893110275269,-131.13172912597656,-11.491768836975098,668.7153930664062
1.4306393999722786,0,,0.005972933955490589,0.0,0.0,0.0,1877,1,0.8306893110275269,-131.13172912597656,-11.491768836975098,668.7153930664062
1.442273099994054,0,,0.015762625262141228,0.0,0.0,0.0,1877,1,0.8306893110275269,-131.13172912597656,-11.491776466369629,668.7153930664062
1.4535636999935377,0,,0.00596571946516633,0.0,0.0,0.0,1877,1,0.8306893110275269,-131.13172912597656,-11.491769790649414,668.7153930664062
1.4648060999752488,0,,0.015763036906719208,0.0,0.0,0.0,1877,1,0.8306893110275269,-131.13172912597656,-11.491769790649414,668.7153930664062
1.4756383999774698,0,,0.005973069928586483,0.0,0.0,0.0,1877,1,0.8306893110275269,-131.13172912597656,-11.491769790649414,668.7153930664062
1.4868617999891285,0,,0.01576135866343975,0.0,0.0,0.0,1877,1,0.8306893110275269,-131.13172912597656,-11.491765975952148,668.7153930664062
1.4976319999841508,0,,0.009684497490525246,0.0,0.0,0.0,1877,1,0.8306893110275269,-131.13172912597656,-11.491769790649414,668.7153930664062
1.5083713999774773,0,,0.015762917697429657,0.0,0.0,0.0,1877,1,0.8306893110275269,-131.13172912597656,-11.491769790649414,668.7153930664062
1.5191023999941535,0,,0.00968684908002615,0.0,0.0,0.0,1877,1,0.8306893110275269,-131.13172912597656,-11.491765975952148,668.7153930664062
1.5306224999949336,0,,0.01576065644621849,0.0,0.0,0.0,1877,1,0.8306893110275269,-131.13172912597656,-11.491769790649414,668.7153930664062
1.5413623999920674,0,,0.009685961529612541,0.0,0.0,0.0,1877,1,0.8306893110275269,-131.13172912597656,-11.491765975952148,668.7153930664062
1.5522477999911644,0,,0.005975611973553896,0.0,0.0,0.0,1877,1,0.8306893110275269,-131.13172912597656,-11.491765975952148,668.7153930664062
1.5631168999825604,0,,0.009686182253062725,0.0,0.0,0.0,1877,1,0.8306893110275269,-131.13172912597656,-11.49177074432373,668.7153930664062
1.5742980999930296,0,,0.0059725758619606495,0.0,0.0,0.0,1877,1,0.8306893110275269,-131.13172912597656,-11.491766929626465,668.7153930664062
1.585012999974424,0,,0.015759946778416634,0.0,0.0,0.0,1877,1,0.8306893110275269,-131.13172912597656,-11.491766929626465,668.7153930664062
1.59602709999308,0,,0.0059744808822870255,0.0,0.0,0.0,1877,1,0.8306893110275269,-131.13172912597656,-11.491766929626465,668.7153930664062
1.6069281999953091,0,,0.01576022058725357,0.0,0.0,0.0,1877,1,0.8306893110275269,-131.13172912597656,-11.491766929626465,668.7153930664062
1.6180117999901995,0,,0.005977753549814224,0.0,0.0,0.0,1877,1,0.8306893110275269,-131.13172912597656,-11.491766929626465,668.7153930664062
1.6287371999933384,0,,0.01576186530292034,0.0,0.0,0.0,1877,1,0.8306893110275269,-131.13172912597656,-11.491778373718262,668.7153930664062
1.6397677999921143,0,,0.009686483070254326,0.0,0.0,0.0,1877,1,0.8306893110275269,-131.13172912597656,-11.491778373718262,668.7153930664062
1.650506799982395,0,,0.015760675072669983,0.0,0.0,0.0,1877,1,0.8306893110275269,-131.13172912597656,-11.491766929626465,668.7153930664062
1.661423699988518,0,,0.009689846076071262,0.0,0.0,0.0,1877,1,0.8306893110275269,-131.13172912597656,-11.491778373718262,668.7153930664062
1.6725555999728385,0,,0.005979738663882017,0.0,0.0,0.0,1877,1,0.8306893110275269,-131.13172912597656,-11.491771697998047,668.7153930664062
1.683789099974092,0,,0.009687758982181549,0.0,0.0,0.0,1877,1,0.8306893110275269,-131.13172912597656,-11.491767883300781,668.7153930664062
1.694452999974601,0,,0.005983442533761263,0.0,0.0,0.0,1877,1,0.8306893110275269,-131.13172912597656,-11.491771697998047,668.7153930664062
1.705047099996591,0,,0.015759004279971123,0.0,0.0,0.0,1877,1,0.8306893110275269,-131.13172912597656,-11.491771697998047,668.7153930664062
1.715725099988049,0,,0.0059859598986804485,0.0,0.0,0.0,1877,1,0.8306893110275269,-131.13172912597656,-11.491778373718262,668.7153930664062
1.7266077999956906,0,,0.0157605092972517,0.0,0.0,0.0,1877,1,0.8306893110275269,-131.13172912597656,-11.491771697998047,668.7154541015625
1.7375340999860782,0,,0.00968949869275093,0.0,0.0,0.0,1877,1,0.8306893110275269,-131.13172912597656,-11.491771697998047,668.7154541015625
1.7486249999783468,0,,0.015761561691761017,0.0,0.0,0.0,1877,1,0.8306893110275269,-131.13172912597656,-11.491779327392578,668.7154541015625
1.7594876999792177,0,,0.009690498001873493,0.0,0.0,0.0,1877,1,0.8306893110275269,-131.13172912597656,-11.491772651672363,668.7154541015625
1.7703232999774627,0,,0.01575980708003044,0.0,0.0,0.0,1877,1,0.8306893110275269,-131.13172912597656,-11.491767883300781,668.7154541015625
1.7811207999766339,0,,0.009690569713711739,0.0,0.0,0.0,1877,1,0.8306893110275269,-131.13172912597656,-11.491772651672363,668.7154541015625
1.7925174999982119,0,,0.005979706533253193,0.0,0.0,0.0,1877,1,0.8306893110275269,-131.13172912597656,-11.491772651672363,668.7154541015625
1.8037244000006467,0,,0.009691311046481133,0.0,0.0,0.0,1877,1,0.8306893110275269,-131.13172912597656,-11.491772651672363,668.7154541015625
1.8147454999852926,0,,0.0059833345003426075,0.0,0.0,0.0,1877,1,0.8306893110275269,-131.13172912597656,-11.491768836975098,668.7154541015625
1.825651499995729,0,,0.009689788334071636,0.0,0.0,0.0,1877,1,0.8306893110275269,-131.13172912597656,-11.491768836975098,668.7154541015625
1.8368086999980733,0,,0.005984581541270018,0.0,0.0,0.0,1877,1,0.8306893110275269,-131.13172912597656,-11.491772651672363,668.7154541015625
1.8478988999850117,0,,0.009691833518445492,0.0,0.0,0.0,1877,1,0.8306893110275269,-131.13172912597656,-11.491768836975098,668.7154541015625
1.858603199973004,0,,0.0059848446398973465,0.0,0.0,0.0,1877,1,0.8306893110275269,-131.13172912597656,-11.491780281066895,668.7154541015625
1.8699986999854445,0,,0.0157565176486969,0.0,0.0,0.0,1877,1,0.8306893110275269,-131.13172912597656,-11.49177360534668,668.7154541015625
1.8813408999994863,0,,0.005984494928270578,0.0,0.0,0.0,1877,1,0.8306893110275269,-131.13172912597656,-11.491768836975098,668.7154541015625
1.8921895999810658,0,,0.015755092725157738,0.0,0.0,0.0,1877,1,0.8306893110275269,-131.13172912597656,-11.491780281066895,668.7154541015625
1.9029043999908026,0,,0.005985759198665619,0.0,0.0,0.0,1877,1,0.8306893110275269,-131.13172912597656,-11.491769790649414,668.7154541015625
1.9143422999768518,0,,0.01575380750000477,0.0,0.0,0.0,1877,1,0.8306893110275269,-131.13172912597656,-11.491780281066895,668.7154541015625
1.9256575999897905,0,,0.0059808408841490746,0.0,0.0,0.0,1877,1,0.8306893110275269,-131.13172912597656,-11.49177360534668,668.7154541015625
1.9368563999887556,0,,0.015756767243146896,0.0,0.0,0.0,1877,1,0.8306893110275269,-131.13172912597656,-11.491780281066895,668.7154541015625
1.94793889997527,0,,0.005985054653137922,0.0,0.0,0.0,1877,1,0.8306893110275269,-131.13172912597656,-11.49177360534668,668.7154541015625
1.9588797999895178,0,,0.015755100175738335,0.0,0.0,0.0,1877,1,0.8306893110275269,-131.13172912597656,-11.491781234741211,668.7154541015625
1.9699003999994602,0,,0.009693345054984093,0.0,0.0,0.0,1877,1,0.8306893110275269,-131.13172912597656,-11.491781234741211,668.7154541015625
1.9807508999947459,0,,0.01575378142297268,0.0,0.0,0.0,1877,1,0.8306893110275269,-131.13174438476562,-11.491774559020996,668.7154541015625
1.9918750999786425,0,,0.009693107567727566,0.0,0.0,0.0,1877,1,0.8306893110275269,-131.13174438476562,-11.491781234741211,668.7154541015625
2.0030559999868274,0,,0.01575399562716484,0.0,0.0,0.0,1877,1,0.8306893110275269,-131.13174438476562,-11.491781234741211,668.7154541015625
2.0138415999826975,0,,0.009692610241472721,0.0,0.0,0.0,1877,1,0.8306893110275269,-131.13174438476562,-11.491774559020996,668.7154541015625
2.0246456999739166,0,,0.005986175499856472,0.0,0.0,0.0,1877,1,0.8306893110275269,-131.13174438476562,-11.491781234741211,668.7154541015625
2.0355477999837603,0,,0.009693272411823273,0.0,0.0,0.0,1877,1,0.8306893110275269,-131.13174438476562,-11.491781234741211,668.7154541015625
2.0464116999937687,0,,0.005982448346912861,0.0,0.0,0.0,1877,1,0.8306893110275269,-131.13174438476562,-11.491774559020996,668.7154541015625
2.0572527999756858,0,,0.015752799808979034,0.0,0.0,0.0,1877,1,0.8306893110275269,-131.13174438476562,-11.491781234741211,668.7154541015625
2.0684534999891184,0,,0.0059873564168810844,0.0,0.0,0.0,1877,1,0.8306893110275269,-131.13174438476562,-11.491774559020996,668.7154541015625
2.079696199973114,0,,0.01575149968266487,0.0,0.0,0.0,1877,1,0.8306893110275269,-131.13174438476562,-11.491781234741211,668.7154541015625
2.090568699990399,0,,0.005983359180390835,0.0,0.0,0.0,1877,1,0.8306893110275269,-131.13174438476562,-11.491782188415527,668.7154541015625
2.1015918999910355,0,,0.01575467549264431,0.0,0.0,0.0,1877,1,0.8306893110275269,-131.13174438476562,-11.491775512695312,668.7154541015625
2.1128483999927994,0,,0.005988410208374262,0.0,0.0,0.0,1877,1,0.8306893110275269,-131.13174438476562,-11.491782188415527,668.7154541015625
2.1241428999928758,0,,0.01575375348329544,0.0,0.0,0.0,1877,1,0.8306893110275269,-131.13174438476562,-11.491782188415527,668.7154541015625
2.1347088999755215,0,,0.009697183966636658,0.0,0.0,0.0,1877,1,0.8306893110275269,-131.13174438476562,-11.491775512695312,668.7154541015625
2.145944399992004,0,,0.015752771869301796,0.0,0.0,0.0,1877,1,0.8306893110275269,-131.13174438476562,-11.491782188415527,668.7154541015625
2.156744499981869,0,,0.009696714580059052,0.0,0.0,0.0,1877,1,0.8306893110275269,-131.13174438476562,-11.491775512695312,668.7154541015625
2.168176899984246,0,,0.015749743208289146,0.0,0.0,0.0,1877,1,0.8306893110275269,-131.13174438476562,-11.491771697998047,668.7154541015625
2.179044699994847,0,,0.00969787035137415,0.0,0.0,0.0,1877,1,0.8306893110275269,-131.13174438476562,-11.491775512695312,668.7154541015625
2.1900801999727264,0,,0.005985330790281296,0.0,0.0,0.0,1877,1,0.8306893110275269,-131.13174438476562,-11.491775512695312,668.7154541015625
2.2010654999758117,0,,0.009696287102997303,0.0,0.0,0.0,1877,1,0.8306893110275269,-131.13174438476562,-11.491775512695312,668.7154541015625
2.2123827999748755,0,,0.005982443690299988,0.0,0.0,0.0,1877,1,0.8306893110275269,-131.13174438476562,-11.491771697998047,668.7155151367188
2.2239493999804836,0,,0.00969640538096428,0.0,0.0,0.0,1877,1,0.8306893110275269,-131.13174438476562,-11.491771697998047,668.7155151367188
2.2347699999809265,0,,0.0059839352034032345,0.0,0.0,0.0,1877,1,0.8306893110275269,-131.13174438476562,-11.491776466369629,668.7155151367188
2.2457987999951,0,,0.009695171378552914,0.0,0.0,0.0,1877,1,0.8306893110275269,-131.13174438476562,-11.491771697998047,668.7155151367188
2.256915999983903,0,,0.005988152232021093,0.0,0.0,0.0,1877,1,0.8306893110275269,-131.13174438476562,-11.491783142089844,668.7155151367188
2.2677776999771595,0,,0.00969694834202528,0.0,0.0,0.0,1877,1,0.8306893110275269,-131.13174438476562,-11.491776466369629,668.7155151367188
2.278412399988156,0,,0.005982673726975918,0.0,0.0,0.0,1877,1,0.8306893110275269,-131.13174438476562,-11.491771697998047,668.7155151367188
2.289324499986833,0,,0.01574794016778469,0.0,0.0,0.0,1877,1,0.8306893110275269,-131.13174438476562,-11.491783142089844,668.7155151367188
2.3007483999826945,0,,0.0059845298528671265,0.0,0.0,0.0,1877,1,0.8306893110275269,-131.13174438476562,-11.491772651672363,668.7155151367188
2.3116002999886405,0,,0.015748728066682816,0.0,0.0,0.0,1877,1,0.8306893110275269,-131.13174438476562,-11.491783142089844,668.7155151367188
2.322473699983675,0,,0.009697885252535343,0.0,0.0,0.0,1877,1,0.8306893110275269,-131.13174438476562,-11.491776466369629,668.7155151367188
2.3333626999810804,0,,0.01574975624680519,0.0,0.0,0.0,1877,1,0.8306893110275269,-131.13174438476562,-11.491783142089844,668.7155151367188
2.3444514999864623,0,,0.009697447530925274,0.0,0.0,0.0,1877,1,0.8306893110275269,-131.13174438476562,-11.491783142089844,668.7155151367188
2.355314099986572,0,,0.01574881188571453,0.0,0.0,0.0,1877,1,0.8306893110275269,-131.13174438476562,-11.491772651672363,668.7155151367188
2.3666185999754816,0,,0.009697241708636284,0.0,0.0,0.0,1877,1,0.8306893110275269,-131.13174438476562,-11.49178409576416,668.7155151367188
2.377426499995636,0,,0.005987918935716152,0.0,0.0,0.0,1877,1,0.8306893110275269,-131.13174438476562,-11.491777420043945,668.7155151367188
2.388224700000137,0,,0.009698609821498394,0.0,0.0,0.0,1877,1,0.8306893110275269,-131.13174438476562,-11.49178409576416,668.7155151367188
2.3993926999974065,0,,0.005986243486404419,0.0,0.0,0.0,1877,1,0.8306893110275269,-131.13174438476562,-11.491777420043945,668.7155151367188
2.4104019999795128,0,,0.00969872809946537,0.0,0.0,0.0,1877,1,0.8306893110275269,-131.13174438476562,-11.491777420043945,668.7155151367188
2.4216972999856807,0,,0.005987726617604494,0.0,0.0,0.0,1877,1,0.8306893110275269,-131.13174438476562,-11.49178409576416,668.7155151367188
2.4329453999816906,0,,0.009698618203401566,0.0,0.0,0.0,1877,1,0.8306893110275269,-131.13174438476562,-11.491777420043945,668.7155151367188
2.444264199992176,0,,0.005990063771605492,0.0,0.0,0.0,1877,1,0.8306893110275269,-131.13174438476562,-11.49177360534668,668.7155151367188
2.455299699999159,0,,0.009698042646050453,0.0,0.0,0.0,1877,1,0.8306893110275269,-131.13174438476562,-11.49178409576416,668.7155151367188
2.466075299977092,0,,0.005988834425806999,0.0,0.0,0.0,1877,1,0.8306893110275269,-131.13174438476562,-11.491777420043945,668.7155151367188
2.477268299990101,0,,0.015747906640172005,0.0,0.0,0.0,1877,1,0.8306893110275269,-131.13174438476562,-11.49177360534668,668.7155151367188
2.4885469999862835,0,,0.005989903584122658,0.0,0.0,0.0,1877,1,0.8306893110275269,-131.13174438476562,-11.49177360534668,668.7155151367188
2.4993787999846973,0,,0.015749046579003334,0.0,0.0,0.0,1877,1,0.8306893110275269,-131.13174438476562,-11.49178409576416,668.7155151367188
2.5101892999955453,0,,0.005988947581499815,0.0,0.0,0.0,1877,1,0.8306893110275269,-131.13174438476562,-11.491777420043945,668.7155151367188
2.5210418999777175,0,,0.015746761113405228,0.0,0.0,0.0,1877,1,0.8306893110275269,-131.13174438476562,-11.49177360534668,668.7155151367188
2.532137599977432,0,,0.009699990041553974,0.37254902720451355,0.0,0.0,1935,1,0.8306893110275269,-131.13174438476562,-11.491785049438477,668.7155151367188
2.5432699999946635,0,,0.015748223289847374,0.37254902720451355,0.0,0.0,2111,1,0.8306893110275269,-131.13174438476562,-11.491778373718262,668.7155151367188
2.5548715999757405,0,,0.009700724855065346,0.7764706611633301,0.0,0.0,2331,1,0.8306893110275269,-131.13174438476562,-11.49177360534668,668.7155151367188
2.5660461999941617,0,,0.015747766941785812,0.8078432083129883,0.0,0.0,2629,1,0.8306893110275269,-131.13174438476562,-11.491785049438477,668.7155151367188
2.5769654999894556,0,,0.009699922055006027,0.8392157554626465,0.0,0.0,2878,1,0.8306893110275269,-131.13174438476562,-11.49177360534668,668.7155151367188
2.5876258999924175,0,,0.015744756907224655,0.9058824181556702,0.0,0.0,3220,1,0.8306893110275269,-131.13174438476562,-11.491774559020996,668.7155151367188
2.5987575999752153,0,,0.009705965407192707,1.0,0.0,0.0,3523,1,0.8306893110275269,-131.13174438476562,-11.491785049438477,668.7155151367188
2.60984149997239,0,,0.005980426911264658,1.0,0.0,0.0,3866,1,0.8306893110275269,-131.13174438476562,-11.491774559020996,668.7155151367188
2.6210405999736395,0,,0.009699992835521698,1.0,0.0,0.0,4327,1,0.8306893110275269,-131.13174438476562,-11.491785049438477,668.7155151367188
2.632602899975609,0,,0.005990306846797466,1.0,0.0,0.0,4707,1,0.8306893110275269,-131.13174438476562,-11.491774559020996,668.7155151367188
2.643773699994199,0,,0.009700624272227287,1.0,0.0,0.0,5190,1,0.8306893110275269,-131.13174438476562,-11.491785049438477,668.7155151367188
2.654727899993304,0,,0.005995717830955982,1.0,0.0,0.0,5582,1,0.8306893110275269,-131.13174438476562,-11.491778373718262,668.7155151367188
2.6657137000001967,0,,0.009700936265289783,1.0,0.0,0.0,6076,1,0.8306893110275269,-131.13174438476562,-11.491785049438477,668.7155151367188
2.6767021999985445,0,,0.005992923863232136,1.0,0.0,0.0,6472,1,0.8306893110275269,-131.13174438476562,-11.491786003112793,668.7155151367188
2.6873717999842484,0,,0.01574835181236267,1.0,0.0,0.0,6865,1,0.8306893110275269,-131.1317596435547,-11.491779327392578,668.7155151367188
2.6983462999924086,0,,0.005998990032821894,1.0,0.0,0.0,7234,1,0.8306893110275269,-131.1317596435547,-11.491786003112793,668.7155151367188
2.709143899992341,0,,0.015746867284178734,1.0,0.0,0.0,7167,1,0.8306893110275269,-131.1317596435547,-11.491779327392578,668.7155151367188
2.720215899986215,0,,0.005997006315737963,1.0,0.0,0.0,7082,1,0.8306893110275269,-131.1317596435547,-11.491774559020996,668.715576171875
2.730886899982579,0,,0.01574699766933918,1.0,0.0,0.0,7015,1,0.8306893110275269,-131.1317596435547,-11.491786003112793,668.715576171875
2.741546599980211,0,,0.009702235460281372,1.0,0.0,0.0,6949,1,0.8306893110275269,-131.1317596435547,-11.491779327392578,668.715576171875
2.7524170999822672,0,,0.005995406303554773,1.0,0.0,0.0,6882,1,0.8306893110275269,-131.1317596435547,-11.491774559020996,668.715576171875
2.763681699987501,0,,0.009706170298159122,1.0,0.0,0.0,6799,2,0.8306893110275269,-131.1317596435547,-11.491786003112793,668.715576171875
2.774501199979568,0,,0.011539158411324024,1.0,0.0,0.0,6733,2,0.8306893110275269,-131.1317596435547,-11.491779327392578,668.715576171875
2.786410299973795,0,,0.005760282278060913,1.0,0.0,0.0,6647,2,0.8306893110275269,-131.1317596435547,-11.491750717163086,668.715576171875
2.7973082999815233,0,,0.01145644299685955,1.0,0.0,0.0,6578,2,0.8306893110275269,-131.1317596435547,-11.491732597351074,668.715576171875
2.808006499981275,0,,0.01709984801709652,1.0,0.0,0.0,6488,2,0.8306893110275269,-131.1317596435547,-11.491724967956543,668.715576171875
2.8188300999754574,0,,0.024288229644298553,1.0,0.0,0.0,6413,2,0.8306893110275269,-131.1317596435547,-11.49172592163086,668.7156372070312
2.829893499991158,0,,0.034820374101400375,1.0,0.0,0.0,6337,2,0.8306893110275269,-131.1317596435547,-11.491731643676758,668.7156982421875
2.8406661999761127,0,,0.04800216853618622,1.0,0.0,0.0,6237,2,0.8306893110275269,-131.13177490234375,-11.491751670837402,668.7157592773438
2.851645799994003,0,,0.06326992064714432,1.0,0.0,0.0,6154,2,0.8306893110275269,-131.13177490234375,-11.491783142089844,668.7159423828125
2.862345599976834,0,,0.07770204544067383,1.0,0.0,0.0,6068,2,0.8306893110275269,-131.13177490234375,-11.491808891296387,668.716064453125
2.8732042999763507,0,,0.1006721630692482,1.0,0.0,0.0,5956,2,0.8306893110275269,-131.1317901611328,-11.491850852966309,668.7162475585938
2.8843262999725994,0,,0.11997395753860474,1.0,0.0,0.0,5862,2,0.8306893110275269,-131.13182067871094,-11.49190616607666,668.7164916992188
2.89515319999191,0,,0.1419931799173355,1.0,0.0,0.0,5765,2,0.8306893110275269,-131.1318359375,-11.491958618164062,668.716796875
2.905856199999107,0,,0.17384283244609833,1.0,0.0,0.0,5638,2,0.8306893110275269,-131.1318817138672,-11.492009162902832,668.7171630859375
2.9164956999884453,0,,0.20145367085933685,1.0,0.0,0.0,5533,2,0.8306893110275269,-131.13192749023438,-11.492056846618652,668.7175903320312
2.9272341999749187,0,,0.23270484805107117,1.0,0.0,0.0,5423,2,0.8306893110275269,-131.13198852539062,-11.492107391357422,668.7180786132812
2.9381578999746125,0,,0.2741006016731262,1.0,0.0,0.0,5280,2,0.8306893110275269,-131.13204956054688,-11.49215030670166,668.7186279296875
2.9487770999839995,0,,0.3112577199935913,1.0,0.0,0.0,5161,2,0.8306893110275269,-131.13214111328125,-11.492196083068848,668.719482421875
2.959881699993275,0,,0.3506736159324646,1.0,0.0,0.0,5037,2,0.8306893110275269,-131.1322021484375,-11.492218971252441,668.7200317382812
2.9709355999948457,0,,0.40429267287254333,1.0,0.0,0.0,5007,2,0.8306893110275269,-131.13229370117188,-11.492240905761719,668.7208862304688
2.9818779999914113,0,,0.45038488507270813,1.0,0.0,0.0,5004,2,0.8306893110275269,-131.1325225830078,-11.492264747619629,668.7232055664062
2.992768600001,0,,0.5123757123947144,1.0,0.0,0.0,5093,2,0.8306893110275269,-131.1326446533203,-11.492260932922363,668.7244262695312
3.0038220999995247,0,,0.5653002858161926,1.0,0.0,0.0,5078,2,0.8306893110275269,-131.1327667236328,-11.492257118225098,668.7257690429688
3.0149639999726787,0,,0.621290922164917,1.0,0.0,0.0,5059,2,0.8306893110275269,-131.13291931152344,-11.4922456741333,668.727294921875
3.026154699997278,0,,0.6958446502685547,1.0,0.0,0.0,4994,2,0.8306893110275269,-131.13307189941406,-11.492228507995605,668.7289428710938
3.0370696999889333,0,,0.7589206099510193,1.0,0.0,0.0,4963,2,0.8306893110275269,-131.13328552246094,-11.49221134185791,668.7312622070312
3.0479584999848157,0,,0.8424749374389648,1.0,0.0,0.0,5016,2,0.8306893110275269,-131.13348388671875,-11.492193222045898,668.7332763671875
3.058610999985831,0,,0.9128662943840027,1.0,0.0,0.0,4972,2,0.8306893110275269,-131.13363647460938,-11.492181777954102,668.7349243164062
3.0696921999915503,0,,0.9868696331977844,1.0,0.0,0.0,5058,2,0.8306893110275269,-131.13392639160156,-11.492169380187988,668.7379150390625
3.0813072999881115,0,,1.0835928916931152,1.0,0.0,0.0,4953,2,0.8306893110275269,-131.13418579101562,-11.492157936096191,668.740478515625
3.0919235999754164,0,,1.1666350364685059,1.0,0.0,0.0,5025,2,0.8306893110275269,-131.13446044921875,-11.492154121398926,668.7432861328125
3.1030251999909524,0,,1.285606861114502,1.0,0.0,0.0,5039,2,0.8306893110275269,-131.13475036621094,-11.492151260375977,668.746337890625
3.1144302999891806,0,,1.3700542449951172,1.0,0.0,0.0,4963,2,0.8306893110275269,-131.13507080078125,-11.492149353027344,668.7495727539062
3.125125599995954,0,,1.4708120822906494,1.0,0.0,0.0,5015,2,0.8306893110275269,-131.1357879638672,-11.492161750793457,668.7568359375
3.1359124000009615,0,,1.6120316982269287,1.0,0.0,0.0,5004,2,0.8306893110275269,-131.1361846923828,-11.492168426513672,668.7608642578125
3.146582599991234,0,,1.7122869491577148,1.0,0.0,0.0,5042,2,0.8306893110275269,-131.13661193847656,-11.492180824279785,668.7652587890625
3.157357599993702,0,,1.8327703475952148,1.0,0.0,0.0,5074,2,0.8306893110275269,-131.13717651367188,-11.492189407348633,668.7710571289062
3.168144499999471,0,,1.9847338199615479,1.0,0.0,0.0,5037,2,0.8306893110275269,-131.13754272460938,-11.492197036743164,668.7747802734375
3.1788472999760415,0,,2.105041027069092,1.0,0.0,0.0,5054,2,0.8306893110275269,-131.1380615234375,-11.492204666137695,668.7800903320312
3.189804900001036,0,,2.240504264831543,1.0,0.0,0.0,5065,2,0.8306893110275269,-131.1387481689453,-11.492205619812012,668.7871704101562
3.20065529999556,0,,2.4082117080688477,1.0,0.0,0.0,4999,2,0.8306893110275269,-131.1393280029297,-11.492204666137695,668.793212890625
3.2112390999973286,0,,2.5468103885650635,1.0,0.0,0.0,4994,2,0.8307164311408997,-131.1399688720703,-11.492197036743164,668.7996215820312
3.2219014999864157,0,,2.6976304054260254,1.0,0.0,0.0,4981,2,0.8307164311408997,-131.140625,-11.492185592651367,668.8064575195312
3.232796599972062,0,,2.8829731941223145,1.0,0.0,0.0,5025,2,0.8307164311408997,-131.14132690429688,-11.492168426513672,668.8135986328125
3.243841599993175,0,,3.0405383110046387,1.0,0.0,0.0,4996,2,0.8307164311408997,-131.14207458496094,-11.492146492004395,668.8212280273438
3.2545044999860693,0,,3.2055201530456543,1.0,0.0,0.0,4960,2,0.8307164311408997,-131.14306640625,-11.492112159729004,668.8313598632812
3.265395999973407,0,,3.411083698272705,1.0,0.0,0.0,4974,2,0.8307164311408997,-131.14390563964844,-11.492079734802246,668.8399047851562
3.276068799983477,0,,3.5870282649993896,1.0,0.0,0.0,4922,2,0.8307164311408997,-131.14456176757812,-11.492053031921387,668.8466186523438
3.287205399974482,0,,3.7680740356445312,1.0,0.0,0.007624978665262461,5001,2,0.8307164311408997,-131.14572143554688,-11.49200439453125,668.8584594726562
3.2981137999740895,0,,3.994490146636963,1.0,0.0,-0.0004342301399447024,4984,2,0.8307164311408997,-131.14669799804688,-11.491966247558594,668.868408203125
3.3092997999920044,0,,4.1879801750183105,1.0,0.0,-0.00015705524128861725,5047,2,0.8307164311408997,-131.147705078125,-11.49193000793457,668.87890625
3.320087100000819,0,,4.383955478668213,1.0,0.0,-0.00013709196355193853,4960,2,0.8307164311408997,-131.14990234375,-11.49187183380127,668.9013671875
3.331208699994022,0,,4.633697986602783,1.0,0.0,0.00017891489551402628,4913,2,0.8307164311408997,-131.15106201171875,-11.491853713989258,668.9134521484375
3.342133699974511,0,,4.844593048095703,1.0,0.0,0.00020534696523100138,4949,2,0.8307164311408997,-131.15260314941406,-11.491844177246094,668.9292602539062
3.353047799988417,0,,5.109855651855469,1.0,0.0,-8.366223482880741e-05,5159,2,0.8307164311408997,-131.153564453125,-11.491846084594727,668.939208984375
3.3643178999773227,0,,5.3309807777404785,1.0,0.0,-0.00017218271386809647,5316,2,0.8307436108589172,-131.1549072265625,-11.491857528686523,668.9529418945312
3.375048699992476,0,,5.5682573318481445,1.0,0.0,2.298517392773647e-05,5466,2,0.8307436108589172,-131.1566619873047,-11.491888999938965,668.9710083007812
3.3860338999948,0,,5.806769371032715,1.0,0.0,-4.881664790445939e-05,5640,2,0.8307436108589172,-131.15814208984375,-11.491928100585938,668.9861450195312
3.396776299981866,0,,6.084829807281494,1.0,0.0,-0.0008218524744734168,5769,2,0.8307436108589172,-131.15928649902344,-11.491971015930176,668.9979248046875
3.4078274999919813,0,,6.4067535400390625,1.0,0.0,-0.0006456114933826029,5916,2,0.8307436108589172,-131.16127014160156,-11.492076873779297,669.0182495117188
3.418705799995223,0,,6.644011497497559,1.0,0.0,5.394857726059854e-05,6023,2,0.8307436108589172,-131.16294860839844,-11.492178916931152,669.0353393554688
3.429897499998333,0,,6.897752285003662,1.0,0.0,9.152136044576764e-06,6120,2,0.8307436108589172,-131.16468811035156,-11.49229621887207,669.0531616210938
3.4408168999943882,0,,7.230370044708252,1.0,0.0,-0.0003803533036261797,6225,2,0.8307436108589172,-131.16696166992188,-11.492463111877441,669.0762939453125
3.4515907999884803,0,,7.5013532638549805,1.0,0.0,-8.658537990413606e-05,6298,2,0.8307436108589172,-131.1683807373047,-11.492570877075195,669.0907592773438
3.4626046999765094,0,,7.7750043869018555,1.0,0.0,-0.00014624960022047162,6359,2,0.83077073097229,-131.1703338623047,-11.492720603942871,669.1106567382812
3.473297199991066,0,,8.122814178466797,1.0,0.0,-0.0005000468227081001,6423,2,0.83077073097229,-131.17498779296875,-11.493083953857422,669.1581420898438
3.484387999982573,0,,8.406620025634766,1.0,0.0,-0.0006003268645144999,6461,2,0.83077073097229,-131.17498779296875,-11.493083953857422,669.1581420898438
3.4954677999776322,0,,8.766247749328613,1.0,0.0,-0.00032526173163205385,6497,2,0.83077073097229,-131.17942810058594,-11.493432998657227,669.2036743164062
3.5067014999804087,0,,9.058099746704102,1.0,0.0,-0.00040130276465788484,6513,2,0.83077073097229,-131.18177795410156,-11.49361515045166,669.2276000976562
3.517663199978415,0,,9.35306453704834,1.0,0.0,-0.0007585249841213226,6520,2,0.83077073097229,-131.18418884277344,-11.493800163269043,669.2523193359375
3.5286643999861553,0,,9.725366592407227,1.0,0.0,-0.0008590681245550513,6515,2,0.8307979106903076,-131.18731689453125,-11.494037628173828,669.284423828125
3.539409399993019,0,,10.025420188903809,1.0,0.0,-0.0006001906585879624,6500,2,0.8307979106903076,-131.18923950195312,-11.494182586669922,669.3042602539062
3.5502377999946475,0,,10.402277946472168,1.0,0.0,-0.0007222320418804884,6469,2,0.8307979106903076,-131.19189453125,-11.494377136230469,669.3314208984375
3.5610515999724157,0,,10.70447063446045,1.0,0.0,-0.0010835410794243217,6434,2,0.8307979106903076,-131.1953125,-11.494624137878418,669.3666381835938
3.572064499981934,0,,11.006688117980957,1.0,0.0,-0.0008514541550539434,6391,2,0.8307979106903076,-131.19813537597656,-11.494821548461914,669.3956909179688
3.5830583999922965,0,,11.383869171142578,1.0,0.0,-0.0009964796481654048,6323,2,0.8308250308036804,-131.20103454589844,-11.49501895904541,669.4255981445312
3.5939150999765843,0,,11.684531211853027,1.0,0.0,-0.0013579970691353083,6260,2,0.8308250308036804,-131.2040252685547,-11.495214462280273,669.4563598632812
3.6045486999792047,0,,11.983780860900879,1.0,0.0,-0.0015013176016509533,6187,2,0.8308250308036804,-131.2070770263672,-11.495406150817871,669.4879150390625
3.6151287999819033,0,,12.355443954467773,1.0,0.0,-0.001281745615415275,6086,2,0.8308250308036804,-131.21022033691406,-11.495594024658203,669.5203247070312
3.6262063999893144,0,,12.65048885345459,1.0,0.0,-0.001422598143108189,5996,2,0.8308250308036804,-131.21343994140625,-11.49577522277832,669.5535888671875
3.6376001999888103,0,,13.016026496887207,1.0,0.0,-0.001776757650077343,5873,2,0.830852210521698,-131.21673583984375,-11.495949745178223,669.587646484375
3.6484415999730118,0,,13.30548095703125,1.0,0.0,-0.0019086274551227689,5765,2,0.830852210521698,-131.22442626953125,-11.496305465698242,669.667236328125
3.6590983999776654,0,,13.591791152954102,1.0,0.0,-0.001687379670329392,5650,2,0.830852210521698,-131.22796630859375,-11.496447563171387,669.7039184570312
3.6703458999982104,0,,13.87446117401123,1.0,0.0,-0.0020501730032265186,5531,2,0.830852210521698,-131.2306671142578,-11.496546745300293,669.73193359375
3.681478899990907,0,,14.22200870513916,1.0,0.0,-0.0021810708567500114,5381,2,0.8308793306350708,-131.23526000976562,-11.496702194213867,669.7796630859375
3.692502299993066,0,,14.494192123413086,1.0,0.0,-0.0018675655592232943,5305,2,0.8308793306350708,-131.23902893066406,-11.496820449829102,669.8187255859375
3.703357699996559,0,,14.823919296264648,1.0,0.0,-0.0021714051254093647,5389,2,0.8308793306350708,-131.24285888671875,-11.496943473815918,669.8585205078125
3.7144639999896754,0,,15.080020904541016,1.0,0.0,-0.0025224927812814713,5467,2,0.8309065103530884,-131.24774169921875,-11.497110366821289,669.9093017578125
3.7253601999836974,0,,15.394418716430664,1.0,0.0,-0.002679526573047042,5571,2,0.8309065103530884,-131.250732421875,-11.497225761413574,669.9403076171875
3.7365104999917094,0,,15.644067764282227,1.0,0.0,-0.0028098635375499725,5656,2,0.8309065103530884,-131.2547607421875,-11.49740982055664,669.9822387695312
3.747674399986863,0,,15.957356452941895,1.0,0.0,-0.0028801795560866594,5749,2,0.8309065103530884,-131.25990295410156,-11.497696876525879,670.03564453125
3.758391599985771,0,,16.21036720275879,1.0,0.0,-0.002883679699152708,5830,2,0.8309336304664612,-131.2640838623047,-11.497971534729004,670.0791625976562
3.7696629999845754,0,,16.4656925201416,1.0,0.0,-0.003101279027760029,6169,2,0.8309336304664612,-131.26832580566406,-11.498284339904785,670.1234130859375
3.7804934999730904,0,,16.78474998474121,1.0,0.0,-0.0031743869185447693,6470,2,0.8309336304664612,-131.2726287841797,-11.498629570007324,670.1682739257812
3.791296199982753,0,,17.046579360961914,1.0,0.0,-0.0032440084032714367,6526,2,0.8309608101844788,-131.27700805664062,-11.499000549316406,670.2139282226562
3.8027810999774374,0,,17.31780433654785,1.0,0.0,-0.003914851229637861,6429,2,0.8309608101844788,-131.287109375,-11.499929428100586,670.3191528320312
3.814180799992755,0,,17.668792724609375,1.0,0.0,-0.003975165542215109,6179,2,0.8309608101844788,-131.29055786132812,-11.50025749206543,670.3550415039062
3.8251563999801874,0,,18.031084060668945,1.0,0.0,-0.0038284016773104668,5927,2,0.8309879302978516,-131.29522705078125,-11.5006742477417,670.4036254882812
3.8363866999861784,0,,18.318161010742188,1.0,0.0,-0.00391508499160409,5821,2,0.8309879302978516,-131.30116271972656,-11.501150131225586,670.4654541015625
3.8473429000005126,0,,18.59758949279785,1.0,0.0,-0.004283173009753227,5845,2,0.8309879302978516,-131.30599975585938,-11.501481056213379,670.5158081054688
3.85832419997314,0,,18.937299728393555,1.0,0.0,-0.004587600938975811,6057,2,0.8310151100158691,-131.30967712402344,-11.501694679260254,670.5540771484375
3.8692753999785054,0,,19.20085334777832,1.0,0.0,-0.0041604782454669476,6324,2,0.8310151100158691,-131.31590270996094,-11.501989364624023,670.6188354492188
3.8801490999758244,0,,19.519338607788086,1.0,0.0,-0.004274802748113871,6674,2,0.8310151100158691,-131.32095336914062,-11.502199172973633,670.6714477539062
3.890940799989039,0,,19.767581939697266,1.0,0.0,-0.0050129578448832035,6891,2,0.8310422301292419,-131.32479858398438,-11.502354621887207,670.71142578125
3.901886799983913,0,,20.01689910888672,1.0,0.0,-0.004462683107703924,7006,2,0.8310422301292419,-131.33128356933594,-11.502632141113281,670.7788696289062
3.9126067999750376,0,,20.335407257080078,1.0,0.0,-0.004694800358265638,6998,2,0.8310694098472595,-131.3365478515625,-11.502885818481445,670.8336181640625
3.9233775999746285,0,,20.59596061706543,1.0,0.0,-0.005440745502710342,6906,2,0.8310694098472595,-131.34188842773438,-11.50317668914795,670.8890380859375
3.934269999997923,0,,20.860931396484375,1.0,0.0,-0.005664070602506399,6788,2,0.8310965299606323,-131.35276794433594,-11.5038480758667,671.0020751953125
3.9450408999982756,0,,21.130146026611328,1.0,0.0,-0.005280128680169582,6696,2,0.8310965299606323,-131.35276794433594,-11.5038480758667,671.0020751953125
3.9560359999886714,0,,21.46949005126953,1.0,0.0,-0.005559486337006092,6676,2,0.8310965299606323,-131.3653564453125,-11.504624366760254,671.1326904296875
3.9668310999986716,0,,21.740806579589844,1.0,0.0,-0.0061101242899894714,6752,2,0.8311237096786499,-131.36962890625,-11.504864692687988,671.1770629882812
3.977802099980181,0,,22.072568893432617,1.0,0.0,-0.006105439271777868,6945,2,0.8311237096786499,-131.3754119873047,-11.505166053771973,671.2368774414062
3.988479699997697,0,,22.332868576049805,1.0,0.0,-0.005907039623707533,7132,2,0.8311508297920227,-131.3827362060547,-11.50551986694336,671.3126831054688
3.999150899995584,0,,22.587154388427734,1.0,0.0,-0.0065287197940051556,7303,2,0.8311508297920227,-131.388671875,-11.505796432495117,671.3742065429688
4.010041799978353,0,,22.83879280090332,1.0,0.0,-0.006756913382560015,7422,2,0.8311508297920227,-131.39317321777344,-11.506011962890625,671.4207763671875
4.021170099993469,0,,23.15523338317871,1.0,0.0,-0.0062271240167319775,7477,2,0.8311780095100403,-131.40077209472656,-11.506393432617188,671.499267578125
4.031816999980947,0,,23.41202163696289,1.0,0.0,-0.006488615181297064,7453,2,0.8311780095100403,-131.4069366455078,-11.50672721862793,671.5628051757812
4.042813899985049,0,,23.737201690673828,1.0,0.0,-0.007229185197502375,7377,2,0.8312051296234131,-131.4131622314453,-11.507086753845215,671.6271362304688
4.053835799975786,0,,24.00003433227539,1.0,0.0,-0.007391953840851784,7317,2,0.8312051296234131,-131.4210662841797,-11.507563591003418,671.70849609375
4.064762899972266,0,,24.265403747558594,1.0,0.0,-0.006862055975943804,7289,2,0.8312051296234131,-131.4258575439453,-11.507857322692871,671.7578125
4.0756180999742355,0,,24.598644256591797,1.0,0.0,-0.007178958039730787,7318,2,0.8312323093414307,-131.43231201171875,-11.508248329162598,671.8242797851562
4.08648239998729,0,,24.864845275878906,1.0,0.0,-0.007650876417756081,7392,2,0.8312323093414307,-131.44049072265625,-11.5087308883667,671.9083862304688
4.09716729997308,0,,25.128787994384766,1.0,0.0,-0.007406800985336304,7495,2,0.8312594294548035,-131.44712829589844,-11.509103775024414,671.9764404296875
4.1078456999966875,0,,25.453981399536133,1.0,0.0,-0.0076457480899989605,7627,2,0.8312594294548035,-131.45384216308594,-11.509468078613281,672.0452880859375
4.118689999973867,0,,25.709686279296875,1.0,0.0,-0.008454643189907074,7707,2,0.831286609172821,-131.4623565673828,-11.509921073913574,672.1323852539062
4.130000999983167,0,,25.96466064453125,1.0,0.0,-0.008821829222142696,7637,2,0.831286609172821,-131.46751403808594,-11.510200500488281,672.1851196289062
4.141134199977387,0,,26.284744262695312,1.0,0.0,-0.008337743580341339,7671,2,0.8313137292861938,-131.4832763671875,-11.511094093322754,672.3458251953125
4.152356599981431,0,,26.542943954467773,1.0,0.0,-0.008648606017231941,7667,2,0.8313409090042114,-131.4904022216797,-11.51152515411377,672.4183959960938
4.163452099979622,0,,26.868379592895508,1.0,0.0,-0.009424550458788872,7643,2,0.8313409090042114,-131.4958038330078,-11.511861801147461,672.4733276367188
4.174261799984379,0,,27.13039779663086,1.0,0.0,-0.009686054661870003,7625,2,0.8313680291175842,-131.50491333007812,-11.51244068145752,672.5657348632812
4.185239999991609,0,,27.45985984802246,1.0,0.0,-0.00924044381827116,7619,2,0.8313680291175842,-131.5122833251953,-11.512913703918457,672.6404418945312
4.196269099978963,0,,27.72428321838379,1.0,0.0,-0.009499547071754932,7635,2,0.8313952088356018,-131.51974487304688,-11.513389587402344,672.7158813476562
4.207134199998109,0,,27.98890495300293,1.0,0.0,-0.010238001123070717,7669,2,0.8313952088356018,-131.52919006347656,-11.513985633850098,672.8112182617188
4.218031299998984,0,,28.319612503051758,1.0,0.0,-0.010609262622892857,7601,2,0.8314223289489746,-131.534912109375,-11.5143404006958,672.8689575195312
4.229042299994035,0,,28.583595275878906,1.0,0.0,-0.010313012637197971,7666,2,0.8314223289489746,-131.54263305664062,-11.514812469482422,672.9465942382812
4.240169500000775,0,,28.911863327026367,1.0,0.0,-0.010793211869895458,7615,2,0.8314495086669922,-131.55238342285156,-11.515401840209961,673.044677734375
4.251096499996493,0,,29.174543380737305,1.0,0.0,-0.011601821519434452,7673,2,0.8314495086669922,-131.560302734375,-11.515873908996582,673.1239624023438
4.262073299993062,0,,29.437593460083008,1.0,0.0,-0.011120124720036983,7585,2,0.831476628780365,-131.5682830810547,-11.516349792480469,673.2039794921875
4.273015999991912,0,,29.767932891845703,1.0,0.0,-0.011389948427677155,7625,2,0.831476628780365,-131.5763702392578,-11.516830444335938,673.28466796875
4.284284699999262,0,,30.032867431640625,1.0,0.0,-0.012145842425525188,7639,2,0.8315038084983826,-131.58453369140625,-11.517314910888672,673.3661499023438
4.295008999994025,0,,30.298524856567383,1.0,0.0,-0.012508898042142391,7285,2,0.8315038084983826,-131.59280395507812,-11.517800331115723,673.4483032226562
4.305953099974431,0,,30.630451202392578,1.0,0.0,-0.012095090933144093,6819,2,0.831558108329773,-131.61170959472656,-11.518896102905273,673.6359252929688
4.31697549999808,0,,30.8941650390625,1.0,0.0,-0.012526444159448147,6513,2,0.831558108329773,-131.6181182861328,-11.51926040649414,673.6992797851562
4.328087699977914,0,,31.222990036010742,1.0,0.0,-0.01338182296603918,6162,2,0.8315852284431458,-131.62890625,-11.519871711730957,673.8057250976562
4.339168199978303,0,,31.48714256286621,1.0,0.0,-0.013805975206196308,5885,2,0.8315852284431458,-131.6376495361328,-11.520369529724121,673.8917846679688
4.349998199992115,0,,31.753406524658203,1.0,0.0,-0.01332678459584713,5600,2,0.8316124081611633,-131.646484375,-11.520880699157715,673.978515625
4.360898199985968,0,,32.09022903442383,1.0,0.0,-0.013659349642693996,5229,2,0.8316124081611633,-131.65541076660156,-11.521407127380371,674.0659790039062
4.371951799985254,0,,32.363197326660156,1.0,0.0,-0.014460614882409573,4921,2,0.8316395282745361,-131.6644287109375,-11.521947860717773,674.1541748046875
4.383008899982087,0,,32.70886993408203,1.0,0.0,-0.014726574532687664,4525,2,0.8316395282745361,-131.67356872558594,-11.522501945495605,674.2431640625
4.393935499974759,0,,32.98894119262695,1.0,0.0,-0.01421597134321928,4202,2,0.8316667079925537,-131.68511962890625,-11.523210525512695,674.3554077148438
4.405064899998251,0,,33.343257904052734,1.0,0.0,-0.014375081285834312,3792,2,0.8316938281059265,-131.69448852539062,-11.523787498474121,674.446044921875
4.416043899982469,0,,33.63020706176758,1.0,0.0,-0.01502120029181242,3461,2,0.8316938281059265,-131.7015838623047,-11.524225234985352,674.5145874023438
4.4271166999824345,0,,33.92030334472656,1.0,0.0,-0.014334029518067837,3129,2,0.8317210078239441,-131.71356201171875,-11.524964332580566,674.6296997070312
4.438087499991525,0,,34.28755187988281,1.0,0.0,-0.013841674663126469,2722,2,0.8317210078239441,-131.72328186035156,-11.525562286376953,674.7227172851562
4.4487045999849215,0,,34.582550048828125,1.0,0.0,-0.013831458985805511,2547,2,0.8317481279373169,-131.73313903808594,-11.526165962219238,674.8165283203125
4.4599002999893855,0,,34.83147430419922,1.0,0.0,-0.006416271440684795,2626,2,0.8317753076553345,-131.75587463378906,-11.527547836303711,675.030517578125
4.471049099985976,0,,35.08381652832031,1.0,0.0,-0.001998793799430132,2666,2,0.8317753076553345,-131.75587463378906,-11.527547836303711,675.030517578125
4.482353200000944,0,,35.35643005371094,1.0,0.0,-0.0014857922215014696,2657,2,0.8318296074867249,-131.77706909179688,-11.528831481933594,675.2234497070312
4.49313479999546,0,,35.70650863647461,1.0,0.0,-0.0015973176341503859,2657,2,0.8318296074867249,-131.78805541992188,-11.529463768005371,675.3209838867188
4.504589999996824,0,,35.980140686035156,1.0,0.0,-0.0012307162396609783,2660,2,0.8318567276000977,-131.79925537109375,-11.530052185058594,675.4192504882812
4.515646999992896,0,,36.315269470214844,1.0,0.0,-0.000741346855647862,2666,2,0.8318839073181152,-131.81065368652344,-11.530587196350098,675.5182495117188
4.526513299992075,0,,36.58302307128906,1.0,0.0,-0.0003236031625419855,2670,2,0.8318839073181152,-131.82223510742188,-11.531071662902832,675.6179809570312
4.537243899976602,0,,36.85346221923828,1.0,0.0,-0.00046565826050937176,2675,2,0.831911027431488,-131.83399963378906,-11.531511306762695,675.7184448242188
4.547935599985067,0,,37.188262939453125,1.0,0.0,8.009884913917631e-05,2683,2,0.8319382071495056,-131.84591674804688,-11.53190803527832,675.8196411132812
4.558636899979319,0,,37.45564651489258,1.0,0.0,0.0007293763337656856,2690,2,0.8319382071495056,-131.8579864501953,-11.532286643981934,675.9215698242188
4.569810899993172,0,,37.72383499145508,1.0,0.0,8.812747546471655e-05,2698,2,0.8319653272628784,-131.8701934814453,-11.532654762268066,676.0242309570312
4.580823599972064,0,,38.0590934753418,1.0,0.0,1.1581592843867838e-05,2708,2,0.831992506980896,-131.88563537597656,-11.533124923706055,676.1536254882812
4.591610599978594,0,,38.327003479003906,1.0,0.0,0.0005397181957960129,2717,2,0.831992506980896,-131.8949737548828,-11.533415794372559,676.2317504882812
4.602755499974592,0,,38.66139221191406,1.0,0.0,0.000395695969928056,2729,2,0.8320468068122864,-131.92332458496094,-11.534382820129395,676.4688110351562
4.614052299992181,0,,38.92857360839844,1.0,0.0,-0.0003279352094978094,2740,2,0.8320468068122864,-131.93287658691406,-11.534740447998047,676.5486450195312
4.625192299979972,0,,39.1954231262207,1.0,0.0,-0.00037888571387156844,2750,2,0.8320739269256592,-131.94569396972656,-11.535249710083008,676.6557006835938
4.636433699983172,0,,39.52880859375,1.0,0.0,0.0002721216587815434,2766,2,0.8321011066436768,-131.9618377685547,-11.535935401916504,676.7906494140625
4.6472056999919005,0,,39.79534149169922,1.0,0.0,0.0002658422745298594,2779,2,0.8321011066436768,-131.974853515625,-11.536519050598145,676.8993530273438
4.65788079999038,0,,40.12853240966797,1.0,0.0,-0.00035134487552568316,2807,2,0.8321282267570496,-131.98468017578125,-11.536975860595703,676.9813842773438
4.66898429999128,0,,40.291629791259766,1.0,0.0,-0.0002721612108871341,2963,2,0.8321554064750671,-132.0011749267578,-11.537765502929688,677.1190795898438
4.679923599993344,0,,40.4938850402832,1.0,0.0,0.00036584463668987155,3048,2,0.8321825265884399,-132.0144500732422,-11.538419723510742,677.2299194335938
4.690899099980015,0,,40.79718780517578,1.0,0.0,0.0003649122081696987,3096,2,0.8321825265884399,-132.0277862548828,-11.539091110229492,677.3412475585938
4.701653500000248,0,,41.073612213134766,1.0,0.0,-0.00020906279678456485,3096,2,0.8322097063064575,-132.04119873046875,-11.539765357971191,677.4531860351562
4.712661499972455,0,,41.430259704589844,1.0,0.0,-0.0004263513837940991,3078,2,0.8322368264198303,-132.05470275878906,-11.540436744689941,677.5657958984375
4.724042799993185,0,,41.71980667114258,1.0,0.0,-9.735763887874782e-05,3060,2,0.8322368264198303,-132.06829833984375,-11.54110050201416,677.6791381835938
4.735016599996015,0,,42.01279067993164,1.0,0.0,-0.0005413671606220305,3042,2,0.8322911262512207,-132.0957489013672,-11.542372703552246,677.9083251953125
4.74614809997729,0,,42.38810729980469,1.0,0.0,-0.00031326673342846334,3020,2,0.8323183059692383,-132.10963439941406,-11.542980194091797,678.0240478515625
4.757125399977667,0,,42.69232177734375,1.0,0.0,-0.0005792410811409354,3003,2,0.8323454260826111,-132.12710571289062,-11.543716430664062,678.169921875
4.768256899988046,0,,43.077308654785156,1.0,0.0,-0.0003649986465461552,2981,2,0.8323454260826111,-132.14120483398438,-11.544292449951172,678.28759765625
4.779039599990938,0,,43.386695861816406,1.0,0.0,-0.0005591731751337647,2964,2,0.8323726058006287,-132.15185546875,-11.544723510742188,678.3763427734375
4.79020920000039,0,,43.76585006713867,1.0,0.0,-0.0002536878455430269,2951,2,0.8323997259140015,-132.1697235107422,-11.545422554016113,678.525390625
4.801404399971943,0,,44.051727294921875,1.0,0.0,-0.00017337135795969516,2954,2,0.832426905632019,-132.1841278076172,-11.545982360839844,678.6456298828125
4.812304899998708,0,,44.33673858642578,1.0,0.0,-0.0003954345884267241,2956,2,0.832426905632019,-132.19862365722656,-11.546544075012207,678.7666015625
4.822959899989655,0,,44.69211959838867,1.0,0.0,-0.0002647435467224568,2967,2,0.8324540257453918,-132.21322631835938,-11.547106742858887,678.8883666992188
4.8341454999754205,0,,44.969295501708984,1.0,0.0,-0.00025921277119778097,2987,2,0.8324812054634094,-132.22792053222656,-11.547677993774414,679.010986328125
4.845221799972933,0,,45.3081169128418,1.0,0.0,-0.0002185812481911853,3025,2,0.8325083255767822,-132.2427215576172,-11.548256874084473,679.1343383789062
4.85621369999717,0,,45.57365798950195,1.0,0.0,-9.193769801640883e-05,3065,2,0.8325355052947998,-132.26133728027344,-11.549002647399902,679.2896118164062
4.867190599994501,0,,45.83683395385742,1.0,0.0,-0.0001736048434395343,3111,2,0.8325355052947998,-132.2725830078125,-11.549454689025879,679.38330078125
4.8780760999943595,0,,46.165687561035156,1.0,0.0,-0.00027349809533916414,3170,2,0.8325626850128174,-132.2876434326172,-11.550077438354492,679.5089111328125
4.888749599980656,0,,46.43209457397461,1.0,0.0,-2.1292689780239016e-05,3216,2,0.8326169848442078,-132.32186889648438,-11.551543235778809,679.794189453125
4.899808899994241,0,,46.703575134277344,1.0,0.0,-0.00025965680833905935,3256,2,0.8326169848442078,-132.32186889648438,-11.551543235778809,679.794189453125
4.910899199981941,0,,47.05242156982422,1.0,0.0,-0.0003370065242052078,3294,2,0.8326712846755981,-132.35655212402344,-11.55313777923584,680.0831298828125
4.922026699990965,0,,47.33964538574219,1.0,0.0,-0.01054530031979084,3315,2,0.832698404788971,-132.3682098388672,-11.553702354431152,680.1802978515625
4.932770099985646,0,,47.70698928833008,1.0,0.0,-0.005500932224094868,3330,2,0.832698404788971,-132.38385009765625,-11.554475784301758,680.310546875
4.943924199993489,0,,48.00293731689453,1.0,0.0,-0.0199994295835495,3338,2,0.8327255845069885,-132.4035186767578,-11.555476188659668,680.4745483398438
4.955043099995237,0,,48.301788330078125,1.0,0.0,-0.026110492646694183,3345,2,0.8327527046203613,-132.41934204101562,-11.556289672851562,680.6066284179688
4.966068699985044,0,,48.680599212646484,1.0,0.0,-0.020580539479851723,3354,2,0.8327798843383789,-132.43524169921875,-11.557113647460938,680.739501953125
4.976642099994933,0,,48.98591995239258,1.0,0.0,-0.04816547781229019,3364,2,0.8328070044517517,-132.4512176513672,-11.557931900024414,680.873291015625
4.9877864999871235,0,,49.37074279785156,1.0,0.0,-0.05286898836493492,3382,2,0.8328341841697693,-132.4672393798828,-11.558745384216309,681.0078735351562
4.998542499990435,0,,49.678955078125,1.0,0.0,-0.05759356543421745,3399,2,0.8328613042831421,-132.48329162597656,-11.559537887573242,681.143310546875
5.009742800000822,0,,49.98456954956055,1.0,0.0,-0.06529620289802551,3419,2,0.8328884840011597,-132.5033721923828,-11.560513496398926,681.3138427734375
5.020629399979953,0,,50.3563346862793,1.0,0.0,-0.05625925213098526,3448,2,0.8329156041145325,-132.5194549560547,-11.56127643585205,681.451171875
5.031319999980042,0,,50.655052185058594,1.0,0.0,-0.05531696602702141,3471,2,0.8329156041145325,-132.53152465820312,-11.561836242675781,681.5548095703125
5.042003999988083,0,,50.95412826538086,1.0,0.0,-0.05471086502075195,3496,2,0.8329699635505676,-132.55162048339844,-11.56275463104248,681.7284545898438
5.053080099984072,0,,51.32658386230469,1.0,0.0,-0.05312202870845795,3529,2,0.8329699635505676,-132.56768798828125,-11.5634765625,681.8683471679688
5.064230599993607,0,,51.62047576904297,1.0,0.0,-0.05200648680329323,3561,2,0.8329970836639404,-132.5837860107422,-11.564191818237305,682.0090942382812
5.075419299973873,0,,51.981136322021484,1.0,0.0,-0.05093134567141533,3611,2,0.8330513834953308,-132.61599731445312,-11.565629005432129,682.2930297851562
5.086582699994324,0,,52.26654815673828,1.0,0.0,-0.05119933933019638,3659,2,0.8330785632133484,-132.6321258544922,-11.566368103027344,682.4362182617188
5.097718799981521,0,,52.55171203613281,1.0,0.0,-0.05062844604253769,3713,2,0.8331056833267212,-132.65228271484375,-11.567333221435547,682.6163330078125
5.1086632999940775,0,,52.90957260131836,1.0,0.0,-0.049645718187093735,3789,2,0.8331328630447388,-132.66842651367188,-11.568146705627441,682.7612915039062
5.119895499985432,0,,53.198509216308594,1.0,0.0,-0.04898504167795181,3852,2,0.8331599831581116,-132.68460083007812,-11.569000244140625,682.9070434570312
5.1307563000009395,0,,53.56281280517578,1.0,0.0,-0.04919448494911194,3931,2,0.8331871628761292,-132.70481872558594,-11.570115089416504,683.0903930664062
5.141759699996328,0,,53.85829162597656,1.0,0.0,-0.04832879826426506,3992,2,0.833214282989502,-132.7169647216797,-11.570807456970215,683.2010498046875
5.1525521999865305,0,,54.159061431884766,1.0,0.0,-0.047218553721904755,4045,2,0.8332414627075195,-132.73316955566406,-11.571749687194824,683.3492431640625
5.1641144999885,0,,54.54140090942383,1.0,0.0,-0.046396370977163315,4101,2,0.8332685828208923,-132.75344848632812,-11.572941780090332,683.53564453125
5.175148999987869,0,,54.93087387084961,1.0,0.0,-0.04613577201962471,4146,2,0.8332957625389099,-132.76968383789062,-11.573893547058105,683.6857299804688
5.186277699976927,0,,55.243629455566406,1.0,0.0,-0.045264482498168945,4173,2,0.8333229422569275,-132.78594970703125,-11.57483959197998,683.8367309570312
5.197026699985145,0,,55.55780792236328,1.0,0.0,-0.04437166079878807,4165,2,0.8333500623703003,-132.80221557617188,-11.575770378112793,683.988525390625
5.2080074999830686,0,,55.94763946533203,1.0,0.0,-0.043562546372413635,4141,2,0.8333772420883179,-132.81849670410156,-11.576679229736328,684.1412353515625
5.2187967999780085,0,,56.25606918334961,1.0,0.0,-0.04370369017124176,4147,2,0.8334043622016907,-132.8347930908203,-11.577568054199219,684.2947998046875
5.229815099999541,0,,56.559627532958984,1.0,0.0,-0.04326615482568741,4189,2,0.8334315419197083,-132.8551788330078,-11.578652381896973,684.4879760742188
5.240815199998906,0,,56.93535232543945,1.0,0.0,-0.042684637010097504,4270,2,0.833458662033081,-132.8715057373047,-11.579511642456055,684.6434936523438
5.251782199979061,0,,57.2337646484375,1.0,0.0,-0.04274866357445717,4336,2,0.8334858417510986,-132.8837432861328,-11.580155372619629,684.7606811523438
5.263010599999689,0,,57.603240966796875,1.0,0.0,-0.04195944964885712,4388,2,0.833540141582489,-132.92044067382812,-11.58211898803711,685.1151123046875
5.2738749999844,0,,57.89625930786133,1.0,0.0,-0.04084773361682892,4395,2,0.8335673213005066,-132.93673706054688,-11.583013534545898,685.2739868164062
5.285007999977097,0,,58.189605712890625,1.0,0.0,-0.039549924433231354,4380,2,0.833621621131897,-132.95709228515625,-11.58415412902832,685.4736938476562
5.2960803999740165,0,,58.55785369873047,1.0,0.0,-0.03963859751820564,4366,2,0.8336487412452698,-132.9733428955078,-11.585082054138184,685.6343994140625
5.307281699992018,0,,58.85320281982422,1.0,0.0,-0.02581768110394478,4388,2,0.8336759209632874,-132.98959350585938,-11.586020469665527,685.7959594726562
5.318211899982998,0,,59.22407913208008,1.0,0.0,-0.030542656779289246,4458,2,0.8337030410766602,-133.0058135986328,-11.586967468261719,685.9583129882812
5.329058199975407,0,,59.52337646484375,1.0,0.0,0.014897480607032776,4527,2,0.8337302207946777,-133.02200317382812,-11.587923049926758,686.1215209960938
5.340040399983991,0,,59.823795318603516,1.0,0.0,-0.0029402785003185272,4583,2,0.8337574005126953,-133.03819274902344,-11.588879585266113,686.2855224609375
5.350792199984426,0,,60.204410552978516,1.0,0.0,0.02274310402572155,4617,2,0.8337845206260681,-133.0584259033203,-11.590070724487305,686.4917602539062
5.361898099974496,0,,60.509239196777344,1.0,0.0,0.016834156587719917,4618,2,0.8338117003440857,-133.0746612548828,-11.591025352478027,686.6576538085938
5.372562499978812,0,,60.81608963012695,1.0,0.0,0.017010584473609924,4606,2,0.8338388204574585,-133.0909881591797,-11.591979026794434,686.8244018554688
5.383459899981972,0,,61.20146942138672,1.0,0.0,0.01315251924097538,4606,2,0.8338660001754761,-133.1073760986328,-11.592924118041992,686.9920043945312
5.394448699982604,0,,61.50788497924805,1.0,0.0,0.0115925632417202,4631,2,0.8338931202888489,-133.12379455566406,-11.593853950500488,687.1604614257812
5.405194899998605,0,,61.889610290527344,1.0,0.0,0.009339237585663795,4684,2,0.833947479724884,-133.14022827148438,-11.594771385192871,687.3297729492188
5.4160679999913555,0,,62.19474792480469,1.0,0.0,0.009060599841177464,4730,2,0.8339745998382568,-133.1608123779297,-11.595905303955078,687.5426025390625
5.4270238999743015,0,,62.49821853637695,1.0,0.0,0.008166207931935787,4767,2,0.8340017795562744,-133.1772918701172,-11.596821784973145,687.7138061523438
5.438360299973283,0,,62.877197265625,1.0,0.0,0.007874616421759129,4790,2,0.8340288996696472,-133.18966674804688,-11.597518920898438,687.8427734375
5.4492649999738205,0,,63.17987060546875,1.0,0.0,0.007892495952546597,4794,2,0.8340831995010376,-133.22682189941406,-11.599658966064453,688.2326049804688
5.460052399983397,0,,63.55765914916992,1.0,0.0,0.008176336996257305,4798,2,0.8340831995010376,-133.22682189941406,-11.599658966064453,688.2326049804688
5.471227099973476,0,,63.85844802856445,1.0,0.0,0.008155005052685738,4813,2,0.8341646194458008,-133.2640380859375,-11.601871490478516,688.6266479492188
5.482242300000507,0,,64.15817260742188,1.0,0.0,0.0075282505713403225,4843,2,0.8341917991638184,-133.27645874023438,-11.602624893188477,688.7589721679688
5.493377799983136,0,,64.53253936767578,1.0,0.0,0.00688116904348135,4894,2,0.8342189192771912,-133.2930145263672,-11.6036376953125,688.9360961914062
5.504718499985756,0,,64.83116149902344,1.0,0.0,0.006761376745998859,4935,2,0.8342460989952087,-133.31373596191406,-11.6049222946167,689.15869140625
5.515793699974893,0,,65.20419311523438,1.0,0.0,0.005869155749678612,4975,2,0.8342732191085815,-133.33030700683594,-11.605957984924316,689.337646484375
5.526814299984835,0,,65.5040512084961,1.0,0.0,0.005353116430342197,4993,2,0.8343275189399719,-133.34689331054688,-11.606987953186035,689.5175170898438
5.538006199989468,0,,65.88145446777344,1.0,0.0,0.005420358385890722,5008,2,0.8343546390533447,-133.36349487304688,-11.60800552368164,689.6981811523438
5.548907199990936,0,,66.18276977539062,1.0,0.0,0.0053762225434184074,5022,2,0.8343818187713623,-133.38011169433594,-11.608992576599121,689.8796997070312
5.559834199986653,0,,66.48399353027344,1.0,0.0,0.005496380850672722,5042,2,0.8344089388847351,-133.39674377441406,-11.609957695007324,690.06201171875
5.570620499987854,0,,66.85914611816406,1.0,0.0,0.00581559631973505,5075,2,0.8344632387161255,-133.4175567626953,-11.611115455627441,690.2911376953125
5.581714100000681,0,,67.15980529785156,1.0,0.0,0.005604732781648636,5104,2,0.8344903588294983,-133.43423461914062,-11.612029075622559,690.4754028320312
5.5924555999808945,0,,67.460205078125,1.0,0.0,0.005580985452979803,5133,2,0.8345175385475159,-133.450927734375,-11.612936973571777,690.6604614257812
5.604382499994244,0,,67.83615112304688,1.0,0.0,0.00600559962913394,5165,2,0.8345446586608887,-133.47181701660156,-11.614093780517578,690.8930053710938
5.61505149997538,0,,68.21129608154297,1.0,0.0,0.005221446044743061,5191,2,0.8345717787742615,-133.48435974121094,-11.614809036254883,691.0331420898438
5.625912299990887,0,,68.511962890625,1.0,0.0,0.004180748946964741,5211,2,0.8346260786056519,-133.50111389160156,-11.615801811218262,691.220703125
5.63732679997338,0,,68.81260681152344,1.0,0.0,0.0034151629079133272,5231,2,0.8346803784370422,-133.5388641357422,-11.618206024169922,691.6458129882812
5.648289199976716,0,,69.19123077392578,1.0,0.0,0.0033808057196438313,5258,2,0.834707498550415,-133.55567932128906,-11.619342803955078,691.8361206054688
5.6594677999964915,0,,69.4999008178711,1.0,0.0,0.002578781684860587,5282,2,0.8347617983818054,-133.57252502441406,-11.620506286621094,692.0272216796875
5.670871599984821,0,,69.89205932617188,1.0,0.0,0.001992338802665472,5317,2,0.834788978099823,-133.58938598632812,-11.621678352355957,692.21923828125
5.681853399990359,0,,70.21073913574219,1.0,0.0,0.0019285291200503707,5347,2,0.8348160982131958,-133.60629272460938,-11.622842788696289,692.412109375
5.692655899998499,0,,70.61001586914062,1.0,0.0,0.002099067671224475,5381,2,0.8348703980445862,-133.62744140625,-11.624269485473633,692.6544189453125
5.703508299979148,0,,70.9290542602539,1.0,0.0,0.002282381523400545,5404,2,0.834897518157959,-133.6444091796875,-11.62537670135498,692.8492431640625
5.714616099983687,0,,71.24615478515625,1.0,0.0,0.002171603497117758,5424,2,0.8349246978759766,-133.66140747070312,-11.62645149230957,693.0449829101562
5.725402399984887,0,,71.63148498535156,1.0,0.0,0.0023552996572107077,5439,2,0.8349518179893494,-133.6784210205078,-11.627488136291504,693.2415771484375
5.736467799986713,0,,71.92940521240234,1.0,0.0,0.0024070849176496267,5436,2,0.8350061178207397,-133.6954803466797,-11.628501892089844,693.4390869140625
5.747572399995988,0,,72.21926879882812,1.0,0.0,0.0021438717376440763,5429,2,0.8350332975387573,-133.7125701904297,-11.62950325012207,693.6373901367188
5.758267499972135,0,,72.57563018798828,1.0,0.0,0.0019798448774963617,5440,2,0.8350875973701477,-133.7339630126953,-11.630770683288574,693.8865356445312
5.769090599991614,0,,72.86061096191406,1.0,0.0,0.002141752513125539,5473,2,0.8351147174835205,-133.75111389160156,-11.631818771362305,694.086669921875
5.779960099986056,0,,73.14862823486328,1.0,0.0,0.001610233448445797,5524,2,0.8351418375968933,-133.768310546875,-11.63291072845459,694.2876586914062
5.791043199977139,0,,73.51404571533203,1.0,0.0,0.0010304737370461226,5599,2,0.8351690173149109,-133.78553771972656,-11.634044647216797,694.4893798828125
5.802108999982011,0,,73.80889129638672,1.0,0.0,0.0009149559773504734,5653,2,0.8352233171463013,-133.80279541015625,-11.63521671295166,694.6919555664062
5.813037699990673,0,,74.18061065673828,1.0,0.0,0.0014398779021576047,5694,2,0.8352504372596741,-133.82009887695312,-11.636415481567383,694.8953247070312
5.824274299986428,0,,74.4814453125,1.0,0.0,0.0020213001407682896,5704,2,0.835331916809082,-133.85916137695312,-11.639188766479492,695.3558959960938
5.835075199982384,0,,74.78470611572266,1.0,0.0,0.0015829089097678661,5703,2,0.835331916809082,-133.85916137695312,-11.639188766479492,695.3558959960938
5.845879699976649,0,,75.16655731201172,1.0,0.0,0.0018160329200327396,5702,2,0.8354133367538452,-133.89846801757812,-11.642087936401367,695.8206787109375
5.856750599981751,0,,75.47483825683594,1.0,0.0,0.002190387574955821,5715,2,0.8354405164718628,-133.91160583496094,-11.64307975769043,695.9765625
5.867683199991006,0,,75.8621597290039,1.0,0.0,0.0014847833663225174,5750,2,0.8354676365852356,-133.92918395996094,-11.644414901733398,696.1851196289062
5.878316899994388,0,,76.17426300048828,1.0,0.0,0.0007440878544002771,5785,2,0.835521936416626,-133.9512176513672,-11.646100044250488,696.4470825195312
5.889280899980804,0,,76.48707580566406,1.0,0.0,0.0007732181111350656,5819,2,0.8355491161346436,-133.96888732910156,-11.647459983825684,696.6575927734375
5.900253100000555,0,,76.79816436767578,1.0,0.0,0.0002239555469714105,5846,2,0.8356033563613892,-133.9866180419922,-11.648826599121094,696.8690185546875
5.911342599982163,0,,77.18965148925781,1.0,0.0,-0.0001373123232042417,5866,2,0.8356305360794067,-134.00439453125,-11.650195121765137,697.0812377929688
5.922544199973345,0,,77.50164031982422,1.0,0.0,4.246176831657067e-05,5877,2,0.8356576561927795,-134.022216796875,-11.65156364440918,697.2943725585938
5.933806299988646,0,,77.8878173828125,1.0,0.0,0.0005952444626018405,5892,2,0.8357119560241699,-134.0400848388672,-11.652924537658691,697.5083618164062
5.944852099986747,0,,78.19026184082031,1.0,0.0,0.010329769924283028,5909,2,0.8357662558555603,-134.0625,-11.654596328735352,697.777099609375
5.955955499986885,0,,78.56321716308594,1.0,0.0,0.017763882875442505,5934,2,0.8357934355735779,-134.0804901123047,-11.655911445617676,697.9929809570312
5.96701480000047,0,,78.85868835449219,1.0,0.0,0.02257826365530491,5958,2,0.8358205556869507,-134.09854125976562,-11.657210350036621,698.209716796875
5.978064999973867,0,,79.2284927368164,1.0,0.0,0.017739182338118553,5990,2,0.8358748555183411,-134.1166534423828,-11.658506393432617,698.4273071289062
5.989095999975689,0,,79.52386474609375,1.0,0.0,0.022312089800834656,6020,2,0.8359020352363586,-134.1348419189453,-11.659798622131348,698.6456909179688
6.00010769997607,0,,79.82042694091797,1.0,0.0,0.00793401151895523,6049,2,0.835956335067749,-134.15313720703125,-11.661097526550293,698.8649291992188
6.01092879998032,0,,80.19409942626953,1.0,0.0,0.012618882581591606,6085,2,0.8360377550125122,-134.19461059570312,-11.664081573486328,699.3611450195312
6.021817799977725,0,,80.49470520019531,1.0,0.0,0.011878076009452343,6116,2,0.836064875125885,-134.20852661132812,-11.665106773376465,699.5274658203125
6.0327375999768265,0,,80.79959106445312,1.0,0.0,0.01092631183564663,6147,2,0.8361191749572754,-134.23182678222656,-11.666844367980957,699.8057250976562
6.043507800000953,0,,81.18789672851562,1.0,0.0,0.010738734155893326,6184,2,0.836146354675293,-134.25054931640625,-11.66826057434082,700.029296875
6.054741199972341,0,,81.50261688232422,1.0,0.0,0.022674599662423134,6213,2,0.8361734747886658,-134.2693634033203,-11.669695854187012,700.253662109375
6.065780599979917,0,,81.90192413330078,1.0,0.0,0.010232786647975445,6238,2,0.8362277746200562,-134.28826904296875,-11.671141624450684,700.4789428710938
6.076673399977153,0,,82.22276306152344,1.0,0.0,0.011107024736702442,6248,2,0.8362549543380737,-134.30728149414062,-11.672581672668457,700.705078125
6.087804499984486,0,,82.62319946289062,1.0,0.0,0.010309075936675072,6239,2,0.8363092541694641,-134.3263702392578,-11.6740083694458,700.93212890625
6.098663399985526,0,,82.94339752197266,1.0,0.0,-0.01287808921188116,6214,2,0.8363635540008545,-134.35037231445312,-11.675747871398926,701.2171630859375
6.10926849997486,0,,83.26258087158203,1.0,0.0,-0.01133606769144535,6185,2,0.8363906741142273,-134.36968994140625,-11.677091598510742,701.4461669921875
6.120361499983119,0,,83.57791137695312,1.0,0.0,-0.008322225883603096,6170,2,0.8364449739456177,-134.38906860351562,-11.678391456604004,701.6760864257812
6.131137899996247,0,,83.96598815917969,1.0,0.0,-0.006966695189476013,6196,2,0.8364720940589905,-134.4085235595703,-11.679657936096191,701.9069213867188
6.142148699989775,0,,84.27257537841797,1.0,0.0,-0.006455606315284967,6263,2,0.8365263938903809,-134.42803955078125,-11.680890083312988,702.1385498046875
6.153310999972746,0,,84.64942169189453,1.0,0.0,-0.005367523990571499,6351,2,0.8365535736083984,-134.4476318359375,-11.682106018066406,702.37109375
6.164322099997662,0,,84.94889068603516,1.0,0.0,-0.005212751682847738,6405,2,0.8366349935531616,-134.48707580566406,-11.684602737426758,702.838623046875
6.175108999974327,0,,85.2498779296875,1.0,0.0,-0.004447909537702799,6441,2,0.836689293384552,-134.50692749023438,-11.685907363891602,703.0736694335938
6.186033399979351,0,,85.62918853759766,1.0,0.0,-0.003993595484644175,6460,2,0.8367164731025696,-134.52687072753906,-11.687249183654785,703.3095092773438
6.197053199983202,0,,85.93781280517578,1.0,0.0,-0.004163696430623531,6462,2,0.83677077293396,-134.5469207763672,-11.688621520996094,703.5462036132812
6.208032599999569,0,,86.32970428466797,1.0,0.0,-0.004214938264340162,6459,2,0.8367978930473328,-134.56704711914062,-11.690011024475098,703.7837524414062
6.2190541999880224,0,,86.64806365966797,1.0,0.0,-0.004111202899366617,6447,2,0.8368521928787231,-134.5923614501953,-11.691749572753906,704.0819091796875
6.229881899984321,0,,86.96836853027344,1.0,0.0,-0.0038852710276842117,6428,2,0.8368793725967407,-134.6076202392578,-11.692787170410156,704.2614135742188
6.2407760999922175,0,,87.36870574951172,1.0,0.0,-0.00390734663233161,6432,2,0.8369336724281311,-134.6280517578125,-11.69414234161377,704.5015869140625
6.2523351999989245,0,,87.68055725097656,1.0,0.0,-0.0036235686857253313,6477,2,0.8369879722595215,-134.6537322998047,-11.695782661437988,704.802978515625
6.263073799986159,0,,88.06131744384766,1.0,0.0,-0.0035961850080639124,6547,2,0.8370151519775391,-134.66921997070312,-11.696738243103027,704.9844970703125
6.274294699978782,0,,88.36585998535156,1.0,0.0,-0.0031802093144506216,6595,2,0.8370422720909119,-134.68995666503906,-11.697992324829102,705.227294921875
6.285396599996602,0,,88.74817657470703,1.0,0.0,-0.002769031561911106,6637,2,0.8371508717536926,-134.73699951171875,-11.700746536254883,705.776611328125
6.296289999998407,0,,89.05572509765625,1.0,0.0,-0.0023046748246997595,6653,2,0.8371780514717102,-134.75279235839844,-11.70164966583252,705.960693359375
6.30711289998726,0,,89.36504364013672,1.0,0.0,-0.002732913475483656,6658,2,0.8372323513031006,-134.7792510986328,-11.703154563903809,706.2684936523438
6.318346399988513,0,,89.75660705566406,1.0,0.0,-0.0029222769662737846,6654,2,0.837286651134491,-134.800537109375,-11.70436954498291,706.5156860351562
6.329189699987182,0,,90.07266235351562,1.0,0.0,-0.0025063452776521444,6651,2,0.8373138308525085,-134.8165740966797,-11.705289840698242,706.70166015625
6.3400646999944,0,,90.39130401611328,1.0,0.0,-0.0034129309933632612,6653,2,0.8373681306838989,-134.8434295654297,-11.706853866577148,707.0126953125
6.35069759999169,0,,90.7940673828125,1.0,0.0,-0.0039352476596832275,6665,2,0.8373952507972717,-134.86502075195312,-11.708124160766602,707.2625122070312
6.361716099985642,0,,91.11891174316406,1.0,0.0,-0.003896900685504079,6681,2,0.8374495506286621,-134.88128662109375,-11.709077835083008,707.4505004882812
6.372773899987806,0,,91.44613647460938,1.0,0.0,-0.003907237201929092,6697,2,0.8375038504600525,-134.9085235595703,-11.710660934448242,707.7648315429688
6.383872499980498,0,,91.85635375976562,1.0,0.0,-0.004044306464493275,6713,2,0.8375310301780701,-134.92495727539062,-11.711603164672852,707.9541015625
6.395122199988691,0,,92.1816635131836,1.0,0.0,-0.0035679831635206938,6721,2,0.8375853300094604,-134.9469451904297,-11.712845802307129,708.207275390625
6.405929799977457,0,,92.5793228149414,1.0,0.0,-0.002663918538019061,6724,2,0.8376667499542236,-134.99685668945312,-11.715596199035645,708.7802124023438
6.416990499972599,0,,92.88890075683594,1.0,0.0,-0.0022377651184797287,6726,2,0.8376939296722412,-135.01361083984375,-11.716517448425293,708.9722290039062
6.428096699994057,0,,93.26689147949219,1.0,0.0,-0.0029341313056647778,6735,2,0.8377753496170044,-135.0416717529297,-11.71807861328125,709.2932739257812
6.439023399987491,0,,93.56377410888672,1.0,0.0,-0.003419329645112157,6752,2,0.837802529335022,-135.06422424316406,-11.71937084197998,709.551025390625
6.450132399972063,0,,93.86213684082031,1.0,0.0,-0.0028953608125448227,6778,2,0.8378568291664124,-135.08688354492188,-11.720714569091797,709.8096313476562
6.461143399996217,0,,94.23406219482422,1.0,0.0,-0.0033021862618625164,6823,2,0.8378839492797852,-135.10964965820312,-11.722116470336914,710.0690307617188
6.472423999977764,0,,94.53038024902344,1.0,0.0,-0.003968439530581236,6864,2,0.8379382491111755,-135.13250732421875,-11.723567962646484,710.3292846679688
6.48340869997628,0,,94.90142822265625,1.0,0.0,-0.003851747838780284,6913,2,0.8379925489425659,-135.15545654296875,-11.725052833557129,710.59033203125
6.494217799976468,0,,95.20018005371094,1.0,0.0,-0.003384196199476719,6945,2,0.8380468487739563,-135.18429565429688,-11.726934432983398,710.9177856445312
6.505371999985073,0,,95.5755844116211,1.0,0.0,-0.003133480902761221,6968,2,0.8381011486053467,-135.20748901367188,-11.728449821472168,711.1807250976562
6.516224799997872,0,,95.88185119628906,1.0,0.0,-0.0035211974754929543,6974,2,0.8381283283233643,-135.22494506835938,-11.729593276977539,711.37841796875
6.52702069998486,0,,96.19083404541016,1.0,0.0,-0.0032851032447069883,6972,2,0.8382097482681274,-135.2718048095703,-11.732633590698242,711.907958984375
6.537727199989604,0,,96.5810317993164,1.0,0.0,-0.002888018498197198,6962,2,0.8382097482681274,-135.2718048095703,-11.732633590698242,711.907958984375
6.548574499989627,0,,96.89745330810547,1.0,0.0,-0.003058668924495578,6954,2,0.8382640480995178,-135.29537963867188,-11.734148025512695,712.1740112304688
6.559389599977294,0,,97.21937561035156,1.0,0.0,-0.002924555679783225,6946,2,0.8383726477622986,-135.34884643554688,-11.73760986328125,712.7757568359375
6.570643099985318,0,,97.62997436523438,1.0,0.0,-0.002517101587727666,6939,2,0.838426947593689,-135.37278747558594,-11.73917007446289,713.0446166992188
6.581792699988,0,,97.96118927001953,1.0,0.0,-0.0026644375175237656,6933,2,0.8384541273117065,-135.39683532714844,-11.74073600769043,713.3143920898438
6.592831999994814,0,,98.37812042236328,1.0,0.0,-0.002819537650793791,6924,2,0.8385084271430969,-135.42100524902344,-11.742289543151855,713.5850830078125
6.604061599995475,0,,98.71141815185547,1.0,0.0,-0.0025804422330111265,6912,2,0.8385627269744873,-135.44528198242188,-11.743827819824219,713.856689453125
6.6151032999914605,0,,99.12488555908203,1.0,0.0,-0.002122761681675911,6893,2,0.8386170268058777,-135.47581481933594,-11.745721817016602,714.197509765625
6.625905999972019,0,,99.45030975341797,1.0,0.0,-0.001638661022298038,6877,2,0.8386713266372681,-135.5003662109375,-11.74721622467041,714.47119140625
6.6368947999726515,0,,99.76720428466797,1.0,0.0,-0.0018088397337123752,6865,2,0.8387256264686584,-135.52505493164062,-11.748702049255371,714.7457275390625
6.647665299999062,0,,100.15837097167969,1.0,0.0,-0.001640023780055344,6858,2,0.838752806186676,-135.54986572265625,-11.750184059143066,715.0211791992188
6.658484399988083,0,,100.46764373779297,1.0,0.0,-0.00088394561316818,6862,2,0.8388071060180664,-135.5747833251953,-11.751677513122559,715.2975463867188
6.669057099992642,0,,100.77398681640625,1.0,0.0,-0.0013388622319325805,6876,2,0.8388614058494568,-135.59982299804688,-11.753190040588379,715.57470703125
6.680057999998098,0,,101.15535736083984,1.0,0.0,-0.001225353917106986,6902,2,0.8389157056808472,-135.62496948242188,-11.754732131958008,715.852783203125
6.690796199982287,0,,101.46031188964844,1.0,0.0,-0.0005315082962624729,6926,2,0.83894282579422,-135.6502227783203,-11.756309509277344,716.1316528320312
6.70148099999642,0,,101.7565689086914,1.0,0.0,-0.0003139998880214989,6953,2,0.8389971256256104,-135.67559814453125,-11.757925033569336,716.411376953125
6.712561399996048,0,,102.0471420288086,1.0,0.0,-0.0007847077213227749,6977,2,0.8391057848930359,-135.73306274414062,-11.76168441772461,717.0438232421875
6.723515299992869,0,,102.41238403320312,1.0,0.0,-0.00029871321748942137,7001,2,0.8391057848930359,-135.73306274414062,-11.76168441772461,717.0438232421875
6.734706199989887,0,,102.70785522460938,1.0,0.0,-3.943092451663688e-05,7013,2,0.8392143845558167,-135.78457641601562,-11.76506519317627,717.6094360351562
6.745989199989708,0,,103.08179473876953,1.0,0.0,0.00032530579483136535,7023,2,0.839268684387207,-135.8105010986328,-11.766716003417969,717.8934326171875
6.756923399982043,0,,103.3824691772461,1.0,0.0,0.0004138779186177999,7029,2,0.8393229842185974,-135.83651733398438,-11.768339157104492,718.1782836914062
6.768041299976176,0,,103.7595443725586,1.0,0.0,0.0008964255684986711,7036,2,0.8393501043319702,-135.8626251220703,-11.769916534423828,718.4639282226562
6.778767299983883,0,,104.05970764160156,1.0,0.0,0.0006865409668534994,7044,2,0.8394044041633606,-135.8888397216797,-11.771465301513672,718.7504272460938
6.789733699988574,0,,104.35820007324219,1.0,0.0,0.000780134869273752,7053,2,0.839458703994751,-135.91514587402344,-11.77299690246582,719.0377807617188
6.80034469999373,0,,104.72919464111328,1.0,0.0,0.00018215853197034448,7070,2,0.8395130038261414,-135.9481658935547,-11.774901390075684,719.3980712890625
6.811163699981989,0,,105.02275085449219,1.0,0.0,-0.0003884468460455537,7087,2,0.8395673036575317,-135.96803283691406,-11.776041984558105,719.6148681640625
6.822175499983132,0,,105.31197357177734,1.0,0.0,-0.0006116701988503337,7106,2,0.8396215438842773,-135.99461364746094,-11.777554512023926,719.9046630859375
6.832891300000483,0,,105.66802215576172,1.0,0.0,-0.00031474544084630907,7133,2,0.8396758437156677,-136.0279541015625,-11.77944564819336,720.26806640625
6.843810299993493,0,,105.94876098632812,1.0,0.0,-0.000330107199260965,7157,2,0.8397301435470581,-136.05471801757812,-11.780952453613281,720.5596923828125
6.854886899993289,0,,106.22599792480469,1.0,0.0,-0.0001958258799277246,7182,2,0.8397573232650757,-136.07485961914062,-11.782085418701172,720.7788696289062
6.865792399999918,0,,106.56993103027344,1.0,0.0,-3.4233184123877436e-05,7213,2,0.8398930430412292,-136.13552856445312,-11.785523414611816,721.4391479492188
6.876669499994023,0,,106.8453598022461,1.0,0.0,-0.0004351226089056581,7238,2,0.8398930430412292,-136.13552856445312,-11.785523414611816,721.4391479492188
6.88797079998767,0,,107.16752624511719,1.0,0.0,-0.0006075071869418025,7199,1,0.8399744629859924,-136.18978881835938,-11.788644790649414,722.029296875
6.898956999997608,0,,107.12613677978516,1.0,0.0,0.0002316413592780009,7132,1,0.8400287628173828,-136.21702575683594,-11.790226936340332,722.325439453125
6.909739199996693,0,,107.12867736816406,1.0,0.0,-0.00011953971988987178,7065,1,0.8400830626487732,-136.2374725341797,-11.791422843933105,722.5477294921875
6.921046399977058,0,,107.11067962646484,1.0,0.0,1.6103767848107964e-05,6981,1,0.8401373624801636,-136.27154541015625,-11.793441772460938,722.9181518554688
6.932034799974645,0,,107.09011840820312,1.0,0.0,8.593875827500597e-05,6914,1,0.840191662311554,-136.29881286621094,-11.795079231262207,723.2144775390625
6.942743299994618,0,,107.07022857666016,1.0,0.0,7.610238390043378e-05,6228,3,0.8402187824249268,-136.3192596435547,-11.796319007873535,723.4366455078125
6.954007499996806,0,,107.3620834350586,1.0,0.0,-0.00017901818500831723,6498,3,0.8403002619743347,-136.35333251953125,-11.798420906066895,723.806884765625
6.966293599980418,0,,107.56816101074219,1.0,0.0,-0.000297466351184994,6670,3,0.8403816819190979,-136.40110778808594,-11.801403045654297,724.325927734375
6.976942999986932,0,,107.76739501953125,1.0,0.0,-0.00024453861988149583,6584,3,0.8404359817504883,-136.43533325195312,-11.803539276123047,724.69775390625
6.987807499972405,0,,108.12602233886719,1.0,0.0,-0.0005947678000666201,6271,3,0.8404902815818787,-136.45590209960938,-11.804819107055664,724.9212036132812
6.998659499979112,0,,108.43907165527344,1.0,0.0,-0.0005601134034805,5964,3,0.840544581413269,-136.4833984375,-11.806517601013184,725.2197265625
7.009767899988219,0,,108.7741928100586,1.0,0.0,-0.0007359606097452343,5690,3,0.8405988812446594,-136.51788330078125,-11.808622360229492,725.5941162109375
7.020666199998232,0,,109.2031478881836,1.0,0.0,-0.0010439911857247353,5483,3,0.8406531810760498,-136.5386505126953,-11.809860229492188,725.8194580078125
7.03151409997372,0,,109.54222106933594,1.0,0.0,-0.0010859614703804255,5446,3,0.8407074809074402,-136.56640625,-11.811488151550293,726.1206665039062
7.042431399982888,0,,109.88105773925781,1.0,0.0,-0.0010091422591358423,5490,3,0.8407617807388306,-136.60122680664062,-11.813496589660645,726.49853515625
7.05385529997875,0,,110.18682861328125,1.0,0.0,-0.000456380657851696,5646,3,0.840816080570221,-136.6221923828125,-11.814699172973633,726.7259521484375
7.0649673999869265,0,,110.3602523803711,1.0,0.0,-0.00036302523221820593,5776,3,0.8408975601196289,-136.67831420898438,-11.817978858947754,727.334716796875
7.076070199982496,0,,110.57735443115234,1.0,0.0,-0.0002614791737869382,5899,3,0.8409518599510193,-136.7064666748047,-11.819672584533691,727.639892578125
7.086800499993842,0,,110.77091217041016,1.0,0.0,-0.0003533038543537259,5947,3,0.8410061597824097,-136.7346649169922,-11.821393966674805,727.945556640625
7.0979261999891605,0,,111.04512023925781,1.0,0.0,-0.00012807772145606577,5943,3,0.8410604596138,-136.76290893554688,-11.823132514953613,728.2517700195312
7.1086310999817215,0,,111.28709411621094,1.0,0.0,-0.0004338362778071314,5902,3,0.8411147594451904,-136.79122924804688,-11.824865341186523,728.5585327148438
7.119662899989635,0,,111.54412841796875,1.0,0.0,-0.0003342683776281774,5843,3,0.8411690592765808,-136.81959533691406,-11.826580047607422,728.8659057617188
7.130563399987295,0,,111.87791442871094,1.0,0.0,-0.0002231905673397705,5770,3,0.8412233591079712,-136.84805297851562,-11.828272819519043,729.1740112304688
7.141511599998921,0,,112.1466293334961,1.0,0.0,-0.0006292751641012728,5727,3,0.8412776589393616,-136.87657165527344,-11.829938888549805,729.4827880859375
7.15216229998623,0,,112.40723419189453,1.0,0.0,-0.00033443578286096454,5708,3,0.841331958770752,-136.90516662597656,-11.831574440002441,729.7923583984375
7.162873499997659,0,,112.71467590332031,1.0,0.0,0.00017231894889846444,5720,3,0.8414405584335327,-136.96258544921875,-11.83480167388916,730.4136352539062
7.174273399985395,0,,112.94761657714844,1.0,0.0,0.000578204810153693,5753,3,0.8414405584335327,-136.96258544921875,-11.83480167388916,730.4136352539062
7.185223899985431,0,,113.2236099243164,1.0,0.0,-5.149171192897484e-05,5812,3,0.8415491580963135,-137.02027893066406,-11.837993621826172,731.03759765625
7.1961140999919735,0,,113.43932342529297,1.0,0.0,-0.00019770025392062962,5862,3,0.8416034579277039,-137.04920959472656,-11.839604377746582,731.3505859375
7.207019999972545,0,,113.65383911132812,1.0,0.0,0.00011663140321616083,5906,3,0.8416577577590942,-137.07095336914062,-11.840826034545898,731.585693359375
7.218447899998864,0,,113.92627716064453,1.0,0.0,-0.00042733195004984736,5946,3,0.8417120575904846,-137.10723876953125,-11.842897415161133,731.978271484375
7.229069499997422,0,,114.15141296386719,1.0,0.0,-0.0012008455814793706,5961,3,0.841766357421875,-137.1363525390625,-11.844589233398438,732.29296875
7.239840599999297,0,,114.38369750976562,1.0,0.0,-0.0007643786957487464,5965,3,0.8418206572532654,-137.15821838378906,-11.845876693725586,732.5294189453125
7.250599899998633,0,,114.68058776855469,1.0,0.0,-0.000572606164496392,5956,3,0.8418749570846558,-137.19473266601562,-11.848050117492676,732.92431640625
7.261250899988227,0,,114.92048645019531,1.0,0.0,-0.0003779855906032026,5946,3,0.8419292569160461,-137.22402954101562,-11.849801063537598,733.2409057617188
7.2722865999967325,0,,115.16217041015625,1.0,0.0,0.0003549978428054601,5938,3,0.8419835567474365,-137.2460479736328,-11.851114273071289,733.4788208007812
7.283519999997225,0,,115.46282958984375,1.0,0.0,0.00012537636212073267,5937,3,0.8420921564102173,-137.304931640625,-11.854569435119629,734.1150512695312
7.294680199993309,0,,115.69965362548828,1.0,0.0,-9.421962749911472e-05,5946,3,0.8421464562416077,-137.33445739746094,-11.856283187866211,734.4341430664062
7.305371299997205,0,,115.99121856689453,1.0,0.0,-2.4369521270273253e-05,5968,3,0.8422279357910156,-137.3714599609375,-11.858439445495605,734.833984375
7.316052199981641,0,,116.2209701538086,1.0,0.0,-0.00021057139383628964,5991,3,0.8422550559043884,-137.39370727539062,-11.859743118286133,735.0743408203125
7.326822999981232,0,,116.4488525390625,1.0,0.0,-0.0003217672056052834,6015,3,0.8423093557357788,-137.42343139648438,-11.861515998840332,735.3953857421875
7.337915199983399,0,,116.73260498046875,1.0,0.0,-0.0002200346498284489,6043,3,0.8423908352851868,-137.46066284179688,-11.863781929016113,735.797607421875
7.349027499993099,0,,116.96141815185547,1.0,0.0,3.924150223610923e-05,6061,3,0.8424179553985596,-137.48304748535156,-11.865157127380371,736.0394287109375
7.360048899980029,0,,117.19161224365234,1.0,0.0,0.000170597224496305,6073,3,0.84247225522995,-137.51296997070312,-11.867002487182617,736.3623657226562
7.37113759998465,0,,117.48115539550781,1.0,0.0,0.0004648790927603841,6082,3,0.8425537347793579,-137.55044555664062,-11.869321823120117,736.7669677734375
7.381797799986089,0,,117.71402740478516,1.0,0.0,0.0005518572288565338,6087,3,0.8426080346107483,-137.57298278808594,-11.87071418762207,737.0101928710938
7.392577799997525,0,,117.94608306884766,1.0,0.0,0.0004659444675780833,6092,3,0.842716634273529,-137.64080810546875,-11.8749418258667,737.7420043945312
7.4038080999744125,0,,118.23783874511719,1.0,0.0,0.0009191354038193822,6100,3,0.8427709341049194,-137.6634979248047,-11.876361846923828,737.9866943359375
7.414859199983766,0,,118.47013092041016,1.0,0.0,0.0005898128147237003,6109,3,0.8428252339363098,-137.69378662109375,-11.878250122070312,738.3134765625
7.425981299980776,0,,118.75975799560547,1.0,0.0,0.000404538179282099,6124,3,0.8429067134857178,-137.7317352294922,-11.88058090209961,738.7228393554688
7.437253699987195,0,,118.98938751220703,1.0,0.0,0.0004309481009840965,6138,3,0.8429338335990906,-137.75454711914062,-11.881950378417969,738.968994140625
7.448120299988659,0,,119.27555084228516,1.0,0.0,0.00030733124003745615,6157,3,0.842988133430481,-137.7850341796875,-11.88374137878418,739.2976684570312
7.4591668999928515,0,,119.5057144165039,1.0,0.0,0.000228913122555241,6171,3,0.8430695533752441,-137.82321166992188,-11.885941505432129,739.70947265625
7.4704060999793,0,,119.7367172241211,1.0,0.0,-1.6660305846016854e-05,6184,3,0.8431238532066345,-137.84616088867188,-11.887242317199707,739.95703125
7.481559199979529,0,,120.02893829345703,1.0,0.0,4.1647137550171465e-05,6197,3,0.8431781530380249,-137.87680053710938,-11.888961791992188,740.2876586914062
7.492649599997094,0,,120.31993865966797,1.0,0.0,0.00010268356709275395,6207,3,0.8432867527008057,-137.93829345703125,-11.892407417297363,740.9508056640625
7.504029799980344,0,,120.55131530761719,1.0,0.0,0.00015997276932466775,6213,3,0.843341052532196,-137.96913146972656,-11.894150733947754,741.2833251953125
7.515044899977511,0,,120.78187561035156,1.0,0.0,0.00021499500144273043,6220,3,0.8434224724769592,-138.00775146484375,-11.896343231201172,741.699951171875
7.526054199988721,0,,121.06820678710938,1.0,0.0,0.00018317486683372408,6230,3,0.8434496521949768,-138.03097534179688,-11.897652626037598,741.9503784179688
7.537030799983768,0,,121.29419708251953,1.0,0.0,0.000340955622959882,6241,3,0.8435039520263672,-138.06198120117188,-11.899388313293457,742.2848510742188
7.547886299988022,0,,121.5733413696289,1.0,0.0,0.00022400933085009456,6260,3,0.8435853719711304,-138.09304809570312,-11.90109920501709,742.6199340820312
7.558877099974779,0,,121.7940444946289,1.0,0.0,0.00037563531077466905,6279,3,0.8436396718025208,-138.12416076660156,-11.90278434753418,742.9556274414062
7.570037099998444,0,,122.01641082763672,1.0,0.0,-0.0002171429223380983,6300,3,0.8436939716339111,-138.15533447265625,-11.904446601867676,743.2919921875
7.5808248999819625,0,,122.29536437988281,1.0,0.0,-0.0005937863606959581,6325,3,0.8438025712966919,-138.2178497314453,-11.90779972076416,743.9664916992188
7.592072999977972,0,,122.52056121826172,1.0,0.0,-6.769435276510194e-05,6342,3,0.843856930732727,-138.24134826660156,-11.909077644348145,744.2200317382812
7.603433099982794,0,,122.80644989013672,1.0,0.0,-0.00035884103272110224,6356,3,0.8439383506774902,-138.2805938720703,-11.911229133605957,744.6434326171875
7.614567099983105,0,,123.03765869140625,1.0,0.0,0.0001918400957947597,6362,3,0.8439926505088806,-138.31204223632812,-11.912971496582031,744.98291015625
7.625630399998045,0,,123.32672119140625,1.0,0.0,0.00039123668102547526,6364,3,0.8440198302268982,-138.33567810058594,-11.914283752441406,745.2378540039062
7.636341099976562,0,,123.55923461914062,1.0,0.0,-0.00013654964277520776,6364,3,0.8441012501716614,-138.37513732910156,-11.916485786437988,745.6636962890625
7.647120099980384,0,,123.79125213623047,1.0,0.0,-0.00023640843573957682,6365,3,0.8441555500030518,-138.3988494873047,-11.917815208435059,745.9196166992188
7.657928299973719,0,,124.0784912109375,1.0,0.0,-7.72437488194555e-06,6370,3,0.8442098498344421,-138.43052673339844,-11.91960334777832,746.261474609375
7.6692263999721035,0,,124.30460357666016,1.0,0.0,-4.374037234811112e-05,6379,3,0.8443185091018677,-138.49403381347656,-11.923212051391602,746.947021484375
7.680286099988734,0,,124.58149719238281,1.0,0.0,5.5368505854858086e-05,6397,3,0.8443999290466309,-138.52589416503906,-11.924997329711914,747.290771484375
7.6914718999760225,0,,124.8000717163086,1.0,0.0,0.00046999697224237025,6416,3,0.8444542288780212,-138.5577850341797,-11.926752090454102,747.6351318359375
7.702373099979013,0,,125.01744842529297,1.0,0.0,0.00014999156701378524,6438,3,0.8445085287094116,-138.58975219726562,-11.928483009338379,747.9801025390625
7.713396399980411,0,,125.28726196289062,1.0,0.0,-0.00022707726748194546,6467,3,0.844562828540802,-138.62176513671875,-11.930195808410645,748.3256225585938
7.724347099981969,0,,125.5057601928711,1.0,0.0,0.00013457133900374174,6488,3,0.84464430809021,-138.65382385253906,-11.931902885437012,748.6718139648438
7.734977199987043,0,,125.72767639160156,1.0,0.0,-0.000284769746940583,6504,3,0.8446986079216003,-138.6859588623047,-11.933615684509277,749.0185546875
7.745952999975998,0,,126.00704193115234,1.0,0.0,0.00011824689863715321,6517,3,0.8447257876396179,-138.7100830078125,-11.934914588928223,749.279052734375
7.756839399982709,0,,126.23336029052734,1.0,0.0,-0.0002448422310408205,6521,3,0.8448615074157715,-138.7745819091797,-11.938408851623535,749.9752807617188
7.767903399973875,0,,126.51698303222656,1.0,0.0,-0.0001192372728837654,6522,3,0.8449158072471619,-138.80691528320312,-11.940157890319824,750.3243408203125
7.778819699975429,0,,126.74525451660156,1.0,0.0,3.866060797008686e-05,6521,3,0.8449701070785522,-138.83929443359375,-11.941876411437988,750.674072265625
7.789727499999572,0,,126.9751968383789,1.0,0.0,-0.0002065654844045639,6522,3,0.8450515866279602,-138.87173461914062,-11.943573951721191,751.0244140625
7.800391899974784,0,,127.25972747802734,1.0,0.0,-0.00017946555453818291,6527,3,0.845078706741333,-138.89610290527344,-11.944829940795898,751.2875366210938
7.811412699986249,0,,127.48381042480469,1.0,0.0,-0.00039793920586816967,6536,3,0.845160186290741,-138.93678283691406,-11.94692325592041,751.7269287109375
7.822673899994697,0,,127.70604705810547,1.0,0.0,-0.0004946708213537931,6548,3,0.8452144861221313,-138.96124267578125,-11.948182106018066,751.9910888671875
7.833400799980154,0,,127.98184967041016,1.0,0.0,-0.0003118916356470436,6566,3,0.8453230857849121,-139.02659606933594,-11.951597213745117,752.6970825195312
7.8445420999778435,0,,128.1996307373047,1.0,0.0,-0.00024044416204560548,6583,3,0.8454045653343201,-139.05935668945312,-11.953333854675293,753.0509643554688
7.855638299981365,0,,128.46754455566406,1.0,0.0,0.00017230870435014367,6604,3,0.8454316854476929,-139.08396911621094,-11.954642295837402,753.3167724609375
7.8667443999729585,0,,128.67774963378906,1.0,0.0,-8.06910393293947e-05,6621,3,0.8455131649971008,-139.11683654785156,-11.956390380859375,753.6717529296875
7.8777377999795135,0,,128.9422149658203,1.0,0.0,3.9252263377420604e-05,6642,3,0.8455674052238464,-139.14974975585938,-11.958161354064941,754.0272827148438
7.888701199990464,0,,129.15411376953125,1.0,0.0,-0.00033392684417776763,6658,3,0.8456217050552368,-139.17446899414062,-11.959512710571289,754.2943725585938
7.89955750000081,0,,129.36676025390625,1.0,0.0,0.00023638541460968554,6672,3,0.8457303047180176,-139.24053955078125,-11.963265419006348,755.008056640625
7.910592199972598,0,,129.63494873046875,1.0,0.0,0.000240362249314785,6688,3,0.8458117842674255,-139.27366638183594,-11.96522331237793,755.3658447265625
7.921771199995419,0,,129.85079956054688,1.0,0.0,-0.0002682441263459623,6698,3,0.8458660840988159,-139.3068389892578,-11.967242240905762,755.72412109375
7.932827799988445,0,,130.1217803955078,1.0,0.0,-0.00012032705853926018,6708,3,0.8459203839302063,-139.34007263183594,-11.969322204589844,756.0830688476562
7.943869099981384,0,,130.340087890625,1.0,0.0,-2.6964307835442014e-05,6714,3,0.8459746837615967,-139.3650360107422,-11.970926284790039,756.3526611328125
7.954878699994879,0,,130.55882263183594,1.0,0.0,-0.00015405441808979958,6719,3,0.8460561037063599,-139.40670776367188,-11.973688125610352,756.802734375
7.965774899988901,0,,130.8323974609375,1.0,0.0,0.0002101966383634135,6724,3,0.8461104035377502,-139.4317626953125,-11.975390434265137,757.0732421875
7.976932199992007,0,,131.05117797851562,1.0,0.0,0.00010295285028405488,6728,3,0.846219003200531,-139.4987030029297,-11.980071067810059,757.7962036132812
7.987783099990338,0,,131.3209228515625,1.0,0.0,-0.00045424606651067734,6736,3,0.8462733030319214,-139.53225708007812,-11.982465744018555,758.1586303710938
7.998660299985204,0,,131.53440856933594,1.0,0.0,5.9661586419679224e-05,6744,3,0.8463547229766846,-139.5658721923828,-11.984869956970215,758.5216064453125
8.009336199989775,0,,131.74472045898438,1.0,0.0,-0.00013367619249038398,6754,3,0.846409022808075,-139.59954833984375,-11.987265586853027,758.8851928710938
8.020370599988382,0,,132.00738525390625,1.0,0.0,0.00021096982527524233,6770,3,0.8464905023574829,-139.63328552246094,-11.989635467529297,759.2493896484375
8.03111819998594,0,,132.2158203125,1.0,0.0,0.00035611557541415095,6785,3,0.8465176224708557,-139.6586151123047,-11.991384506225586,759.5228881835938
8.042284099996323,0,,132.42416381835938,1.0,0.0,0.0004946719272993505,6800,3,0.8465991020202637,-139.70089721679688,-11.994242668151855,759.9794311523438
8.053272299992386,0,,132.68360900878906,1.0,0.0,-0.00022361590526998043,6819,3,0.846653401851654,-139.72630310058594,-11.995930671691895,760.2538452148438
8.064346200000728,0,,132.89352416992188,1.0,0.0,-0.000345708045642823,6832,3,0.8467891216278076,-139.79420471191406,-12.00041675567627,760.987060546875
8.075247299973853,0,,133.1582489013672,1.0,0.0,-0.00047472762526012957,6844,3,0.846843421459198,-139.8282470703125,-12.002654075622559,761.3546142578125
8.086696399986977,0,,133.37049865722656,1.0,0.0,-0.0007056233007460833,6851,3,0.8468977212905884,-139.8538055419922,-12.004339218139648,761.630615234375
8.097793199995067,0,,133.6339874267578,1.0,0.0,-4.860039916820824e-05,6858,3,0.8469792008399963,-139.896484375,-12.007156372070312,762.09130859375
8.1085299999977,0,,133.84364318847656,1.0,0.0,-2.5972636649385095e-05,6863,3,0.8470335006713867,-139.92213439941406,-12.008842468261719,762.3682250976562
8.119462099974044,0,,134.05409240722656,1.0,0.0,7.59149479563348e-05,6868,3,0.8470878005027771,-139.9563751220703,-12.011102676391602,762.7379150390625
8.130581199977314,0,,134.31292724609375,1.0,0.0,0.0005079100374132395,6878,3,0.8472235202789307,-140.0250244140625,-12.015634536743164,763.47900390625
8.141747499990743,0,,134.51724243164062,1.0,0.0,3.380860653123818e-05,6890,3,0.847277820110321,-140.05941772460938,-12.017905235290527,763.8504638671875
8.152940100000706,0,,134.7706298828125,1.0,0.0,-0.00020170543575659394,6906,3,0.8473321199417114,-140.0938720703125,-12.020149230957031,764.222412109375
8.164252599992324,0,,134.97360229492188,1.0,0.0,-0.0005681075272150338,6921,3,0.8474135994911194,-140.12835693359375,-12.022369384765625,764.594970703125
8.174992399988696,0,,135.17706298828125,1.0,0.0,-0.0009442357695661485,6936,3,0.8474678993225098,-140.15426635742188,-12.024003028869629,764.874755859375
8.186276399996132,0,,135.4326171875,1.0,0.0,-0.0008261881885118783,6953,3,0.847549319267273,-140.197509765625,-12.026678085327148,765.341796875
8.197164099983638,0,,135.63809204101562,1.0,0.0,-0.0005975624662823975,6963,3,0.8475764989852905,-140.22349548339844,-12.0282621383667,765.6224365234375
8.208626399980858,0,,135.8968963623047,1.0,0.0,-0.0001250913628609851,6973,3,0.8477122187614441,-140.29293823242188,-12.032485008239746,766.372314453125
8.219240399979753,0,,136.1038055419922,1.0,0.0,-8.505630103172734e-05,6977,3,0.847793698310852,-140.32774353027344,-12.034599304199219,766.7481079101562
8.230378199979896,0,,136.36085510253906,1.0,0.0,5.537518882192671e-05,6982,3,0.8478479981422424,-140.35389709472656,-12.036179542541504,767.0303344726562
8.241816299996572,0,,136.5649871826172,1.0,0.0,-9.565408254275098e-05,6987,3,0.8479294180870056,-140.3975372314453,-12.038786888122559,767.5014038085938
8.252465799974743,0,,136.7694549560547,1.0,0.0,-8.170678484020755e-06,6993,3,0.8479565978050232,-140.4237518310547,-12.040318489074707,767.7844848632812
8.263399299990851,0,,137.0205078125,1.0,0.0,4.2939806007780135e-05,7006,3,0.8480380177497864,-140.45875549316406,-12.042346954345703,768.1624755859375
8.274506999994628,0,,137.22132873535156,1.0,0.0,-0.0007160243694670498,7020,3,0.8481737971305847,-140.5289306640625,-12.046486854553223,768.9199829101562
8.285296099988045,0,,137.4684295654297,1.0,0.0,-0.000625192653387785,7039,3,0.8481737971305847,-140.5289306640625,-12.046486854553223,768.9199829101562
8.296394299977692,0,,137.66627502441406,1.0,0.0,0.00012095764395780861,7054,3,0.8483095169067383,-140.59933471679688,-12.050864219665527,769.6797485351562
8.307672499999171,0,,137.8616180419922,1.0,0.0,0.00017401942750439048,7069,3,0.8483366966247559,-140.6257781982422,-12.052567481994629,769.9652099609375
8.318320299993502,0,,138.1040496826172,1.0,0.0,-0.0003073165426030755,7085,3,0.848418116569519,-140.66110229492188,-12.054863929748535,770.3463134765625
8.329479099978926,0,,138.2985076904297,1.0,0.0,-0.00026346431695856154,7095,3,0.8484724164009094,-140.6964569091797,-12.05717658996582,770.7279663085938
8.34016399999382,0,,138.54270935058594,1.0,0.0,0.0002122653677361086,7106,3,0.8485538959503174,-140.73187255859375,-12.05949592590332,771.1101684570312
8.351015599997481,0,,138.73997497558594,1.0,0.0,-0.00018779859237838537,7114,3,0.8486081957817078,-140.7584686279297,-12.061235427856445,771.3971557617188
8.362155299982987,0,,138.93951416015625,1.0,0.0,-0.00042066286550834775,7120,3,0.8487167954444885,-140.82952880859375,-12.06587028503418,772.1639404296875
8.373133299988694,0,,139.18960571289062,1.0,0.0,-0.00018621262279339135,7127,3,0.8487982153892517,-140.86512756347656,-12.068174362182617,772.5481567382812
8.38447879999876,0,,139.3906707763672,1.0,0.0,-0.00039723500958643854,7131,3,0.8488525152206421,-140.90078735351562,-12.070452690124512,772.9329223632812
8.395086899981834,0,,139.64154052734375,1.0,0.0,-0.000339903577696532,7137,3,0.84893399477005,-140.93649291992188,-12.072713851928711,773.3182983398438
8.405918999982532,0,,139.8391571044922,1.0,0.0,-2.0994091755710542e-05,7142,3,0.8489882946014404,-140.96331787109375,-12.0743989944458,773.607666015625
8.416658399975859,0,,140.0357208251953,1.0,0.0,-0.000221036170842126,7149,3,0.8490697145462036,-141.00808715820312,-12.077195167541504,774.090576171875
8.427857899980154,0,,140.27992248535156,1.0,0.0,-0.00024280467187054455,7159,3,0.849124014377594,-141.0349884033203,-12.078864097595215,774.3807983398438
8.438808999984758,0,,140.4715118408203,1.0,0.0,0.00015614982112310827,7170,3,0.8492597341537476,-141.10687255859375,-12.083277702331543,775.1561279296875
8.449812899983954,0,,140.6606903076172,1.0,0.0,-3.3840933610918e-05,7183,3,0.8493140339851379,-141.14288330078125,-12.085479736328125,775.5445556640625
8.460958099982236,0,,140.89503479003906,1.0,0.0,-0.0004901299253106117,7202,3,0.8493683338165283,-141.16993713378906,-12.087139129638672,775.8362426757812
8.472480099997483,0,,141.08238220214844,1.0,0.0,-0.00012050962686771527,7216,3,0.8494498133659363,-141.215087890625,-12.089927673339844,776.3230590820312
8.483476299996255,0,,141.31607055664062,1.0,0.0,0.00027868259348906577,7234,3,0.8495040535926819,-141.24220275878906,-12.091615676879883,776.6155395507812
8.494314499985194,0,,141.50267028808594,1.0,0.0,0.0005214355187490582,7247,3,0.8495855331420898,-141.27842712402344,-12.093868255615234,777.0059204101562
8.505138899985468,0,,141.67901611328125,1.0,0.0,2.548465272411704e-05,7182,1,0.849666953086853,-141.32376098632812,-12.096675872802734,777.49462890625
8.516319899994414,0,,141.64732360839844,1.0,0.0,0.0003044492332264781,7114,1,0.8497212529182434,-141.3509979248047,-12.098368644714355,777.7882690429688
8.527356199978385,0,,141.61953735351562,1.0,0.0,0.0007312123198062181,7047,1,0.8498570322990417,-141.42367553710938,-12.102923393249512,778.5718994140625
8.538461099989945,0,,141.5904083251953,1.0,0.0,0.000762473267968744,6964,1,0.8499113321304321,-141.46002197265625,-12.105238914489746,778.963623046875
8.549327699991409,0,,141.56414794921875,1.0,0.0,0.00035895404289476573,6897,1,0.8499928116798401,-141.49635314941406,-12.107575416564941,779.355224609375
8.56047149997903,0,,141.58950805664062,1.0,0.0,0.0003655618638731539,6363,4,0.8500471115112305,-141.53268432617188,-12.10989761352539,779.746826171875
8.571367999975337,0,,141.80186462402344,1.0,0.0,0.00018250220455229282,6586,4,0.8501285910606384,-141.56900024414062,-12.112202644348145,780.1383056640625
8.582429599977331,0,,141.89569091796875,1.0,0.0,0.000311786076053977,6629,4,0.8501828908920288,-141.59628295898438,-12.113914489746094,780.4322509765625
8.593275899998844,0,,142.09652709960938,1.0,0.0,0.0002657290897332132,6448,4,0.8502643704414368,-141.6417694091797,-12.116750717163086,780.9225463867188
8.604321499995422,0,,142.33758544921875,1.0,0.0,8.795978646958247e-05,6186,4,0.8503186702728271,-141.66908264160156,-12.11844253540039,781.2169189453125
8.61513429999468,0,,142.61978149414062,1.0,0.0,0.0001552122412249446,5906,4,0.8504544496536255,-141.7420654296875,-12.122892379760742,782.0034790039062
8.62604730000021,0,,142.9772186279297,1.0,0.0,0.00013419373135548085,5640,4,0.8505087494850159,-141.77865600585938,-12.125067710876465,782.3978271484375
8.63699749999796,0,,143.2265167236328,1.0,0.0,4.9866255722008646e-05,5546,4,0.850590169429779,-141.81532287597656,-12.127191543579102,782.7930297851562
8.648400999984005,0,,143.46426391601562,1.0,0.0,0.00024123418552335352,5593,4,0.8506444692611694,-141.85205078125,-12.129278182983398,783.1889038085938
8.659012399992207,0,,143.59999084472656,1.0,0.0,0.00036924390587955713,5732,4,0.8507259488105774,-141.88882446289062,-12.131348609924316,783.5853881835938
8.67002789999242,0,,143.7053680419922,1.0,0.0,0.00017491581093054265,5912,4,0.850780189037323,-141.91644287109375,-12.13288688659668,783.8831176757812
8.68072299999767,0,,143.82432556152344,1.0,0.0,0.00027615093858912587,6123,4,0.850861668586731,-141.9625244140625,-12.135417938232422,784.379638671875
8.691400199983036,0,,143.93197631835938,1.0,0.0,0.0006302319234237075,6231,4,0.8509159684181213,-141.9901885986328,-12.136938095092773,784.6777954101562
8.702520399994683,0,,144.0642547607422,1.0,0.0,0.00019436885486356914,6266,4,0.8510516881942749,-142.0640106201172,-12.141092300415039,785.4736328125
8.713521199999377,0,,144.2672119140625,1.0,0.0,-0.00030174877610988915,6213,4,0.8511331677436829,-142.1009521484375,-12.143269538879395,785.8720703125
8.72483469999861,0,,144.45492553710938,1.0,0.0,8.73848402989097e-05,6123,4,0.8511874675750732,-142.137939453125,-12.145515441894531,786.2708740234375
8.736027999984799,0,,144.70437622070312,1.0,0.0,-0.0001526528358226642,6003,4,0.8512688875198364,-142.1749725341797,-12.147787094116211,786.6702270507812
8.746776399988448,0,,144.90390014648438,1.0,0.0,0.00012204862287035212,5935,4,0.8513231873512268,-142.21205139160156,-12.150036811828613,787.0701293945312
8.757568599976366,0,,145.14007568359375,1.0,0.0,0.00039756245678290725,5911,4,0.8513774871826172,-142.23989868164062,-12.151717185974121,787.3704223632812
8.768570399988675,0,,145.31231689453125,1.0,0.0,0.00021595087309833616,5942,4,0.8514589071273804,-142.28636169433594,-12.154509544372559,787.87158203125
8.77959279998322,0,,145.4724884033203,1.0,0.0,-0.00010669971379684284,6002,4,0.8515403866767883,-142.32357788085938,-12.15676498413086,788.2730712890625
8.790288099989993,0,,145.65921020507812,1.0,0.0,1.3754375686403364e-05,6090,4,0.8516761660575867,-142.3981475830078,-12.16148853302002,789.0774536132812
8.801628799992613,0,,145.80606079101562,1.0,0.0,-0.00017410301370546222,6146,4,0.851730465888977,-142.4261474609375,-12.163314819335938,789.3795166015625
8.812670299987076,0,,145.9993438720703,1.0,0.0,9.542419866193086e-05,6179,4,0.851811945438385,-142.46351623535156,-12.165777206420898,789.7826538085938
8.823883999983082,0,,146.16510009765625,1.0,0.0,0.00035493477480486035,6174,4,0.8518662452697754,-142.50091552734375,-12.168251991271973,790.1862182617188
8.835175399988657,0,,146.38417053222656,1.0,0.0,7.107527926564217e-05,6139,4,0.8519476652145386,-142.5383758544922,-12.170721054077148,790.5901489257812
8.8460686999897,0,,146.56622314453125,1.0,0.0,1.5180368791334331e-05,6104,4,0.8520291447639465,-142.57586669921875,-12.17317008972168,790.99462890625
8.856982099998277,0,,146.74917602539062,1.0,0.0,0.0003928150690626353,6074,4,0.8520834445953369,-142.6134033203125,-12.175600051879883,791.3995971679688
8.868078399973456,0,,146.9715118408203,1.0,0.0,5.171375232748687e-05,6059,4,0.8521649241447449,-142.65098571777344,-12.178020477294922,791.8049926757812
8.879345699999249,0,,147.141845703125,1.0,0.0,0.000491916376631707,6068,4,0.8523007035255432,-142.7262725830078,-12.182820320129395,792.617431640625
8.890597399993567,0,,147.3453369140625,1.0,0.0,0.0005573862581513822,6101,4,0.8523821234703064,-142.7639923095703,-12.185198783874512,793.0243530273438
8.90165519999573,0,,147.50303649902344,1.0,0.0,-0.00011401125811971724,6137,4,0.8524364233016968,-142.79229736328125,-12.186972618103027,793.329833984375
8.912617599999066,0,,147.65879821777344,1.0,0.0,0.000252721511060372,6171,4,0.85251784324646,-142.8395233154297,-12.189931869506836,793.8395385742188
8.923531699983869,0,,147.85545349121094,1.0,0.0,0.00021311730961315334,6203,4,0.8525721430778503,-142.87734985351562,-12.19229793548584,794.2477416992188
8.934452299989061,0,,148.01815795898438,1.0,0.0,5.465123103931546e-05,6214,4,0.8526264429092407,-142.90574645996094,-12.194071769714355,794.55419921875
8.945399199990788,0,,148.2296905517578,1.0,0.0,6.58544449834153e-05,6212,4,0.8527350425720215,-142.953125,-12.19701862335205,795.0655517578125
8.957044199982192,0,,148.40516662597656,1.0,0.0,0.0003432457451708615,6201,4,0.8527893424034119,-142.98158264160156,-12.19877815246582,795.3726806640625
8.968156899994938,0,,148.62623596191406,1.0,0.0,0.00038296260754577816,6184,4,0.8529521822929382,-143.0670928955078,-12.204038619995117,796.2957153320312
8.978979499981506,0,,148.80311584472656,1.0,0.0,-0.00026809441624209285,6176,4,0.8530064821243286,-143.09564208984375,-12.20580768585205,796.6039428710938
8.989792499982286,0,,148.977294921875,1.0,0.0,1.4006072888150811e-05,6174,4,0.853060781955719,-143.13375854492188,-12.208184242248535,797.0153198242188
9.000615899974946,0,,149.18789672851562,1.0,0.0,0.0003009393985848874,6184,4,0.8531693816184998,-143.1814422607422,-12.211174011230469,797.5302124023438
9.01136389997555,0,,149.35247802734375,1.0,0.0,1.6400266758864745e-05,6199,4,0.8531965017318726,-143.2100830078125,-12.212969779968262,797.8395385742188
9.022146199975396,0,,149.51303100585938,1.0,0.0,0.000284609297523275,6219,4,0.8532779812812805,-143.24832153320312,-12.215332984924316,798.2523803710938
9.03296589999809,0,,149.7132568359375,1.0,0.0,0.00033339986111968756,6245,4,0.8533594012260437,-143.28659057617188,-12.21766185760498,798.6655883789062
9.043559199984884,0,,149.87509155273438,1.0,0.0,-0.00012024988973280415,6262,4,0.8534137606620789,-143.3249053955078,-12.219964981079102,799.079345703125
9.055016699974658,0,,150.03912353515625,1.0,0.0,0.0003774345386773348,6274,4,0.8534680604934692,-143.35366821289062,-12.221677780151367,799.389892578125
9.066137699992396,0,,150.25013732910156,1.0,0.0,0.00030401608091779053,6280,4,0.8536309599876404,-143.44009399414062,-12.22677993774414,800.3231201171875
9.07686339999782,0,,150.42251586914062,1.0,0.0,4.6913519327063113e-05,6279,4,0.8536852598190308,-143.4689483642578,-12.228464126586914,800.6347045898438
9.087819799984572,0,,150.6401824951172,1.0,0.0,0.00021734688198193908,6273,4,0.8537938594818115,-143.51707458496094,-12.231260299682617,801.1546630859375
9.098778299987316,0,,150.81512451171875,1.0,0.0,0.00012049528595525771,6269,4,0.8538481593132019,-143.54598999023438,-12.232924461364746,801.4669189453125
9.109504399995785,0,,150.9886016845703,1.0,0.0,0.00011535298835951835,6268,4,0.8539024591445923,-143.58457946777344,-12.235156059265137,801.8837890625
9.120653299993137,0,,151.2010498046875,1.0,0.0,0.00015430068015120924,6274,4,0.8539839386940002,-143.6232147216797,-12.237405776977539,802.3010864257812
9.131598099978874,0,,151.36508178710938,1.0,0.0,-1.8204842490376905e-05,6284,4,0.8540653586387634,-143.66189575195312,-12.239679336547852,802.7189331054688
9.142736799985869,0,,151.5258026123047,1.0,0.0,0.0001554656628286466,6299,4,0.8541196584701538,-143.69091796875,-12.241408348083496,803.0325317382812
9.154099099978339,0,,151.7246551513672,1.0,0.0,3.1558432965539396e-05,6322,4,0.854282557964325,-143.7781524658203,-12.246626853942871,803.9750366210938
9.164949300000444,0,,151.88424682617188,1.0,0.0,-6.444914470193908e-05,6341,4,0.8543368577957153,-143.80726623535156,-12.248376846313477,804.2897338867188
9.175978099985514,0,,152.08570861816406,1.0,0.0,0.00012966711074113846,6361,4,0.8544182777404785,-143.85585021972656,-12.251334190368652,804.814697265625
9.187022799975239,0,,152.25135803222656,1.0,0.0,0.0001279136340599507,6372,4,0.8544725775718689,-143.88504028320312,-12.253151893615723,805.1300048828125
9.19838289998006,0,,152.46473693847656,1.0,0.0,0.00020651340309996158,6377,4,0.8545540571212769,-143.92398071289062,-12.255629539489746,805.5508422851562
9.209180699981516,0,,152.63734436035156,1.0,0.0,0.00012008231715299189,6374,4,0.85463547706604,-143.9629669189453,-12.25816535949707,805.9721069335938
9.220458099996904,0,,152.81227111816406,1.0,0.0,-0.00453965412452817,6367,4,0.8546897768974304,-144.0019989013672,-12.260720252990723,806.3939208984375
9.2317659999826,0,,153.02951049804688,1.0,0.0,-0.0021044588647782803,6359,4,0.8548526763916016,-144.0802001953125,-12.265826225280762,807.2388916015625
9.242826299974695,0,,153.2466278076172,1.0,0.0,-0.01296328753232956,6357,4,0.8549340963363647,-144.1193389892578,-12.268367767333984,807.6620483398438
9.253844999999274,0,,153.41673278808594,1.0,0.0,-0.00966970156878233,6361,4,0.8549883961677551,-144.1487274169922,-12.270278930664062,807.9797973632812
9.265036099997815,0,,153.58242797851562,1.0,0.0,-0.015655403956770897,6371,4,0.8550698757171631,-144.19772338867188,-12.273487091064453,808.5099487304688
9.276114799984498,0,,153.7856903076172,1.0,0.0,-0.02213498391211033,6390,4,0.8551241755485535,-144.2271270751953,-12.275409698486328,808.828369140625
9.286898299993481,0,,153.94696044921875,1.0,0.0,-0.024891512468457222,6407,4,0.8552055954933167,-144.266357421875,-12.277961730957031,809.2533569335938
9.297811599972192,0,,154.14747619628906,1.0,0.0,-0.026359859853982925,6427,4,0.855341374874115,-144.34474182128906,-12.282987594604492,810.1046142578125
9.308781599975191,0,,154.30914306640625,1.0,0.0,-0.02990640699863434,6440,4,0.855341374874115,-144.34474182128906,-12.282987594604492,810.1046142578125
9.320095999981277,0,,154.47293090820312,1.0,0.0,-0.02468477375805378,6450,4,0.8555042743682861,-144.42298889160156,-12.287980079650879,810.957763671875
9.331171999976505,0,,154.6802978515625,1.0,0.0,-0.02360384352505207,6456,4,0.8555856943130493,-144.46205139160156,-12.29049015045166,811.385009765625
9.341956699994626,0,,154.84812927246094,1.0,0.0,-0.02231532894074917,6457,4,0.8556399941444397,-144.49130249023438,-12.292359352111816,811.7057495117188
9.352740999980597,0,,155.05950927734375,1.0,0.0,-0.02192777954041958,6456,4,0.8557214736938477,-144.54002380371094,-12.295427322387695,812.2409057617188
9.363404199975776,0,,155.22909545898438,1.0,0.0,-0.021121030673384666,6456,4,0.855775773525238,-144.5692138671875,-12.297232627868652,812.5623168945312
9.37462729998515,0,,155.39935302734375,1.0,0.0,-0.020837819203734398,6458,4,0.8558571934700012,-144.60809326171875,-12.299588203430176,812.9913330078125
9.386324199993396,0,,155.61056518554688,1.0,0.0,-0.020826395601034164,6465,4,0.8559929728507996,-144.6856689453125,-12.304179191589355,813.850830078125
9.397351799998432,0,,155.7773895263672,1.0,0.0,-0.020730208605527878,6472,4,0.8560744524002075,-144.72434997558594,-12.30640983581543,814.2813110351562
9.408771299989894,0,,155.98501586914062,1.0,0.0,-0.02051403559744358,6484,4,0.8561558723449707,-144.76296997070312,-12.308591842651367,814.7122192382812
9.41971369998646,0,,156.14938354492188,1.0,0.0,-0.020664609968662262,6494,4,0.8562373518943787,-144.801513671875,-12.310726165771484,815.1436157226562
9.430330499977572,0,,156.35531616210938,1.0,0.0,-0.02058434672653675,6506,4,0.856291651725769,-144.83035278320312,-12.312292098999023,815.4674682617188
9.441374599991832,0,,156.51968383789062,1.0,0.0,-0.02029184065759182,6514,4,0.8563730716705322,-144.87832641601562,-12.314858436584473,816.0078125
9.452551399997901,0,,156.68333435058594,1.0,0.0,-0.020546330139040947,6522,4,0.8564274311065674,-144.90704345703125,-12.316380500793457,816.3323364257812
9.463490399997681,0,,156.8904571533203,1.0,0.0,-0.02058645896613598,6530,4,0.8565088510513306,-144.9452362060547,-12.318404197692871,816.7655029296875
9.474653099983698,0,,157.05618286132812,1.0,0.0,-0.020382476970553398,6536,4,0.8566717505455017,-145.02133178710938,-12.322409629821777,817.6331787109375
9.485699299984844,0,,157.2628936767578,1.0,0.0,-0.020235072821378708,6543,4,0.8567260503768921,-145.05921936035156,-12.324419975280762,818.0677490234375
9.496485099982237,0,,157.4279327392578,1.0,0.0,-0.02067425474524498,6550,4,0.8568075299263,-145.0970001220703,-12.326464653015137,818.5028076171875
9.507292399997823,0,,157.59219360351562,1.0,0.0,-0.020871225744485855,6557,4,0.8568889498710632,-145.13465881347656,-12.328558921813965,818.9382934570312
9.518169199989643,0,,157.79690551757812,1.0,0.0,-0.020156819373369217,6568,4,0.8569432497024536,-145.16282653808594,-12.330168724060059,819.2651977539062
9.529210499982582,0,,157.9595489501953,1.0,0.0,-0.019955795258283615,6577,4,0.8570247292518616,-145.20028686523438,-12.332367897033691,819.7015380859375
9.540219299989985,0,,158.1630401611328,1.0,0.0,-0.020648518577218056,6588,4,0.8571061491966248,-145.2376251220703,-12.334628105163574,820.1383056640625
9.551104699989082,0,,158.326904296875,1.0,0.0,-0.02056177891790867,6597,4,0.8572419285774231,-145.31195068359375,-12.339372634887695,821.0132446289062
9.562202199973399,0,,158.49024963378906,1.0,0.0,-0.019794050604104996,6604,4,0.8573233485221863,-145.34890747070312,-12.341872215270996,821.451416015625
9.573048899997957,0,,158.69309997558594,1.0,0.0,-0.013078129850327969,6612,4,0.8573776483535767,-145.37655639648438,-12.343796730041504,821.7803955078125
9.584177499986254,0,,158.8566436767578,1.0,0.0,-0.016272835433483124,6617,4,0.8574591279029846,-145.4132843017578,-12.346399307250977,822.2193603515625
9.595263999974122,0,,159.06187438964844,1.0,0.0,-0.009224801324307919,6622,4,0.8575405478477478,-145.44989013671875,-12.34902286529541,822.6588134765625
9.606290399999125,0,,159.22653198242188,1.0,0.0,-0.003940051421523094,6627,4,0.8575948476791382,-145.4772491455078,-12.350992202758789,822.9887084960938
9.617135599983158,0,,159.39234924316406,1.0,0.0,-0.00047866511158645153,6632,4,0.8577577471733093,-145.54991149902344,-12.356237411499023,823.8697509765625
9.628304899990326,0,,159.60061645507812,1.0,0.0,0.0018993469420820475,6637,4,0.8578391671180725,-145.58609008789062,-12.358872413635254,824.3109741210938
9.639223299978767,0,,159.76693725585938,1.0,0.0,0.006606522016227245,6642,4,0.8578934669494629,-145.62217712402344,-12.361482620239258,824.7526245117188
9.650231999985408,0,,159.9320526123047,1.0,0.0,0.004145392216742039,6647,4,0.8579749464988708,-145.65817260742188,-12.364058494567871,825.1947631835938
9.660851900000125,0,,160.13677978515625,1.0,0.0,0.003244833555072546,6653,4,0.8580292463302612,-145.68511962890625,-12.365968704223633,825.5267333984375
9.671731599984923,0,,160.2981719970703,1.0,0.0,0.001953267492353916,6660,4,0.8581106662750244,-145.72097778320312,-12.368489265441895,825.9696655273438
9.682692299975315,0,,160.4607391357422,1.0,0.0,0.001264035003259778,6667,4,0.8581920862197876,-145.7567596435547,-12.370984077453613,826.4130859375
9.693627699976787,0,,160.663330078125,1.0,0.0,0.000407373154303059,6678,4,0.8583549857139587,-145.82809448242188,-12.375890731811523,827.3013305664062
9.70481289998861,0,,160.82630920410156,1.0,0.0,0.0002881375257857144,6688,4,0.8584092855453491,-145.85476684570312,-12.377706527709961,827.6348876953125
9.716057099984027,0,,161.0298309326172,1.0,0.0,-0.00018502763123251498,6699,4,0.8584907650947571,-145.89028930664062,-12.380130767822266,828.080078125
9.727168399986112,0,,161.1946258544922,1.0,0.0,-0.0011450625024735928,6706,4,0.858572244644165,-145.9257354736328,-12.382585525512695,828.525634765625
9.738355599984061,0,,161.3984832763672,1.0,0.0,-0.0014672265388071537,6713,4,0.8586265444755554,-145.9522705078125,-12.384454727172852,828.8601684570312
9.749808699998539,0,,161.55892944335938,1.0,0.0,-0.0012032269733026624,6718,4,0.8587623238563538,-146.02291870117188,-12.38956069946289,829.7534790039062
9.760968899994623,0,,161.7569580078125,1.0,0.0,-0.0013757154811173677,6723,4,0.8588437438011169,-146.05816650390625,-12.392130851745605,830.2008056640625
9.771800599992275,0,,161.91546630859375,1.0,0.0,-0.000978867756202817,6730,4,0.8588980436325073,-146.08457946777344,-12.394052505493164,830.5365600585938
9.782579399994574,0,,162.11277770996094,1.0,0.0,-0.00079221127089113,6741,4,0.8589795231819153,-146.1197509765625,-12.396595001220703,830.9846801757812
9.79412379997666,0,,162.272705078125,1.0,0.0,-0.0012472624657675624,6751,4,0.8590610027313232,-146.15489196777344,-12.399121284484863,831.4332275390625
9.804782999999588,0,,162.4364013671875,1.0,0.0,-0.0009351272019557655,6760,4,0.8592239022254944,-146.22508239746094,-12.404132843017578,832.3316650390625
9.815499999996973,0,,162.6411895751953,1.0,0.0,-0.001315983827225864,6768,4,0.8592782020568848,-146.2513885498047,-12.406006813049316,832.6690063476562
9.82658850000007,0,,162.8065185546875,1.0,0.0,-0.0012702198000624776,6772,4,0.8593325018882751,-146.27767944335938,-12.407876968383789,833.0066528320312
9.837726599973394,0,,163.01220703125,1.0,0.0,-0.0015423137228935957,6772,4,0.8594411015510559,-146.3214874267578,-12.41098403930664,833.5699462890625
9.848507199989399,0,,163.17584228515625,1.0,0.0,-0.0013553739991039038,6772,4,0.8594954013824463,-146.3477783203125,-12.412858009338379,833.9083251953125
9.859500199992908,0,,163.3372344970703,1.0,0.0,-0.0012091636890545487,6774,4,0.8595768213272095,-146.3828125,-12.415356636047363,834.3598022460938
9.870916599989869,0,,163.5363311767578,1.0,0.0,-0.0016412672121077776,6780,4,0.8597397208213806,-146.45286560058594,-12.420355796813965,835.26416015625
9.881792599975597,0,,163.6940460205078,1.0,0.0,-0.0016592841129750013,6790,4,0.859794020652771,-146.47914123535156,-12.422257423400879,835.603759765625
9.89290279999841,0,,163.8891143798828,1.0,0.0,-0.0008028772426769137,6805,4,0.8599026203155518,-146.52293395996094,-12.4254789352417,836.1703491210938
9.903850499977125,0,,164.0447998046875,1.0,0.0,-0.0008091197814792395,6819,4,0.8599569201469421,-146.54922485351562,-12.427459716796875,836.5105590820312
9.914917099988088,0,,164.1999969482422,1.0,0.0,-0.001447683316655457,6832,4,0.8600112199783325,-146.5755157470703,-12.429484367370605,836.85107421875
9.925754999974743,0,,164.3956298828125,1.0,0.0,-0.001492953160777688,6845,4,0.8601741194725037,-146.64564514160156,-12.435124397277832,837.76025390625
9.93692429998191,0,,164.55145263671875,1.0,0.0,-0.0006504653720185161,6851,4,0.8602555394172668,-146.6807403564453,-12.438064575195312,838.2155151367188
9.948098900000332,0,,164.74871826171875,1.0,0.0,-0.0004705623723566532,6855,4,0.8603370189666748,-146.71583557128906,-12.441072463989258,838.671142578125
9.959072300000116,0,,164.90623474121094,1.0,0.0,-0.001100642140954733,6857,4,0.860418438911438,-146.75096130371094,-12.444149017333984,839.1272583007812
9.970045499998378,0,,165.06466674804688,1.0,0.0,-0.0004297767882235348,6858,4,0.8604727387428284,-146.77732849121094,-12.446494102478027,839.4696655273438
9.980835399997886,0,,165.26182556152344,1.0,0.0,-0.000504016294144094,6862,4,0.8605542182922363,-146.81248474121094,-12.44965934753418,839.926513671875
9.99215429998003,0,,165.4180908203125,1.0,0.0,-0.000743775861337781,6867,4,0.8606356382369995,-146.84765625,-12.452851295471191,840.3838500976562
10.003119099972537,0,,165.61276245117188,1.0,0.0,-0.0008307216339744627,6875,4,0.8607714176177979,-146.9180908203125,-12.459213256835938,841.2998046875
10.01432729998487,0,,165.76901245117188,1.0,0.0,-0.0005989555502310395,6882,4,0.860852837562561,-146.94451904296875,-12.46156120300293,841.6436767578125
10.02494289999595,0,,165.9262237548828,1.0,0.0,-0.0005622038734145463,6889,4,0.8609071373939514,-146.97096252441406,-12.4638671875,841.9878540039062
10.035967699979665,0,,166.12289428710938,1.0,0.0,-0.0003424523747526109,6896,4,0.8610157370567322,-147.0150909423828,-12.467597007751465,842.56201171875
10.04703509999672,0,,166.28005981445312,1.0,0.0,-0.0003749505849555135,6900,4,0.8610700368881226,-147.0415802001953,-12.469772338867188,842.9068603515625
10.058070599974599,0,,166.47796630859375,1.0,0.0,-0.00011558137339306995,6905,4,0.8612329363822937,-147.1123046875,-12.475370407104492,843.8275756835938
10.069142599997576,0,,166.6360626220703,1.0,0.0,-8.059748506639153e-05,6910,4,0.8613144159317017,-147.14772033691406,-12.478087425231934,844.28857421875
10.080009599972982,0,,166.79356384277344,1.0,0.0,-0.0003514156269375235,6914,4,0.861368715763092,-147.17430114746094,-12.480101585388184,844.6346435546875
10.090821299992967,0,,166.9882049560547,1.0,0.0,-9.257928468286991e-05,6922,4,0.8614501357078552,-147.2097625732422,-12.482778549194336,845.096435546875
10.101786799990805,0,,167.1412811279297,1.0,0.0,3.021048723894637e-05,6929,4,0.8615316152572632,-147.24526977539062,-12.485477447509766,845.5586547851562
10.11269869998796,0,,167.3277130126953,1.0,0.0,-7.894612281234004e-06,6940,4,0.8615859150886536,-147.2719268798828,-12.487520217895508,845.9055786132812
10.12390899998718,0,,167.4750213623047,1.0,0.0,0.0002651663089636713,6950,4,0.8617488145828247,-147.34307861328125,-12.493019104003906,846.8319091796875
10.134812799980864,0,,167.6203155517578,1.0,0.0,-2.455748472129926e-05,6961,4,0.8618302345275879,-147.3787078857422,-12.495768547058105,847.2957153320312
10.14548329997342,0,,167.80535888671875,1.0,0.0,7.045656093396246e-05,6975,4,0.8619115352630615,-147.4143829345703,-12.498499870300293,847.7598876953125
10.156326699972851,0,,167.95655822753906,1.0,0.0,5.909895116928965e-05,6985,4,0.8619657158851624,-147.44114685058594,-12.500533103942871,848.1082763671875
10.167284399998607,0,,168.11007690429688,1.0,0.0,0.00015284563414752483,6991,4,0.862047016620636,-147.47686767578125,-12.503220558166504,848.5731811523438
10.178025599976536,0,,168.3030242919922,1.0,0.0,-0.00012060559674864635,6994,4,0.8621282577514648,-147.5126190185547,-12.505881309509277,849.0385131835938
10.18903280000086,0,,168.45977783203125,1.0,0.0,7.350809755735099e-05,6993,4,0.8621824383735657,-147.53945922851562,-12.507847785949707,849.3878173828125
10.200452699995367,0,,168.61558532714844,1.0,0.0,-4.226012606523e-05,6991,4,0.8623449802398682,-147.61109924316406,-12.512825965881348,850.3203735351562
10.211186499975156,0,,168.81082153320312,1.0,0.0,-5.390848309616558e-05,6989,4,0.862426221370697,-147.64697265625,-12.515135765075684,850.7872924804688
10.221868699998595,0,,168.9656219482422,1.0,0.0,-5.735304512199946e-05,6990,4,0.8625074625015259,-147.67388916015625,-12.516794204711914,851.1378173828125
10.232662199996412,0,,169.15814208984375,1.0,0.0,-0.00018022822041530162,6997,4,0.8625887632369995,-147.70980834960938,-12.51892375946045,851.6055297851562
10.243701200000942,0,,169.31005859375,1.0,0.0,-8.933128992794082e-05,7005,4,0.8626700043678284,-147.74574279785156,-12.520971298217773,852.0736083984375
10.25504269998055,0,,169.45938110351562,1.0,0.0,0.004740507807582617,7015,4,0.8628329634666443,-147.8177032470703,-12.524857521057129,853.0111694335938
10.266162099986104,0,,169.64218139648438,1.0,0.0,0.0077428063377738,7029,4,0.8628872632980347,-147.8447265625,-12.526259422302246,853.3631591796875
10.277019599976484,0,,169.78880310058594,1.0,0.0,0.005577730946242809,7039,4,0.8629688024520874,-147.8807830810547,-12.52810287475586,853.8328247070312
10.28801079999539,0,,169.97140502929688,1.0,0.0,0.004788216203451157,7051,4,0.8630503416061401,-147.91688537597656,-12.529912948608398,854.302978515625
10.298942199995508,0,,170.11741638183594,1.0,0.0,0.010220013558864594,7059,4,0.8631047010421753,-147.94398498535156,-12.531258583068848,854.65576171875
10.309640199993737,0,,170.26315307617188,1.0,0.0,0.0013878133613616228,7067,4,0.8631861805915833,-147.98016357421875,-12.533061981201172,855.1265869140625
10.320536599989282,0,,170.44757080078125,1.0,0.0,0.003364537376910448,7074,4,0.8633492588996887,-148.0435791015625,-12.536325454711914,855.9514770507812
10.331464699993376,0,,170.59542846679688,1.0,0.0,0.0032502105459570885,7080,4,0.8634307980537415,-148.07989501953125,-12.538265228271484,856.4234008789062
10.342758799990406,0,,170.74392700195312,1.0,0.0,0.00400084862485528,7084,4,0.8635122776031494,-148.11624145507812,-12.54024600982666,856.8956909179688
10.35356629997841,0,,170.92919921875,1.0,0.0,0.004040620289742947,7089,4,0.8635938167572021,-148.1526336669922,-12.542265892028809,857.368408203125
10.364654999983031,0,,171.07691955566406,1.0,0.0,0.0032446575351059437,7092,4,0.8636481761932373,-148.17996215820312,-12.54381275177002,857.7232666015625
10.37593619999825,0,,171.26072692871094,1.0,0.0,0.003232066286727786,7097,4,0.8638112545013428,-148.25296020507812,-12.548069953918457,858.6705322265625
10.386722399998689,0,,171.4068145751953,1.0,0.0,0.003861017758026719,7102,4,0.8638656139373779,-148.2803955078125,-12.549691200256348,859.0261840820312
10.397411899990402,0,,171.55296325683594,1.0,0.0,0.00330054247751832,7107,4,0.8639471530914307,-148.3170166015625,-12.551844596862793,859.5007934570312
10.408542299992405,0,,171.73556518554688,1.0,0.0,0.003325782483443618,7115,4,0.8640286326408386,-148.3536834716797,-12.553987503051758,859.9757080078125
10.419809099985287,0,,171.88223266601562,1.0,0.0,0.004046997521072626,7121,4,0.8641101717948914,-148.3812255859375,-12.555597305297852,860.3322143554688
10.430763799988199,0,,172.06431579589844,1.0,0.0,0.0040747313760221004,7129,4,0.8642732501029968,-148.45481872558594,-12.559932708740234,861.283935546875
10.44189170000027,0,,172.20938110351562,1.0,0.0,0.0037153593730181456,7134,4,0.864327609539032,-148.48248291015625,-12.561563491821289,861.6412963867188
10.452804899978219,0,,172.38980102539062,1.0,0.0,0.003539435565471649,7140,4,0.8644091486930847,-148.5194091796875,-12.563722610473633,862.1180419921875
10.463575799978571,0,,172.53335571289062,1.0,0.0,0.004100902006030083,7145,4,0.8644906282424927,-148.556396484375,-12.565850257873535,862.59521484375
10.474417999997968,0,,172.67588806152344,1.0,0.0,0.0038350820541381836,7150,4,0.8645449876785278,-148.5841827392578,-12.567426681518555,862.953369140625
10.485392699978547,0,,172.8542938232422,1.0,0.0,0.003826430533081293,7158,4,0.8647350668907166,-148.65843200683594,-12.571573257446289,863.9094848632812
10.496248199982801,0,,172.99737548828125,1.0,0.0,0.004071846604347229,7164,4,0.8647894263267517,-148.6863250732422,-12.57310962677002,864.2684326171875
10.507401199982269,0,,173.1414031982422,1.0,0.0,0.0035306629724800587,7171,4,0.8648709058761597,-148.7235870361328,-12.575128555297852,864.7473754882812
10.518463699991116,0,,173.32150268554688,1.0,0.0,0.003667963668704033,7180,4,0.8649523854255676,-148.7609100341797,-12.577136993408203,865.2267456054688
10.529562599986093,0,,173.46484375,1.0,0.0,0.004500074777752161,7185,4,0.865006685256958,-148.7889404296875,-12.578654289245605,865.5864868164062
10.540405999985524,0,,173.64328002929688,1.0,0.0,0.004487639758735895,7192,4,0.8651696443557739,-148.86386108398438,-12.582798957824707,866.5469970703125
10.551332699978957,0,,173.78575134277344,1.0,0.0,0.0038388229440897703,7196,4,0.8652511239051819,-148.89202880859375,-12.584388732910156,866.9075317382812
10.562177599989809,0,,173.92587280273438,1.0,0.0,0.010183261707425117,7201,4,0.8653597831726074,-148.9390411376953,-12.58707046508789,867.509033203125
10.573146199982148,0,,174.10107421875,1.0,0.0,0.009463957510888577,7208,4,0.8654140830039978,-148.96728515625,-12.588705062866211,867.8701782226562
10.584054599981755,0,,174.2422332763672,1.0,0.0,0.007157269399613142,7215,4,0.865468442440033,-148.99559020996094,-12.59035873413086,868.2315673828125
10.594753099983791,0,,174.38333129882812,1.0,0.0,0.0010912648867815733,7222,4,0.8655771017074585,-149.04283142089844,-12.593172073364258,868.8343505859375
10.605627699987963,0,,174.55813598632812,1.0,0.0,0.0037783014122396708,7230,4,0.8657401204109192,-149.10916137695312,-12.597241401672363,869.6792602539062
10.616389499977231,0,,174.69801330566406,1.0,0.0,0.003947068937122822,7236,4,0.8658215999603271,-149.14715576171875,-12.599621772766113,870.16259765625
10.627439399977447,0,,174.83863830566406,1.0,0.0,0.003986896015703678,7240,4,0.8658759593963623,-149.1757049560547,-12.601423263549805,870.5253295898438
10.638551499985624,0,,175.01400756835938,1.0,0.0,0.004371237941086292,7246,4,0.8659302592277527,-149.2042694091797,-12.603232383728027,870.8883056640625
10.64975539999432,0,,175.15435791015625,1.0,0.0,0.0037546041421592236,7250,4,0.8660389184951782,-149.25198364257812,-12.606253623962402,871.4937744140625
10.661072399991099,0,,175.23297119140625,1.0,0.0,0.003909270744770765,7165,1,0.8661747574806213,-149.30935668945312,-12.609936714172363,872.2210693359375
10.672095099987928,0,,175.20387268066406,1.0,0.0,0.004658726043999195,7098,1,0.8662835359573364,-149.35726928710938,-12.613080024719238,872.82763671875
10.68301359997713,0,,175.15286254882812,1.0,0.0,0.004631177056580782,7014,1,0.8663378953933716,-149.3860321044922,-12.61500358581543,873.1915283203125
10.694263999990653,0,,175.11273193359375,1.0,0.0,0.004113522823899984,6947,1,0.8663923144340515,-149.414794921875,-12.61694622039795,873.5553588867188
10.705206899991026,0,,175.06410217285156,1.0,0.0,0.004103973973542452,6864,1,0.8665826320648193,-149.4915771484375,-12.622222900390625,874.5252075195312
10.71611369997845,0,,175.1517791748047,1.0,0.0,0.00403501745313406,6488,5,0.8666642308235168,-149.52999877929688,-12.624916076660156,875.010009765625
10.727123799995752,0,,175.21307373046875,1.0,0.0,0.0037551228888332844,6643,5,0.8667457699775696,-149.56846618652344,-12.627643585205078,875.4949340820312
10.73811909998767,0,,175.34030151367188,1.0,0.0,0.00377923296764493,6568,5,0.8668001890182495,-149.59735107421875,-12.629712104797363,875.8588256835938
10.749220699974103,0,,175.49996948242188,1.0,0.0,0.0037799468263983727,6357,5,0.8668545484542847,-149.6262664794922,-12.631794929504395,876.2227783203125
10.76046089999727,0,,175.7478790283203,1.0,0.0,0.0035292948596179485,6049,5,0.8670449256896973,-149.7035369873047,-12.63731861114502,877.1943969726562
10.77117109997198,0,,175.95530700683594,1.0,0.0,0.00359013001434505,5870,5,0.86712646484375,-149.74229431152344,-12.640023231506348,877.6809692382812
10.781944799993653,0,,176.1404266357422,1.0,0.0,0.0040920209139585495,5800,5,0.8672080636024475,-149.7811279296875,-12.642683029174805,878.1680908203125
10.793155199993635,0,,176.31382751464844,1.0,0.0,0.003841119585558772,5871,5,0.8672624230384827,-149.810302734375,-12.644649505615234,878.5337524414062
10.804014800000004,0,,176.40789794921875,1.0,0.0,0.004200580529868603,6011,5,0.8673439621925354,-149.84925842285156,-12.647233963012695,879.0217895507812
10.814907699998002,0,,176.48233032226562,1.0,0.0,0.004783861339092255,6167,5,0.8675071001052856,-149.91757202148438,-12.65165901184082,879.87646484375
10.826010699995095,0,,176.57754516601562,1.0,0.0,0.005057495087385178,6309,5,0.8675614595413208,-149.9468994140625,-12.653502464294434,880.242919921875
10.83731259999331,0,,176.67181396484375,1.0,0.0,0.0046970113180577755,6344,5,0.8676702380180359,-149.99586486816406,-12.656535148620605,880.85400390625
10.848258499987423,0,,176.8207244873047,1.0,0.0,0.015266123227775097,6293,5,0.8677517771720886,-150.0252685546875,-12.658341407775879,881.2208862304688
10.85926379999728,0,,176.96250915527344,1.0,0.0,0.01629009284079075,6208,5,0.8678061366081238,-150.05471801757812,-12.66015338897705,881.5878295898438
10.870326399977785,0,,177.1529083251953,1.0,0.0,0.02588493935763836,6103,5,0.8679692149162292,-150.1334228515625,-12.664970397949219,882.5675048828125
10.881920599989826,0,,177.30105590820312,1.0,0.0,0.02014954946935177,6056,5,0.8680505752563477,-150.17291259765625,-12.667388916015625,883.0579833984375
10.892915299977176,0,,177.4723358154297,1.0,0.0,0.026869602501392365,6062,5,0.8681319952011108,-150.2125244140625,-12.66987133026123,883.548828125
10.904129499976989,0,,177.59266662597656,1.0,0.0,0.02287202514708042,6109,5,0.8682133555412292,-150.2423095703125,-12.671797752380371,883.9171752929688
10.915094899974065,0,,177.70262145996094,1.0,0.0,0.022297509014606476,6170,5,0.8682675957679749,-150.2721405029297,-12.673773765563965,884.2857666015625
10.926171200000681,0,,177.83079528808594,1.0,0.0,0.024019552394747734,6237,5,0.868457555770874,-150.35203552246094,-12.679255485534668,885.26953125
10.936885399976745,0,,177.93746948242188,1.0,0.0,0.022397227585315704,6265,5,0.8685389161109924,-150.39218139648438,-12.6820707321167,885.7618408203125
10.947667000000365,0,,178.08302307128906,1.0,0.0,0.021306971088051796,6262,5,0.8686202764511108,-150.43243408203125,-12.684876441955566,886.2544555664062
10.958848699985538,0,,178.21109008789062,1.0,0.0,0.02105112560093403,6237,5,0.8686745762825012,-150.4627227783203,-12.686964988708496,886.6240844726562
10.970328899973538,0,,178.3428497314453,1.0,0.0,0.02005804143846035,6206,5,0.8687559366226196,-150.49310302734375,-12.689029693603516,886.993896484375
10.981059099984122,0,,178.51699829101562,1.0,0.0,0.019818229600787163,6175,5,0.8689189553260803,-150.57449340820312,-12.694315910339355,887.9810180664062
10.992314299975988,0,,178.65118408203125,1.0,0.0,0.019923554733395576,6166,5,0.8689732551574707,-150.6051788330078,-12.696188926696777,888.3516235351562
11.003384399984498,0,,178.81015014648438,1.0,0.0,0.019977279007434845,6176,5,0.869081974029541,-150.65650939941406,-12.699156761169434,888.9696655273438
11.01428429997759,0,,178.9337158203125,1.0,0.0,0.020141268149018288,6198,5,0.8691635131835938,-150.68743896484375,-12.700830459594727,889.3407592773438
11.025580699992133,0,,179.08499145507812,1.0,0.0,0.015258592553436756,6228,5,0.8692178726196289,-150.7184600830078,-12.70242691040039,889.7120361328125
11.036949799978174,0,,179.20587158203125,1.0,0.0,-0.002925885608419776,6248,5,0.8693808913230896,-150.8016357421875,-12.706398963928223,890.7030639648438
11.047871899994789,0,,179.35997009277344,1.0,0.0,0.004922275897115469,6259,5,0.8694624304771423,-150.83297729492188,-12.70782470703125,891.0750122070312
11.05882069998188,0,,179.4857940673828,1.0,0.0,-0.0014717300655320287,6257,5,0.8695439100265503,-150.8748779296875,-12.709733963012695,891.5712890625
11.070166399993468,0,,179.61216735839844,1.0,0.0,-0.008456812240183353,6250,5,0.869625449180603,-150.91690063476562,-12.711666107177734,892.0678100585938
11.080954599980032,0,,179.7665252685547,1.0,0.0,-0.0041986070573329926,6243,5,0.8697884678840637,-150.99075317382812,-12.715197563171387,892.9376831054688
11.091778699978022,0,,179.88661193847656,1.0,0.0,-0.0038379235193133354,6244,5,0.8698428273200989,-151.02249145507812,-12.716794967651367,893.3107299804688
11.102627099986421,0,,180.00706481933594,1.0,0.0,-0.0033085858449339867,6254,5,0.8699243664741516,-151.06492614746094,-12.719010353088379,893.8085327148438
11.113297299976693,0,,180.1572265625,1.0,0.0,-0.0022474494762718678,6274,5,0.8700330257415771,-151.10745239257812,-12.721325874328613,894.3065795898438
11.124546799983364,0,,180.2765350341797,1.0,0.0,-0.0019549725111573935,6290,5,0.8700873851776123,-151.13941955566406,-12.723128318786621,894.6803588867188
11.135465200000908,0,,180.42913818359375,1.0,0.0,-0.000834129867143929,6303,5,0.870250403881073,-151.2249755859375,-12.728181838989258,895.677978515625
11.146576799976174,0,,180.55455017089844,1.0,0.0,-0.0007476254249922931,6305,5,0.8703591227531433,-151.26791381835938,-12.730769157409668,896.17724609375
11.157662999990862,0,,180.7159881591797,1.0,0.0,0.0006263634422793984,6297,5,0.8704134821891785,-151.30020141601562,-12.732706069946289,896.5519409179688
11.168326399987563,0,,180.84715270996094,1.0,0.0,0.0009357884409837425,6288,5,0.8704949617385864,-151.3433380126953,-12.735248565673828,897.0518798828125
11.179412499972386,0,,180.97776794433594,1.0,0.0,0.001243764883838594,6280,5,0.8705763816833496,-151.37576293945312,-12.737127304077148,897.427001953125
11.190370299998904,0,,181.1376495361328,1.0,0.0,0.0016917933244258165,6277,5,0.8707389235496521,-151.46255493164062,-12.741961479187012,898.4284057617188
11.201092599978438,0,,181.26234436035156,1.0,0.0,0.0019401420140638947,6281,5,0.8707931041717529,-151.49520874023438,-12.743664741516113,898.8043212890625
11.211849199986318,0,,181.38526916503906,1.0,0.0,0.002028809394687414,6291,5,0.8709014654159546,-151.53884887695312,-12.74581527709961,899.3057861328125
11.22285349998856,0,,181.53604125976562,1.0,0.0,0.00209305202588439,6308,5,0.8709827661514282,-151.58258056640625,-12.747831344604492,899.8076171875
11.23399929999141,0,,181.65652465820312,1.0,0.0,0.0021079948637634516,6320,5,0.871036946773529,-151.6154327392578,-12.749263763427734,900.1841430664062
11.244859099999303,0,,181.7779083251953,1.0,0.0,0.0020802768412977457,6328,5,0.8712266087532043,-151.7032928466797,-12.752713203430176,901.1892700195312
11.255815199983772,0,,181.93153381347656,1.0,0.0,0.0020724309142678976,6333,5,0.8712807893753052,-151.736328125,-12.753843307495117,901.5665283203125
11.266560699994443,0,,182.05628967285156,1.0,0.0,0.0020430798176676035,6333,5,0.871362030506134,-151.76939392089844,-12.754877090454102,901.9439697265625
11.278001899976516,0,,182.20654296875,1.0,0.0,0.002390108071267605,6332,5,0.8714703917503357,-151.82460021972656,-12.756400108337402,902.573486328125
11.28869859999395,0,,182.3349609375,1.0,0.0,0.0023302410263568163,6332,5,0.8715245723724365,-151.85777282714844,-12.757213592529297,902.9514770507812
11.299664499994833,0,,182.46536254882812,1.0,0.0,0.0015459046699106693,6334,5,0.871714174747467,-151.9464111328125,-12.758893013000488,903.9602661132812
11.310643899982097,0,,182.62625122070312,1.0,0.0,0.0023539504036307335,6341,5,0.8717682957649231,-151.979736328125,-12.759376525878906,904.3389282226562
11.321602599986363,0,,182.75355529785156,1.0,0.0,0.002437459072098136,6348,5,0.8718495965003967,-152.01309204101562,-12.759844779968262,904.7178344726562
11.332797199982451,0,,182.91351318359375,1.0,0.0,0.0024948078207671642,6357,5,0.8719578981399536,-152.06875610351562,-12.760651588439941,905.3497314453125
11.343504099990241,0,,183.03599548339844,1.0,0.0,0.0026856460608541965,6361,5,0.8720120787620544,-152.10218811035156,-12.761187553405762,905.7291259765625
11.354631099995458,0,,183.1576385498047,1.0,0.0,0.0023382434155792,6365,5,0.872201681137085,-152.1915283203125,-12.762619972229004,906.7417602539062
11.365631599997869,0,,183.30523681640625,1.0,0.0,0.0024734348990023136,6372,5,0.8722558617591858,-152.22509765625,-12.763205528259277,907.1218872070312
11.376519799989183,0,,183.4217987060547,1.0,0.0,0.0027388175949454308,6382,5,0.8723372220993042,-152.25868225097656,-12.763850212097168,907.502197265625
11.387663499976043,0,,183.54098510742188,1.0,0.0,0.0026785642839968204,6394,5,0.8724186420440674,-152.30349731445312,-12.764836311340332,908.009521484375
11.398766499973135,0,,183.6908721923828,1.0,0.0,0.002299911342561245,6407,5,0.8725000619888306,-152.34835815429688,-12.765954971313477,908.5171508789062
11.409858699975302,0,,183.81594848632812,1.0,0.0,0.002043570624664426,6414,5,0.8726900219917297,-152.43814086914062,-12.768460273742676,909.533447265625
11.420975499990163,0,,183.9728240966797,1.0,0.0,0.0016067421529442072,6416,5,0.8727443218231201,-152.47183227539062,-12.769509315490723,909.9149169921875
11.431763699976727,0,,184.10438537597656,1.0,0.0,0.0011747553944587708,6414,5,0.8727986216545105,-152.5055389404297,-12.770623207092285,910.2965698242188
11.442690399999265,0,,184.2662811279297,1.0,0.0,0.00040803878800943494,6407,5,0.8729342818260193,-152.56173706054688,-12.772645950317383,910.93310546875
11.453832699975464,0,,184.3946075439453,1.0,0.0,0.0008702795603312552,6402,5,0.8729885816574097,-152.595458984375,-12.77392292022705,911.3153076171875
11.464740600000368,0,,184.5211944580078,1.0,0.0,0.0006899204454384744,6401,5,0.8731784224510193,-152.6854705810547,-12.777451515197754,912.33544921875
11.47586749997572,0,,184.67767333984375,1.0,0.0,-0.00016623047122266144,6406,5,0.8732325434684753,-152.71923828125,-12.778826713562012,912.7183837890625
11.486690999998245,0,,184.8006591796875,1.0,0.0,0.003923121374100447,6416,5,0.8733137249946594,-152.7530059814453,-12.780233383178711,913.1015625
11.497360999986995,0,,184.91500854492188,1.0,0.0,0.012771068140864372,6427,5,0.8734219670295715,-152.80931091308594,-12.782676696777344,913.7405395507812
11.508252599975094,0,,185.06748962402344,1.0,0.0,0.0067582945339381695,6440,5,0.8734760880470276,-152.84310913085938,-12.784175872802734,914.1241455078125
11.519641099992441,0,,185.19129943847656,1.0,0.0,0.010922184213995934,6448,5,0.8735572695732117,-152.88819885253906,-12.786149024963379,914.6359252929688
11.530329199973494,0,,185.34315490722656,1.0,0.0,0.00824370700865984,6454,5,0.8737196922302246,-152.96719360351562,-12.78958511352539,915.5324096679688
11.541271499998402,0,,185.4724884033203,1.0,0.0,0.008414540439844131,6455,5,0.8738008737564087,-153.01239013671875,-12.79157829284668,916.0451049804688
11.552386299998034,0,,185.60015869140625,1.0,0.0,0.012447829358279705,6454,5,0.8739091157913208,-153.05763244628906,-12.793622970581055,916.5581665039062
11.563379699975485,0,,185.75411987304688,1.0,0.0,0.02474568970501423,6451,5,0.8739632368087769,-153.0915985107422,-12.795180320739746,916.9432373046875
11.574429999978747,0,,185.8791046142578,1.0,0.0,0.024126654490828514,6451,5,0.8740715384483337,-153.13693237304688,-12.797224044799805,917.4569091796875
11.585106399987126,0,,186.03196716308594,1.0,0.0,0.01957591064274311,6457,5,0.8742070198059082,-153.21649169921875,-12.800701141357422,918.356689453125
11.596100799972191,0,,186.15223693847656,1.0,0.0,0.024508466944098473,6466,5,0.8743153810501099,-153.26210021972656,-12.802652359008789,918.8712768554688
11.607396899984451,0,,186.2735595703125,1.0,0.0,0.023224512115120888,6476,5,0.8743966817855835,-153.30780029296875,-12.804588317871094,919.38623046875
11.618305099982535,0,,186.42518615722656,1.0,0.0,0.026753496378660202,6487,5,0.8744779229164124,-153.35360717773438,-12.80652141571045,919.9014892578125
11.62934739998309,0,,186.5462188720703,1.0,0.0,0.023282844573259354,6492,5,0.874559223651886,-153.38804626464844,-12.807936668395996,920.2881469726562
11.640053999988595,0,,186.66990661621094,1.0,0.0,0.022784389555454254,6494,5,0.8747217655181885,-153.480224609375,-12.811469078063965,921.3201293945312
11.651003899984062,0,,186.8284912109375,1.0,0.0,0.026845447719097137,6494,5,0.8748030662536621,-153.51492309570312,-12.812688827514648,921.7074584960938
11.66205600000103,0,,186.9554443359375,1.0,0.0,0.024719014763832092,6493,5,0.8748843669891357,-153.5613250732422,-12.814231872558594,922.2242431640625
11.672963099990739,0,,187.11416625976562,1.0,0.0,0.028876181691884995,6493,5,0.8749930262565613,-153.60787963867188,-12.815709114074707,922.7413330078125
11.683546899992507,0,,187.24070739746094,1.0,0.0,0.026552928611636162,6496,5,0.8750473856925964,-153.64291381835938,-12.81676959991455,923.12939453125
11.694468699977733,0,,187.3595733642578,1.0,0.0,0.03071746975183487,6501,5,0.8752375841140747,-153.7367706298828,-12.819509506225586,924.1651000976562
11.705512399988947,0,,187.50738525390625,1.0,0.0,0.02966148778796196,6510,5,0.8752919435501099,-153.77215576171875,-12.820479393005371,924.5538330078125
11.716380699974252,0,,187.62796020507812,1.0,0.0,0.03362777456641197,6519,5,0.8754006028175354,-153.8314208984375,-12.821976661682129,925.2020874023438
11.72713179999846,0,,187.7472381591797,1.0,0.0,0.030537808313965797,6529,5,0.8754820823669434,-153.86712646484375,-12.822826385498047,925.5912475585938
11.737768099992536,0,,187.89547729492188,1.0,0.0,0.029872320592403412,6539,5,0.8755364418029785,-153.90296936035156,-12.823667526245117,925.9806518554688
11.748842899978627,0,,188.0188751220703,1.0,0.0,0.029168466106057167,6544,5,0.8756451606750488,-153.96295166015625,-12.825105667114258,926.6299438476562
11.759792400000151,0,,188.14430236816406,1.0,0.0,0.029086939990520477,6545,5,0.8757266402244568,-153.99911499023438,-12.82595443725586,927.019775390625
11.770836199983023,0,,188.3004608154297,1.0,0.0,0.029332084581255913,6545,5,0.8759174942970276,-154.09620666503906,-12.828073501586914,928.0602416992188
11.781997899990529,0,,188.42530822753906,1.0,0.0,0.029569068923592567,6545,5,0.8759720325469971,-154.1328582763672,-12.828869819641113,928.4507446289062
11.793299299984938,0,,188.5828094482422,1.0,0.0,0.030061516910791397,6546,5,0.8760538101196289,-154.18194580078125,-12.82997989654541,928.9717407226562
11.804217199998675,0,,188.70713806152344,1.0,0.0,0.030164401978254318,6549,5,0.8761628866195679,-154.2312774658203,-12.831110954284668,929.4930419921875
11.815369099989766,0,,188.825927734375,1.0,0.0,0.03006630577147007,6554,5,0.8762174248695374,-154.26846313476562,-12.831976890563965,929.8842163085938
11.826192199980142,0,,188.9690399169922,1.0,0.0,0.029094479978084564,6565,5,0.8764083385467529,-154.3683319091797,-12.834480285644531,930.92822265625
11.836837299983017,0,,189.08531188964844,1.0,0.0,0.028407389298081398,6574,5,0.8764628767967224,-154.4060516357422,-12.835474967956543,931.320068359375
11.847657999984222,0,,189.2041473388672,1.0,0.0,0.027738599106669426,6584,5,0.8765719532966614,-154.4566192626953,-12.836807250976562,931.8427124023438
11.858617399993818,0,,189.35299682617188,1.0,0.0,0.027437616139650345,6594,5,0.8766536116600037,-154.50746154785156,-12.83815860748291,932.3656616210938
11.86983689997578,0,,189.47772216796875,1.0,0.0,0.04585979878902435,6599,5,0.876762330532074,-154.55859375,-12.839591979980469,932.8889770507812
11.880504199973075,0,,189.6328887939453,1.0,0.0,0.05242488533258438,6598,5,0.8768166899681091,-154.5971221923828,-12.840731620788574,933.2816162109375
11.891492499999003,0,,189.7543487548828,1.0,0.0,0.08158532530069351,6594,5,0.8770069479942322,-154.7007598876953,-12.843855857849121,934.32958984375
11.902341499982867,0,,189.8733367919922,1.0,0.0,0.06735791265964508,6591,5,0.8770613074302673,-154.74000549316406,-12.845027923583984,934.722900390625
11.913116999989143,0,,190.02366638183594,1.0,0.0,0.08649954944849014,6591,5,0.8771972060203552,-154.80601501464844,-12.846929550170898,935.3787841796875
11.924363199999789,0,,190.14332580566406,1.0,0.0,0.10443531721830368,6597,5,0.8772515654563904,-154.845947265625,-12.84804630279541,935.7725219726562
11.93511569997645,0,,190.28326416015625,1.0,0.0,0.10293301939964294,6608,5,0.8773331046104431,-154.88616943359375,-12.849159240722656,936.1663818359375
11.946256199997151,0,,190.39454650878906,1.0,0.0,0.1102307140827179,6618,5,0.8774961829185486,-154.99484252929688,-12.852115631103516,937.217529296875
11.95747179997852,0,,190.5094757080078,1.0,0.0,0.11183256655931473,6626,5,0.8776050806045532,-155.05007934570312,-12.85347843170166,937.7434692382812
11.968465199985076,0,,190.65455627441406,0.9294118285179138,0.0,0.11775920540094376,6621,5,0.8776867985725403,-155.10594177246094,-12.854693412780762,938.2696533203125
11.979469199985033,0,,190.76881408691406,0.9294118285179138,0.0,0.11120843142271042,6604,5,0.8777684569358826,-155.1624298095703,-12.85584831237793,938.796142578125
11.990537999983644,0,,190.9040985107422,0.33725491166114807,0.5137255191802979,0.10484813898801804,6413,5,0.8778501152992249,-155.20521545410156,-12.856735229492188,939.1911010742188
12.001472799980547,0,,190.78575134277344,0.0,0.803921639919281,0.11683237552642822,6119,5,0.8779317736625671,-155.26280212402344,-12.857951164245605,939.718017578125
12.012690199975623,0,,190.48016357421875,0.0,1.0,0.1158720925450325,5896,5,0.8780951499938965,-155.3650360107422,-12.860067367553711,940.6400756835938
12.023630299983779,0,,189.998046875,0.0,1.0,0.1242029070854187,5810,5,0.8782040476799011,-155.4241485595703,-12.861298561096191,941.166015625
12.034690699976636,0,,189.53504943847656,0.0,1.0,0.12103697657585144,5870,5,0.8782857060432434,-155.4836883544922,-12.862648010253906,941.6907958984375
12.045883699989645,0,,188.93594360351562,0.0,1.0,0.11624272912740707,6009,5,0.8783673644065857,-155.54367065429688,-12.864147186279297,942.21435546875
12.056904599972768,0,,188.36390686035156,0.0,1.0,0.07000000774860382,6092,5,0.8784759640693665,-155.60409545898438,-12.865803718566895,942.7365112304688
12.067902099981438,0,,187.6427459716797,0.0,1.0,0.05491824448108673,6104,5,0.8785302639007568,-155.64974975585938,-12.867158889770508,943.127197265625
12.078749599982984,0,,187.0260467529297,0.0,1.0,0.046224016696214676,6035,5,0.8787203431129456,-155.7726593017578,-12.871124267578125,944.1644287109375
12.08998999997857,0,,186.42987060546875,0.0,1.0,0.04550327733159065,5928,5,0.8788018226623535,-155.83462524414062,-12.873214721679688,944.680419921875
12.100660899974173,0,,185.68824768066406,0.0,1.0,0.005524192005395889,5787,5,0.8788832426071167,-155.88131713867188,-12.874796867370605,945.0663452148438
12.11181360000046,0,,185.07940673828125,0.0,1.0,-0.007557203993201256,5706,5,0.8789919018745422,-155.95962524414062,-12.877482414245605,945.7073364257812
12.12291509998613,0,,184.29360961914062,0.0,1.0,0.003618891816586256,5674,5,0.8790462017059326,-156.00685119628906,-12.879114151000977,946.0906372070312
12.133630799973616,0,,183.66043090820312,0.0,1.0,0.004211070016026497,5698,5,0.8791548013687134,-156.0700225830078,-12.881304740905762,946.6002197265625
12.144700599979842,0,,183.02772521972656,0.0,1.0,0.0027394145727157593,5746,5,0.8792908787727356,-156.18128967285156,-12.8850679397583,947.4876098632812
12.155419499991694,0,,182.23904418945312,0.0,1.0,-1.8645820091478527e-05,5815,5,0.8793999552726746,-156.24534606933594,-12.887142181396484,947.9921875
12.166378499998245,0,,181.61337280273438,0.0,1.0,-0.001227895962074399,5849,5,0.8794817924499512,-156.30978393554688,-12.889144897460938,948.4949340820312
12.177413599973079,0,,181.01303100585938,0.0,1.0,0.0018564463825896382,5866,5,0.8795636296272278,-156.3745880126953,-12.891070365905762,948.995849609375
12.188456799980486,0,,180.24057006835938,0.0,1.0,0.006042966619133949,5850,5,0.8796181678771973,-156.4234619140625,-12.892497062683105,949.3704223632812
12.199216599983629,0,,179.62457275390625,0.0,1.0,0.012474830262362957,5804,5,0.8797272443771362,-156.50546264648438,-12.894834518432617,949.9924926757812
12.210482099995716,0,,178.90869140625,0.0,1.0,0.021918926388025284,5731,5,0.8798090815544128,-156.55502319335938,-12.896206855773926,950.3643798828125
12.221455799997784,0,,178.35516357421875,0.0,1.0,0.07368192821741104,5676,5,0.8799726963043213,-156.68875122070312,-12.899638175964355,951.351318359375
12.232143599976553,0,,177.81878662109375,0.0,1.0,0.055173490196466446,5634,5,0.8800545334815979,-156.75653076171875,-12.901280403137207,951.84228515625
12.243048899981659,0,,177.12750244140625,0.0,1.0,0.06605936586856842,5607,5,0.880135715007782,-156.80783081054688,-12.902531623840332,952.2094116210938
12.254191999993054,0,,176.5726318359375,0.0,1.0,0.07176130264997482,5602,5,0.8802163004875183,-156.87681579589844,-12.904245376586914,952.6975708007812
12.26488909998443,0,,176.06625366210938,0.0,1.0,0.0661063939332962,5607,5,0.8802968263626099,-156.94651794433594,-12.905999183654785,953.1840209960938
12.275513000000501,0,,175.35304260253906,0.0,1.0,0.06480174511671066,5614,5,0.8803505897521973,-156.99928283691406,-12.907323837280273,953.5477905273438
12.286386499996297,0,,174.76458740234375,0.0,1.0,0.06361259520053864,5611,5,0.8805117011070251,-157.14202880859375,-12.9108247756958,954.513427734375
12.29741319999448,0,,174.18389892578125,0.0,1.0,0.06041044369339943,5595,5,0.8806191682815552,-157.21450805664062,-12.912503242492676,954.99365234375
12.308458999992581,0,,173.4709014892578,0.0,1.0,0.05931919440627098,5561,5,0.8806996941566467,-157.28773498535156,-12.914080619812012,955.47216796875
12.319377699983306,0,,172.8773193359375,0.0,1.0,0.056525252759456635,5530,5,0.8807802796363831,-157.3617401123047,-12.915531158447266,955.9489135742188
12.330375199991977,0,,172.15931701660156,0.0,1.0,0.05752867832779884,5500,5,0.8808339834213257,-157.417724609375,-12.916528701782227,956.3052978515625
12.34142929999507,0,,171.5945281982422,0.0,1.0,0.055707208812236786,5485,5,0.880914568901062,-157.4930419921875,-12.917730331420898,956.7789916992188
12.352662399993278,0,,171.0238800048828,0.0,1.0,0.0678786113858223,5482,5,0.8809953927993774,-157.56912231445312,-12.918814659118652,957.2509155273438
12.363571499998216,0,,170.34349060058594,0.0,1.0,0.0710151195526123,5486,5,0.881157398223877,-157.72354125976562,-12.920641899108887,958.1896362304688
12.374840699980268,0,,169.8470001220703,0.0,1.0,0.07429007440805435,5487,5,0.8812114000320435,-157.78224182128906,-12.921253204345703,958.5399169921875
12.385600199981127,0,,169.21009826660156,0.0,1.0,0.073773592710495,5470,5,0.8812923431396484,-157.86117553710938,-12.92204475402832,959.0055541992188
12.396489799983101,0,,168.7511444091797,0.0,1.0,0.06996723264455795,5432,5,0.881373405456543,-157.9408721923828,-12.922858238220215,959.4696655273438
12.407541099993978,0,,168.25820922851562,0.0,1.0,0.07165233790874481,5374,5,0.881454348564148,-158.0212860107422,-12.923724174499512,959.9323120117188
12.418348199978936,0,,167.6396942138672,0.0,1.0,0.06797219812870026,5295,5,0.8815354108810425,-158.08206176757812,-12.924432754516602,960.2783203125
12.429346399992937,0,,167.22256469726562,0.0,1.0,0.06454354524612427,5255,5,0.881697416305542,-158.2460174560547,-12.926581382751465,961.1968383789062
12.440206100000069,0,,166.6954345703125,0.0,1.0,0.06249895319342613,5234,5,0.8817514181137085,-158.3082275390625,-12.927526473999023,961.5398559570312
12.450803499988979,0,,166.1082305908203,0.0,1.0,0.060742150992155075,5234,5,0.8818598389625549,-158.4126739501953,-12.929244995117188,962.109619140625
12.461602999974275,0,,165.58082580566406,0.0,1.0,0.0610632561147213,5259,5,0.8819143772125244,-158.475830078125,-12.930352210998535,962.4503173828125
12.472643299988704,0,,164.94061279296875,0.0,1.0,0.06313664466142654,5312,5,0.8819962739944458,-158.56069946289062,-12.931873321533203,962.9033203125
12.48392289999174,0,,164.49945068359375,0.0,1.0,0.06173445284366608,5338,5,0.8820781111717224,-158.64625549316406,-12.933419227600098,963.3546752929688
12.49504059998435,0,,164.01919555664062,0.0,1.0,0.06513295322656631,5334,5,0.8821326494216919,-158.73257446289062,-12.934995651245117,963.8045043945312
12.506120799982455,0,,163.39276123046875,0.0,1.0,0.07041093707084656,5297,5,0.8822963833808899,-158.90750122070312,-12.938287734985352,964.6997680664062
12.517014999990351,0,,162.91571044921875,0.0,1.0,0.09588442742824554,5255,5,0.8823509812355042,-158.97389221191406,-12.939556121826172,965.0338745117188
12.527874099992914,0,,162.3480224609375,0.0,1.0,0.12379854172468185,5195,5,0.8824055194854736,-159.04074096679688,-12.940834999084473,965.3671875
12.538564099988434,0,,161.89964294433594,0.0,1.0,0.1269393116235733,5157,5,0.8825146555900574,-159.15318298339844,-12.942987442016602,965.9207153320312
12.549498199980007,0,,161.52943420410156,0.0,1.0,0.12434449046850204,5134,5,0.8825692534446716,-159.22128295898438,-12.944299697875977,966.2517700195312
12.560382899973774,0,,161.0082550048828,0.0,1.0,0.14855608344078064,5111,5,0.8827327489852905,-159.40545654296875,-12.948033332824707,967.1307983398438
12.571425499976613,0,,160.6319580078125,0.0,1.0,0.14517757296562195,5100,5,0.8828141689300537,-159.4988555908203,-12.950068473815918,967.5682983398438
12.582206699997187,0,,160.326416015625,0.0,1.0,0.13244542479515076,5094,5,0.8828684687614441,-159.5695343017578,-12.951684951782227,967.8956298828125
12.593205499986652,0,,159.82888793945312,0.0,1.0,0.13852225244045258,5091,5,0.882949948310852,-159.6645965576172,-12.953994750976562,968.3310546875
12.604578699974809,0,,159.4331817626953,0.0,1.0,0.13232582807540894,5089,5,0.8830042481422424,-159.760498046875,-12.956473350524902,968.76513671875
12.615525299974252,0,,159.00462341308594,0.0,1.0,0.12222913652658463,5078,5,0.8830856680870056,-159.83302307128906,-12.958441734313965,969.0899658203125
12.626548999978695,0,,158.7025909423828,0.0,1.0,0.11621077358722687,5063,5,0.8832213878631592,-160.0288543701172,-12.964159965515137,969.9525756835938
12.63787659999798,0,,158.15733337402344,0.0,1.0,0.1314713954925537,5037,5,0.8833028078079224,-160.12820434570312,-12.96725845336914,970.3821411132812
12.648992999980692,0,,157.80885314941406,0.0,1.0,0.11932234466075897,5016,5,0.8833842873573303,-160.2283477783203,-12.970494270324707,970.810302734375
12.660062199982349,0,,157.51393127441406,0.0,1.0,0.11638031899929047,5010,5,0.8834657073020935,-160.32945251464844,-12.973873138427734,971.2373046875
12.671021999994991,0,,156.99224853515625,0.0,1.0,0.1257321983575821,5019,5,0.8835200071334839,-160.40586853027344,-12.976492881774902,971.556640625
12.681845199986128,0,,156.67327880859375,0.0,1.0,0.1186111569404602,5029,5,0.8836015462875366,-160.53451538085938,-12.981035232543945,972.0875244140625
12.692542199976742,0,,156.30709838867188,0.0,1.0,0.12649713456630707,5047,5,0.8836560249328613,-160.6123809814453,-12.983850479125977,972.4049682617188
12.704056399990804,0,,155.85360717773438,0.0,1.0,0.1269017457962036,5064,5,0.8838194012641907,-160.82290649414062,-12.991605758666992,973.2481689453125
12.715320599992992,0,,155.4241485595703,0.0,1.0,0.10800779610872269,5066,5,0.8838738203048706,-160.92974853515625,-12.995591163635254,973.6679077148438
12.726614099985454,0,,155.1730194091797,0.0,1.0,0.10178150981664658,5058,5,0.8839555382728577,-161.01063537597656,-12.998608589172363,973.9818725585938
12.737626499991165,0,,154.79283142089844,0.0,1.0,0.09557536244392395,5039,5,0.8840371966362,-161.14682006835938,-13.003694534301758,974.5036010742188
12.748592899995856,0,,154.34576416015625,0.0,1.0,0.08265043795108795,5001,5,0.8840916752815247,-161.22933959960938,-13.006768226623535,974.815673828125
12.759702999988804,0,,153.99920654296875,0.0,1.0,0.06365985423326492,4971,5,0.8842278122901917,-161.45245361328125,-13.015015602111816,975.6444702148438
12.770822899998166,0,,153.51466369628906,0.0,1.0,0.06491049379110336,4939,5,0.8842822909355164,-161.53721618652344,-13.018086433410645,975.953857421875
12.781919099972583,0,,153.07106018066406,0.0,1.0,0.0637349858880043,4928,5,0.8843639492988586,-161.65115356445312,-13.022137641906738,976.3651733398438
12.793635599984555,0,,152.5376434326172,0.0,1.0,0.05906808748841286,4925,5,0.8844456076622009,-161.76609802246094,-13.026119232177734,976.7749633789062
12.804407099989476,0,,152.19338989257812,0.0,1.0,0.05799580737948418,4931,5,0.8845272064208984,-161.88217163085938,-13.030023574829102,977.183349609375
12.815354299993487,0,,151.68971252441406,0.0,1.0,0.061344802379608154,4951,5,0.8845816254615784,-161.96986389160156,-13.032875061035156,977.4885864257812
12.826398399978643,0,,151.2440948486328,0.0,1.0,0.06547956168651581,4966,5,0.8847176432609558,-162.20687866210938,-13.040133476257324,978.298583984375
12.83727839999483,0,,150.97972106933594,0.0,1.0,0.06201416254043579,4969,5,0.8847720623016357,-162.296875,-13.042729377746582,978.600830078125
12.848401399998693,0,,150.4257354736328,0.0,1.0,0.07468356192111969,4949,5,0.8848536610603333,-162.4484405517578,-13.046932220458984,979.1028442382812
12.85895199998049,0,,150.116943359375,0.0,1.0,0.07454995065927505,4916,5,0.8849080801010132,-162.54013061523438,-13.049373626708984,979.4028930664062
12.869666899990989,0,,149.8041534423828,0.0,1.0,0.07438554614782333,4878,5,0.8849896788597107,-162.6634521484375,-13.052562713623047,979.8018798828125
12.88068159998511,0,,149.3539276123047,0.0,1.0,0.07976435869932175,4828,5,0.8850440382957458,-162.78787231445312,-13.055702209472656,980.199462890625
12.891846399987116,0,,149.00210571289062,0.0,1.0,0.0830308273434639,4795,5,0.8850984573364258,-162.88197326660156,-13.058028221130371,980.496826171875
12.90257509998628,0,,148.7183074951172,0.0,1.0,0.08115985244512558,4784,5,0.8852616548538208,-163.13587951660156,-13.064155578613281,981.2860107421875
12.913306799979182,0,,148.3175048828125,0.0,1.0,0.08064302057027817,4801,5,0.8853160738945007,-163.2645721435547,-13.067164421081543,981.6785888671875
12.924382299999706,0,,147.9672393798828,0.0,1.0,0.08200862258672714,4824,5,0.8853703737258911,-163.36180114746094,-13.069405555725098,981.97216796875
12.93534309999086,0,,147.57582092285156,0.0,1.0,0.0806756243109703,4846,5,0.8854789137840271,-163.52528381347656,-13.073119163513184,982.4598999023438
12.946096699975897,0,,147.29232788085938,0.0,1.0,0.07681597024202347,4847,5,0.8855332136154175,-163.62423706054688,-13.075339317321777,982.7515258789062
12.957251099986024,0,,146.9508056640625,0.0,1.0,0.06998005509376526,4831,5,0.8855875134468079,-163.75709533691406,-13.078291893005371,983.1392211914062
12.968098799989093,0,,146.5492706298828,0.0,1.0,0.05391954258084297,4794,5,0.8857232332229614,-164.02618408203125,-13.084185600280762,983.9107666015625
12.978961699991487,0,,146.22378540039062,0.0,1.0,0.06262282282114029,4761,5,0.8857775330543518,-164.1282196044922,-13.086379051208496,984.19873046875
12.98999819997698,0,,145.9551239013672,0.0,1.0,0.054034579545259476,4729,5,0.885858952999115,-164.29962158203125,-13.089991569519043,984.6769409179688
13.001024799974402,0,,145.5231170654297,0.0,1.0,0.04064548760652542,4709,5,0.8859132528305054,-164.40333557128906,-13.092144966125488,984.962890625
13.012041099980706,0,,145.16383361816406,0.0,1.0,0.04321465641260147,4701,5,0.8859946727752686,-164.54249572753906,-13.094974517822266,985.3429565429688
13.022605699981796,0,,144.70974731445312,0.0,1.0,0.03432184457778931,4702,5,0.8860489726066589,-164.68283081054688,-13.09776496887207,985.7216796875
13.033376199979102,0,,144.3883056640625,0.0,1.0,0.023088112473487854,4711,5,0.8861303925514221,-164.82411193847656,-13.10051441192627,986.0989990234375
13.044284799980232,0,,143.99505615234375,0.0,1.0,0.009660863317549229,4714,5,0.886184811592102,-164.93067932128906,-13.102543830871582,986.3809814453125
13.055398799973773,0,,143.55429077148438,0.0,1.0,0.0198451429605484,4706,5,0.8863216042518616,-165.21754455566406,-13.10789966583252,987.1292114257812
13.066414099972462,0,,143.14744567871094,0.0,1.0,0.027392368763685226,4681,5,0.8863763213157654,-165.3623504638672,-13.11054515838623,987.5011596679688
13.077504299988504,0,,142.75250244140625,0.0,1.0,0.027366068214178085,4647,5,0.8864584565162659,-165.50794982910156,-13.113177299499512,987.87158203125
13.088847099978011,0,,142.3365020751953,0.0,1.0,0.019629351794719696,4604,5,0.8865131735801697,-165.65438842773438,-13.115793228149414,988.240478515625
13.099870899983216,0,,141.96600341796875,0.0,1.0,0.025946812704205513,4576,5,0.8865678906440735,-165.76480102539062,-13.117761611938477,988.5162963867188
13.110866999981226,0,,141.4407196044922,0.0,1.0,0.03031023032963276,4563,5,0.8867047429084778,-166.0615997314453,-13.123054504394531,989.247802734375
13.12198189998162,0,,141.15048217773438,0.0,1.0,0.024265794083476067,4570,5,0.8867868185043335,-166.211181640625,-13.125690460205078,989.6112670898438
13.132620099990163,0,,140.72901916503906,0.0,1.0,0.03265096992254257,4585,5,0.8868415951728821,-166.36175537109375,-13.128317832946777,989.973388671875
13.143623999989359,0,,140.2354278564453,0.0,1.0,0.03621916100382805,4603,5,0.8868963122367859,-166.5131072998047,-13.130889892578125,990.3339233398438
13.154763699974865,0,,139.85255432128906,0.0,1.0,0.031221119686961174,4597,5,0.8869510293006897,-166.62718200683594,-13.13278579711914,990.6033935546875
13.165646999987075,0,,139.3965301513672,0.17499999701976776,1.0,0.04479996860027313,4577,1,0.8870602250099182,-166.8183135986328,-13.135894775390625,991.050537109375
13.176630399975693,0,,138.9454803466797,0.5249999761581421,1.0,0.05625277757644653,4726,1,0.8870870471000671,-166.93353271484375,-13.137720108032227,991.317626953125
13.187781499989796,0,,138.65969848632812,0.699999988079071,1.0,0.049646131694316864,5005,1,0.8871674537658691,-167.08795166015625,-13.14013957977295,991.6724853515625
13.198708999989321,0,,138.16505432128906,0.6399999856948853,1.0,0.06221344694495201,5343,1,0.8872746825218201,-167.39920043945312,-13.144886016845703,992.3777465820312
13.209600799978944,0,,137.8293914794922,0.6100000143051147,1.0,0.06546053290367126,5595,1,0.8873282670974731,-167.51678466796875,-13.14663028717041,992.640625
13.220569499972044,0,,137.3495330810547,0.550000011920929,1.0,0.09670452773571014,5878,1,0.8874086737632751,-167.7138671875,-13.149490356445312,993.0770874023438
13.231249399977969,0,,137.0059814453125,0.5199999809265137,1.0,0.08545500785112381,6082,1,0.887462317943573,-167.83267211914062,-13.1511812210083,993.3377685546875
13.242204399983166,0,,136.7179412841797,0.3571428656578064,1.0,0.09066708385944366,6236,1,0.887542724609375,-167.9918670654297,-13.153447151184082,993.6841430664062
13.253445199981797,0,,136.3066864013672,0.25,1.0,0.09310414642095566,6331,1,0.8875963091850281,-168.15182495117188,-13.155746459960938,994.0291137695312
13.264529799984302,0,,135.86622619628906,0.03571426868438721,1.0,0.09483634680509567,6307,1,0.8876499533653259,-168.2722930908203,-13.157501220703125,994.2869262695312
13.275680299993837,0,,135.4939422607422,0.0,1.0,0.08691735565662384,5567,4,0.887783944606781,-168.63604736328125,-13.162989616394043,995.0557250976562
13.286513399973046,0,,135.21597290039062,0.0,1.0,0.08056996762752533,5431,4,0.8878375887870789,-168.75802612304688,-13.164855003356934,995.3103637695312
13.297108899976593,0,,134.773193359375,0.0,1.0,0.08697196841239929,5254,4,0.887864351272583,-168.8804931640625,-13.166749954223633,995.564453125
13.307684399973368,0,,134.43716430664062,0.0,1.0,0.0976315289735794,5064,4,0.8879453539848328,-169.08535766601562,-13.169942855834961,995.9860229492188
13.318330799986143,0,,133.9138946533203,0.17499999701976776,1.0,0.09848315268754959,4967,1,0.8879996538162231,-169.20867919921875,-13.171890258789062,996.2378540039062
13.329522599990014,0,,133.47366333007812,0.5249999761581421,1.0,0.09383251518011093,5118,1,0.8880540132522583,-169.37364196777344,-13.17452621459961,996.5723266601562
13.340234799979953,0,,133.03004455566406,0.6800000071525574,1.0,0.09036339074373245,5474,1,0.8881898522377014,-169.70506286621094,-13.179943084716797,997.2366943359375
13.351374799996847,0,,132.52706909179688,0.6499999761581421,1.0,0.09683806449174881,5750,1,0.8882441520690918,-169.8299560546875,-13.18200397491455,997.4843139648438
13.362536299973726,0,,132.10475158691406,0.5899999737739563,0.8901961445808411,0.10147929191589355,6003,1,0.8883256912231445,-170.0386505126953,-13.185406684875488,997.8948974609375
13.373278799990658,0,,131.593994140625,0.5600000023841858,0.8901961445808411,0.09802510589361191,6289,1,0.8883528113365173,-170.16427612304688,-13.187411308288574,998.1400756835938
13.384057899995241,0,,131.1431427001953,0.5,0.8588235974311829,0.10138270258903503,6488,1,0.8884343504905701,-170.3321990966797,-13.190041542053223,998.4655151367188
13.394918499980122,0,,130.71266174316406,0.3928571343421936,0.8549020290374756,0.10170943289995193,6642,1,0.8884886503219604,-170.50067138671875,-13.192596435546875,998.789306640625
13.405754799983697,0,,130.21939086914062,0.17857137322425842,0.8588235974311829,0.0984029695391655,6725,1,0.888515830039978,-170.62741088867188,-13.194461822509766,999.0311279296875
13.417123999999603,0,,129.80389404296875,0.07142850756645203,0.8588235974311829,0.10289604961872101,6702,1,0.8886516690254211,-170.96685791015625,-13.199226379394531,999.6715698242188
13.428029799979413,0,,129.37249755859375,0.0,0.8705883026123047,0.09448692202568054,6319,3,0.8887060284614563,-171.13734436035156,-13.201470375061035,999.9894409179688
13.438698199985083,0,,128.93142700195312,0.0,0.874509871006012,0.1012091413140297,6222,3,0.8887603282928467,-171.26553344726562,-13.203091621398926,1000.2267456054688
13.449837399995886,0,,128.4959259033203,0.0,0.874509871006012,0.09942207485437393,6114,3,0.8888417482376099,-171.48008728027344,-13.205679893493652,1000.6206665039062
13.460909099987475,0,,128.01438903808594,0.0,0.874509871006012,0.10734199732542038,5968,3,0.8888689279556274,-171.60911560058594,-13.207159042358398,1000.855712890625
13.47174909999012,0,,127.56256866455078,0.0,0.874509871006012,0.09792520850896835,5880,3,0.8889503479003906,-171.78150939941406,-13.209053993225098,1001.167724609375
13.482580999989295,0,,127.15631103515625,0.0,0.874509871006012,0.10391101986169815,5812,3,0.8890317678451538,-172.08445739746094,-13.21222972869873,1001.7100219726562
13.493531099986285,0,,126.66477966308594,0.0,0.8784314393997192,0.10130972415208817,5778,3,0.889113187789917,-172.2581787109375,-13.213983535766602,1002.0177001953125
13.504772899992531,0,,126.19454956054688,0.0,0.8784314393997192,0.10496091097593307,5787,3,0.8891674876213074,-172.43234252929688,-13.215713500976562,1002.3239135742188
13.516181399987545,0,,125.6284408569336,0.0,0.874509871006012,0.10834846645593643,5836,3,0.8892217874526978,-172.60682678222656,-13.21741771697998,1002.62841796875
13.527250899991486,0,,125.24563598632812,0.0,0.8784314393997192,0.10856591910123825,5857,3,0.8892760276794434,-172.7379150390625,-13.21868896484375,1002.8558349609375
13.538265499984846,0,,124.69326782226562,0.0,0.874509871006012,0.10790946334600449,5898,3,0.8893846273422241,-173.08848571777344,-13.222086906433105,1003.457763671875
13.549391699983971,0,,124.27137756347656,0.0,0.8666667342185974,0.11356578022241592,5901,3,0.8894389271736145,-173.22030639648438,-13.223362922668457,1003.681884765625
13.560181699984241,0,,123.70624542236328,0.0,0.8666667342185974,0.1102772131562233,5886,3,0.8894931674003601,-173.4404754638672,-13.225465774536133,1004.0533447265625
13.57120809998014,0,,123.2744369506836,0.0,0.8588235974311829,0.102897509932518,5846,3,0.8895474672317505,-173.5728302001953,-13.226696014404297,1004.2750244140625
13.582255499990424,0,,122.8148422241211,0.0,0.847058892250061,0.10304431617259979,5795,3,0.8896017670631409,-173.74961853027344,-13.228299140930176,1004.5692138671875
13.592991399986204,0,,122.25640869140625,0.0,0.8431373238563538,0.10509134083986282,5724,3,0.8896560668945312,-173.9267120361328,-13.229859352111816,1004.8617553710938
13.604174499982037,0,,121.8281478881836,0.0,0.8313726186752319,0.10670634359121323,5662,3,0.8897104263305664,-174.0596923828125,-13.23099422454834,1005.0800170898438
13.61536129997694,0,,121.28252410888672,0.0,0.8000000715255737,0.10749080032110214,5610,3,0.8898192048072815,-174.41519165039062,-13.23397445678711,1005.65771484375
13.626393699989421,0,,120.90838623046875,0.0,0.7843137979507446,0.1044464260339737,5588,3,0.8898736238479614,-174.59336853027344,-13.235454559326172,1005.9441528320312
13.637486399995396,0,,120.46328735351562,0.0,0.7843137979507446,0.10968542098999023,5575,3,0.8899279832839966,-174.72731018066406,-13.23656177520752,1006.1580200195312
13.648558699991554,0,,119.91229248046875,0.0,0.729411780834198,0.10998702049255371,5589,3,0.8899823427200317,-174.95089721679688,-13.238387107849121,1006.5123901367188
13.659619099984411,0,,119.48332214355469,0.0,0.7098039388656616,0.12035928666591644,5600,3,0.8900367617607117,-175.0852813720703,-13.239455223083496,1006.7238159179688
13.670799899991835,0,,118.95034790039062,0.0,0.6784313917160034,0.11430423706769943,5618,3,0.890145480632782,-175.44454956054688,-13.24217700958252,1007.2830200195312
13.682339499995578,0,,118.53858947753906,0.0,0.6627451181411743,0.11322398483753204,5624,3,0.8901727199554443,-175.5796356201172,-13.243141174316406,1007.4910278320312
13.693274699995527,0,,118.04597473144531,0.0,0.6509804129600525,0.11128279566764832,5617,3,0.8902270793914795,-175.76004028320312,-13.244380950927734,1007.7670288085938
13.704136599990306,0,,117.65850067138672,0.0,0.6509804129600525,0.11070176959037781,5595,3,0.890308678150177,-175.94081115722656,-13.245582580566406,1008.0413818359375
13.715158999984851,0,,117.27002716064453,0.0,0.6509804129600525,0.11085157841444016,5572,3,0.8903358578681946,-176.07662963867188,-13.246451377868652,1008.2461547851562
13.726633299986133,0,,116.80551147460938,0.0,0.6470588445663452,0.11131187528371811,5526,3,0.8904446363449097,-176.4398193359375,-13.248659133911133,1008.7880249023438
13.737831799982814,0,,116.32180786132812,0.0,0.6470588445663452,0.11235220730304718,5489,3,0.8904989957809448,-176.6219940185547,-13.249712944030762,1009.0567016601562
13.74852419999661,0,,115.94084930419922,0.0,0.6470588445663452,0.11493702232837677,5458,3,0.89055335521698,-176.75885009765625,-13.250481605529785,1009.2571411132812
13.759668999991845,0,,115.54800415039062,0.0,0.6431372761726379,0.11628676950931549,5439,3,0.8906077742576599,-176.98741149902344,-13.251703262329102,1009.58935546875
13.770684499992058,0,,115.06063079833984,0.0,0.6431372761726379,0.1164308711886406,5424,3,0.8906621336936951,-177.12481689453125,-13.252408981323242,1009.7874755859375
13.783109299984062,0,,114.5811767578125,0.0,0.6431372761726379,0.11812945455312729,5406,3,0.8907708525657654,-177.4921875,-13.254161834716797,1010.3115844726562
13.793975899985526,0,,114.19656372070312,0.0,0.6392157077789307,0.11832613497972488,5402,3,0.8907980918884277,-177.63031005859375,-13.254768371582031,1010.5065307617188
13.804645599971991,0,,113.82565307617188,0.0,0.6352941393852234,0.11911419034004211,5386,3,0.8908524513244629,-177.8147430419922,-13.255541801452637,1010.76513671875
13.815555599983782,0,,113.3583755493164,0.0,0.6392157077789307,0.11784255504608154,5367,3,0.890906810760498,-177.99949645996094,-13.25629997253418,1011.0221557617188
13.826555099978577,0,,112.98452758789062,0.0,0.6392157077789307,0.11783846467733383,5347,3,0.890961229801178,-178.13824462890625,-13.25687313079834,1011.2139892578125
13.83741189999273,0,,112.61264038085938,0.0,0.6392157077789307,0.11869283020496368,5320,3,0.8909884095191956,-178.3235321044922,-13.257654190063477,1011.4684448242188
13.848570999980439,0,,112.13478088378906,0.0,0.6431372761726379,0.11772074550390244,5288,3,0.8910971283912659,-178.6949005126953,-13.259292602539062,1011.972900390625
13.859316699992632,0,,111.75886535644531,0.0,0.6431372761726379,0.11715096235275269,5260,3,0.8911515474319458,-178.83445739746094,-13.259922981262207,1012.1604614257812
13.87067369997385,0,,111.28762817382812,0.0,0.6431372761726379,0.12668085098266602,5232,3,0.891205906867981,-179.02076721191406,-13.26075553894043,1012.4093017578125
13.88153539999621,0,,110.89932250976562,0.0,0.6431372761726379,0.12260423600673676,5205,3,0.8912602663040161,-179.2073516845703,-13.261566162109375,1012.6565551757812
13.892512399994303,0,,110.52027130126953,0.0,0.6470588445663452,0.13009877502918243,5189,3,0.8912874460220337,-179.3474578857422,-13.262164115905762,1012.841064453125
13.903633399982937,0,,110.0567855834961,0.0,0.6431372761726379,0.13667269051074982,5173,3,0.8913962244987488,-179.72177124023438,-13.263731002807617,1013.3287353515625
13.914586399972904,0,,109.68310546875,0.0,0.6470588445663452,0.1425168365240097,5157,3,0.8914234042167664,-179.86241149902344,-13.264325141906738,1013.5100708007812
13.925420999992639,0,,109.2158432006836,0.0,0.6470588445663452,0.14311109483242035,5150,3,0.8914777040481567,-180.05015563964844,-13.265128135681152,1013.7505493164062
13.93615939997835,0,,108.8299789428711,0.0,0.6470588445663452,0.14298339188098907,5139,3,0.8915320634841919,-180.2382049560547,-13.265934944152832,1013.9894409179688
13.946749099995941,0,,108.449951171875,0.0,0.6470588445663452,0.14367087185382843,5136,3,0.891586422920227,-180.3794403076172,-13.266534805297852,1014.1675415039062
13.957667899987428,0,,108.07916259765625,0.0,0.6470588445663452,0.14541153609752655,5120,3,0.891667902469635,-180.75682067871094,-13.268012046813965,1014.6382446289062
13.968735099973856,0,,107.59756469726562,0.0,0.6431372761726379,0.17579810321331024,5104,3,0.8917222619056702,-180.8986358642578,-13.268534660339355,1014.8131103515625
13.97951419997844,0,,107.2402572631836,0.0,0.6431372761726379,0.16360510885715485,5088,3,0.8917765617370605,-181.13531494140625,-13.269351959228516,1015.1026611328125
13.99057179997908,0,,106.84706115722656,0.0,0.6431372761726379,0.17390018701553345,5051,3,0.8918037414550781,-181.27755737304688,-13.269805908203125,1015.275146484375
14.001221199985594,0,,106.46856689453125,0.0,0.6392157077789307,0.184722900390625,5030,3,0.8918581008911133,-181.46751403808594,-13.270405769348145,1015.5038452148438
14.01245349997771,0,,106.163330078125,0.0,0.6352941393852234,0.17295050621032715,5009,3,0.8919124007225037,-181.6578369140625,-13.270990371704102,1015.7310180664062
14.023500099981902,0,,105.7571792602539,0.0,0.6196078658103943,0.1746682971715927,4974,3,0.8919395804405212,-181.80084228515625,-13.271431922912598,1015.9004516601562
14.03486429998884,0,,105.4358901977539,0.0,0.6196078658103943,0.18017369508743286,4959,3,0.8920482397079468,-182.18309020996094,-13.272605895996094,1016.3480834960938
14.04599220000091,0,,105.01007843017578,0.0,0.6117647290229797,0.17860905826091766,4943,3,0.8920754194259644,-182.32676696777344,-13.273066520690918,1016.514404296875
14.05695439997362,0,,104.6954345703125,0.0,0.6117647290229797,0.1715867668390274,4934,3,0.8921297788619995,-182.51866149902344,-13.273712158203125,1016.7349243164062
14.068300999992061,0,,104.32465362548828,0.0,0.6039215922355652,0.1697760969400406,4919,3,0.8921840786933899,-182.7108612060547,-13.274399757385254,1016.9539794921875
14.079315299983136,0,,103.99971008300781,0.0,0.6039215922355652,0.17512226104736328,4911,3,0.8922112584114075,-182.8551788330078,-13.274944305419922,1017.1172485351562
14.090509699977702,0,,103.57593536376953,0.0,0.6000000238418579,0.17384937405586243,4899,3,0.8923200368881226,-183.24098205566406,-13.276538848876953,1017.548828125
14.101220099983038,0,,103.26368713378906,0.0,0.5921568870544434,0.16646301746368408,4889,3,0.8923743963241577,-183.434326171875,-13.277396202087402,1017.7623901367188
14.111932399973739,0,,102.93444061279297,0.0,0.5686274766921997,0.16919894516468048,4877,3,0.8924016356468201,-183.57952880859375,-13.278069496154785,1017.9215698242188
14.122959100001026,0,,102.50360107421875,0.0,0.5529412031173706,0.1712222397327423,4862,3,0.8924559950828552,-183.82186889648438,-13.279230117797852,1018.18505859375
14.13442029998987,0,,102.18138885498047,0.0,0.5333333611488342,0.17128026485443115,4851,3,0.8925104141235352,-183.96743774414062,-13.279953956604004,1018.342041015625
14.145354699983727,0,,101.86664581298828,0.0,0.501960813999176,0.17068982124328613,4834,3,0.8925920128822327,-184.35641479492188,-13.281951904296875,1018.7564086914062
14.156453799980227,0,,101.47899627685547,0.0,0.4745098352432251,0.1700548380613327,4820,3,0.8926191926002502,-184.50259399414062,-13.282718658447266,1018.9102783203125
14.16755009998451,0,,101.1860580444336,0.0,0.4745098352432251,0.1710028499364853,4806,3,0.8926735520362854,-184.69775390625,-13.283759117126465,1019.1140747070312
14.178354199975729,0,,100.8184814453125,0.0,0.4078431725502014,0.17090508341789246,4795,3,0.8927279710769653,-184.8932647705078,-13.284820556640625,1019.31640625
14.189450799982296,0,,100.54454803466797,0.0,0.38431376218795776,0.17058992385864258,4786,3,0.8927823305130005,-185.089111328125,-13.285901069641113,1019.517333984375
14.200397799984785,0,,100.21825408935547,0.0,0.3333333432674408,0.16936445236206055,4783,3,0.8928095698356628,-185.23622131347656,-13.286727905273438,1019.6669921875
14.211186599975917,0,,99.96294403076172,0.0,0.29019609093666077,0.16980358958244324,4782,3,0.8928911685943604,-185.62960815429688,-13.289008140563965,1020.0623168945312
14.222642199980328,0,,99.7385482788086,0.0,0.250980406999588,0.16911917924880981,4783,3,0.8929455280303955,-185.7775421142578,-13.289883613586426,1020.2090454101562
14.233411099994555,0,,99.49137115478516,0.0,0.0,0.1675572246313095,4799,3,0.8929999470710754,-186.02468872070312,-13.291374206542969,1020.451904296875
14.244611399975838,0,,99.38652038574219,0.0,0.0,0.16621951758861542,4814,3,0.893027126789093,-186.17333984375,-13.29228401184082,1020.5966186523438
14.255516199977137,0,,99.27720642089844,0.10196079313755035,0.0,0.16612321138381958,4855,3,0.893081545829773,-186.37210083007812,-13.293509483337402,1020.7884521484375
14.266261599987047,0,,99.19574737548828,0.16470588743686676,0.0,0.16608799993991852,4927,3,0.8931087255477905,-186.5716094970703,-13.294750213623047,1020.9791259765625
14.277419599995483,0,,99.12020874023438,0.21176472306251526,0.0,0.1670766919851303,5018,3,0.8931630849838257,-186.77188110351562,-13.29600715637207,1021.1686401367188
14.28832659998443,0,,99.04265594482422,0.250980406999588,0.0,0.1686054766178131,5099,3,0.8932718634605408,-187.1747283935547,-13.298566818237305,1021.5443115234375
14.299676999973599,0,,99.00082397460938,0.29411765933036804,0.0,0.17110390961170197,5139,3,0.8932990431785583,-187.3266143798828,-13.299555778503418,1021.6840209960938
14.31077519999235,0,,98.97856903076172,0.29411765933036804,0.0,0.17164765298366547,5141,3,0.8933262228965759,-187.5298309326172,-13.300914764404297,1021.869384765625
14.32176249998156,0,,98.98429870605469,0.3137255012989044,0.0,0.17375928163528442,5113,3,0.8933805823326111,-187.73388671875,-13.302322387695312,1022.0536499023438
14.332909899996594,0,,99.01361846923828,0.32156863808631897,0.0,0.17543815076351166,5049,3,0.8934349417686462,-187.9388427734375,-13.303778648376465,1022.2369384765625
14.343727100000251,0,,99.04805755615234,0.32156863808631897,0.0,0.17814676463603973,4991,3,0.8934621810913086,-188.09317016601562,-13.304903030395508,1022.3737182617188
14.355153099983,0,,99.08549499511719,0.3294117748737335,0.0,0.17910073697566986,4941,3,0.8935437202453613,-188.50732421875,-13.30803394317627,1022.73583984375
14.366070399992168,0,,99.1270751953125,0.40000003576278687,0.0,0.18244291841983795,4916,3,0.8935980796813965,-188.71585083007812,-13.30965805053711,1022.9154052734375
14.377457299997332,0,,99.15243530273438,0.40000003576278687,0.0,0.18475039303302765,4935,3,0.8936524391174316,-188.92535400390625,-13.311312675476074,1023.0940551757812
14.388370199972996,0,,99.1727523803711,0.46666669845581055,0.0,0.1872144192457199,4991,3,0.8937068581581116,-189.13580322265625,-13.312996864318848,1023.271728515625
14.399449599994114,0,,99.18544006347656,0.501960813999176,0.0,0.17753775417804718,5059,3,0.8937340378761292,-189.29421997070312,-13.314282417297363,1023.404296875
14.41029499997967,0,,99.20246887207031,0.5411764979362488,0.0,0.19408416748046875,5132,3,0.8937883973121643,-189.55938720703125,-13.316466331481934,1023.6239624023438
14.421370099997148,0,,99.23423767089844,0.5607843399047852,0.0,0.18019501864910126,5197,3,0.8938155770301819,-189.7191619873047,-13.31779670715332,1023.7550048828125
14.432750099978875,0,,99.27864837646484,0.5882353186607361,0.0,0.18450619280338287,5227,3,0.893924355506897,-190.147705078125,-13.321358680725098,1024.1016845703125
14.444003499986138,0,,99.36091613769531,0.6039215922355652,0.0,0.18503807485103607,5225,3,0.8939515352249146,-190.36338806152344,-13.323116302490234,1024.2734375
14.455095199984498,0,,99.44818878173828,0.6039215922355652,0.0,0.1843617856502533,5204,3,0.8940058350563049,-190.52577209472656,-13.324416160583496,1024.4017333984375
14.465993799996795,0,,99.57593536376953,0.6117647290229797,0.0,0.18403393030166626,5150,3,0.8940328359603882,-190.74317932128906,-13.326123237609863,1024.5718994140625
14.476776899973629,0,,99.68740844726562,0.6117647290229797,0.0,0.18413418531417847,5107,3,0.8940868377685547,-190.96160888671875,-13.327804565429688,1024.7412109375
14.487819799978752,0,,99.83100128173828,0.6196078658103943,0.0,0.18543760478496552,5059,3,0.8941679000854492,-191.40150451660156,-13.331131935119629,1025.0772705078125
14.49847319998662,0,,99.9418716430664,0.6196078658103943,0.0,0.18660248816013336,5040,3,0.8942219614982605,-191.5675048828125,-13.332389831542969,1025.202392578125
14.509517399972538,0,,100.04578399658203,0.6196078658103943,0.0,0.1594015508890152,5038,3,0.8942489624023438,-191.7897186279297,-13.334089279174805,1025.36865234375
14.520561399986036,0,,100.16548156738281,0.6196078658103943,0.0,0.17508022487163544,5061,3,0.894303023815155,-192.01290893554688,-13.335821151733398,1025.5340576171875
14.53166149999015,0,,100.2518310546875,0.6235294342041016,0.0,0.14656543731689453,5098,3,0.8943570256233215,-192.23703002929688,-13.337590217590332,1025.6986083984375
14.542397699988214,0,,100.33743286132812,0.6235294342041016,0.0,0.13591009378433228,5131,3,0.8943840861320496,-192.4057159423828,-13.338932037353516,1025.821533203125
14.553408799984027,0,,100.44589233398438,0.6235294342041016,0.0,0.14644964039325714,5170,3,0.8944650888442993,-192.8579559326172,-13.342507362365723,1026.1470947265625
14.564369899977464,0,,100.53617095947266,0.6235294342041016,0.0,0.14648373425006866,5186,3,0.8945191502571106,-193.0853729248047,-13.344237327575684,1026.3087158203125
14.5754031999968,0,,100.63340759277344,0.6274510025978088,0.0,0.14625787734985352,5194,3,0.8945732116699219,-193.3136749267578,-13.345921516418457,1026.469482421875
14.58608749997802,0,,100.76376342773438,0.6196078658103943,0.0,0.14554394781589508,5192,3,0.8946272134780884,-193.5428466796875,-13.347561836242676,1026.6295166015625
14.596677599998657,0,,100.87406921386719,0.6196078658103943,0.0,0.14558769762516022,5187,3,0.8946542143821716,-193.7152862548828,-13.348766326904297,1026.7490234375
14.608171399973799,0,,101.01840209960938,0.6392157077789307,0.0,0.14532549679279327,5176,3,0.8947082757949829,-193.94598388671875,-13.35036563873291,1026.90771484375
14.618989299982786,0,,101.13719177246094,0.6509804129600525,0.0,0.14534810185432434,5172,3,0.8947352766990662,-194.17752075195312,-13.351967811584473,1027.065673828125
14.630173299985472,0,,101.25897216796875,0.6705882549285889,0.0,0.14887508749961853,5173,3,0.894843339920044,-194.64317321777344,-13.355247497558594,1027.379638671875
14.641481599974213,0,,101.41109466552734,0.6745098233222961,0.0,0.15157194435596466,5187,3,0.8948704600334167,-194.81866455078125,-13.356514930725098,1027.4967041015625
14.652196999988519,0,,101.53022766113281,0.686274528503418,0.0,0.15590143203735352,5203,3,0.8949248194694519,-195.05340576171875,-13.358235359191895,1027.6522216796875
14.663259599998128,0,,101.67929077148438,0.686274528503418,0.0,0.15714414417743683,5221,3,0.8949791789054871,-195.28900146484375,-13.359978675842285,1027.8070068359375
14.674676899972837,0,,101.8009033203125,0.6941176652908325,0.0,0.15747566521167755,5236,3,0.8950062990188599,-195.52545166015625,-13.361727714538574,1027.961181640625
14.686407799978042,0,,101.95828247070312,0.6980392336845398,0.0,0.17725318670272827,5250,3,0.895060658454895,-195.70333862304688,-13.363030433654785,1028.0762939453125
14.69731899999897,0,,102.08651733398438,0.6941176652908325,0.0,0.18832458555698395,5249,3,0.8951421976089478,-196.1800537109375,-13.366450309753418,1028.38134765625
14.707990599999903,0,,102.24917602539062,0.6941176652908325,0.0,0.18259549140930176,5242,3,0.8951965570449829,-196.41970825195312,-13.36813735961914,1028.5328369140625
14.718979299999774,0,,102.38213348388672,0.6980392336845398,0.0,0.17446425557136536,5246,3,0.8952509164810181,-196.66024780273438,-13.369815826416016,1028.68359375
14.729830599972047,0,,102.51386260986328,0.6980392336845398,0.0,0.17617593705654144,5253,3,0.8952780961990356,-196.84121704101562,-13.371064186096191,1028.7962646484375
14.740730799996527,0,,102.68400573730469,0.7019608020782471,0.0,0.1842358559370041,5253,3,0.895332396030426,-197.08326721191406,-13.372727394104004,1028.94580078125
14.751638299989281,0,,102.8196792602539,0.7019608020782471,0.0,0.16983693838119507,5254,3,0.8953595757484436,-197.32615661621094,-13.374388694763184,1029.0947265625
14.762703099986538,0,,102.95381164550781,0.6980392336845398,0.0,0.18326032161712646,5258,3,0.8954682946205139,-197.75326538085938,-13.377312660217285,1029.3536376953125
14.773604799993336,0,,103.1188735961914,0.6980392336845398,0.0,0.1726604700088501,5267,3,0.8954954743385315,-197.99847412109375,-13.37899112701416,1029.500732421875
14.784368099994026,0,,103.2501220703125,0.6980392336845398,0.0,0.17367815971374512,5277,3,0.8955498337745667,-198.24453735351562,-13.380658149719238,1029.6470947265625
14.795312599977478,0,,103.4115219116211,0.6901960968971252,0.0,0.17252063751220703,5288,3,0.895604133605957,-198.4914093017578,-13.382317543029785,1029.792724609375
14.806220200000098,0,,103.54145050048828,0.6941176652908325,0.0,0.17174763977527618,5307,3,0.8956584930419922,-198.73912048339844,-13.383966445922852,1029.937744140625
14.817079799977364,0,,103.6712875366211,0.6901960968971252,0.0,0.1707090586423874,5314,3,0.8956856727600098,-198.92543029785156,-13.385196685791016,1030.046142578125
14.82814079997479,0,,103.8352279663086,0.6980392336845398,0.0,0.17086608707904816,5322,3,0.8957942724227905,-199.42449951171875,-13.388467788696289,1030.3330078125
14.838886799989268,0,,103.96668243408203,0.6941176652908325,0.0,0.17005403339862823,5326,3,0.8958213925361633,-199.67523193359375,-13.390122413635254,1030.4754638671875
14.849748399981763,0,,104.09891510009766,0.6941176652908325,0.0,0.1688663810491562,5331,3,0.8958756923675537,-199.86380004882812,-13.39138126373291,1030.5819091796875
14.860478299990064,0,,104.26612091064453,0.6941176652908325,0.0,0.1686646044254303,5339,3,0.8959299921989441,-200.1159210205078,-13.39310359954834,1030.7232666015625
14.871514799975557,0,,104.39930725097656,0.6980392336845398,0.0,0.16949346661567688,5347,3,0.8959571123123169,-200.36883544921875,-13.394882202148438,1030.8638916015625
14.88230399999884,0,,104.531982421875,0.6980392336845398,0.0,0.16911077499389648,5360,3,0.8960113525390625,-200.62252807617188,-13.396717071533203,1031.00390625
14.893145899986848,0,,104.69938659667969,0.6980392336845398,0.0,0.16958853602409363,5378,3,0.8960656523704529,-200.87701416015625,-13.398604393005371,1031.1431884765625
14.904691599978833,0,,104.83462524414062,0.7019608020782471,0.0,0.17051704227924347,5388,3,0.8960927724838257,-201.06842041015625,-13.400035858154297,1031.2471923828125
14.91558279999299,0,,105.00432586669922,0.6941176652908325,0.0,0.160309299826622,5392,3,0.8962013125419617,-201.58103942871094,-13.403860092163086,1031.522705078125
14.9265700999822,0,,105.14155578613281,0.6941176652908325,0.0,0.16369104385375977,5384,3,0.896255612373352,-201.83856201171875,-13.40574836730957,1031.6593017578125
14.937823399988702,0,,105.31256103515625,0.6980392336845398,0.0,0.16222026944160461,5378,3,0.8962827324867249,-202.03225708007812,-13.407142639160156,1031.76123046875
14.94845479997457,0,,105.44799041748047,0.6980392336845398,0.0,0.1508592665195465,5377,3,0.8963370323181152,-202.29119873046875,-13.408961296081543,1031.8966064453125
14.959629899996798,0,,105.5828628540039,0.6941176652908325,0.0,0.15932327508926392,5381,3,0.8963912725448608,-202.55096435546875,-13.410744667053223,1032.03125
14.970566699979827,0,,105.74698638916016,0.6980392336845398,0.0,0.14820542931556702,5394,3,0.896472692489624,-203.07289123535156,-13.414214134216309,1032.29833984375
14.981848899973556,0,,105.87864685058594,0.6980392336845398,0.0,0.15357376635074615,5409,3,0.8965269923210144,-203.26942443847656,-13.415487289428711,1032.397705078125
14.992623699974502,0,,106.00877380371094,0.6980392336845398,0.0,0.15452925860881805,5427,3,0.89658123254776,-203.53213500976562,-13.417167663574219,1032.529541015625
15.003701699984958,0,,106.1712646484375,0.6980392336845398,0.0,0.1570337563753128,5448,3,0.8966084122657776,-203.79563903808594,-13.418828010559082,1032.6607666015625
15.014737299992703,0,,106.30262756347656,0.7019608020782471,0.0,0.15798315405845642,5461,3,0.896662712097168,-204.0598907470703,-13.42048454284668,1032.7911376953125
15.02555539997411,0,,106.46931457519531,0.6980392336845398,0.0,0.16026286780834198,5468,3,0.8967170715332031,-204.2585906982422,-13.421716690063477,1032.888427734375
15.03669879998779,0,,106.60546112060547,0.6980392336845398,0.0,0.16162559390068054,5469,3,0.8967985510826111,-204.7905731201172,-13.424967765808105,1033.14599609375
15.047980999981519,0,,106.7799072265625,0.6980392336845398,0.0,0.16327767074108124,5476,3,0.8968528509140015,-204.99085998535156,-13.426168441772461,1033.2418212890625
15.059167999977944,0,,106.92059326171875,0.6980392336845398,0.0,0.1632334142923355,5479,3,0.8969072103500366,-205.32565307617188,-13.428153038024902,1033.4005126953125
15.070155599998543,0,,107.06005859375,0.6980392336845398,0.0,0.16326837241649628,5480,3,0.8969343304634094,-205.52711486816406,-13.429338455200195,1033.4952392578125
15.081023999984609,0,,107.23181915283203,0.7098039388656616,0.0,0.15646715462207794,5483,3,0.8969886898994446,-205.79640197753906,-13.430907249450684,1033.620849609375
15.092105499992613,0,,107.36785888671875,0.7058823704719543,0.0,0.15786710381507874,5490,3,0.8970973491668701,-206.3373260498047,-13.433955192565918,1033.8697509765625
15.10327779999352,0,,107.53804016113281,0.7137255072593689,0.0,0.15489478409290314,5505,3,0.8971245288848877,-206.5409698486328,-13.435030937194824,1033.9622802734375
15.114188599982299,0,,107.67459869384766,0.7137255072593689,0.0,0.15285909175872803,5518,3,0.8971788287162781,-206.81317138671875,-13.436391830444336,1034.0849609375
15.12491039998713,0,,107.81201171875,0.7176470756530762,0.0,0.16043289005756378,5532,3,0.8972331285476685,-207.0861358642578,-13.437664985656738,1034.206787109375
15.135686800000258,0,,107.98473358154297,0.7176470756530762,0.0,0.15605956315994263,5544,3,0.897260308265686,-207.29136657714844,-13.438570022583008,1034.2977294921875
15.146423199999845,0,,108.12488555908203,0.7254902124404907,0.0,0.14570191502571106,5553,3,0.897341787815094,-207.6343536376953,-13.440031051635742,1034.4483642578125
15.157344599982025,0,,108.2690200805664,0.7176470756530762,0.0,0.1607503741979599,5560,3,0.8973689675331116,-207.8406982421875,-13.440906524658203,1034.5380859375
15.168420999980299,0,,108.4512939453125,0.7254902124404907,0.0,0.16458448767662048,5565,3,0.8974776268005371,-208.3929901123047,-13.443319320678711,1034.775634765625
15.179160999978194,0,,108.59768676757812,0.7254902124404907,0.0,0.16377349197864532,5564,3,0.8975319266319275,-208.67027282714844,-13.444562911987305,1034.8931884765625
15.190046599978814,0,,108.73912811279297,0.729411780834198,0.0,0.16428570449352264,5566,3,0.8975591063499451,-208.8787384033203,-13.4454984664917,1034.98095703125
15.201055299985455,0,,108.91674041748047,0.729411780834198,0.0,0.16513851284980774,5576,3,0.8976134061813354,-209.15736389160156,-13.446731567382812,1035.09716796875
15.212092199973995,0,,109.05838012695312,0.7333333492279053,0.0,0.15517336130142212,5584,3,0.8976677656173706,-209.43673706054688,-13.447921752929688,1035.212646484375
15.22281569999177,0,,109.23616027832031,0.7333333492279053,0.0,0.16764503717422485,5596,3,0.8976949453353882,-209.64675903320312,-13.448781967163086,1035.2987060546875
15.233720899996115,0,,109.37754821777344,0.7333333492279053,0.0,0.1623837798833847,5605,3,0.897803544998169,-210.20889282226562,-13.450934410095215,1035.526123046875
15.245397699996829,0,,109.52027893066406,0.7372549176216125,0.0,0.15966150164604187,5616,3,0.8978579044342041,-210.49107360839844,-13.451960563659668,1035.6385498046875
15.256268299999647,0,,109.69939422607422,0.7372549176216125,0.0,0.1582845151424408,5629,3,0.8979122042655945,-210.77398681640625,-13.452975273132324,1035.750244140625
15.267310899973381,0,,109.84495544433594,0.7372549176216125,0.0,0.1570477932691574,5639,3,0.8979665637016296,-211.05764770507812,-13.453984260559082,1035.8612060546875
15.27824309997959,0,,110.02677917480469,0.7411764860153198,0.0,0.15773242712020874,5647,3,0.8979937434196472,-211.27085876464844,-13.454744338989258,1035.94384765625
15.289068199985195,0,,110.17286682128906,0.7411764860153198,0.0,0.15763287246227264,5643,3,0.8980480432510376,-211.55580139160156,-13.45577335357666,1036.053466796875
15.299977599992417,0,,110.31857299804688,0.7450980544090271,0.0,0.14746809005737305,5650,3,0.898102343082428,-211.84146118164062,-13.456809043884277,1036.1622314453125
15.310792499978561,0,,110.5016098022461,0.7529412508010864,0.0,0.15821993350982666,5664,3,0.8982110023498535,-212.4149932861328,-13.45885181427002,1036.37744140625
15.321604799974011,0,,110.64544677734375,0.7529412508010864,0.0,0.1580626517534256,5676,3,0.8982381820678711,-212.6308135986328,-13.459596633911133,1036.457275390625
15.33232649997808,0,,110.79019165039062,0.7529412508010864,0.0,0.15734918415546417,5687,3,0.8982924818992615,-212.91921997070312,-13.460580825805664,1036.5631103515625
15.343430099979741,0,,110.97176361083984,0.760784387588501,0.0,0.17138579487800598,5702,3,0.8983468413352966,-213.20834350585938,-13.46156120300293,1036.6680908203125
15.354389499989338,0,,111.11516571044922,0.760784387588501,0.0,0.15629318356513977,5709,3,0.898401141166687,-213.49818420410156,-13.462538719177246,1036.7723388671875
15.365013899980113,0,,111.29877471923828,0.760784387588501,0.0,0.1580495536327362,5712,3,0.8984554409980774,-213.71603393554688,-13.463274002075195,1036.8499755859375
15.376112899975851,0,,111.44705963134766,0.760784387588501,0.0,0.15682826936244965,5709,3,0.8985640406608582,-214.29896545410156,-13.465232849121094,1037.0545654296875
15.38694879997638,0,,111.59550476074219,0.7647059559822083,0.0,0.1568581610918045,5716,3,0.8986183404922485,-214.59152221679688,-13.466184616088867,1037.1556396484375
15.398082299972884,0,,111.77931213378906,0.7647059559822083,0.0,0.15762996673583984,5735,3,0.8986455202102661,-214.88479614257812,-13.46710205078125,1037.255859375
15.40884669998195,0,,111.9273910522461,0.7725490927696228,0.0,0.15872721374034882,5749,3,0.8986998200416565,-215.10523986816406,-13.467767715454102,1037.3304443359375
15.419601499976125,0,,112.07533264160156,0.7764706611633301,0.0,0.15870888531208038,5758,3,0.8987541198730469,-215.39979553222656,-13.468626022338867,1037.42919921875
15.430644199979724,0,,112.26190948486328,0.7843137979507446,0.0,0.1601419299840927,5764,3,0.8988084197044373,-215.69505310058594,-13.469470024108887,1037.527099609375
15.441976799978875,0,,112.4132080078125,0.7843137979507446,0.0,0.16116242110729218,5778,3,0.8988627195358276,-215.99102783203125,-13.470301628112793,1037.6241455078125
15.452683599985903,0,,112.56513977050781,0.7882353663444519,0.0,0.16098810732364655,5785,3,0.8989713788032532,-216.5851287841797,-13.47197151184082,1037.815673828125
15.463938099972438,0,,112.75589752197266,0.7882353663444519,0.0,0.16162286698818207,5799,3,0.898998498916626,-216.8086395263672,-13.472602844238281,1037.8865966796875
15.47461399997701,0,,112.90898895263672,0.7921569347381592,0.0,0.16183458268642426,5801,3,0.8990527987480164,-217.1072998046875,-13.473448753356934,1037.9803466796875
15.485591199976625,0,,113.0999984741211,0.7921569347381592,0.0,0.16001281142234802,5799,3,0.8991071581840515,-217.4066619873047,-13.474302291870117,1038.0733642578125
15.496624199993676,0,,113.25161743164062,0.7960785031318665,0.0,0.15826809406280518,5798,3,0.8991614580154419,-217.7067413330078,-13.475164413452148,1038.16552734375
15.508255599997938,0,,113.43933868408203,0.7960785031318665,0.0,0.15494048595428467,5803,3,0.8992157578468323,-217.93226623535156,-13.475808143615723,1038.2340087890625
15.518985799979419,0,,113.5876693725586,0.7960785031318665,0.0,0.15411052107810974,5812,3,0.8992972373962402,-218.53558349609375,-13.477529525756836,1038.4144287109375
15.530016699980479,0,,113.7334976196289,0.7960785031318665,0.0,0.15177147090435028,5825,3,0.8993515372276306,-218.83827209472656,-13.47840404510498,1038.5032958984375
15.54073789998074,0,,113.91297149658203,0.7960785031318665,0.0,0.14993271231651306,5845,3,0.8994058966636658,-219.1416473388672,-13.479290008544922,1038.59130859375
15.551700199983316,0,,114.0557861328125,0.8000000715255737,0.0,0.1485932320356369,5863,3,0.8994601964950562,-219.36961364746094,-13.479960441589355,1038.6566162109375
15.56258239998715,0,,114.23662567138672,0.8000000715255737,0.0,0.14907819032669067,5893,3,0.8995145559310913,-219.6741485595703,-13.480854988098145,1038.7431640625
15.573657399974763,0,,114.38520812988281,0.7960785031318665,0.0,0.15049684047698975,5905,3,0.8995688557624817,-219.9793701171875,-13.481743812561035,1038.82861328125
15.58468709999579,0,,114.53675842285156,0.7960785031318665,0.0,0.15180239081382751,5906,3,0.8996232151985168,-220.28524780273438,-13.482610702514648,1038.9132080078125
15.595633299992187,0,,114.72966003417969,0.8000000715255737,0.0,0.1545363962650299,5902,3,0.8997318744659424,-220.8990936279297,-13.48425579071045,1039.0797119140625
15.606772999977693,0,,114.8862075805664,0.8000000715255737,0.0,0.15566527843475342,5896,3,0.8997589945793152,-221.12998962402344,-13.484843254089355,1039.14111328125
15.617450099991402,0,,115.04248046875,0.803921639919281,0.0,0.1566225290298462,5892,3,0.8998133540153503,-221.43846130371094,-13.485610961914062,1039.2222900390625
15.628442099987296,0,,115.2381362915039,0.803921639919281,0.0,0.15815119445323944,5891,3,0.8998676538467407,-221.7476348876953,-13.486353874206543,1039.3023681640625
15.639234099973692,0,,115.39217376708984,0.8078432083129883,0.0,0.15865840017795563,5895,3,0.8999220132827759,-222.05751037597656,-13.48707103729248,1039.381591796875
15.650311599980341,0,,115.5813980102539,0.8156863451004028,0.0,0.15878428518772125,5913,3,0.8999763131141663,-222.2903594970703,-13.487593650817871,1039.4404296875
15.661046799999895,0,,115.72813415527344,0.8196079134941101,0.0,0.15800651907920837,5934,3,0.9000849723815918,-222.91314697265625,-13.488912582397461,1039.5946044921875
15.672154299973045,0,,115.87251281738281,0.8235294818878174,0.0,0.1542006880044937,5951,3,0.900139331817627,-223.22552490234375,-13.489550590515137,1039.6702880859375
15.682941199978814,0,,116.05390930175781,0.8313726186752319,0.0,0.15162688493728638,5971,3,0.9001936912536621,-223.53854370117188,-13.490165710449219,1039.7449951171875
15.694088199990802,0,,116.20092010498047,0.8392157554626465,0.0,0.1481340080499649,5987,3,0.9002480506896973,-223.8522186279297,-13.49075698852539,1039.8187255859375
15.704697899986058,0,,116.35037231445312,0.847058892250061,0.0,0.14632442593574524,6003,3,0.9003023505210876,-224.08787536621094,-13.49118423461914,1039.8734130859375
15.715431199991144,0,,116.54036712646484,0.8549020290374756,0.0,0.1442454755306244,6022,3,0.9003567099571228,-224.4026641845703,-13.49174976348877,1039.945556640625
15.726612599974032,0,,116.69581604003906,0.8627451658248901,0.0,0.14448335766792297,6036,3,0.900411069393158,-224.7180938720703,-13.492316246032715,1040.0167236328125
15.737634499993874,0,,116.89485931396484,0.8784314393997192,0.0,0.1441497951745987,6056,3,0.9005197882652283,-225.3508758544922,-13.493501663208008,1040.15625
15.748556599981384,0,,117.06169891357422,0.8784314393997192,0.0,0.1457177847623825,6068,3,0.9005741477012634,-225.6682586669922,-13.494124412536621,1040.224609375
15.759467299998505,0,,117.23179626464844,0.8784314393997192,0.0,0.14731766283512115,6069,3,0.900601327419281,-225.90672302246094,-13.494597434997559,1040.2752685546875
15.770690999983344,0,,117.44608306884766,0.8823530077934265,0.0,0.15071077644824982,6065,3,0.9006556868553162,-226.22528076171875,-13.495234489440918,1040.3419189453125
15.781354199978523,0,,117.61731719970703,0.8823530077934265,0.0,0.15176209807395935,6058,3,0.9007100462913513,-226.54452514648438,-13.49587631225586,1040.40771484375
15.792233899992425,0,,117.79054260253906,0.8862745761871338,0.0,0.1509273648262024,6052,3,0.9007643461227417,-226.8644561767578,-13.496509552001953,1040.472412109375
15.802920199988876,0,,118.00456237792969,0.8823530077934265,0.0,0.15024852752685547,6065,3,0.9008458852767944,-227.18505859375,-13.49713134765625,1040.5362548828125
15.814258799975505,0,,118.1738052368164,0.8862745761871338,0.0,0.1479974389076233,6066,3,0.900873064994812,-227.4259796142578,-13.49758243560791,1040.5833740234375
15.825670899997931,0,,118.38381958007812,0.8862745761871338,0.0,0.14740467071533203,6073,3,0.900981605052948,-228.07028198242188,-13.49859619140625,1040.7064208984375
15.836422399996081,0,,118.54934692382812,0.8862745761871338,0.0,0.14587543904781342,6084,3,0.901035726070404,-228.39344787597656,-13.498961448669434,1040.7662353515625
15.847638499981258,0,,118.71217346191406,0.8862745761871338,0.0,0.14484557509422302,6106,3,0.9010898470878601,-228.63626098632812,-13.499166488647461,1040.8104248046875
15.858561799977906,0,,118.91536712646484,0.8823530077934265,0.0,0.14333657920360565,6136,3,0.9011439681053162,-229.041748046875,-13.499405860900879,1040.8829345703125
15.869280599988997,0,,119.08245849609375,0.8823530077934265,0.0,0.14382590353488922,6157,3,0.9011980891227722,-229.28553771972656,-13.49949836730957,1040.925537109375
15.88011099997675,0,,119.25163269042969,0.8823530077934265,0.0,0.14468665421009064,6161,3,0.9012522101402283,-229.6111297607422,-13.499585151672363,1040.9815673828125
15.89098679999006,0,,119.46685028076172,0.8862745761871338,0.0,0.1468534767627716,6161,3,0.9013604521751404,-230.26425170898438,-13.499667167663574,1041.090576171875
15.901632099994458,0,,119.6404800415039,0.8823530077934265,0.0,0.1480899453163147,6159,3,0.9014145135879517,-230.5098419189453,-13.499659538269043,1041.13037109375
15.912623799988069,0,,119.81226348876953,0.8862745761871338,0.0,0.14958380162715912,6159,3,0.9014956951141357,-230.91998291015625,-13.499608039855957,1041.1954345703125
15.92369939998025,0,,120.02458953857422,0.8862745761871338,0.0,0.1500537395477295,6174,3,0.9015227556228638,-231.1665496826172,-13.499560356140137,1041.2337646484375
15.934449699998368,0,,120.19304656982422,0.8862745761871338,0.0,0.14802131056785583,6173,3,0.9015768766403198,-231.495849609375,-13.49947738647461,1041.283935546875
15.945064299972728,0,,120.40113067626953,0.8862745761871338,0.0,0.1465907096862793,6177,3,0.9016309976577759,-231.82579040527344,-13.499377250671387,1041.3330078125
15.956227199989371,0,,120.5655288696289,0.8862745761871338,0.0,0.14361724257469177,6185,3,0.9016851186752319,-232.15635681152344,-13.499253273010254,1041.381103515625
15.967385899974033,0,,120.72937774658203,0.8862745761871338,0.0,0.14193060994148254,6198,3,0.901793360710144,-232.73631286621094,-13.498985290527344,1041.462890625
15.978101499989862,0,,120.93156433105469,0.8862745761871338,0.0,0.14048345386981964,6226,3,0.9018476605415344,-233.06854248046875,-13.498783111572266,1041.5081787109375
15.988757799990708,0,,121.09423065185547,0.8862745761871338,0.0,0.14087265729904175,6249,3,0.9019020199775696,-233.31809997558594,-13.498600006103516,1041.5413818359375
15.999666599993361,0,,121.25885009765625,0.8862745761871338,0.0,0.1410343050956726,6260,3,0.9019834995269775,-233.7347869873047,-13.49825668334961,1041.5955810546875
16.010674199991627,0,,121.47123718261719,0.8901961445808411,0.0,0.1444854885339737,6270,3,0.9020106792449951,-233.9852294921875,-13.498030662536621,1041.6273193359375
16.02191059998586,0,,121.64276123046875,0.8901961445808411,0.0,0.14625360071659088,6274,3,0.9020650386810303,-234.31968688964844,-13.497715950012207,1041.668701171875
16.032837299979292,0,,121.8565444946289,0.8901961445808411,0.0,0.14848366379737854,6273,3,0.9022008776664734,-234.9904022216797,-13.49708080291748,1041.7484130859375
16.044199500000104,0,,122.02791595458984,0.8901961445808411,0.0,0.14930731058120728,6271,3,0.902228057384491,-235.24253845214844,-13.496825218200684,1041.7772216796875
16.05494869998074,0,,122.1968765258789,0.8941177129745483,0.0,0.14855237305164337,6281,3,0.9022824168205261,-235.57925415039062,-13.496461868286133,1041.8145751953125
16.065988799993647,0,,122.40715026855469,0.8941177129745483,0.0,0.1473044753074646,6285,3,0.9023367762565613,-235.9165496826172,-13.496062278747559,1041.8509521484375
16.07705829999759,0,,122.57231903076172,0.8941177129745483,0.0,0.14361852407455444,6289,3,0.9024182558059692,-236.2544403076172,-13.495624542236328,1041.8863525390625
16.088279999996303,0,,122.77064514160156,0.9019608497619629,0.0,0.14017966389656067,6302,3,0.9024726152420044,-236.59291076660156,-13.495172500610352,1041.9205322265625
16.09920769999735,0,,122.93203735351562,0.9058824181556702,0.0,0.13458187878131866,6320,3,0.902499794960022,-236.8471221923828,-13.494821548461914,1041.945556640625
16.11014379997505,0,,123.09549713134766,0.917647123336792,0.0,0.13366180658340454,6344,3,0.9026356339454651,-237.52651977539062,-13.493871688842773,1042.0093994140625
16.121525700000348,0,,123.30272674560547,0.9372549653053284,0.0,0.13515634834766388,6390,3,0.9026899933815002,-237.86705017089844,-13.493379592895508,1042.039794921875
16.132334199995967,0,,123.4696273803711,0.9647059440612793,0.0,0.13638433814048767,6422,3,0.9027171730995178,-238.122802734375,-13.49300479888916,1042.0618896484375
16.143563799996627,0,,123.68572998046875,0.9921569228172302,0.0,0.1400798261165619,6454,3,0.9027986526489258,-238.5497589111328,-13.49239730834961,1042.0972900390625
16.154377599974396,0,,123.8677978515625,1.0,0.0,0.14143063127994537,6472,3,0.9028530120849609,-238.80633544921875,-13.492045402526855,1042.1177978515625
16.165539599984186,0,,124.1034927368164,1.0,0.0,0.14416369795799255,6475,3,0.9029073119163513,-239.14895629882812,-13.49160099029541,1042.144287109375
16.1763995999936,0,,124.29854583740234,1.0,0.0,0.14488458633422852,6464,3,0.9030159711837769,-239.83596801757812,-13.490754127502441,1042.1939697265625
16.187214999983553,0,,124.49739837646484,1.0,0.0,0.1444009691476822,6457,3,0.903070330619812,-240.09422302246094,-13.490426063537598,1042.21142578125
16.198289799998747,0,,124.74612426757812,1.0,0.0,0.14177291095256805,6434,3,0.90315181016922,-240.52545166015625,-13.489839553833008,1042.2392578125
16.209210000000894,0,,124.94249725341797,1.0,0.0,0.1402958482503891,6422,3,0.9031789898872375,-240.78463745117188,-13.489474296569824,1042.255126953125
16.220716799987713,0,,125.18534851074219,1.0,0.0,0.13618288934230804,6424,3,0.9032604694366455,-241.13076782226562,-13.488983154296875,1042.2752685546875
16.23138189999736,0,,125.37527465820312,1.0,0.0,0.13399551808834076,6440,3,0.9033148288726807,-241.47750854492188,-13.488504409790039,1042.29443359375
16.242298299999675,0,,125.55979919433594,1.0,0.0,0.132594496011734,6467,3,0.9034234881401062,-242.08572387695312,-13.487711906433105,1042.325439453125
16.253581199998735,0,,125.78274536132812,1.0,0.0,0.1322934478521347,6508,3,0.9034778475761414,-242.43405151367188,-13.48727035522461,1042.341552734375
16.264634199993452,0,,125.95977020263672,1.0,0.0,0.13145655393600464,6542,3,0.9035321474075317,-242.78294372558594,-13.486804008483887,1042.356689453125
16.275643099972513,0,,126.18370056152344,1.0,0.0,0.1311163306236267,6581,3,0.9035864472389221,-243.1323699951172,-13.486297607421875,1042.37060546875
16.286553199985065,0,,126.3671875,1.0,0.0,0.13051855564117432,6607,3,0.9036678671836853,-243.48233032226562,-13.485737800598145,1042.3834228515625
16.297452299972065,0,,126.55683898925781,1.0,0.0,0.12986944615840912,6619,3,0.9036950469017029,-243.7451629638672,-13.485276222229004,1042.3922119140625
16.308606299979147,0,,126.80619049072266,1.0,0.0,0.1295800358057022,6608,3,0.9038307666778564,-244.4475555419922,-13.483871459960938,1042.41259765625
16.319333599996753,0,,127.0128402709961,1.0,0.0,0.13047580420970917,6585,3,0.9038850665092468,-244.7996368408203,-13.483075141906738,1042.4210205078125
16.330132999981288,0,,127.22335052490234,1.0,0.0,0.1319093555212021,6559,3,0.9039393663406372,-245.06407165527344,-13.482441902160645,1042.4266357421875
16.340761899977224,0,,127.48372650146484,1.0,0.0,0.13616341352462769,6540,3,0.9039936661720276,-245.5055694580078,-13.481332778930664,1042.4344482421875
16.351587399985874,0,,127.6863021850586,1.0,0.0,0.13850122690200806,6539,3,0.904047966003418,-245.7709197998047,-13.480653762817383,1042.4383544921875
16.362743499979842,0,,127.92879486083984,1.0,0.0,0.14165207743644714,6554,3,0.9041022062301636,-246.12521362304688,-13.479745864868164,1042.4425048828125
16.373798799992073,0,,128.114501953125,1.0,0.0,0.14201083779335022,6575,3,0.9041836857795715,-246.4801025390625,-13.478850364685059,1042.445556640625
16.385010999976657,0,,128.29476928710938,1.0,0.0,0.14200665056705475,6600,3,0.9042379856109619,-246.83551025390625,-13.477965354919434,1042.447509765625
16.39643839999917,0,,128.5141143798828,1.0,0.0,0.1416524201631546,6650,3,0.9043465256690979,-247.54788208007812,-13.47620677947998,1042.4478759765625
16.407274099998176,0,,128.6861114501953,1.0,0.0,0.13642765581607819,6669,3,0.9044008255004883,-247.81552124023438,-13.475556373596191,1042.4468994140625
16.417927899979986,0,,128.90130615234375,1.0,0.0,0.13258904218673706,6685,3,0.9044551253318787,-248.17279052734375,-13.47469425201416,1042.4444580078125
16.428880699997535,0,,129.07830810546875,1.0,0.0,0.12602439522743225,6693,3,0.9045366048812866,-248.53053283691406,-13.473851203918457,1042.44091796875
16.439908699976513,0,,129.25938415527344,1.0,0.0,0.12382002174854279,6700,3,0.9045637845993042,-248.7991485595703,-13.47323226928711,1042.4376220703125
16.4512970999931,0,,129.4892120361328,1.0,0.0,0.12189739942550659,6710,3,0.9046995639801025,-249.51678466796875,-13.471600532531738,1042.425537109375
16.46234219998587,0,,129.6744842529297,1.0,0.0,0.12154920399188995,6741,3,0.9047538638114929,-249.87632751464844,-13.470775604248047,1042.417724609375
16.473181499983184,0,,129.91015625,1.0,0.0,0.12376664578914642,6742,3,0.9048082232475281,-250.14630126953125,-13.470155715942383,1042.4111328125
16.484602299984545,0,,130.10073852539062,1.0,0.0,0.12629438936710358,6739,3,0.9048896431922913,-250.5968780517578,-13.469108581542969,1042.398681640625
16.495404799992684,0,,130.34080505371094,1.0,0.0,0.13076026737689972,6733,3,0.9049168229103088,-250.86758422851562,-13.46845817565918,1042.390380859375
16.506463499972597,0,,130.5320281982422,1.0,0.0,0.1325923055410385,6728,3,0.9049983024597168,-251.22897338867188,-13.46755599975586,1042.378173828125
16.517611999996006,0,,130.72088623046875,1.0,0.0,0.13373632729053497,6725,3,0.9051069021224976,-251.9532012939453,-13.465630531311035,1042.35009765625
16.528514099976746,0,,130.95407104492188,1.0,0.0,0.13467569649219513,6727,3,0.9051612615585327,-252.22528076171875,-13.464862823486328,1042.33837890625
16.539378599991323,0,,131.13833618164062,1.0,0.0,0.13480067253112793,6740,3,0.9052155613899231,-252.58847045898438,-13.463804244995117,1042.321533203125
16.550064399983967,0,,131.3193359375,1.0,0.0,0.13368548452854156,6769,3,0.905297040939331,-252.9521026611328,-13.462698936462402,1042.3035888671875
16.56119559999206,0,,131.54087829589844,1.0,0.0,0.13258716464042664,6785,3,0.9053513407707214,-253.31617736816406,-13.461539268493652,1042.284423828125
16.572228899982292,0,,131.7177276611328,1.0,0.0,0.12970635294914246,6793,3,0.9054057002067566,-253.68067932128906,-13.4603271484375,1042.263916015625
16.582936099992367,0,,131.94178771972656,1.0,0.0,0.12859942018985748,6803,3,0.9054871797561646,-254.0456085205078,-13.459053039550781,1042.2421875
16.594095999986166,0,,132.12229919433594,1.0,0.0,0.12819863855838776,6821,3,0.9055958390235901,-254.7767333984375,-13.456375122070312,1042.1951904296875
16.6051737999951,0,,132.3017578125,1.0,0.0,0.12703850865364075,6828,3,0.9056501388549805,-255.05133056640625,-13.45534896850586,1042.17626953125
16.61628949997248,0,,132.5261993408203,1.0,0.0,0.12675336003303528,6836,3,0.9057044982910156,-255.41783142089844,-13.453950881958008,1042.1500244140625
16.627301499975147,0,,132.7076873779297,1.0,0.0,0.12738052010536194,6859,3,0.9057859778404236,-255.7847442626953,-13.452510833740234,1042.12255859375
16.638136399997165,0,,132.93405151367188,1.0,0.0,0.12798450887203217,6868,3,0.9058131575584412,-256.0602111816406,-13.451399803161621,1042.1011962890625
16.649258599994937,0,,133.1141815185547,1.0,0.0,0.1276320368051529,6879,3,0.9058946371078491,-256.4278259277344,-13.449864387512207,1042.071533203125
16.665744399972027,0,,133.3871307373047,1.0,0.0,0.1265231966972351,6886,3,0.9060304164886475,-257.1642761230469,-13.446556091308594,1042.008544921875
16.678037499979837,0,,133.6253204345703,1.0,0.0,0.1285717934370041,6878,3,0.9060847759246826,-257.5331115722656,-13.444794654846191,1041.9752197265625
16.68917379999766,0,,133.86349487304688,1.0,0.0,0.13039536774158478,6873,3,0.906139075756073,-257.9023132324219,-13.442988395690918,1041.9405517578125
16.700838699995074,0,,134.0979461669922,1.0,0.0,0.13464629650115967,6875,3,0.906220555305481,-258.27197265625,-13.44115161895752,1041.90478515625
16.71275959999184,0,,134.2814178466797,1.0,0.0,0.13675008714199066,6883,3,0.9063291549682617,-259.01251220703125,-13.4375,1041.8297119140625
16.724064399983035,0,,134.50364685058594,1.0,0.0,0.1386798918247223,6898,3,0.9064106345176697,-259.38336181640625,-13.435689926147461,1041.7904052734375
16.735217599984026,0,,134.67633056640625,1.0,0.0,0.13789433240890503,6916,3,0.9064378142356873,-259.6617431640625,-13.434326171875,1041.7601318359375
16.74598269999842,0,,134.8852996826172,1.0,0.0,0.1344900131225586,6945,3,0.9065192937850952,-260.12615966796875,-13.432022094726562,1041.7081298828125
16.757002199999988,0,,135.04925537109375,1.0,0.0,0.13135072588920593,6956,3,0.9065735936164856,-260.40509033203125,-13.430624008178711,1041.676025390625
16.767764599993825,0,,135.2519073486328,1.0,0.0,0.12262751162052155,6972,3,0.9066550135612488,-260.7772521972656,-13.428726196289062,1041.6322021484375
16.77872789997491,0,,135.41506958007812,1.0,0.0,0.1197270080447197,6982,3,0.9067636728286743,-261.5224914550781,-13.424928665161133,1041.541015625
16.789688399992883,0,,135.588134765625,1.0,0.0,0.11593060940504074,6997,3,0.9068451523780823,-261.8955993652344,-13.423043251037598,1041.49365234375
16.800634899991564,0,,135.8079376220703,1.0,0.0,0.11611052602529526,7017,3,0.9068994522094727,-262.26904296875,-13.421171188354492,1041.4451904296875
16.811554599989904,0,,135.98257446289062,1.0,0.0,0.12015983462333679,7031,3,0.9069809317588806,-262.642822265625,-13.4193115234375,1041.3955078125
16.822555099992314,0,,136.158447265625,1.0,0.0,0.12288988381624222,7040,3,0.9070080518722534,-262.9233703613281,-13.417936325073242,1041.3575439453125
16.833341399993515,0,,136.38067626953125,1.0,0.0,0.1332988440990448,7041,3,0.9070894718170166,-263.391357421875,-13.415653228759766,1041.292724609375
16.844451499986462,0,,136.5580291748047,1.0,0.0,0.16677743196487427,7036,3,0.907143771648407,-263.6723937988281,-13.414299011230469,1041.2529296875
16.85526509999181,0,,136.77684020996094,1.0,0.0,0.17745769023895264,7028,3,0.9072251915931702,-264.04742431640625,-13.412495613098145,1041.1988525390625
16.86615499999607,0,,136.9490966796875,1.0,0.0,0.16892759501934052,7023,3,0.9073337316513062,-264.7983703613281,-13.408849716186523,1041.0867919921875
16.877136399998562,0,,137.11795043945312,1.0,0.0,0.16633614897727966,7023,3,0.9073880314826965,-265.08026123046875,-13.407461166381836,1041.04345703125
16.888293899974087,0,,137.32391357421875,1.0,0.0,0.16951775550842285,7032,3,0.9074694514274597,-265.5504455566406,-13.405122756958008,1040.9696044921875
16.899211999989348,0,,137.48483276367188,1.0,0.0,0.17341329157352448,7047,3,0.9075237512588501,-265.832763671875,-13.403709411621094,1040.92431640625
16.910371099977056,0,,137.68389892578125,1.0,0.0,0.17287099361419678,7072,3,0.9075780510902405,-266.1152038574219,-13.402291297912598,1040.8782958984375
16.92123099998571,0,,137.84365844726562,1.0,0.0,0.1765299141407013,7102,3,0.9077137112617493,-266.8690490722656,-13.398530960083008,1040.751953125
16.932025099988095,0,,138.00143432617188,1.0,0.0,0.17108263075351715,7120,3,0.9077680110931396,-267.2463073730469,-13.396679878234863,1040.6868896484375
16.943000699975528,0,,138.19744873046875,1.0,0.0,0.1699831336736679,7150,3,0.9078494310379028,-267.623779296875,-13.394851684570312,1040.6204833984375
16.954404299991438,0,,138.3606719970703,1.0,0.0,0.1743067353963852,7156,3,0.9079037308692932,-268.00146484375,-13.393040657043457,1040.552734375
16.965736799989827,0,,138.56671142578125,1.0,0.0,0.18292847275733948,7152,3,0.9079579710960388,-268.2848815917969,-13.39169979095459,1040.5010986328125
16.97686719999183,0,,138.73037719726562,1.0,0.0,0.17904458940029144,7147,3,0.9080122113227844,-268.6629638671875,-13.389945030212402,1040.4310302734375
16.987605099973734,0,,138.93333435058594,1.0,0.0,0.17658020555973053,7152,3,0.9080936312675476,-269.041259765625,-13.388243675231934,1040.3597412109375
16.99864139998681,0,,139.09298706054688,1.0,0.0,0.17274850606918335,7152,3,0.9082292318344116,-269.7984619140625,-13.385058403015137,1040.213134765625
17.009677899972303,0,,139.24766540527344,1.0,0.0,0.1705981194972992,7156,3,0.908283531665802,-270.0826416015625,-13.383922576904297,1040.1568603515625
17.0207808999985,0,,139.4339599609375,1.0,0.0,0.16406753659248352,7170,3,0.9083377718925476,-270.461669921875,-13.382421493530273,1040.0804443359375
17.031990799994674,0,,139.5783233642578,1.0,0.0,0.16022761166095734,7186,3,0.9083920121192932,-270.8408203125,-13.380928993225098,1040.002685546875
17.043390299979364,0,,139.7491455078125,1.0,0.0,0.15405136346817017,7210,3,0.9084463119506836,-271.1252746582031,-13.379807472229004,1039.9434814453125
17.05459039998823,0,,139.89059448242188,1.0,0.0,0.15206119418144226,7230,3,0.9085819125175476,-271.8841247558594,-13.376832008361816,1039.78173828125
17.065531399974134,0,,140.0715789794922,1.0,0.0,0.15104836225509644,7253,3,0.908636212348938,-272.1687927246094,-13.37572956085205,1039.7196044921875
17.076495699991938,0,,140.22015380859375,1.0,0.0,0.15168416500091553,7270,3,0.9087175726890564,-272.5484313964844,-13.374253273010254,1039.635498046875
17.087260599975707,0,,140.36602783203125,1.0,0.0,0.15360617637634277,7282,3,0.9087718725204468,-272.9281311035156,-13.372748374938965,1039.5499267578125
17.098896199982846,0,,140.55120849609375,1.0,0.0,0.15784430503845215,7286,3,0.9088261723518372,-273.30792236328125,-13.371201515197754,1039.4627685546875
17.109606899990467,0,,140.70208740234375,1.0,0.0,0.16000035405158997,7280,3,0.9089618921279907,-273.97271728515625,-13.368363380432129,1039.3067626953125
17.12082279997412,0,,140.89144897460938,1.0,0.0,0.16240093111991882,7269,3,0.9090161919593811,-274.3526916503906,-13.366655349731445,1039.2154541015625
17.13192099999287,0,,141.04367065429688,1.0,0.0,0.16245515644550323,7260,3,0.9090704917907715,-274.6376953125,-13.365333557128906,1039.1458740234375
17.142814799997723,0,,141.23146057128906,1.0,0.0,0.16278603672981262,7261,3,0.9091519117355347,-275.1127624511719,-13.363041877746582,1039.0279541015625
17.153753899998264,0,,141.3784637451172,1.0,0.0,0.162545308470726,7278,3,0.909206211566925,-275.3978271484375,-13.361613273620605,1038.9560546875
17.164759299979778,0,,141.52267456054688,1.0,0.0,0.1611832082271576,7288,3,0.909287691116333,-275.7779235839844,-13.359659194946289,1038.85888671875
17.17594429999008,0,,141.70068359375,1.0,0.0,0.15975752472877502,7301,3,0.9093962907791138,-276.4431457519531,-13.35614013671875,1038.6849365234375
17.187190899974667,0,,141.84251403808594,1.0,0.0,0.18144255876541138,7309,3,0.9094505310058594,-276.8232727050781,-13.354089736938477,1038.5833740234375
17.19855539998389,0,,142.0188751220703,1.0,0.0,0.1731358915567398,7322,3,0.9095320105552673,-277.20343017578125,-13.35203742980957,1038.4803466796875
17.209631799982162,0,,142.15899658203125,1.0,0.0,0.1873532235622406,7334,3,0.9095863103866577,-277.5835266113281,-13.350000381469727,1038.375732421875
17.220683999999892,0,,142.32870483398438,1.0,0.0,0.1858872026205063,7359,3,0.9096406102180481,-277.8686218261719,-13.348490715026855,1038.2962646484375
17.231380199984415,0,,142.46560668945312,1.0,0.0,0.19041217863559723,7376,3,0.9097763895988464,-278.6287536621094,-13.344613075256348,1038.080322265625
17.24242409999715,0,,142.59988403320312,1.0,0.0,0.18256846070289612,7378,3,0.9098578691482544,-279.0087585449219,-13.34277057647705,1037.969970703125
17.25365829997463,0,,142.76693725585938,1.0,0.0,0.20274899899959564,7379,3,0.9099121689796448,-279.38873291015625,-13.340983390808105,1037.8582763671875
17.26443229999859,0,,142.8964385986328,1.0,0.0,0.20963330566883087,7378,3,0.9099936485290527,-279.76861572265625,-13.339237213134766,1037.744873046875
17.275465099985013,0,,143.04835510253906,1.0,0.0,0.21147571504116058,7385,3,0.9100479483604431,-280.0534973144531,-13.33794116973877,1037.658935546875
17.28617479998502,0,,143.1676483154297,1.0,0.0,0.20315536856651306,7395,3,0.9101022481918335,-280.4331970214844,-13.336235046386719,1037.5428466796875
17.29712059997837,0,,143.2840118408203,1.0,0.0,0.21491014957427979,7410,3,0.9101837277412415,-280.81280517578125,-13.3345365524292,1037.42529296875
17.30783409997821,0,,143.43052673339844,1.0,0.0,0.2137414813041687,7433,3,0.9103195071220398,-281.571533203125,-13.331177711486816,1037.185302734375
17.31903699997929,0,,143.5504150390625,1.0,0.0,0.21204611659049988,7455,3,0.910373866558075,-281.85589599609375,-13.329939842224121,1037.09375
17.329931899992516,0,,143.67225646972656,1.0,0.0,0.20715461671352386,7475,3,0.9104281663894653,-282.23492431640625,-13.328309059143066,1036.97021484375
17.340864499972668,0,,143.82778930664062,1.0,0.0,0.2049570381641388,7492,3,0.9105096459388733,-282.61376953125,-13.32671070098877,1036.84521484375
17.35185529998853,0,,143.95030212402344,1.0,0.0,0.20022128522396088,7497,3,0.9105639457702637,-282.9924621582031,-13.325138092041016,1036.718505859375
17.362905699992552,0,,144.1059112548828,1.0,0.0,0.19742451608181,7493,3,0.910618245601654,-283.2763671875,-13.323970794677734,1036.62255859375
17.37364809997962,0,,144.23228454589844,1.0,0.0,0.194295734167099,7481,3,0.9107540249824524,-284.0329284667969,-13.32087230682373,1036.362060546875
17.38475689999177,0,,144.35797119140625,1.0,0.0,0.1937343031167984,7477,3,0.9108355045318604,-284.4109191894531,-13.319353103637695,1036.2293701171875
17.39549029999762,0,,144.513916015625,1.0,0.0,0.19141380488872528,7474,3,0.9108898639678955,-284.78875732421875,-13.317879676818848,1036.09521484375
17.40620569998282,0,,144.63290405273438,1.0,0.0,0.1903117150068283,7473,3,0.9109712839126587,-285.1664123535156,-13.3164644241333,1035.9595947265625
17.417199899995467,0,,144.74856567382812,1.0,0.0,0.19014641642570496,7482,3,0.9110256433486938,-285.44952392578125,-13.315433502197266,1035.856689453125
17.42797019999125,0,,144.8888702392578,1.0,0.0,0.19015710055828094,7505,3,0.9110799431800842,-285.8267822265625,-13.314096450805664,1035.71826171875
17.438930299977073,0,,144.99618530273438,1.0,0.0,0.18941029906272888,7529,3,0.9111614227294922,-286.2038269042969,-13.312772750854492,1035.5782470703125
17.449962199985748,0,,145.10154724121094,1.0,0.0,0.18768319487571716,7551,3,0.9112157225608826,-286.48638916015625,-13.311783790588379,1035.47216796875
17.46108569999342,0,,145.23313903808594,1.0,0.0,0.1863991618156433,7570,3,0.9113786816596985,-287.33319091796875,-13.308853149414062,1035.1484375
17.472213499975624,0,,145.34498596191406,1.0,0.0,0.1828051060438156,7606,3,0.9114329814910889,-287.6151123046875,-13.30789852142334,1035.0386962890625
17.483846899995115,0,,145.49261474609375,1.0,0.0,0.18145717680454254,7597,3,0.9114872813224792,-287.99072265625,-13.30663776397705,1034.8909912109375
17.494986399979098,0,,145.6136016845703,1.0,0.0,0.17728015780448914,7582,3,0.9115687012672424,-288.3660583496094,-13.305380821228027,1034.74169921875
17.506222999974852,0,,145.76446533203125,1.0,0.0,0.17458531260490417,7563,3,0.9116230010986328,-288.7410888671875,-13.304130554199219,1034.5906982421875
17.516981599997962,0,,145.88467407226562,1.0,0.0,0.17165739834308624,7552,3,0.9117587208747864,-289.39666748046875,-13.301961898803711,1034.3226318359375
17.52793169999495,0,,146.0299530029297,1.0,0.0,0.1714872568845749,7548,3,0.9118130207061768,-289.7708740234375,-13.300740242004395,1034.1673583984375
17.539304699981585,0,,146.14053344726562,1.0,0.0,0.17067095637321472,7576,3,0.9118945002555847,-290.144775390625,-13.299528121948242,1034.01025390625
17.550308299978497,0,,146.2732391357422,1.0,0.0,0.17126786708831787,7597,3,0.9119488000869751,-290.5183410644531,-13.298318862915039,1033.8516845703125
17.561309499986237,0,,146.37646484375,1.0,0.0,0.17200148105621338,7607,3,0.9120030999183655,-290.7982482910156,-13.297404289245605,1033.731689453125
17.57244049999281,0,,146.48155212402344,1.0,0.0,0.1717059165239334,7616,3,0.9121116399765015,-291.2642822265625,-13.295859336853027,1033.529541015625
17.583698999980697,0,,146.6143035888672,1.0,0.0,0.1701294630765915,7655,3,0.9121659398078918,-291.54364013671875,-13.294929504394531,1033.4071044921875
17.594930299994303,0,,146.72398376464844,1.0,0.0,0.16555620729923248,7660,3,0.9123017191886902,-292.2874450683594,-13.292464256286621,1033.0760498046875
17.605655699997442,0,,146.86744689941406,1.0,0.0,0.1603466123342514,7646,3,0.9123560190200806,-292.65875244140625,-13.291215896606445,1032.9080810546875
17.616472399997292,0,,146.98501586914062,1.0,0.0,0.1536630541086197,7634,3,0.912410318851471,-292.93695068359375,-13.290257453918457,1032.781005859375
17.627531799982535,0,,147.10401916503906,1.0,0.0,0.16109532117843628,7623,3,0.9124917984008789,-293.30755615234375,-13.288944244384766,1032.610107421875
17.63846889999695,0,,147.24835205078125,1.0,0.0,0.13552503287792206,7616,3,0.9125460982322693,-293.6777038574219,-13.287590026855469,1032.4376220703125
17.649089599988656,0,,147.36273193359375,1.0,0.0,0.12112398445606232,7616,3,0.9126275777816772,-294.0474853515625,-13.286197662353516,1032.263427734375
17.660006399994018,0,,147.4762725830078,1.0,0.0,0.11771214008331299,7620,3,0.9127632975578308,-294.7857360839844,-13.283349990844727,1031.9100341796875
17.671096499980194,0,,147.61636352539062,1.0,0.0,0.10420479625463486,7632,3,0.912817656993866,-295.0621337890625,-13.28227424621582,1031.77587890625
17.68224639998516,0,,147.72604370117188,1.0,0.0,0.08749376237392426,7645,3,0.9128990769386292,-295.4302673339844,-13.280845642089844,1031.595703125
17.69319279998308,0,,147.865234375,1.0,0.0,0.09388505667448044,7661,3,0.9129533767700195,-295.7980041503906,-13.279433250427246,1031.413818359375
17.704349899984663,0,,147.97767639160156,1.0,0.0,0.0961081013083458,7672,3,0.9130348563194275,-296.165283203125,-13.27803897857666,1031.2303466796875
17.71506389998831,0,,148.11932373046875,1.0,0.0,0.09783817082643509,7682,3,0.9131163358688354,-296.53216552734375,-13.276668548583984,1031.04541015625
17.72579249998671,0,,148.23410034179688,1.0,0.0,0.09966322034597397,7686,3,0.9131706357002258,-296.8070373535156,-13.27566146850586,1030.90576171875
17.737028599978657,0,,148.3497314453125,1.0,0.0,0.09956292808055878,7686,3,0.9133064150810242,-297.5387878417969,-13.273072242736816,1030.52880859375
17.747893799998565,0,,148.49398803710938,1.0,0.0,0.09986115992069244,7684,3,0.9133607745170593,-297.90399169921875,-13.271815299987793,1030.3380126953125
17.758726100000786,0,,148.6101837158203,1.0,0.0,0.10037776827812195,7688,3,0.9134422540664673,-298.26873779296875,-13.270565032958984,1030.1456298828125
17.770055699977092,0,,148.7261199951172,1.0,0.0,0.1003471165895462,7603,3,0.9135237336158752,-298.63299560546875,-13.269302368164062,1029.95166015625
17.781221699988237,0,,148.8682861328125,1.0,0.0,0.10155414789915085,7633,3,0.9135780334472656,-298.9967956542969,-13.268022537231445,1029.756103515625
17.791952199972002,0,,148.98483276367188,1.0,0.0,0.1023382619023323,7656,3,0.913632333278656,-299.269287109375,-13.26705265045166,1029.6085205078125
17.802754299977096,0,,149.10154724121094,1.0,0.0,0.10832571238279343,7683,3,0.9137409925460815,-299.7228698730469,-13.265436172485352,1029.3603515625
17.813651899981778,0,,149.24411010742188,1.0,0.0,0.11083962023258209,7617,3,0.9137952923774719,-299.9946594238281,-13.264470100402832,1029.2103271484375
17.825003399979323,0,,149.35203552246094,1.0,0.0,0.1167401447892189,7653,3,0.913931131362915,-300.7181091308594,-13.261943817138672,1028.8060302734375
17.836163599975407,0,,149.47463989257812,1.0,0.0,0.11864820122718811,7618,1,0.9139854311943054,-301.07904052734375,-13.260690689086914,1028.6015625
17.847253299987642,0,,149.42825317382812,1.0,0.0,0.12725305557250977,7549,1,0.9140397310256958,-301.3493957519531,-13.259746551513672,1028.447265625
17.858606800000416,0,,149.35284423828125,1.0,0.0,0.12767493724822998,7462,1,0.9141483306884766,-301.7990417480469,-13.258195877075195,1028.188232421875
17.869383499986725,0,,149.28823852539062,1.0,0.0,0.1266806423664093,7393,1,0.9142025709152222,-302.0681457519531,-13.257291793823242,1028.0318603515625
17.88062089998857,0,,149.2073974609375,1.0,0.0,0.1244548112154007,7308,1,0.9142568707466125,-302.4261779785156,-13.256139755249023,1027.822265625
17.89159399998607,0,,149.1422882080078,1.0,0.0,0.1198793575167656,6642,4,0.9144197702407837,-303.13946533203125,-13.25405502319336,1027.3994140625
17.902398399979575,0,,149.31983947753906,1.0,0.0,0.10458910465240479,6870,4,0.9144740700721741,-303.406005859375,-13.25334644317627,1027.23974609375
17.913215299980948,0,,149.38632202148438,1.0,0.0,0.10428215563297272,6954,4,0.914555549621582,-303.8496398925781,-13.25221061706543,1026.9716796875
17.924176199972862,0,,149.48460388183594,1.0,0.0,0.10337447375059128,6837,4,0.9146098494529724,-304.1153564453125,-13.25156021118164,1026.8099365234375
17.935022499994375,0,,149.6365509033203,1.0,0.0,0.09878573566675186,6611,4,0.9146912693977356,-304.4692077636719,-13.250731468200684,1026.593017578125
17.94629999998142,0,,149.87840270996094,1.0,0.0,0.095180943608284,6315,4,0.914745569229126,-304.8226013183594,-13.249954223632812,1026.3746337890625
17.95749380000052,0,,150.0673370361328,1.0,0.0,0.0954277291893959,6219,4,0.9148269891738892,-305.1756591796875,-13.24921989440918,1026.1549072265625
17.968376299977535,0,,150.276611328125,1.0,0.0,0.10210530459880829,6162,4,0.9149627089500427,-305.8810119628906,-13.247893333435059,1025.7113037109375
17.979155699984403,0,,150.4209442138672,1.0,0.0,0.10719431936740875,6169,4,0.9150170087814331,-306.14520263671875,-13.247451782226562,1025.54345703125
17.990398499998264,0,,150.5786590576172,1.0,0.0,0.11516925692558289,6204,4,0.9150984287261963,-306.49713134765625,-13.246927261352539,1025.3184814453125
18.001611199986655,0,,150.69216918945312,1.0,0.0,0.11854622513055801,6238,4,0.9151526689529419,-306.8486328125,-13.246484756469727,1025.0921630859375
18.012359799991827,0,,150.804931640625,1.0,0.0,0.1239856407046318,6267,4,0.9152340888977051,-307.19964599609375,-13.24612808227539,1024.8643798828125
18.023615999991307,0,,150.9446258544922,1.0,0.0,0.12557163834571838,6295,4,0.9152883887290955,-307.4625549316406,-13.245911598205566,1024.6927490234375
18.0348004999978,0,,151.05618286132812,1.0,0.0,0.12479695677757263,6315,4,0.915424108505249,-308.16229248046875,-13.245499610900879,1024.2313232421875
18.04562629997963,0,,151.1974334716797,1.0,0.0,0.12271986901760101,6328,4,0.9155055284500122,-308.5113525390625,-13.245362281799316,1023.99853515625
18.056682999973418,0,,151.3121337890625,1.0,0.0,0.1175253689289093,6336,4,0.9155869483947754,-308.85986328125,-13.24522590637207,1023.7643432617188
18.067909299978055,0,,151.4593505859375,1.0,0.0,0.11498633772134781,6344,4,0.9156683683395386,-309.20782470703125,-13.245079040527344,1023.52880859375
18.078721499972744,0,,151.5793914794922,1.0,0.0,0.11008710414171219,6349,4,0.915722668170929,-309.4684753417969,-13.244955062866211,1023.3512573242188
18.08939619999728,0,,151.70108032226562,1.0,0.0,0.10839836299419403,6354,4,0.9158040285110474,-309.90216064453125,-13.244717597961426,1023.0536499023438
18.10027719999198,0,,151.85720825195312,1.0,0.0,0.10698401182889938,6358,4,0.9158583283424377,-310.1620178222656,-13.244561195373535,1022.8740844726562
18.111271499976283,0,,151.98558044433594,1.0,0.0,0.10732239484786987,6371,4,0.9159939885139465,-310.85345458984375,-13.244067192077637,1022.3914794921875
18.122326699987752,0,,152.11727905273438,1.0,0.0,0.10823344439268112,6371,4,0.9160754084587097,-311.19842529296875,-13.243768692016602,1022.148193359375
18.133019999979297,0,,152.2809600830078,1.0,0.0,0.11128602176904678,6371,4,0.9161297082901001,-311.45684814453125,-13.243534088134766,1021.96484375
18.144319799990626,0,,152.4132537841797,1.0,0.0,0.11202117800712585,6370,4,0.9162111282348633,-311.8869323730469,-13.24313735961914,1021.6576538085938
18.155378899973584,0,,152.57899475097656,1.0,0.0,0.11519305408000946,6368,4,0.9162653684616089,-312.14459228515625,-13.242907524108887,1021.4723510742188
18.166334299981827,0,,152.7093505859375,1.0,0.0,0.11663061380386353,6369,4,0.9163467884063721,-312.4877624511719,-13.242610931396484,1021.22412109375
18.17759579999256,0,,152.83969116210938,1.0,0.0,0.11727608740329742,6371,4,0.9164282083511353,-312.8304138183594,-13.242321968078613,1020.9746704101562
18.189129099977436,0,,152.99989318847656,1.0,0.0,0.11679204553365707,6382,4,0.9165096282958984,-313.1726379394531,-13.242043495178223,1020.723876953125
18.200337099988246,0,,153.1271514892578,1.0,0.0,0.1153961792588234,6396,4,0.916645348072052,-313.8555603027344,-13.241548538208008,1020.2185668945312
18.211379599990323,0,,153.2863006591797,1.0,0.0,0.11493013799190521,6407,4,0.9167267680168152,-314.1962890625,-13.241310119628906,1019.9640502929688
18.222209799976554,0,,153.41378784179688,1.0,0.0,0.11285322159528732,6411,4,0.9167810678482056,-314.4515075683594,-13.24111557006836,1019.7722778320312
18.233298599981936,0,,153.57420349121094,1.0,0.0,0.11181298643350601,6415,4,0.9168625473976135,-314.876220703125,-13.240738868713379,1019.4511108398438
18.244172499980778,0,,153.7043914794922,1.0,0.0,0.11014977842569351,6417,4,0.9169168472290039,-315.1306457519531,-13.24047565460205,1019.2574462890625
18.255165499984287,0,,153.83570861816406,1.0,0.0,0.10978277772665024,6422,4,0.9169982671737671,-315.46942138671875,-13.240072250366211,1018.9981689453125
18.266154499986442,0,,154.0010223388672,1.0,0.0,0.1099134236574173,6438,4,0.9171340465545654,-316.1454162597656,-13.239047050476074,1018.4757080078125
18.27682449997519,0,,154.1340789794922,1.0,0.0,0.10986372083425522,6448,4,0.9171883463859558,-316.39837646484375,-13.238578796386719,1018.2784423828125
18.287967399985064,0,,154.30323791503906,1.0,0.0,0.11063158512115479,6451,4,0.9172969460487366,-316.8193359375,-13.237699508666992,1017.9481811523438
18.298567699996056,0,,154.4423370361328,1.0,0.0,0.11150899529457092,6448,4,0.917351245880127,-317.071533203125,-13.23712158203125,1017.7490234375
18.309490299987374,0,,154.58250427246094,1.0,0.0,0.11285263299942017,6443,4,0.9174326658248901,-317.4073486328125,-13.236303329467773,1017.4824829101562
18.320858299994143,0,,154.7557830810547,1.0,0.0,0.1155051440000534,6441,4,0.9174869656562805,-317.7427062988281,-13.235457420349121,1017.2146606445312
18.331689799990272,0,,154.89105224609375,1.0,0.0,0.11597862094640732,6444,4,0.9175684452056885,-318.0776062011719,-13.234598159790039,1016.9456787109375
18.342651299986755,0,,155.023681640625,1.0,0.0,0.11572790145874023,6450,4,0.9177314043045044,-318.7459411621094,-13.232842445373535,1016.4041137695312
18.3538855999941,0,,155.1872100830078,1.0,0.0,0.11472679674625397,6474,4,0.9177857041358948,-318.99603271484375,-13.232154846191406,1016.1997680664062
18.364824199990835,0,,155.31793212890625,1.0,0.0,0.1130952313542366,6491,4,0.9178400039672852,-319.3290710449219,-13.231206893920898,1015.9263305664062
18.37573679999332,0,,155.48162841796875,1.0,0.0,0.11209863424301147,6504,4,0.9179214835166931,-319.66162109375,-13.230226516723633,1015.651611328125
18.38668849997339,0,,155.6153106689453,1.0,0.0,0.10990666598081589,6503,4,0.9180029630661011,-319.99365234375,-13.229219436645508,1015.3757934570312
18.39766809999128,0,,155.78729248046875,1.0,0.0,0.10914242267608643,6513,4,0.9180572628974915,-320.24237060546875,-13.228448867797852,1015.1681518554688
18.408557699993253,0,,155.9276123046875,1.0,0.0,0.11011213064193726,6511,4,0.9182201623916626,-320.90423583984375,-13.226316452026367,1014.6112670898438
18.41947719999007,0,,156.0677490234375,1.0,0.0,0.11119110882282257,6506,4,0.9182745218276978,-321.23443603515625,-13.225200653076172,1014.3310546875
18.43043999999645,0,,156.24330139160156,1.0,0.0,0.1127571240067482,6503,4,0.9183559417724609,-321.5641784667969,-13.224053382873535,1014.0496826171875
18.441580399987288,0,,156.3829803466797,1.0,0.0,0.11324314028024673,6505,4,0.9184374213218689,-321.8934326171875,-13.222875595092773,1013.7671508789062
18.45271959999809,0,,156.51853942871094,1.0,0.0,0.1141776442527771,6511,4,0.9184917211532593,-322.14007568359375,-13.221976280212402,1013.5545043945312
18.463975399994524,0,,156.68545532226562,1.0,0.0,0.11388019472360611,6522,4,0.9186003804206848,-322.5505065917969,-13.220452308654785,1013.1986083984375
18.4749394999817,0,,156.8168182373047,1.0,0.0,0.11257096379995346,6541,4,0.9186546802520752,-322.7964172363281,-13.219528198242188,1012.9842529296875
18.486120199988363,0,,156.98287963867188,1.0,0.0,0.11121132224798203,6564,4,0.9187904596328735,-323.4507751464844,-13.217045783996582,1012.4095458984375
18.497083599999314,0,,157.11695861816406,1.0,0.0,0.11121169477701187,6578,4,0.9188719391822815,-323.7772216796875,-13.215815544128418,1012.1204833984375
18.50791279997793,0,,157.28831481933594,1.0,0.0,0.10964756458997726,6580,4,0.9189262390136719,-324.0217590332031,-13.214908599853516,1011.9030151367188
18.51910959999077,0,,157.42881774902344,1.0,0.0,0.10866133868694305,6573,4,0.9190348386764526,-324.4287109375,-13.213441848754883,1011.5391235351562
18.530478899978334,0,,157.6068115234375,1.0,0.0,0.10961028933525085,6567,4,0.919089138507843,-324.67254638671875,-13.212592124938965,1011.3200073242188
18.54123729999992,0,,157.7472686767578,1.0,0.0,0.1107812374830246,6565,4,0.919170618057251,-324.99725341796875,-13.211493492126465,1011.02685546875
18.55206429999089,0,,157.88619995117188,1.0,0.0,0.11178041994571686,6567,4,0.9193063974380493,-325.6452941894531,-13.209431648254395,1010.4373779296875
18.562842299987096,0,,158.05661010742188,1.0,0.0,0.11112921684980392,6577,4,0.9193063974380493,-325.6452941894531,-13.209431648254395,1010.4373779296875
18.573642499977723,0,,158.19065856933594,1.0,0.0,0.11117882281541824,6588,4,0.9194693565368652,-326.2914733886719,-13.207555770874023,1009.843505859375
18.584687399998074,0,,158.32200622558594,1.0,0.0,0.11128240823745728,6605,4,0.9195236563682556,-326.5332946777344,-13.206900596618652,1009.6196899414062
18.595528099976946,0,,158.485107421875,1.0,0.0,0.10236858576536179,6623,4,0.9196051359176636,-326.85528564453125,-13.206066131591797,1009.3203125
18.60640109999804,0,,158.61639404296875,1.0,0.0,0.10970348864793777,6634,4,0.9196865558624268,-327.1767883300781,-13.205284118652344,1009.0198974609375
18.617513999983203,0,,158.74903869628906,1.0,0.0,0.1062968447804451,6636,4,0.9197409152984619,-327.4977722167969,-13.204541206359863,1008.7184448242188
18.628408399992622,0,,158.91653442382812,1.0,0.0,0.10305879265069962,6637,4,0.9198223352432251,-327.7381896972656,-13.204000473022461,1008.4916381835938
18.639515599992592,0,,159.05300903320312,1.0,0.0,0.10167983919382095,6636,4,0.9199581146240234,-328.3778381347656,-13.202583312988281,1007.8837890625
18.6504477999988,0,,159.2251739501953,1.0,0.0,0.10176148265600204,6645,4,0.9200395941734314,-328.69683837890625,-13.201848983764648,1007.5781860351562
18.66155799999251,0,,159.36447143554688,1.0,0.0,0.10271425545215607,6645,4,0.9201210737228394,-329.01531982421875,-13.201085090637207,1007.271484375
18.67238879998331,0,,159.50448608398438,1.0,0.0,0.1061977669596672,6646,4,0.9201753735542297,-329.25384521484375,-13.200486183166504,1007.0407104492188
18.683384599979036,0,,159.6788330078125,1.0,0.0,0.10811201483011246,6648,4,0.9202568531036377,-329.5713806152344,-13.199650764465332,1006.7320556640625
18.694522999983747,0,,159.81658935546875,1.0,0.0,0.11095385998487473,6650,4,0.9203383326530457,-329.9674987792969,-13.198555946350098,1006.3446655273438
18.70561189998989,0,,159.98715209960938,1.0,0.0,0.10560435801744461,6655,4,0.9204198122024536,-330.20477294921875,-13.19786548614502,1006.1113891601562
18.716664899984607,0,,160.12315368652344,1.0,0.0,0.10938619077205658,6661,4,0.9205556511878967,-330.8359069824219,-13.195892333984375,1005.4862670898438
18.72736089999671,0,,160.2559051513672,1.0,0.0,0.1147473081946373,6674,4,0.9206371307373047,-331.1506652832031,-13.194872856140137,1005.1720581054688
18.737979999976233,0,,160.42312622070312,1.0,0.0,0.11061780154705048,6688,4,0.9206914305686951,-331.3863830566406,-13.194108963012695,1004.9357299804688
18.748956799972802,0,,160.55734252929688,1.0,0.0,0.07215948402881622,6700,4,0.9208000898361206,-331.7785949707031,-13.19288158416748,1004.5404663085938
18.7595976999728,0,,160.69317626953125,1.0,0.0,0.08733534812927246,6704,4,0.920854389667511,-332.0135192871094,-13.192174911499023,1004.3025512695312
18.770708500000183,0,,160.86451721191406,1.0,0.0,0.07731419801712036,6708,4,0.920935869216919,-332.3262939453125,-13.191275596618652,1003.9844360351562
18.781387899973197,0,,161.0027618408203,1.0,0.0,0.07279641926288605,6711,4,0.9210173487663269,-332.63861083984375,-13.190415382385254,1003.6653442382812
18.792970199981937,0,,161.17454528808594,1.0,0.0,0.07554291188716888,6716,4,0.9210988283157349,-332.950439453125,-13.189591407775879,1003.34521484375
18.804386999981944,0,,161.31201171875,1.0,0.0,0.07497288286685944,6720,4,0.9212346076965332,-333.57269287109375,-13.188013076782227,1002.7020263671875
18.8154548999737,0,,161.48324584960938,1.0,0.0,0.07519906759262085,6728,4,0.9213160872459412,-333.8055419921875,-13.187434196472168,1002.4597778320312
18.826486899983138,0,,161.61993408203125,1.0,0.0,0.07617706805467606,6734,4,0.9213975071907043,-334.1155700683594,-13.18667221069336,1002.1359252929688
18.837785799987614,0,,161.75778198242188,1.0,0.0,0.07730750739574432,6740,4,0.9214518666267395,-334.4250793457031,-13.185914993286133,1001.8110961914062
18.84874879999552,0,,161.9320831298828,1.0,0.0,0.07792623341083527,6747,4,0.9215333461761475,-334.7341003417969,-13.18514633178711,1001.4852294921875
18.860148099978687,0,,162.07168579101562,1.0,0.0,0.08065471798181534,6753,4,0.9216962456703186,-335.35064697265625,-13.183510780334473,1000.8305053710938
18.871250500000315,0,,162.24725341796875,1.0,0.0,0.08207446336746216,6764,4,0.9217506051063538,-335.581298828125,-13.182846069335938,1000.5839233398438
18.88189859999693,0,,162.388671875,1.0,0.0,0.0838870257139206,6770,4,0.9218320250511169,-335.8883972167969,-13.181906700134277,1000.2542114257812
18.892832799989264,0,,162.53018188476562,1.0,0.0,0.08380448818206787,6772,4,0.9219135046005249,-336.1949768066406,-13.180896759033203,999.923583984375
18.90414889997919,0,,162.70774841308594,1.0,0.0,0.08322574943304062,6773,4,0.9219949841499329,-336.50103759765625,-13.179805755615234,999.5918579101562
18.91516309999861,0,,162.8505096435547,1.0,0.0,0.08280368149280548,6774,4,0.9220492839813232,-336.730224609375,-13.178925514221191,999.3424072265625
18.926080599980196,0,,163.02899169921875,1.0,0.0,0.0812164694070816,6778,4,0.9222121834754944,-337.3399963378906,-13.176319122314453,998.6744995117188
18.937104499986162,0,,163.17050170898438,1.0,0.0,0.08050177991390228,6783,4,0.9222664833068848,-337.5681457519531,-13.175244331359863,998.4229736328125
18.94801369999186,0,,163.34689331054688,1.0,0.0,0.07943318039178848,6793,4,0.9223751425743103,-337.9477233886719,-13.173323631286621,998.0025024414062
18.95860649997485,0,,163.48773193359375,1.0,0.0,0.07930935174226761,6801,4,0.9224294424057007,-338.17510986328125,-13.172096252441406,997.74951171875
18.969408199976897,0,,163.62930297851562,1.0,0.0,0.07909958809614182,6810,4,0.9224837422370911,-338.4021911621094,-13.170808792114258,997.4959716796875
18.980379599990556,0,,163.81057739257812,1.0,0.0,0.08063481748104095,6820,4,0.9225923418998718,-338.7800598144531,-13.168527603149414,997.0722045898438
18.991577399981907,0,,163.95594787597656,1.0,0.0,0.08231455832719803,6826,4,0.9227280616760254,-339.3078308105469,-13.165119171142578,996.4763793945312
19.002626899979077,0,,164.13818359375,1.0,0.0,0.08488190174102783,6831,4,0.9228094220161438,-339.6087951660156,-13.163127899169922,996.1346435546875
19.01417089998722,0,,164.283203125,1.0,0.0,0.08544885367155075,6834,4,0.9228636622428894,-339.8342590332031,-13.161626815795898,995.8777465820312
19.02482909997343,0,,164.42803955078125,1.0,0.0,0.08605092763900757,6836,4,0.9229450225830078,-340.13446044921875,-13.159626960754395,995.534423828125
19.035649799974635,0,,164.60475158691406,1.0,0.0,0.08599208295345306,6841,4,0.9230263829231262,-340.43426513671875,-13.157621383666992,995.190185546875
19.04650909997872,0,,164.74391174316406,1.0,0.0,0.0831313356757164,6848,4,0.9231078028678894,-340.7336120605469,-13.155601501464844,994.844970703125
19.057716499984963,0,,164.91748046875,1.0,0.0,0.08077149838209152,6859,4,0.9232434034347534,-341.2564392089844,-13.152081489562988,994.2388305664062
19.068840799998725,0,,165.05836486816406,1.0,0.0,0.08105340600013733,6871,4,0.9233247637748718,-341.5545959472656,-13.150094985961914,993.8912353515625
19.079681899980642,0,,165.20120239257812,1.0,0.0,0.07951072603464127,6882,4,0.9234061241149902,-341.7779541015625,-13.148614883422852,993.6299438476562
19.09107349999249,0,,165.37847900390625,1.0,0.0,0.07921551913022995,6893,4,0.9234874844551086,-342.1496887207031,-13.146184921264648,993.1934204101562
19.102302799990866,0,,165.52227783203125,1.0,0.0,0.07887474447488785,6898,4,0.9235689043998718,-342.3724060058594,-13.144744873046875,992.9308471679688
19.112889099982567,0,,165.7039337158203,1.0,0.0,0.08038720488548279,6900,4,0.923731803894043,-342.9652099609375,-13.140938758850098,992.228271484375
19.123921699996572,0,,165.84976196289062,1.0,0.0,0.08175637573003769,6900,4,0.9237861037254333,-343.18707275390625,-13.139517784118652,991.9639282226562
19.13503320000018,0,,165.993408203125,1.0,0.0,0.08116856962442398,6900,4,0.9238675832748413,-343.4825439453125,-13.137636184692383,991.6106567382812
19.146142299985513,0,,166.1726531982422,1.0,0.0,0.08021116256713867,6902,4,0.9239490032196045,-343.777587890625,-13.13576602935791,991.2565307617188
19.15718169999309,0,,166.31552124023438,1.0,0.0,0.08022686839103699,6907,4,0.9240033030509949,-343.99859619140625,-13.134367942810059,990.9902954101562
19.16848100000061,0,,166.4911651611328,1.0,0.0,0.07871384918689728,6918,4,0.924166202545166,-344.58673095703125,-13.130619049072266,990.2781372070312
19.17916339999647,0,,166.6306610107422,1.0,0.0,0.07858055084943771,6929,4,0.924247682094574,-344.88018798828125,-13.12876033782959,989.9207153320312
19.189934699999867,0,,166.77183532714844,1.0,0.0,0.07803872972726822,6940,4,0.9243019819259644,-345.1000061035156,-13.127385139465332,989.6521606445312
19.200863899983233,0,,166.9477081298828,1.0,0.0,0.0775240883231163,6952,4,0.9243834018707275,-345.3927001953125,-13.125592231750488,989.2932739257812
19.21201459999429,0,,167.0875244140625,1.0,0.0,0.07755900174379349,6958,4,0.9244648814201355,-345.68499755859375,-13.123828887939453,988.9335327148438
19.22335329998168,0,,167.2615966796875,1.0,0.0,0.0775228887796402,6962,4,0.9245463013648987,-345.9039306640625,-13.122513771057129,988.6632080078125
19.234633499989286,0,,167.4013214111328,1.0,0.0,0.07589855045080185,6963,4,0.9247092008590698,-346.48651123046875,-13.118956565856934,987.9398803710938
19.245503499987535,0,,167.5767364501953,1.0,0.0,0.07512059807777405,6966,4,0.9247635006904602,-346.70452880859375,-13.117594718933105,987.6677856445312
19.256732199981343,0,,167.71905517578125,1.0,0.0,0.0746108889579773,6970,4,0.924872100353241,-347.0672912597656,-13.11528205871582,987.2131958007812
19.267697299976135,0,,167.8957977294922,1.0,0.0,0.07489858567714691,6976,4,0.9249264001846313,-347.28460693359375,-13.11386775970459,986.9397583007812
19.278705199976685,0,,168.03550720214844,1.0,0.0,0.07522702217102051,6981,4,0.9250078797340393,-347.5739440917969,-13.111942291259766,986.5744018554688
19.28978919997462,0,,168.17515563964844,1.0,0.0,0.07561978697776794,6986,4,0.9251435995101929,-348.07916259765625,-13.108407974243164,985.9330444335938
19.300460999977076,0,,168.3488311767578,1.0,0.0,0.07593692094087601,6992,4,0.9252250790596008,-348.3671875,-13.106245040893555,985.5653076171875
19.311174599977676,0,,168.48731994628906,1.0,0.0,0.07597482949495316,6997,4,0.925306499004364,-348.6546936035156,-13.103963851928711,985.1966552734375
19.321822099998826,0,,168.6259002685547,1.0,0.0,0.07593464851379395,7003,4,0.925387978553772,-348.8699951171875,-13.102181434631348,984.9196166992188
19.332695599994622,0,,168.80072021484375,1.0,0.0,0.07647514343261719,7009,4,0.9254693984985352,-349.1566467285156,-13.099716186523438,984.5494995117188
19.343394099996658,0,,168.94009399414062,1.0,0.0,0.07698079943656921,7014,4,0.9255508780479431,-349.44281005859375,-13.09716796875,984.178466796875
19.354401299991878,0,,169.0792236328125,1.0,0.0,0.07808100432157516,7019,4,0.9256323575973511,-349.7284851074219,-13.094517707824707,983.8065795898438
19.365158799977507,0,,169.21864318847656,1.0,0.0,0.07832466810941696,7024,4,0.9257952570915222,-350.29833984375,-13.088944435119629,983.0602416992188
19.375924799998756,0,,169.39158630371094,1.0,0.0,0.0787135660648346,7030,4,0.9258495569229126,-350.5115661621094,-13.086788177490234,982.779541015625
19.387225499987835,0,,169.52841186523438,1.0,0.0,0.0790538489818573,7036,4,0.925903856754303,-350.7245178222656,-13.084620475769043,982.498291015625
19.39816279997467,0,,169.6984405517578,1.0,0.0,0.07791773974895477,7043,4,0.9260124564170837,-351.0788879394531,-13.080967903137207,982.028564453125
19.40906469998299,0,,169.8331756591797,1.0,0.0,0.07714764773845673,7050,4,0.9260667562484741,-351.2911376953125,-13.07874870300293,981.7461547851562
19.420512599986978,0,,169.99984741210938,1.0,0.0,0.07537542283535004,7059,4,0.9262568354606628,-351.8558654785156,-13.072715759277344,980.9906616210938
19.431297299975995,0,,170.1347198486328,1.0,0.0,0.07435835152864456,7067,4,0.9263111352920532,-352.0671691894531,-13.070423126220703,980.70654296875
19.442148699978134,0,,170.27027893066406,1.0,0.0,0.07435300946235657,7074,4,0.9263926148414612,-352.3484802246094,-13.067360877990723,980.3269653320312
19.45356239998364,0,,170.43980407714844,1.0,0.0,0.07448647171258926,7082,4,0.9264740943908691,-352.6293640136719,-13.064291000366211,979.9465942382812
19.464488599973265,0,,170.57627868652344,1.0,0.0,0.07427247613668442,7086,4,0.9265555143356323,-352.9097900390625,-13.061196327209473,979.5654296875
19.475951799977338,0,,170.74742126464844,1.0,0.0,0.07508143782615662,7090,4,0.9266098141670227,-353.1197814941406,-13.05885124206543,979.279052734375
19.48723189998418,0,,170.88409423828125,1.0,0.0,0.07588768005371094,7093,4,0.9267998933792114,-353.6784973144531,-13.052498817443848,978.5130615234375
19.498053899995284,0,,171.055419921875,1.0,0.0,0.07686606794595718,7096,4,0.9268541932106018,-353.8875427246094,-13.050089836120605,978.2249755859375
19.50892809999641,0,,171.191162109375,1.0,0.0,0.08206982910633087,7100,4,0.9269628524780273,-354.2353820800781,-13.046060562133789,977.743896484375
19.520201699982863,0,,171.3258056640625,1.0,0.0,0.08271320909261703,7105,4,0.9270171523094177,-354.4437561035156,-13.043628692626953,977.45458984375
19.531225899991114,0,,171.4918975830078,1.0,0.0,0.08227799832820892,7112,4,0.9270985722541809,-354.72113037109375,-13.040376663208008,977.0681762695312
19.541949599981308,0,,171.6233673095703,1.0,0.0,0.08110475540161133,7119,4,0.9272342920303345,-355.2054138183594,-13.034671783447266,976.3900756835938
19.55354459999944,0,,171.786376953125,1.0,0.0,0.08513884246349335,7129,4,0.9273428916931152,-355.4814758300781,-13.031413078308105,976.00146484375
19.564681999996537,0,,171.91656494140625,1.0,0.0,0.08636225759983063,7137,4,0.9274243712425232,-355.7570495605469,-13.028152465820312,975.6121215820312
19.576036899990868,0,,172.0787353515625,1.0,0.0,0.08369571715593338,7146,4,0.9274786710739136,-355.96343994140625,-13.025712013244629,975.3195190429688
19.587317599973176,0,,172.20779418945312,1.0,0.0,0.0757940337061882,7153,4,0.9275600910186768,-356.2381591796875,-13.022455215454102,974.9287719726562
19.59812849998707,0,,172.37220764160156,1.0,0.0,0.08301322907209396,7160,4,0.9277229905128479,-356.78607177734375,-13.01591968536377,974.1448974609375
19.609228199988138,0,,172.50408935546875,1.0,0.0,0.08023529499769211,7164,4,0.9278044104576111,-356.99102783203125,-13.013446807861328,973.85009765625
19.62044159998186,0,,172.6717529296875,1.0,0.0,0.08145058900117874,7167,4,0.927885890007019,-357.26385498046875,-13.010125160217285,973.4563598632812
19.631559699977515,0,,172.80654907226562,1.0,0.0,0.0853252038359642,7170,4,0.9279673099517822,-357.53619384765625,-13.006795883178711,973.061767578125
19.642467199999373,0,,172.94117736816406,1.0,0.0,0.07910563796758652,7172,4,0.9280216693878174,-357.7401123046875,-13.004302024841309,972.765380859375
19.65346309999586,0,,173.10658264160156,1.0,0.0,0.08249229937791824,7175,4,0.9281845688819885,-358.2825622558594,-12.997697830200195,971.9727172851562
19.664620199997444,0,,173.2366943359375,1.0,0.0,0.08175196498632431,7179,4,0.9282660484313965,-358.5530090332031,-12.994406700134277,971.5752563476562
19.675866899982793,0,,173.39454650878906,1.0,0.0,0.08564837276935577,7186,4,0.9283746480941772,-358.8229675292969,-12.991127014160156,971.1769409179688
19.687276099983137,0,,173.51918029785156,1.0,0.0,0.07610203325748444,7195,4,0.9284289479255676,-359.02508544921875,-12.988677024841309,970.877685546875
19.69810239999788,0,,173.67367553710938,1.0,0.0,0.08097269386053085,7208,4,0.9285104274749756,-359.29412841796875,-12.985428810119629,970.47802734375
19.709269599989057,0,,173.79830932617188,1.0,0.0,0.07136774808168411,7219,4,0.9286733269691467,-359.8305969238281,-12.978996276855469,969.6764526367188
19.720493299973896,0,,173.95779418945312,1.0,0.0,0.07335912436246872,7230,4,0.9287548065185547,-360.0312194824219,-12.976591110229492,969.375
19.731637899996713,0,,174.08705139160156,1.0,0.0,0.07449711114168167,7235,4,0.9288362860679626,-360.29827880859375,-12.973397254943848,968.9724731445312
19.742471799982013,0,,174.2179718017578,1.0,0.0,0.07517341524362564,7238,4,0.9289177656173706,-360.5647888183594,-12.970222473144531,968.5691528320312
19.753606699989177,0,,174.38119506835938,1.0,0.0,0.07764606922864914,7236,4,0.9289721250534058,-360.76434326171875,-12.9678373336792,968.26611328125
19.764394400001038,0,,174.510986328125,1.0,0.0,0.08390204608440399,7234,4,0.9290536046028137,-361.0299072265625,-12.964654922485352,967.8614501953125
19.775570499972673,0,,174.67068481445312,1.0,0.0,0.0783814936876297,7233,4,0.9292165637016296,-361.4933166503906,-12.958996772766113,967.1512451171875
19.787033599975985,0,,174.79798889160156,1.0,0.0,0.07843051850795746,7236,4,0.9293252229690552,-361.8232421875,-12.954856872558594,966.6425170898438
19.797847799985902,0,,174.9545135498047,1.0,0.0,0.08021742850542068,7243,4,0.9293795228004456,-362.020751953125,-12.952335357666016,966.336669921875
19.808748299983563,0,,175.07785034179688,1.0,0.0,0.07947760075330734,7252,4,0.9294338822364807,-362.2179260253906,-12.949783325195312,966.0303344726562
19.81984869998996,0,,175.15045166015625,1.0,0.0,0.07943227887153625,7184,1,0.9295425415039062,-362.54583740234375,-12.945462226867676,965.5188598632812
19.830631299992092,0,,175.09201049804688,1.0,0.0,0.07945404201745987,7099,1,0.9296240210533142,-362.7420959472656,-12.942815780639648,965.2113647460938
19.841653699986637,0,,175.0349578857422,1.0,0.0,0.09804121404886246,7032,1,0.9297868013381958,-363.2633361816406,-12.935532569885254,964.3899536132812
19.8526462999871,0,,174.97933959960938,1.0,0.0,0.10138741880655289,6965,1,0.9298410415649414,-363.4579162597656,-12.932719230651855,964.0814819335938
19.863273599999957,0,,174.90875244140625,1.0,0.0,0.09783433377742767,6882,1,0.9299224019050598,-363.716552734375,-12.928916931152344,963.669921875
19.87432689999696,0,,174.90731811523438,1.0,0.0,0.08807520568370819,6424,5,0.9300309419631958,-363.97430419921875,-12.925068855285645,963.2579956054688
19.88548919997993,0,,175.010986328125,1.0,0.0,0.08696222305297852,6641,5,0.9300851821899414,-364.1669921875,-12.922148704528809,962.94873046875
19.896284599992214,0,,175.10208129882812,1.0,0.0,0.08439353108406067,6601,5,0.930247962474823,-364.6788024902344,-12.914148330688477,962.122314453125
19.90709049999714,0,,175.2304229736328,1.0,0.0,0.08382545411586761,6416,5,0.9303293824195862,-364.8699951171875,-12.911073684692383,961.8116455078125
19.918093799991766,0,,175.4543914794922,1.0,0.0,0.08149067312479019,6109,5,0.9304107427597046,-365.12432861328125,-12.906944274902344,961.3968505859375
19.9290724999737,0,,175.64935302734375,1.0,0.0,0.08134880661964417,5909,5,0.9304921627044678,-365.3780822753906,-12.902788162231445,960.9811401367188
19.940060799999628,0,,175.8260498046875,1.0,0.0,0.08380027860403061,5811,5,0.9305464625358582,-365.56805419921875,-12.899665832519531,960.6687622070312
19.951145599974552,0,,175.9903106689453,1.0,0.0,0.08617258816957474,5851,5,0.9307364821434021,-366.0730895996094,-12.891266822814941,959.8331298828125
19.96240159997251,0,,176.07760620117188,1.0,0.0,0.09094151854515076,5978,5,0.9308179020881653,-366.3246765136719,-12.887036323547363,959.4140625
19.973180099972524,0,,176.15560913085938,1.0,0.0,0.0928119421005249,6171,5,0.9308722019195557,-366.5129089355469,-12.883858680725098,959.0992431640625
19.98380879999604,0,,176.21380615234375,1.0,0.0,0.09612523019313812,6289,5,0.9309536814689636,-366.76324462890625,-12.879646301269531,958.678955078125
19.994754099985585,0,,176.28465270996094,1.0,0.0,0.09631574898958206,6340,5,0.9310351014137268,-367.0128479003906,-12.875495910644531,958.258056640625
20.005959299975075,0,,176.4037322998047,1.0,0.0,0.09451492875814438,6308,5,0.9311165809631348,-367.1995544433594,-12.872432708740234,957.9419555664062
20.016726799978642,0,,176.5215301513672,1.0,0.0,0.09236453473567963,6230,5,0.9312794208526611,-367.69549560546875,-12.864391326904297,957.0971069335938
20.0275395999779,0,,176.65090942382812,1.0,0.0,0.08918335288763046,6145,5,0.9313337206840515,-367.8807373046875,-12.86140251159668,956.7794799804688
20.03835639997851,0,,176.81658935546875,1.0,0.0,0.08410494029521942,6073,5,0.931442379951477,-368.1885986328125,-12.856429100036621,956.2491455078125
20.04923659999622,0,,176.9425811767578,1.0,0.0,0.08262237161397934,6063,5,0.931523859500885,-368.372802734375,-12.853466033935547,955.9302978515625
20.06022829998983,0,,177.08399963378906,1.0,0.0,0.08324243873357773,6104,5,0.9316052794456482,-368.61785888671875,-12.849549293518066,955.5045166015625
20.071150499978103,0,,177.18353271484375,1.0,0.0,0.09613656997680664,6158,5,0.9316867589950562,-368.8622131347656,-12.84567642211914,955.0779418945312
20.082659499981673,0,,177.27532958984375,1.0,0.0,0.10295695066452026,6210,5,0.9318497180938721,-369.2882080078125,-12.839044570922852,954.3296508789062
20.09336469997652,0,,177.39035034179688,1.0,0.0,0.12428748607635498,6249,5,0.93193119764328,-369.5306091308594,-12.835319519042969,953.9010620117188
20.104530799988424,0,,177.48680114746094,1.0,0.0,0.12430928647518158,6252,5,0.932012677192688,-369.772216796875,-12.831624984741211,953.4717407226562
20.115281099977437,0,,177.61370849609375,1.0,0.0,0.1193791925907135,6229,5,0.9320669770240784,-369.952880859375,-12.828866958618164,953.1492309570312
20.12646859997767,0,,177.72268676757812,1.0,0.0,0.11909615248441696,6204,5,0.9321756362915039,-370.19305419921875,-12.825199127197266,952.7185668945312
20.137339899985818,0,,177.8361358642578,1.0,0.0,0.1146477684378624,6183,5,0.9322570562362671,-370.432373046875,-12.82153606414795,952.287109375
20.148122099984903,0,,177.97654724121094,1.0,0.0,0.11240002512931824,6175,5,0.9324199557304382,-370.90850830078125,-12.814167022705078,951.4216918945312
20.15919269999722,0,,178.08468627929688,1.0,0.0,0.11227080225944519,6183,5,0.9324741959571838,-371.086181640625,-12.81137752532959,951.0963745117188
20.17028539997409,0,,178.21377563476562,1.0,0.0,0.11345287412405014,6199,5,0.9325827956199646,-371.3223571777344,-12.807634353637695,950.6618041992188
20.180996999988565,0,,178.31227111816406,1.0,0.0,0.1136375442147255,6214,5,0.9326642155647278,-371.5576171875,-12.803845405578613,950.2265014648438
20.191966299986234,0,,178.4098663330078,1.0,0.0,0.11366687715053558,6233,5,0.932745635509491,-371.7919921875,-12.799985885620117,949.7903442382812
20.202671899984125,0,,178.53334045410156,1.0,0.0,0.11314183473587036,6247,5,0.9327999353408813,-371.9671630859375,-12.797030448913574,949.4627075195312
20.21367040000041,0,,178.6339569091797,1.0,0.0,0.11236373335123062,6249,5,0.9329899549484253,-372.4317626953125,-12.788955688476562,948.5868530273438
20.224763199978042,0,,178.7382354736328,1.0,0.0,0.11146325618028641,6240,5,0.9330713748931885,-372.6626892089844,-12.784857749938965,948.147705078125
20.235754799999995,0,,178.8726043701172,1.0,0.0,0.11111792176961899,6233,5,0.9331528544425964,-372.8927307128906,-12.780747413635254,947.707763671875
20.24649789999239,0,,178.98080444335938,1.0,0.0,0.11262637376785278,6231,5,0.9332343339920044,-373.12188720703125,-12.776641845703125,947.2670288085938
20.25763109998661,0,,179.11228942871094,1.0,0.0,0.11374706029891968,6238,5,0.9333157539367676,-373.2931823730469,-12.773571014404297,946.9359741210938
20.268643699993845,0,,179.21661376953125,1.0,0.0,0.11491907387971878,6245,5,0.9333972334861755,-373.5208435058594,-12.76952838897705,946.493896484375
20.279631099983817,0,,179.31787109375,1.0,0.0,0.11426948755979538,6251,5,0.9334787130355835,-373.7476501464844,-12.765555381774902,946.051025390625
20.290697399992496,0,,179.43984985351562,1.0,0.0,0.1128278374671936,6261,5,0.9336687922477722,-374.1986999511719,-12.757883071899414,945.1630859375
20.30173539998941,0,,179.53538513183594,1.0,0.0,0.11136684566736221,6268,5,0.9337230920791626,-374.3669128417969,-12.755095481872559,944.8292846679688
20.312659299990628,0,,179.65325927734375,1.0,0.0,0.10694608837366104,6276,5,0.9338045120239258,-374.5904541015625,-12.751439094543457,944.3836059570312
20.323552699992433,0,,179.7482147216797,1.0,0.0,0.10412155836820602,6282,5,0.9338859915733337,-374.81304931640625,-12.74785041809082,943.9371948242188
20.33458769999561,0,,179.84544372558594,1.0,0.0,0.10216236859560013,6286,5,0.9339945912361145,-375.0346984863281,-12.74429702758789,943.4899291992188
20.345539899979485,0,,179.96994018554688,1.0,0.0,0.10130417346954346,6296,5,0.9340488910675049,-375.2002868652344,-12.74165153503418,943.154052734375
20.356370499997865,0,,180.072021484375,1.0,0.0,0.10221191495656967,6294,5,0.934211790561676,-375.6392517089844,-12.73458480834961,942.256103515625
20.367486099974485,0,,180.1753692626953,1.0,0.0,0.10616667568683624,6290,5,0.9343203902244568,-375.8572082519531,-12.730996131896973,941.8059692382812
20.37860979998368,0,,180.30880737304688,1.0,0.0,0.10904086381196976,6285,5,0.9344018697738647,-376.07415771484375,-12.727343559265137,941.35498046875
20.389695199992275,0,,180.414306640625,1.0,0.0,0.11503201723098755,6282,5,0.9344832897186279,-376.2900695800781,-12.723631858825684,940.9031982421875
20.400361299980432,0,,180.5430908203125,1.0,0.0,0.11733938008546829,6283,5,0.9345375895500183,-376.4513244628906,-12.720818519592285,940.5638427734375
20.41142899999977,0,,180.64273071289062,1.0,0.0,0.11904884874820709,6287,5,0.9346461892127991,-376.7188415527344,-12.71608829498291,939.9971923828125
20.422495799983153,0,,180.7387237548828,1.0,0.0,0.11745042353868484,6297,5,0.934727668762207,-376.87860107421875,-12.713229179382324,939.6566772460938
20.43396439999924,0,,180.85726928710938,1.0,0.0,0.11328717321157455,6306,5,0.9348905682563782,-377.3017883300781,-12.705575942993164,938.746337890625
20.444972899975255,0,,180.9515838623047,1.0,0.0,0.11142154037952423,6313,5,0.9349719882011414,-377.5118713378906,-12.701748847961426,938.2900390625
20.45577939998475,0,,181.0692901611328,1.0,0.0,0.13733038306236267,6322,5,0.9350534677505493,-377.66876220703125,-12.698901176452637,937.9473266601562
20.466513299994403,0,,181.16510009765625,1.0,0.0,0.13246789574623108,6329,5,0.9351620674133301,-377.9290466308594,-12.694219589233398,937.3751831054688
20.47711259999778,0,,181.2577667236328,1.0,0.0,0.12517862021923065,6334,5,0.9352163672447205,-378.0844421386719,-12.691442489624023,937.0313720703125
20.488124399998924,0,,181.37660217285156,1.0,0.0,0.14529161155223846,6338,5,0.9353249669075012,-378.2907409667969,-12.687761306762695,936.572265625
20.498983299999963,0,,181.47247314453125,1.0,0.0,0.1404586136341095,6339,5,0.9354063868522644,-378.4959411621094,-12.684082984924316,936.1124267578125
20.510170599998673,0,,181.56776428222656,1.0,0.0,0.14477945864200592,6340,5,0.9354878664016724,-378.70001220703125,-12.680380821228027,935.6517333984375
20.521323399996618,0,,181.68540954589844,1.0,0.0,0.15865549445152283,6345,5,0.9356507658958435,-379.10479736328125,-12.67287826538086,934.7280883789062
20.532442399999127,0,,181.78152465820312,1.0,0.0,0.1742853820323944,6345,5,0.9357321858406067,-379.25537109375,-12.670013427734375,934.380859375
20.543393399973866,0,,181.90367126464844,1.0,0.0,0.17070911824703217,6346,5,0.9358136653900146,-379.455078125,-12.666143417358398,933.9171752929688
20.554219499987084,0,,181.99928283691406,1.0,0.0,0.18566352128982544,6349,5,0.9358950853347778,-379.6535949707031,-12.662227630615234,933.4527587890625
20.56520610000007,0,,182.11648559570312,1.0,0.0,0.1773352175951004,6355,5,0.9360036849975586,-379.8509216308594,-12.658280372619629,932.9874877929688
20.575875299982727,0,,182.20822143554688,1.0,0.0,0.18853014707565308,6355,5,0.936057984828949,-379.9981384277344,-12.655316352844238,932.6380004882812
20.586980199994287,0,,182.29820251464844,1.0,0.0,0.19252793490886688,6356,5,0.9362208843231201,-380.3874206542969,-12.6473970413208,931.7039794921875
20.598291499976767,0,,182.40798950195312,1.0,0.0,0.19422882795333862,6362,5,0.9363294839859009,-380.58026123046875,-12.643431663513184,931.2357788085938
20.609227299981285,0,,182.4941864013672,1.0,0.0,0.19081367552280426,6371,5,0.9364109039306641,-380.77191162109375,-12.639537811279297,930.766845703125
20.62034309998853,0,,182.5804443359375,1.0,0.0,0.188369020819664,6383,5,0.9364923238754272,-380.96240234375,-12.63576889038086,930.2972412109375
20.631348399998387,0,,182.683837890625,1.0,0.0,0.18260294198989868,6398,5,0.9365738034248352,-381.10455322265625,-12.633044242858887,929.9445190429688
20.64250919999904,0,,182.76364135742188,1.0,0.0,0.17905688285827637,6408,5,0.9366823434829712,-381.34002685546875,-12.628717422485352,929.3557739257812
20.65337719998206,0,,182.86090087890625,1.0,0.0,0.1711045205593109,6416,5,0.9367366433143616,-381.48040771484375,-12.626225471496582,929.001953125
20.664859899989096,0,,182.9410400390625,1.0,0.0,0.1672287881374359,6419,5,0.9369266629219055,-381.85125732421875,-12.619829177856445,928.0565185546875
20.676026499975706,0,,183.0462646484375,1.0,0.0,0.16266252100467682,6422,5,0.9370080828666687,-382.0347595214844,-12.616766929626465,927.5826416015625
20.687561599974288,0,,183.1368865966797,1.0,0.0,0.1622903048992157,6423,5,0.9370623826980591,-382.17156982421875,-12.614527702331543,927.226806640625
20.698739699990256,0,,183.25172424316406,1.0,0.0,0.1685926914215088,6422,5,0.9371709823608398,-382.3979187011719,-12.610899925231934,926.6327514648438
20.709815099980915,0,,183.3396759033203,1.0,0.0,0.17378363013267517,6419,5,0.9372795224189758,-382.5775146484375,-12.608072280883789,926.1566162109375
20.720691700000316,0,,183.445068359375,1.0,0.0,0.17982666194438934,6415,5,0.9373338222503662,-382.7113037109375,-12.605978965759277,925.7990112304688
20.731705599988345,0,,183.52978515625,1.0,0.0,0.18139421939849854,6412,5,0.937442421913147,-382.9325866699219,-12.60250473022461,925.2020263671875
20.74268639998627,0,,183.61062622070312,1.0,0.0,0.18344947695732117,6413,5,0.9375238418579102,-383.0642395019531,-12.600398063659668,924.84326171875
20.753825799998594,0,,183.7096710205078,1.0,0.0,0.17785276472568512,6420,5,0.9377138614654541,-383.45440673828125,-12.594008445739746,923.7643432617188
20.764897099987138,0,,183.7869415283203,1.0,0.0,0.14969658851623535,6430,5,0.9377681612968445,-383.5828552246094,-12.591893196105957,923.4038696289062
20.77559529998689,0,,183.88442993164062,1.0,0.0,0.1567462533712387,6448,5,0.9378767609596252,-383.7528991699219,-12.589116096496582,922.922607421875
20.786681799974758,0,,183.95811462402344,1.0,0.0,0.11723953485488892,6454,5,0.937985360622406,-383.9634704589844,-12.585707664489746,922.3200073242188
20.797350099979667,0,,184.03346252441406,1.0,0.0,0.10578586161136627,6456,5,0.9380396604537964,-384.08868408203125,-12.583674430847168,921.9578857421875
20.808419999986654,0,,184.1310272216797,1.0,0.0,0.09580386430025101,6462,5,0.9381210803985596,-384.2543640136719,-12.58095932006836,921.474365234375
20.819409299991094,0,,184.20909118652344,1.0,0.0,0.08974961191415787,6464,5,0.9382568597793579,-384.45941162109375,-12.577530860900879,920.8690185546875
20.830382499989355,0,,184.31539916992188,1.0,0.0,0.09178762882947922,6471,5,0.9383111596107483,-384.58135986328125,-12.57545280456543,920.5053100585938
20.841324999986682,0,,184.4034881591797,1.0,0.0,0.08910834789276123,6469,5,0.9383925795555115,-384.7426452636719,-12.572657585144043,920.0196533203125
20.852252499986207,0,,184.49192810058594,1.0,0.0,0.08018147200345993,6465,5,0.9385826587677002,-385.060791015625,-12.566845893859863,919.0462036132812
20.86344149999786,0,,184.60299682617188,1.0,0.0,0.08720813691616058,6460,5,0.9386641383171082,-385.2175598144531,-12.563794136047363,918.558349609375
20.874664099974325,0,,184.69305419921875,1.0,0.0,0.08771088719367981,6456,5,0.9387727379798889,-385.411376953125,-12.559802055358887,917.9474487304688
20.88540849997662,0,,184.80477905273438,1.0,0.0,0.0735551118850708,6453,5,0.9388542175292969,-385.5264892578125,-12.55730152130127,917.580322265625
20.896532999991905,0,,184.89454650878906,1.0,0.0,0.08474040031433105,6452,5,0.9389356970787048,-385.6786193847656,-12.553837776184082,917.0902709960938
20.90754939999897,0,,184.98463439941406,1.0,0.0,0.06336279958486557,6458,5,0.9390442967414856,-385.86669921875,-12.549327850341797,916.4766235351562
20.918602199992165,0,,185.1024169921875,1.0,0.0,0.05201086774468422,6461,5,0.939098596572876,-385.97845458984375,-12.546537399291992,916.1078491210938
20.929543599981116,0,,185.19888305664062,1.0,0.0,0.05580271780490875,6462,5,0.9392071962356567,-386.1261901855469,-12.542738914489746,915.6156616210938
20.940663999994285,0,,185.32113647460938,1.0,0.0,0.06500900536775589,6464,5,0.9392886757850647,-386.2725830078125,-12.5388822555542,915.1227416992188
20.951785899989773,0,,185.42190551757812,1.0,0.0,0.07333289831876755,6464,5,0.9393700957298279,-386.41766357421875,-12.534984588623047,914.629150390625
20.962636099982774,0,,185.52243041992188,1.0,0.0,0.07599996030330658,6464,5,0.9395601749420166,-386.70404052734375,-12.527212142944336,913.6400146484375
20.973779099993408,0,,185.64222717285156,1.0,0.0,0.07393302768468857,6465,5,0.9396416544914246,-386.845458984375,-12.523419380187988,913.14453125
20.984757099999115,0,,185.7349395751953,1.0,0.0,0.07292492687702179,6469,5,0.9397230744361877,-386.9857177734375,-12.519737243652344,912.6484375
20.996062799997162,0,,185.84954833984375,1.0,0.0,0.06763657927513123,6478,5,0.9398317337036133,-387.1248779296875,-12.516149520874023,912.1517333984375
21.00675269999192,0,,185.94158935546875,1.0,0.0,0.0641980692744255,6490,5,0.9399131536483765,-387.26287841796875,-12.512653350830078,911.6544189453125
21.018004099983955,0,,186.06040954589844,1.0,0.0,0.059970609843730927,6506,5,0.9399946331977844,-387.3998107910156,-12.509269714355469,911.1566162109375
21.02899179997621,0,,186.15875244140625,1.0,0.0,0.05902937799692154,6516,5,0.9401032328605652,-387.5357360839844,-12.506020545959473,910.658203125
21.04004989998066,0,,186.26300048828125,1.0,0.0,0.06006736308336258,6523,5,0.9401846528053284,-387.67059326171875,-12.502882957458496,910.1592407226562
21.050962799985427,0,,186.39804077148438,1.0,0.0,0.06454797089099884,6516,5,0.9403747320175171,-387.9371337890625,-12.496750831604004,909.1596069335938
21.062125299999025,0,,186.5095672607422,1.0,0.0,0.06755746155977249,6505,5,0.9404290318489075,-388.0360107421875,-12.494477272033691,908.7841186523438
21.072861900000134,0,,186.65162658691406,1.0,0.0,0.07407557964324951,6491,5,0.9405105113983154,-388.1669006347656,-12.49145221710205,908.2830200195312
21.084040999994613,0,,186.76373291015625,1.0,0.0,0.07634114474058151,6484,5,0.9406191110610962,-388.3291015625,-12.487700462341309,907.65576171875
21.09527099999832,0,,186.8982391357422,1.0,0.0,0.07727087289094925,6488,5,0.9407005906105042,-388.4256591796875,-12.485451698303223,907.2789306640625
21.10644519998459,0,,187.0052490234375,1.0,0.0,0.07734651863574982,6499,5,0.9407820105552673,-388.5535583496094,-12.482465744018555,906.7760620117188
21.117269699985627,0,,187.10870361328125,1.0,0.0,0.07599122822284698,6511,5,0.9408906102180481,-388.68048095703125,-12.479508399963379,906.2726440429688
21.128430299984757,0,,187.23350524902344,1.0,0.0,0.0731661394238472,6526,5,0.940972089767456,-388.8064880371094,-12.47659969329834,905.7686767578125
21.13984179997351,0,,187.33236694335938,1.0,0.0,0.06711865961551666,6535,5,0.9411621689796448,-389.0556945800781,-12.470922470092773,904.7591552734375
21.150720399979036,0,,187.46270751953125,1.0,0.0,0.06989064067602158,6542,5,0.941243588924408,-389.1789245605469,-12.468091011047363,904.2536010742188
21.16168569997535,0,,187.57078552246094,1.0,0.0,0.07356312870979309,6543,5,0.9413250684738159,-389.3011779785156,-12.465208053588867,903.74755859375
21.172647799976403,0,,187.68101501464844,1.0,0.0,0.06826339662075043,6543,5,0.9414336681365967,-389.42254638671875,-12.46226692199707,903.240966796875
21.18337220000103,0,,187.8217010498047,1.0,0.0,0.09474293142557144,6541,5,0.9415150880813599,-389.54302978515625,-12.459274291992188,902.73388671875
21.19455190000008,0,,187.93722534179688,1.0,0.0,0.10144036263227463,6539,5,0.941569447517395,-389.63275146484375,-12.456974983215332,902.3532104492188
21.205826999997953,0,,188.08114624023438,1.0,0.0,0.10490789264440536,6538,5,0.9416780471801758,-389.7811279296875,-12.453019142150879,901.7180786132812
21.216875899990555,0,,188.1952667236328,1.0,0.0,0.11408796161413193,6539,5,0.9417866468429565,-389.8987731933594,-12.449746131896973,901.2093505859375
21.227835999976378,0,,188.33314514160156,1.0,0.0,0.1196821853518486,6544,5,0.9419766664505005,-390.1313171386719,-12.443105697631836,900.1902465820312
21.238876199990045,0,,188.44192504882812,1.0,0.0,0.11691609770059586,6550,5,0.9420310258865356,-390.21759033203125,-12.440618515014648,899.8075561523438
21.250132599991048,0,,188.54806518554688,1.0,0.0,0.1245017722249031,6556,5,0.9421124458312988,-390.33184814453125,-12.437286376953125,899.296875
21.261097899987362,0,,188.6775360107422,1.0,0.0,0.12480627000331879,6566,5,0.9422210454940796,-390.4451904296875,-12.433968544006348,898.78564453125
21.27182179997908,0,,188.77919006347656,1.0,0.0,0.11927970498800278,6575,5,0.9423025250434875,-390.55767822265625,-12.430713653564453,898.27392578125
21.282605499989586,0,,188.90509033203125,1.0,0.0,0.1175251379609108,6587,5,0.9423839449882507,-390.6692810058594,-12.427555084228516,897.7617797851562
21.293455399980303,0,,189.0048065185547,1.0,0.0,0.11252328753471375,6594,5,0.9424926042556763,-390.7799987792969,-12.424495697021484,897.2490844726562
21.3042786999722,0,,189.1105499267578,1.0,0.0,0.10716410726308823,6601,5,0.9425740242004395,-390.8898010253906,-12.421486854553223,896.7359619140625
21.315374099998735,0,,189.24789428710938,1.0,0.0,0.10644061863422394,6605,5,0.9427640438079834,-391.1065979003906,-12.415595054626465,895.7081909179688
21.326807799981907,0,,189.36009216308594,1.0,0.0,0.1071770042181015,6607,5,0.9428183436393738,-391.1869812011719,-12.413445472717285,895.322265625
21.337545599992154,0,,189.4729766845703,1.0,0.0,0.10841278731822968,6606,5,0.9429269433021545,-391.29339599609375,-12.410665512084961,894.8073120117188
21.348470599972643,0,,189.61151123046875,1.0,0.0,0.11102017760276794,6602,5,0.9430083632469177,-391.3988952636719,-12.407963752746582,894.2918090820312
21.35914529999718,0,,189.7205047607422,1.0,0.0,0.1115248054265976,6600,5,0.9430898427963257,-391.50347900390625,-12.405299186706543,893.7757568359375
21.369934399990598,0,,189.82723999023438,1.0,0.0,0.110472172498703,6601,5,0.9431983828544617,-391.6070556640625,-12.402649879455566,893.25927734375
21.38097899997956,0,,189.96070861816406,1.0,0.0,0.10926932096481323,6607,5,0.9432798624038696,-391.709716796875,-12.400030136108398,892.7422485351562
21.39168579998659,0,,190.0651092529297,1.0,0.0,0.10946283489465714,6616,5,0.9433612823486328,-391.8114013671875,-12.397489547729492,892.2247314453125
21.402992899995297,0,,190.1940155029297,1.0,0.0,0.10859943181276321,6629,5,0.9435513019561768,-392.011962890625,-12.392744064331055,891.1882934570312
21.413794099993538,0,,190.29461669921875,1.0,0.0,0.09809870272874832,6638,5,0.9436327815055847,-392.0862121582031,-12.391077041625977,890.7991333007812
21.425008099991828,0,,190.3949737548828,1.0,0.0,0.0789998397231102,6645,5,0.9437142014503479,-392.184326171875,-12.38892650604248,890.27978515625
21.43597819999559,0,,190.52378845214844,1.0,0.0,0.08422714471817017,6647,5,0.9438228011131287,-392.28143310546875,-12.386842727661133,889.760009765625
21.446626599994488,0,,190.6288299560547,1.0,0.0,0.06469082832336426,6645,5,0.9439042806625366,-392.3775939941406,-12.384822845458984,889.2398071289062
21.45727669997723,0,,190.73590087890625,1.0,0.0,0.061599958688020706,6645,5,0.943958580493927,-392.4490661621094,-12.383371353149414,888.8493041992188
21.46827199999825,0,,190.86631774902344,1.0,0.0,0.060511037707328796,6650,5,0.9440943002700806,-392.56707763671875,-12.381077766418457,888.1979370117188
21.47955219997675,0,,190.96978759765625,1.0,0.0,0.053230661898851395,6652,5,0.9441757798194885,-392.660400390625,-12.37933349609375,887.67626953125
21.490757199993823,0,,191.09291076660156,1.0,0.0,0.05141538381576538,6654,5,0.9443657994270325,-392.8440856933594,-12.375873565673828,886.631591796875
21.50165529997321,0,,191.1970672607422,1.0,0.0,0.053636159747838974,6656,5,0.9444200992584229,-392.9118957519531,-12.374533653259277,886.2393188476562
21.51278569997521,0,,191.30564880371094,1.0,0.0,0.056429166346788406,6658,5,0.9445287585258484,-393.00140380859375,-12.372671127319336,885.7159423828125
21.523422199999914,0,,191.43368530273438,1.0,0.0,0.060872115194797516,6660,5,0.9446373581886292,-393.11187744140625,-12.37024974822998,885.06103515625
21.53429129999131,0,,191.53225708007812,1.0,0.0,0.06217131391167641,6667,5,0.9447188377380371,-393.1773986816406,-12.368762969970703,884.667724609375
21.545347699982813,0,,191.66720581054688,1.0,0.0,0.06691118329763412,6674,5,0.9448003172874451,-393.2637939453125,-12.366683959960938,884.1429443359375
21.556475599994883,0,,191.77804565429688,1.0,0.0,0.07100778073072433,6678,5,0.9448817372322083,-393.3490905761719,-12.364439010620117,883.61767578125
21.567376399994828,0,,191.88645935058594,1.0,0.0,0.07368897646665573,6679,5,0.9449903964996338,-393.43328857421875,-12.362021446228027,883.0919799804688
21.578542799979914,0,,192.01608276367188,1.0,0.0,0.07471413910388947,6678,5,0.9450718760490417,-393.5165100097656,-12.359533309936523,882.5657348632812
21.589431399974274,0,,192.11900329589844,1.0,0.0,0.0748368427157402,6676,5,0.9452619552612305,-393.6799621582031,-12.354426383972168,881.511962890625
21.600216099992394,0,,192.22225952148438,1.0,0.0,0.07204619795084,6677,5,0.9453433752059937,-393.76007080078125,-12.351661682128906,880.984375
21.611064500000793,0,,192.3548126220703,1.0,0.0,0.06901686638593674,6683,5,0.9454519748687744,-393.8391418457031,-12.348729133605957,880.4563598632812
21.621789599972544,0,,192.46168518066406,1.0,0.0,0.06820304691791534,6691,5,0.9455333948135376,-393.91729736328125,-12.345768928527832,879.9279174804688
21.633173799986253,0,,192.60113525390625,1.0,0.0,0.07203735411167145,6701,5,0.9456148147583008,-393.975341796875,-12.343557357788086,879.5313110351562
21.644277999992482,0,,192.71188354492188,1.0,0.0,0.07429961115121841,6706,5,0.9457234144210815,-394.0709228515625,-12.339864730834961,878.8697509765625
21.65500329999486,0,,192.8208770751953,1.0,0.0,0.07586399465799332,6708,5,0.9458048343658447,-394.12762451171875,-12.337660789489746,878.4724731445312
21.665758999995887,0,,192.95660400390625,1.0,0.0,0.07596408575773239,6708,5,0.9458862543106079,-394.2024841308594,-12.334732055664062,877.9423828125
21.676475399988703,0,,193.0612335205078,1.0,0.0,0.07527995109558105,6709,5,0.9460762739181519,-394.3497009277344,-12.329041481018066,876.8809204101562
21.687246099987533,0,,193.16305541992188,1.0,0.0,0.07073862850666046,6713,5,0.9460762739181519,-394.3497009277344,-12.329041481018066,876.8809204101562
21.698193899996113,0,,193.29234313964844,1.0,0.0,0.06891302019357681,6724,5,0.9462662935256958,-394.511474609375,-12.323040008544922,875.6848754882812
21.709221999975853,0,,193.39572143554688,1.0,0.0,0.0652419850230217,6734,5,0.946347713470459,-394.5644836425781,-12.32116985321045,875.2857666015625
21.72031419997802,0,,193.4938201904297,1.0,0.0,0.06286570429801941,6743,5,0.9464291930198669,-394.634521484375,-12.318769454956055,874.7532348632812
21.73131459997967,0,,193.63055419921875,1.0,0.0,0.0625472441315651,6749,5,0.9465649127960205,-394.72088623046875,-12.315821647644043,874.0870361328125
21.74249079998117,0,,193.74989318847656,1.0,0.0,0.06538496911525726,6748,5,0.9466192126274109,-394.7720642089844,-12.314021110534668,873.6870727539062
21.753765799978282,0,,193.90330505371094,1.0,0.0,0.07606912404298782,6743,5,0.9467277526855469,-394.8396301269531,-12.311628341674805,873.1533203125
21.76465049997205,0,,194.0197296142578,1.0,0.0,0.0788249671459198,6737,5,0.9468363523483276,-394.923095703125,-12.308816909790039,872.485595703125
21.775543199997628,0,,194.14981079101562,1.0,0.0,0.07836751639842987,6731,5,0.9469177722930908,-394.9726867675781,-12.307278633117676,872.0845947265625
21.78666339998017,0,,194.25299072265625,1.0,0.0,0.06754571944475174,6731,5,0.9469992518424988,-395.0381164550781,-12.305353164672852,871.5496215820312
21.797343699989142,0,,194.34837341308594,1.0,0.0,0.06330500543117523,6741,5,0.9471893310546875,-395.1663818359375,-12.301323890686035,870.4784545898438
21.80817749997368,0,,194.47299194335938,1.0,0.0,0.0593772828578949,6769,5,0.9472707509994507,-395.2294006347656,-12.299415588378906,869.9423217773438
21.81944759999169,0,,194.5836181640625,1.0,0.0,0.057738207280635834,6791,5,0.9473794102668762,-395.2917785644531,-12.297740936279297,869.4058227539062
21.830408599984366,0,,194.71266174316406,1.0,0.0,0.0591445229947567,6801,5,0.9474608302116394,-395.3534851074219,-12.296277046203613,868.8689575195312
21.841489799990086,0,,194.818359375,1.0,0.0,0.05872749909758568,6798,5,0.9475694894790649,-395.4143981933594,-12.294833183288574,868.3317260742188
21.852410199993756,0,,194.9304962158203,1.0,0.0,0.05868099629878998,6789,5,0.9476509094238281,-395.4745788574219,-12.293381690979004,867.7941284179688
21.863060899981065,0,,195.07147216796875,1.0,0.0,0.057911913841962814,6777,5,0.9477595686912537,-395.5340576171875,-12.291979789733887,867.256103515625
21.874274299974786,0,,195.182373046875,1.0,0.0,0.05928754061460495,6770,5,0.9478409886360168,-395.5927734375,-12.290640830993652,866.7177124023438
21.885404499975266,0,,195.31507873535156,1.0,0.0,0.05909297987818718,6770,5,0.9479495882987976,-395.6507568359375,-12.289294242858887,866.178955078125
21.896716799994465,0,,195.4210968017578,1.0,0.0,0.05676356330513954,6777,5,0.9480310678482056,-395.7079772949219,-12.287914276123047,865.6397705078125
21.908076699997764,0,,195.52943420410156,1.0,0.0,0.057567987591028214,6788,5,0.9482211470603943,-395.82000732421875,-12.284939765930176,864.5602416992188
21.9189813999983,0,,195.6624755859375,1.0,0.0,0.059377022087574005,6801,5,0.9483025670051575,-395.87481689453125,-12.283329963684082,864.0199584960938
21.92995169997448,0,,195.7728729248047,1.0,0.0,0.06206262484192848,6808,5,0.9484111666679382,-395.92889404296875,-12.281658172607422,863.479248046875
21.940800299984403,0,,195.91310119628906,1.0,0.0,0.06633690744638443,6810,5,0.9484926462173462,-395.9822082519531,-12.279949188232422,862.9381713867188
21.951974099996733,0,,196.02243041992188,1.0,0.0,0.06723400205373764,6808,5,0.948601245880127,-396.0347900390625,-12.278244018554688,862.396728515625
21.96297369999229,0,,196.15292358398438,1.0,0.0,0.06477174162864685,6805,5,0.9486827254295349,-396.08660888671875,-12.276532173156738,861.8548583984375
21.97429069998907,0,,196.25393676757812,1.0,0.0,0.0630563348531723,6806,5,0.9487913250923157,-396.1377258300781,-12.274823188781738,861.3126220703125
21.98559419999947,0,,196.38406372070312,1.0,0.0,0.058912768959999084,6815,5,0.9488727450370789,-396.1881103515625,-12.27310848236084,860.7700805664062
21.996824999980163,0,,196.48812866210938,1.0,0.0,0.0575859397649765,6827,5,0.9490627646446228,-396.2867431640625,-12.269796371459961,859.6838989257812
22.007796599995345,0,,196.6234130859375,1.0,0.0,0.05448475107550621,6843,5,0.9491713047027588,-396.33502197265625,-12.26829719543457,859.1402587890625
22.018640099995537,0,,196.73109436035156,1.0,0.0,0.05780627578496933,6851,5,0.9492256045341492,-396.370849609375,-12.26725959777832,858.7322998046875
22.02959049999481,0,,196.83482360839844,1.0,0.0,0.05798852816224098,6852,5,0.9493613243103027,-396.4297180175781,-12.265690803527832,858.0519409179688
22.04043489997275,0,,196.96707153320312,1.0,0.0,0.05632077902555466,6847,5,0.9494156241416931,-396.46453857421875,-12.264798164367676,857.6434936523438
22.051386599981925,0,,197.0705108642578,1.0,0.0,0.055407293140888214,6842,5,0.9495241641998291,-396.51031494140625,-12.263625144958496,857.0985107421875
22.062246999994386,0,,197.17225646972656,1.0,0.0,0.05263596773147583,6841,5,0.9496056437492371,-396.5553894042969,-12.262418746948242,856.55322265625
22.07337109997752,0,,197.3060302734375,1.0,0.0,0.0477055162191391,6847,5,0.9497142434120178,-396.5997314453125,-12.261184692382812,856.007568359375
22.08438769998611,0,,197.41220092773438,1.0,0.0,0.05112512782216072,6855,5,0.9499042630195618,-396.686279296875,-12.258685111999512,854.9152221679688
22.09521629998926,0,,197.53805541992188,1.0,0.0,0.0474698543548584,6863,5,0.9499857425689697,-396.72845458984375,-12.257304191589355,854.3685302734375
22.10624209998059,0,,197.64349365234375,1.0,0.0,0.0376443937420845,6866,5,0.9500671625137329,-396.7595520019531,-12.256157875061035,853.958251953125
22.117235399986384,0,,197.7577667236328,1.0,0.0,0.03562289476394653,6868,5,0.9501757621765137,-396.8103942871094,-12.253969192504883,853.2740478515625
22.128602799988585,0,,197.90724182128906,1.0,0.0,0.04057765752077103,6868,5,0.9502843618392944,-396.8502502441406,-12.252007484436035,852.726318359375
22.13925519998884,0,,198.02078247070312,1.0,0.0,0.03503001108765602,6867,5,0.9503658413887024,-396.8797607421875,-12.250504493713379,852.3152465820312
22.149913899978856,0,,198.12945556640625,1.0,0.0,0.03930344060063362,6865,5,0.9504744410514832,-396.92816162109375,-12.248106002807617,851.6296997070312
22.160851299995556,0,,198.25999450683594,1.0,0.0,0.04292267933487892,6865,5,0.9505558609962463,-396.9567565917969,-12.246720314025879,851.2180786132812
22.17197669998859,0,,198.34828186035156,1.0,0.0,0.03606967628002167,6871,5,0.9507459402084351,-397.0312805175781,-12.242874145507812,850.1195068359375
22.183155599981546,0,,198.46954345703125,1.0,0.0,0.03210848942399025,6892,5,0.950827419757843,-397.0675964355469,-12.240934371948242,849.56982421875
22.194343599985586,0,,198.5792694091797,1.0,0.0,0.03105122596025467,6912,5,0.9509360194206238,-397.1033935546875,-12.239094734191895,849.019775390625
22.2055727999832,0,,198.71371459960938,1.0,0.0,0.032445598393678665,6929,5,0.951017439365387,-397.1387023925781,-12.237424850463867,848.4694213867188
22.21673319998081,0,,198.82278442382812,1.0,0.0,0.034141670912504196,6930,5,0.9511260986328125,-397.1734924316406,-12.235947608947754,847.918701171875
22.227696099987952,0,,198.9609375,1.0,0.0,0.0367652028799057,6919,5,0.9512075185775757,-397.2077941894531,-12.234633445739746,847.36767578125
22.23850069998298,0,,199.07379150390625,1.0,0.0,0.03763290122151375,6906,5,0.9513161182403564,-397.2415466308594,-12.233388900756836,846.8163452148438
22.249358599976404,0,,199.1869659423828,1.0,0.0,0.03867122903466225,6898,5,0.9513975977897644,-397.2747497558594,-12.232158660888672,846.2645874023438
22.260348699986935,0,,199.32115173339844,1.0,0.0,0.0341050922870636,6898,5,0.9515061974525452,-397.3074951171875,-12.231036186218262,845.7125854492188
22.2714778999798,0,,199.4228057861328,1.0,0.0,0.03464251756668091,6907,5,0.9516963362693787,-397.3715515136719,-12.229389190673828,844.607421875
22.282478699984495,0,,199.52053833007812,1.0,0.0,0.03268301859498024,6918,5,0.9517777562141418,-397.39508056640625,-12.228903770446777,844.1926879882812
22.29352690000087,0,,199.64178466796875,1.0,0.0,0.013937748968601227,6935,5,0.9518864154815674,-397.43359375,-12.228089332580566,843.5010986328125
22.304443599976366,0,,199.74510192871094,1.0,0.0,0.019270408898591995,6946,5,0.9519950151443481,-397.4638366699219,-12.227413177490234,842.9474487304688
22.315148599998793,0,,199.87937927246094,1.0,0.0,0.01774398423731327,6952,5,0.9520493149757385,-397.4862060546875,-12.22690486907959,842.5320434570312
22.326435299997684,0,,199.9862060546875,1.0,0.0,0.017268655821681023,6950,5,0.9521850943565369,-397.5229187011719,-12.22598648071289,841.8392333984375
22.337071499990998,0,,200.09275817871094,1.0,0.0,0.01282819639891386,6943,5,0.9522665143013,-397.5517272949219,-12.22513484954834,841.28466796875
22.347638199978974,0,,200.2293701171875,1.0,0.0,0.014744244515895844,6935,5,0.952347993850708,-397.5729675292969,-12.224371910095215,840.8685302734375
22.358907799993176,0,,200.3432159423828,1.0,0.0,0.017296096310019493,6931,5,0.952456533908844,-397.6077880859375,-12.222753524780273,840.1744995117188
22.36957799998345,0,,200.4568328857422,1.0,0.0,0.020083416253328323,6933,5,0.9525651335716248,-397.63507080078125,-12.22114372253418,839.6189575195312
22.38049789998331,0,,200.5931396484375,1.0,0.0,0.021092088893055916,6941,5,0.9526465535163879,-397.6552734375,-12.219796180725098,839.2020874023438
22.39115949999541,0,,200.69801330566406,1.0,0.0,0.022492995485663414,6949,5,0.9528636932373047,-397.7144470214844,-12.215359687805176,837.9503173828125
22.402442899998277,0,,200.8009033203125,1.0,0.0,0.02305619604885578,6957,5,0.9529179334640503,-397.7337341308594,-12.213715553283691,837.5326538085938
22.413389900000766,0,,200.9211883544922,1.0,0.0,0.02136392332613468,6966,5,0.9530536532402039,-397.7653503417969,-12.2107515335083,836.8362426757812
22.42458949997672,0,,201.0299072265625,1.0,0.0,0.020261520519852638,6973,5,0.9531079530715942,-397.7840270996094,-12.20886516571045,836.418212890625
22.435216199985007,0,,201.1712646484375,1.0,0.0,0.02164403907954693,6979,5,0.953216552734375,-397.8086242675781,-12.206262588500977,835.8605346679688
22.446120299980976,0,,201.27874755859375,1.0,0.0,0.022032517939805984,6983,5,0.9533251523971558,-397.8328857421875,-12.203657150268555,835.302490234375
22.456985699973302,0,,201.3829803466797,1.0,0.0,0.021947627887129784,6984,5,0.9534066319465637,-397.85687255859375,-12.201178550720215,834.7442016601562
22.467700399982277,0,,201.5042266845703,1.0,0.0,0.020660018548369408,6983,5,0.9535152316093445,-397.88055419921875,-12.198826789855957,834.185546875
22.478807599982247,0,,201.6046600341797,1.0,0.0,0.019492939114570618,6986,5,0.9537052512168884,-397.92694091796875,-12.194037437438965,833.0673828125
22.489559599984204,0,,201.7113800048828,1.0,0.0,0.018944494426250458,6993,5,0.9537867307662964,-397.9440002441406,-12.192139625549316,832.6477661132812
22.500397499999963,0,,201.8537139892578,1.0,0.0,0.01964554935693741,7005,5,0.9538953304290771,-397.9721374511719,-12.189082145690918,831.9480590820312
22.511292499984847,0,,201.96803283691406,1.0,0.0,0.02193290926516056,7011,5,0.9539767503738403,-397.98883056640625,-12.187379837036133,831.5280151367188
22.522182399989106,0,,202.07421875,1.0,0.0,0.022620702162384987,7011,5,0.9540582299232483,-398.01092529296875,-12.18526840209961,830.9675903320312
22.53312399997958,0,,202.19798278808594,1.0,0.0,0.021319903433322906,7006,5,0.954166829586029,-398.03277587890625,-12.183274269104004,830.4069213867188
22.544310199999018,0,,202.296630859375,1.0,0.0,0.019763674587011337,7004,5,0.954248309135437,-398.05438232421875,-12.181302070617676,829.8458862304688
22.555221499991603,0,,202.42007446289062,1.0,0.0,0.017071912065148354,7012,5,0.9544655084609985,-398.0968017578125,-12.177228927612305,828.7230224609375
22.566267199988943,0,,202.5311737060547,1.0,0.0,0.0174176637083292,7025,5,0.9545198082923889,-398.1124572753906,-12.175758361816406,828.3016967773438
22.576897899998585,0,,202.6404571533203,1.0,0.0,0.018316084519028664,7036,5,0.9546284079551697,-398.1331481933594,-12.173948287963867,827.7395629882812
22.58765799997491,0,,202.74203491210938,1.0,0.0,0.019003108143806458,7042,5,0.9547370076179504,-398.1587219238281,-12.171920776367188,827.0365600585938
22.598631599976216,0,,202.862060546875,1.0,0.0,0.01880599558353424,7040,5,0.9548184871673584,-398.1738586425781,-12.170713424682617,826.614501953125
22.609660199988866,0,,202.96011352539062,1.0,0.0,0.010087034665048122,7035,5,0.9549270868301392,-398.19384765625,-12.169035911560059,826.051513671875
22.621137899986934,0,,203.09559631347656,1.0,0.0,0.005232012830674648,7033,5,0.9550085663795471,-398.2135314941406,-12.16723346710205,825.4882202148438
22.631960499973502,0,,203.20797729492188,1.0,0.0,0.008473076857626438,7036,5,0.9551171660423279,-398.2330322265625,-12.165288925170898,824.9246826171875
22.64308519999031,0,,203.34671020507812,1.0,0.0,0.006155034992843866,7041,5,0.9553072452545166,-398.27142333984375,-12.161407470703125,823.796630859375
22.65439269997296,0,,203.45033264160156,1.0,0.0,0.008600980043411255,7045,5,0.9553887248039246,-398.28564453125,-12.159997940063477,823.373291015625
22.665088899986586,0,,203.5707244873047,1.0,0.0,0.009113923646509647,7049,5,0.9554701447486877,-398.3044128417969,-12.158077239990234,822.80859375
22.675794499984477,0,,203.66099548339844,1.0,0.0,0.007255032192915678,7052,5,0.9555788040161133,-398.322998046875,-12.15600872039795,822.2435913085938
22.686776399990777,0,,203.76609802246094,1.0,0.0,0.007339853793382645,7057,5,0.955687403678894,-398.34130859375,-12.153739929199219,821.6783447265625
22.69789739997941,0,,203.90231323242188,1.0,0.0,0.00858102273195982,7066,5,0.9557417035102844,-398.35491943359375,-12.151910781860352,821.2542114257812
22.708802399982233,0,,204.00503540039062,1.0,0.0,0.013224887661635876,7072,5,0.955958902835846,-398.3907165527344,-12.147004127502441,820.1223754882812
22.72023039998021,0,,204.1004638671875,1.0,0.0,0.007326476741582155,7075,5,0.9560403227806091,-398.4083557128906,-12.1446533203125,819.5560302734375
22.731260999978986,0,,204.23043823242188,1.0,0.0,0.014520839788019657,7074,5,0.9561489224433899,-398.4258117675781,-12.142130851745605,818.9893798828125
22.742299799981993,0,,204.33804321289062,1.0,0.0,0.012373599223792553,7074,5,0.9562575221061707,-398.44305419921875,-12.139299392700195,818.4224243164062
22.75345649998053,0,,204.46435546875,1.0,0.0,0.012016796506941319,7078,5,0.956311821937561,-398.4559020996094,-12.137077331542969,817.9970703125
22.76429449999705,0,,204.56275939941406,1.0,0.0,0.011964812874794006,7082,5,0.9564476013183594,-398.47711181640625,-12.133543968200684,817.2876586914062
22.77550709998468,0,,204.69247436523438,1.0,0.0,0.011601768434047699,7086,5,0.9565290212631226,-398.4897155761719,-12.131477355957031,816.8618774414062
22.786274699989008,0,,204.79612731933594,1.0,0.0,0.00817632395774126,7091,5,0.9567190408706665,-398.5228576660156,-12.125455856323242,815.7255249023438
22.797381599986693,0,,204.90631103515625,1.0,0.0,0.012844338081777096,7098,5,0.9568005204200745,-398.5391845703125,-12.122429847717285,815.1569213867188
22.808388199977344,0,,205.03277587890625,1.0,0.0,0.01286645419895649,7105,5,0.9568819403648376,-398.5513610839844,-12.120359420776367,814.7302856445312
22.819281499978388,0,,205.12977600097656,1.0,0.0,0.012412972748279572,7105,5,0.9570176601409912,-398.57147216796875,-12.117185592651367,814.0188598632812
22.83054469997296,0,,205.24314880371094,1.0,0.0,0.008333357982337475,7107,5,0.9570719599723816,-398.5833740234375,-12.115263938903809,813.5917358398438
22.84153979999246,0,,205.33648681640625,1.0,0.0,0.014024726115167141,7116,5,0.9571805596351624,-398.5991516113281,-12.112675666809082,813.0220947265625
22.85259659998701,0,,205.45162963867188,1.0,0.0,0.012105916626751423,7128,5,0.9573705792427063,-398.63037109375,-12.107921600341797,811.8819580078125
22.863646299985703,0,,205.57652282714844,1.0,0.0,0.009819391183555126,7137,5,0.9574519991874695,-398.6419982910156,-12.106416702270508,811.4541015625
22.874660899979062,0,,205.6732940673828,1.0,0.0,0.013516063801944256,7136,5,0.9575877785682678,-398.6612243652344,-12.104119300842285,810.7406005859375
22.885516199981794,0,,205.7981414794922,1.0,0.0,0.009209437295794487,7131,5,0.9576420783996582,-398.67266845703125,-12.10276985168457,810.3123168945312
22.896352799987653,0,,205.8939971923828,1.0,0.0,0.009384161792695522,7128,5,0.957750678062439,-398.6878662109375,-12.100990295410156,809.7410278320312
22.90748949997942,0,,205.99888610839844,1.0,0.0,0.008328032679855824,7129,5,0.9578592777252197,-398.7030029296875,-12.09924030303955,809.1694946289062
22.91839379997691,0,,206.1348876953125,1.0,0.0,0.0087447389960289,7134,5,0.9579406976699829,-398.718017578125,-12.097593307495117,808.59765625
22.929244999977527,0,,206.2306671142578,1.0,0.0,0.013044413179159164,7139,5,0.9580221772193909,-398.729248046875,-12.096442222595215,808.1685791015625
22.940166599990334,0,,206.30996704101562,1.0,0.0,0.003147886134684086,7142,5,0.9582393765449524,-398.7588806152344,-12.093653678894043,807.0235595703125
22.951250699989032,0,,206.42491149902344,1.0,0.0,0.004651575814932585,7147,5,0.9583207964897156,-398.77349853515625,-12.092167854309082,806.45068359375
22.962341199978255,0,,206.5274658203125,1.0,0.0,0.004864600021392107,7152,5,0.9584293365478516,-398.78802490234375,-12.090413093566895,805.8776245117188
22.9731824999908,0,,206.65472412109375,1.0,0.0,0.005066483747214079,7159,5,0.9585378766059875,-398.8024597167969,-12.08842658996582,805.30419921875
22.984253999980865,0,,206.75563049316406,1.0,0.0,0.006126748863607645,7163,5,0.9585921168327332,-398.8132019042969,-12.086909294128418,804.8739624023438
22.99525789998006,0,,206.8762664794922,1.0,0.0,0.0058298190124332905,7164,5,0.9587278366088867,-398.83099365234375,-12.08428955078125,804.1565551757812
23.006308499985607,0,,206.96664428710938,1.0,0.0,0.0049848174676299095,7163,5,0.9588091969490051,-398.8415832519531,-12.082555770874023,803.7258911132812
23.017537199979415,0,,207.06626892089844,1.0,0.0,0.005375264678150415,7162,5,0.9590262770652771,-398.8729553222656,-12.076004981994629,802.4330444335938
23.028619699995033,0,,207.19818115234375,1.0,0.0,0.006571062840521336,7164,5,0.9591076970100403,-398.88330078125,-12.07339096069336,802.0017700195312
23.039827299973695,0,,207.30699157714844,1.0,0.0,0.007018506061285734,7168,5,0.9591891169548035,-398.8970031738281,-12.069701194763184,801.426513671875
23.05062139997608,0,,207.4403076171875,1.0,0.0,0.007745123468339443,7173,5,0.959297776222229,-398.9106140136719,-12.065922737121582,800.8509521484375
23.061472999979742,0,,207.5404052734375,1.0,0.0,0.0077417269349098206,7176,5,0.9594063758850098,-398.92413330078125,-12.062149047851562,800.2750854492188
23.072378899989417,0,,207.63540649414062,1.0,0.0,0.007313350215554237,7178,5,0.9594878554344177,-398.9375915527344,-12.058378219604492,799.6989135742188
23.08349299998372,0,,207.74346923828125,1.0,0.0,0.007059353869408369,7184,5,0.9595965147018433,-398.95098876953125,-12.054556846618652,799.1224975585938
23.094564599974547,0,,207.8283233642578,1.0,0.0,0.006266414653509855,7197,5,0.9596779942512512,-398.9609680175781,-12.05167293548584,798.6900024414062
23.10531970000011,0,,207.94833374023438,1.0,0.0,0.005816368386149406,7218,5,0.9598680734634399,-398.98748779296875,-12.044379234313965,797.5360107421875
23.116417199984426,0,,208.04315185546875,1.0,0.0,0.006200897507369518,7231,5,0.9599767327308655,-399.00067138671875,-12.041143417358398,796.9586181640625
23.127430699998513,0,,208.13623046875,1.0,0.0,0.005958159454166889,7235,5,0.9600853323936462,-399.0137634277344,-12.038166999816895,796.3809814453125
23.13836499999161,0,,208.25465393066406,1.0,0.0,0.0053863488137722015,7230,5,0.9601668119430542,-399.0268249511719,-12.035364151000977,795.8031005859375
23.149642699980177,0,,208.35475158691406,1.0,0.0,0.005432581063359976,7224,5,0.9602754712104797,-399.03985595703125,-12.032706260681152,795.2249145507812
23.16074649998336,0,,208.48446655273438,1.0,0.0,0.005897083319723606,7218,5,0.9603569507598877,-399.049560546875,-12.030839920043945,794.7911376953125
23.17178549998789,0,,208.5878448486328,1.0,0.0,0.006195947993546724,7214,5,0.9605470895767212,-399.0753173828125,-12.02643871307373,793.633544921875
23.18273390000104,0,,208.6908416748047,1.0,0.0,0.0064429170452058315,7213,5,0.9606557488441467,-399.088134765625,-12.024497032165527,793.0543212890625
23.193750299979,0,,208.81277465820312,1.0,0.0,0.006628610193729401,7216,5,0.9607643485069275,-399.10089111328125,-12.022716522216797,792.4747924804688
23.204821399995126,0,,208.9051971435547,1.0,0.0,0.006077845115214586,7220,5,0.9608458280563354,-399.11358642578125,-12.021092414855957,791.8949584960938
23.21582529999432,0,,209.01641845703125,1.0,0.0,0.006166847888380289,7228,5,0.9609273076057434,-399.1230773925781,-12.019933700561523,791.4599609375
23.227361599972937,0,,209.1051788330078,1.0,0.0,0.005907920654863119,7235,5,0.9610630869865417,-399.1387939453125,-12.018033027648926,790.734619140625
23.238484899979085,0,,209.22154235839844,1.0,0.0,0.005556215066462755,7244,5,0.9611445069313049,-399.148193359375,-12.016901016235352,790.2992553710938
23.249421099986648,0,,209.31353759765625,1.0,0.0,0.005671124439686537,7250,5,0.9613345861434937,-399.173095703125,-12.013957977294922,789.137451171875
23.260317099979147,0,,209.3458251953125,1.0,0.0,0.005829040892422199,7165,1,0.9614431858062744,-399.1854553222656,-12.012473106384277,788.5562133789062
23.271281699999236,0,,209.29627990722656,1.0,0.0,0.005815744865685701,7097,1,0.9615246057510376,-399.1946716308594,-12.011297225952148,788.1201171875
23.282419299997855,0,,209.2328338623047,1.0,0.0,0.005835621617734432,7030,1,0.9616332054138184,-399.2099609375,-12.00918197631836,787.3934936523438
23.29326159998891,0,,209.15443420410156,1.0,0.0,0.005669198464602232,6947,1,0.9617146849632263,-399.2190856933594,-12.00779914855957,786.9576416015625
23.304386999981944,0,,209.0915069580078,1.0,0.0,0.005648449994623661,6880,1,0.9618232846260071,-399.2311706542969,-12.005816459655762,786.3766479492188
23.31530589997419,0,,209.12362670898438,1.0,0.0,0.005407277494668961,6608,6,0.9619047045707703,-399.2431640625,-12.00365161895752,785.7957763671875
23.326174699992407,0,,209.11993408203125,1.0,0.0,0.005238856188952923,6731,6,0.9620133638381958,-399.2550964355469,-12.00125789642334,785.2151489257812
23.337271199998213,0,,209.19448852539062,1.0,0.0,0.005049732979387045,6669,6,0.9622305631637573,-399.2787170410156,-11.995619773864746,784.0536499023438
23.348467099975096,0,,209.33546447753906,1.0,0.0,0.005185812711715698,6419,6,0.9623119831085205,-399.2904052734375,-11.992259979248047,783.47265625
23.359539299999597,0,,209.48106384277344,1.0,0.0,0.004820238798856735,6203,6,0.9623934626579285,-399.29913330078125,-11.989459991455078,783.0368041992188
23.37066999997478,0,,209.6610107421875,1.0,0.0,0.005043330602347851,6048,6,0.9625292420387268,-399.3135681152344,-11.98424243927002,782.3098754882812
23.381329600000754,0,,209.76815795898438,1.0,0.0,0.005695635452866554,6058,6,0.96261066198349,-399.3221435546875,-11.98080825805664,781.8733520507812
23.39246559998719,0,,209.84127807617188,1.0,0.0,0.005574868526309729,6165,6,0.962692141532898,-399.33355712890625,-11.97591781616211,781.2910766601562
23.403679099981673,0,,209.8993682861328,1.0,0.0,0.005978225730359554,6347,6,0.9629094004631042,-399.3560791015625,-11.964961051940918,780.125732421875
23.414687199983746,0,,209.94703674316406,1.0,0.0,0.00608055479824543,6458,6,0.9629637002944946,-399.36444091796875,-11.96044635772705,779.6885375976562
23.425868999998784,0,,210.02833557128906,1.0,0.0,0.006247259676456451,6492,6,0.963099479675293,-399.3782958984375,-11.952585220336914,778.9597778320312
23.436924099980388,0,,210.1173095703125,1.0,0.0,0.006040513981133699,6440,6,0.9631809592247009,-399.3865661621094,-11.947765350341797,778.5223999023438
23.44776759998058,0,,210.22132873535156,1.0,0.0,0.006425352301448584,6352,6,0.9632896184921265,-399.39752197265625,-11.941288948059082,777.9390258789062
23.458731799997622,0,,210.35360717773438,1.0,0.0,0.006322997156530619,6254,6,0.9633710980415344,-399.408447265625,-11.934825897216797,777.3554077148438
23.47016439997242,0,,210.45291137695312,1.0,0.0,0.006046395283192396,6225,6,0.9634796977043152,-399.4192810058594,-11.928399085998535,776.771484375
23.481375099974684,0,,210.56065368652344,1.0,0.0,0.005948967300355434,6262,6,0.9636968970298767,-399.4408264160156,-11.915904998779297,775.602783203125
23.492571899987524,0,,210.63485717773438,1.0,0.0,0.0059309592470526695,6325,6,0.9637511968612671,-399.4488830566406,-11.911459922790527,775.1642456054688
23.50391469997703,0,,210.71873474121094,1.0,0.0,0.005698039196431637,6398,6,0.9638597965240479,-399.45953369140625,-11.905800819396973,774.579345703125
23.515017400000943,0,,210.7774200439453,1.0,0.0,0.005387605633586645,6424,6,0.9639683961868286,-399.47015380859375,-11.900458335876465,773.9942626953125
23.526109099999303,0,,210.86016845703125,1.0,0.0,0.005283014383167028,6414,6,0.9640769958496094,-399.4807434082031,-11.895383834838867,773.4089965820312
23.537338599999202,0,,210.95025634765625,1.0,0.0,0.005173381417989731,6384,6,0.9641312956809998,-399.4886779785156,-11.891658782958984,772.9699096679688
23.54835539998021,0,,211.07455444335938,1.0,0.0,0.004990833345800638,6348,6,0.9643756747245789,-399.51226806640625,-11.880566596984863,771.6520385742188
23.559317199978977,0,,211.17941284179688,1.0,0.0,0.005253641400486231,6330,6,0.964457094669342,-399.52008056640625,-11.87697696685791,771.21240234375
23.570419600000605,0,,211.3009033203125,1.0,0.0,0.00574899185448885,6327,6,0.964565634727478,-399.5330810546875,-11.871164321899414,770.4793701171875
23.5816133999906,0,,211.3883514404297,1.0,0.0,0.006382900755852461,6338,6,0.9646470546722412,-399.54083251953125,-11.867735862731934,770.0393676757812
23.592238999990514,0,,211.469482421875,1.0,0.0,0.0067999898456037045,6355,6,0.964755654335022,-399.5511169433594,-11.863200187683105,769.4524536132812
23.603298799978802,0,,211.56312561035156,1.0,0.0,0.0063353232108056545,6375,6,0.964864194393158,-399.56134033203125,-11.858685493469238,768.865234375
23.61448059999384,0,,211.62921142578125,1.0,0.0,0.006263239774852991,6387,6,0.9649727940559387,-399.5715026855469,-11.854233741760254,768.2778930664062
23.62546549999388,0,,211.7265167236328,1.0,0.0,0.005782011430710554,6395,6,0.9651628136634827,-399.59161376953125,-11.845561981201172,767.1024780273438
23.63649359997362,0,,211.80914306640625,1.0,0.0,0.005211513955146074,6395,6,0.9652442336082458,-399.59906005859375,-11.842377662658691,766.6614990234375
23.64757709999685,0,,211.9217071533203,1.0,0.0,0.005624580662697554,6389,6,0.9653529524803162,-399.6089782714844,-11.838163375854492,766.0733642578125
23.658607699995628,0,,212.0141143798828,1.0,0.0,0.006034513004124165,6382,6,0.9654344916343689,-399.6188049316406,-11.833968162536621,765.4849243164062
23.66919779998716,0,,212.10433959960938,1.0,0.0,0.005930725019425154,6376,6,0.9655432105064392,-399.6285705566406,-11.829793930053711,764.896240234375
23.68024599997443,0,,212.21182250976562,1.0,0.0,0.005622837692499161,6374,6,0.9656247496604919,-399.6358642578125,-11.826662063598633,764.45458984375
23.69122999999672,0,,212.29493713378906,1.0,0.0,0.005815981887280941,6377,6,0.9658149480819702,-399.6551818847656,-11.818127632141113,763.276123046875
23.70236009999644,0,,212.3780975341797,1.0,0.0,0.005859974306076765,6385,6,0.9659236669540405,-399.6647644042969,-11.81369400024414,762.6865234375
23.713057099987054,0,,212.48602294921875,1.0,0.0,0.005506652407348156,6398,6,0.9660323858261108,-399.6742858886719,-11.809203147888184,762.0966796875
23.724455599993235,0,,212.57220458984375,1.0,0.0,0.005961725488305092,6405,6,0.9661411046981812,-399.68377685546875,-11.80472183227539,761.5066528320312
23.73515579997911,0,,212.67803955078125,1.0,0.0,0.0058231414295732975,6408,6,0.9662225842475891,-399.6908264160156,-11.801397323608398,761.06396484375
23.746049099980155,0,,212.76319885253906,1.0,0.0,0.005916007794439793,6406,6,0.9663312435150146,-399.7025451660156,-11.795886039733887,760.3258056640625
23.756826299999375,0,,212.84547424316406,1.0,0.0,0.005424804985523224,6403,6,0.9664127230644226,-399.70953369140625,-11.79256534576416,759.8827514648438
23.767918999976246,0,,212.94583129882812,1.0,0.0,0.005447133909910917,6404,6,0.9665213823318481,-399.7187805175781,-11.788134574890137,759.2918090820312
23.779499899974326,0,,213.03109741210938,1.0,0.0,0.005487409885972738,6410,6,0.9667115211486816,-399.7370910644531,-11.779351234436035,758.1092529296875
23.790629199997056,0,,213.1363983154297,1.0,0.0,0.005202124360948801,6419,6,0.9667930603027344,-399.743896484375,-11.776104927062988,757.66552734375
23.801520099979825,0,,213.2203369140625,1.0,0.0,0.005296381656080484,6426,6,0.9669288396835327,-399.75518798828125,-11.770730972290039,756.9257202148438
23.81220979997306,0,,213.30545043945312,1.0,0.0,0.005533111747354269,6428,6,0.9670103192329407,-399.76190185546875,-11.767534255981445,756.481689453125
23.823215699987486,0,,213.41551208496094,1.0,0.0,0.0055472771637141705,6427,6,0.9671188592910767,-399.7708435058594,-11.763253211975098,755.889404296875
23.83430249997764,0,,213.50440979003906,1.0,0.0,0.005568278953433037,6425,6,0.967308759689331,-399.7886047363281,-11.754549980163574,754.7041015625
23.845178599993233,0,,213.59080505371094,1.0,0.0,0.0055158184841275215,6423,6,0.967308759689331,-399.7886047363281,-11.754549980163574,754.7041015625
23.85629609998432,0,,213.69308471679688,1.0,0.0,0.005795749835669994,6424,6,0.9675257802009583,-399.8061218261719,-11.745795249938965,753.517822265625
23.86728909998783,0,,213.7799072265625,1.0,0.0,0.005407516844570637,6428,6,0.9676072001457214,-399.8126220703125,-11.742445945739746,753.07275390625
23.878557599993655,0,,213.89035034179688,1.0,0.0,0.005495668854564428,6436,6,0.9677157402038574,-399.8212585449219,-11.737903594970703,752.4790649414062
23.889742999977898,0,,213.975341796875,1.0,0.0,0.00630680238828063,6443,6,0.9677971005439758,-399.8298034667969,-11.733390808105469,751.8851318359375
23.90065549997962,0,,214.07923889160156,1.0,0.0,0.006341519765555859,6448,6,0.9679056406021118,-399.8382873535156,-11.729007720947266,751.291015625
23.911821599991526,0,,214.16030883789062,1.0,0.0,0.005965099204331636,6448,6,0.9680954813957214,-399.85302734375,-11.72143268585205,750.2506713867188
23.92264749997412,0,,214.23880004882812,1.0,0.0,0.006059885025024414,6448,6,0.9682039618492126,-399.8613586425781,-11.717049598693848,749.6558837890625
23.933508299989626,0,,214.34173583984375,1.0,0.0,0.005737224593758583,6453,6,0.9682853817939758,-399.86962890625,-11.712669372558594,749.0608520507812
23.94435199999134,0,,214.42672729492188,1.0,0.0,0.005602795630693436,6458,6,0.968393862247467,-399.8778381347656,-11.708321571350098,748.4656372070312
23.955130999995163,0,,214.5363006591797,1.0,0.0,0.00545896589756012,6463,6,0.9684752225875854,-399.8839416503906,-11.705050468444824,748.01904296875
23.96615279998514,0,,214.6277618408203,1.0,0.0,0.005736398510634899,6464,6,0.9685837030410767,-399.8920593261719,-11.700657844543457,747.4234008789062
23.977123899996514,0,,214.71900939941406,1.0,0.0,0.006172758527100086,6464,6,0.9686921834945679,-399.9001159667969,-11.696252822875977,746.8275146484375
23.988165199989453,0,,214.82640075683594,1.0,0.0,0.006611430086195469,6462,6,0.9688550233840942,-399.9140930175781,-11.688610076904297,745.7841186523438
23.999317199981306,0,,214.90744018554688,1.0,0.0,0.006168033462017775,6461,6,0.9689906239509583,-399.9239501953125,-11.683183670043945,745.038330078125
24.0101800999837,0,,214.98776245117188,1.0,0.0,0.006229238584637642,6463,6,0.9690720438957214,-399.9298095703125,-11.679879188537598,744.5906982421875
24.021264599985443,0,,215.09158325195312,1.0,0.0,0.006224814336746931,6471,6,0.9691805839538574,-399.9375915527344,-11.675403594970703,743.99365234375
24.032262299995637,0,,215.1769561767578,1.0,0.0,0.005802243482321501,6480,6,0.9692891240119934,-399.9453125,-11.670918464660645,743.3964233398438
24.043109899997944,0,,215.2824249267578,1.0,0.0,0.005755222402513027,6488,6,0.9693704843521118,-399.9529724121094,-11.666492462158203,742.7988891601562
24.05444659999921,0,,215.36837768554688,1.0,0.0,0.006278262939304113,6489,6,0.9695603847503662,-399.96624755859375,-11.658770561218262,741.752685546875
24.065440899983514,0,,215.4776153564453,1.0,0.0,0.006091195624321699,6487,6,0.9696688652038574,-399.9737548828125,-11.654279708862305,741.154541015625
24.076426699990407,0,,215.56710815429688,1.0,0.0,0.006423307582736015,6485,6,0.9697502255439758,-399.9793701171875,-11.650888442993164,740.7057495117188
24.08727269998053,0,,215.65435791015625,1.0,0.0,0.006776910275220871,6484,6,0.9698857665061951,-399.9886169433594,-11.645277976989746,739.95751953125
24.09812279997277,0,,215.75917053222656,1.0,0.0,0.006035584956407547,6487,6,0.9699400067329407,-399.9941101074219,-11.641947746276855,739.5083618164062
24.10941139998613,0,,215.8442840576172,1.0,0.0,0.0023040566593408585,6492,6,0.9701569080352783,-400.00860595703125,-11.633185386657715,738.3099975585938
24.120404899993446,0,,215.9464111328125,1.0,0.0,0.004179670475423336,6501,6,0.9702382683753967,-400.01397705078125,-11.629951477050781,737.8603515625
24.13112929998897,0,,216.0253143310547,1.0,0.0,0.004472111817449331,6507,6,0.9703467488288879,-400.0211181640625,-11.625718116760254,737.2606811523438
24.14211279997835,0,,216.11083984375,1.0,0.0,0.0043680714443326,6512,6,0.9704552292823792,-400.0281982421875,-11.621560096740723,736.6607055664062
24.153281099977903,0,,216.21751403808594,1.0,0.0,0.0046029603108763695,6514,6,0.9705365896224976,-400.0334777832031,-11.618449211120605,736.2106323242188
24.16445979999844,0,,216.3065643310547,1.0,0.0,0.004271857440471649,6515,6,0.9706180095672607,-400.0404968261719,-11.614323616027832,735.6102905273438
24.175222199992277,0,,216.4170684814453,1.0,0.0,0.0044336505234241486,6513,6,0.9708079099655151,-400.05267333984375,-11.607295036315918,734.55908203125
24.186256799992407,0,,216.5024871826172,1.0,0.0,0.004873121157288551,6512,6,0.9709163904190063,-400.0595703125,-11.603384017944336,733.9580688476562
24.19741699998849,0,,216.58758544921875,1.0,0.0,0.0006793057546019554,6512,6,0.9710249304771423,-400.0664367675781,-11.59948444366455,733.3568115234375
24.20816709997598,0,,216.6929168701172,1.0,0.0,0.004622229374945164,6517,6,0.9711062908172607,-400.0715637207031,-11.596563339233398,732.90576171875
24.21923550000065,0,,216.7765350341797,1.0,0.0,0.004947842098772526,6523,6,0.9712148308753967,-400.0783386230469,-11.592689514160156,732.3040771484375
24.230371199984802,0,,216.8839569091797,1.0,0.0,0.004898209124803543,6531,6,0.9714048504829407,-400.091796875,-11.58511734008789,731.1000366210938
24.241489799984265,0,,216.96890258789062,1.0,0.0,0.0044062212109565735,6535,6,0.9714862704277039,-400.0968017578125,-11.582343101501465,730.6482543945312
24.252440399985062,0,,217.05123901367188,1.0,0.0,0.004393749870359898,6536,6,0.9715949296951294,-400.1034240722656,-11.578713417053223,730.0457153320312
24.26309079999919,0,,217.1541290283203,1.0,0.0,0.0009939981391653419,6537,6,0.9717035293579102,-400.1100158691406,-11.575135231018066,729.4429321289062
24.274382899980992,0,,217.23619079589844,1.0,0.0,0.006630315911024809,6537,6,0.9717850089073181,-400.11492919921875,-11.572476387023926,728.9906616210938
24.285185599990655,0,,217.34518432617188,1.0,0.0,0.004831505008041859,6541,6,0.9719750881195068,-400.1279602050781,-11.565347671508789,727.7840576171875
24.296332999976585,0,,217.4333038330078,1.0,0.0,0.004627537447959185,6545,6,0.9720565676689148,-400.1327819824219,-11.562692642211914,727.3313598632812
24.307212799991248,0,,217.52035522460938,1.0,0.0,0.005125820636749268,6548,6,0.9721923470497131,-400.14080810546875,-11.55833911895752,726.5765380859375
24.31860189998406,0,,217.62782287597656,1.0,0.0,0.0050083608366549015,6549,6,0.9722738862037659,-400.14556884765625,-11.555763244628906,726.1234130859375
24.32940519999829,0,,217.70947265625,1.0,0.0,0.0006956924917176366,6550,6,0.9723554849624634,-400.15032958984375,-11.553183555603027,725.670166015625
24.340383399976417,0,,217.80992126464844,1.0,0.0,0.0010619190288707614,6552,6,0.972572922706604,-400.16290283203125,-11.546220779418945,724.4609375
24.351279099995736,0,,217.8947296142578,1.0,0.0,0.0025488727260380983,6556,6,0.9726545214653015,-400.1675720214844,-11.543567657470703,724.0072631835938
24.362012699974002,0,,217.9808807373047,1.0,0.0,0.0067151812836527824,6561,6,0.9727632403373718,-400.17529296875,-11.539108276367188,723.2507934570312
24.37300119997235,0,,218.08731079101562,1.0,0.0,0.00488618528470397,6566,6,0.9728447794914246,-400.1799011230469,-11.53643798828125,722.7967529296875
24.383794199995464,0,,218.16676330566406,1.0,0.0,0.0009097887668758631,6568,6,0.9729263782501221,-400.1844787597656,-11.533788681030273,722.3425903320312
24.394711199973244,0,,218.24603271484375,1.0,0.0,0.002704059239476919,6568,6,0.97306227684021,-400.19207763671875,-11.529339790344238,721.5853271484375
24.405681999982335,0,,218.35452270507812,1.0,0.0,0.006929274648427963,6569,6,0.9732253551483154,-400.20111083984375,-11.523696899414062,720.6761474609375
24.416898999974364,0,,218.44601440429688,1.0,0.0,0.004877379164099693,6572,6,0.9733612537384033,-400.2085876464844,-11.518759727478027,719.9180908203125
24.427745699998923,0,,218.55538940429688,1.0,0.0,0.009039106778800488,6577,6,0.973442792892456,-400.21307373046875,-11.5158109664917,719.4630737304688
24.438772499997867,0,,218.64154052734375,1.0,0.0,0.007141802925616503,6578,6,0.973497211933136,-400.2174987792969,-11.512884140014648,719.0079345703125
24.4497674999875,0,,218.72634887695312,1.0,0.0,0.006776485126465559,6579,6,0.9737146496772766,-400.22918701171875,-11.504981994628906,717.7935180664062
24.46077529998729,0,,218.8303680419922,1.0,0.0,0.010218039155006409,6581,6,0.9737961888313293,-400.2335510253906,-11.501933097839355,717.3378295898438
24.47190479998244,0,,218.9176483154297,1.0,0.0,0.008925357833504677,6585,6,0.9739049077033997,-400.2392883300781,-11.497902870178223,716.7301025390625
24.482846200000495,0,,219.02188110351562,1.0,0.0,0.008617544546723366,6592,6,0.9740135073661804,-400.2449951171875,-11.494001388549805,716.1221313476562
24.493869399972027,0,,219.10379028320312,1.0,0.0,0.01179595198482275,6597,6,0.9740949273109436,-400.2492370605469,-11.491182327270508,715.666015625
24.50509919997421,0,,219.18724060058594,1.0,0.0,0.006784897297620773,6600,6,0.9743120670318604,-400.2604675292969,-11.484047889709473,714.448974609375
24.516121299995575,0,,219.29029846191406,1.0,0.0,0.010716395452618599,6606,6,0.9743663668632507,-400.2646179199219,-11.481494903564453,713.9923706054688
24.526944599987473,0,,219.37594604492188,1.0,0.0,0.009609045460820198,6610,6,0.9745020866394043,-400.2715148925781,-11.477511405944824,713.2310791015625
24.538218699977733,0,,219.4754180908203,1.0,0.0,0.008959048427641392,6613,6,0.9745835065841675,-400.2756042480469,-11.475310325622559,712.7741088867188
24.549153599975398,0,,219.55380249023438,1.0,0.0,0.01280461810529232,6613,6,0.9746649861335754,-400.2796630859375,-11.473214149475098,712.3170166015625
24.560343499993905,0,,219.64276123046875,1.0,0.0,0.01314676832407713,6614,6,0.9748820662498474,-400.2903747558594,-11.467750549316406,711.0974731445312
24.571535199997015,0,,219.72003173828125,1.0,0.0,0.011387364938855171,6616,6,0.9749634861946106,-400.2943115234375,-11.465697288513184,710.6399536132812
24.582513599976664,0,,219.80856323242188,1.0,0.0,0.013333430513739586,6618,6,0.9750720262527466,-400.29949951171875,-11.462846755981445,710.0297241210938
24.593453099980252,0,,219.9261474609375,1.0,0.0,0.013058051466941833,6619,6,0.9751534461975098,-400.3033142089844,-11.460556983947754,709.5718994140625
24.604733699990902,0,,220.02239990234375,1.0,0.0,0.014408381655812263,6620,6,0.9752619862556458,-400.3083190917969,-11.457283973693848,708.9613037109375
24.615573599992786,0,,220.13668823242188,1.0,0.0,0.014877877198159695,6621,6,0.9754519462585449,-400.3180847167969,-11.450479507446289,707.7391967773438
24.62628309999127,0,,220.22235107421875,1.0,0.0,0.015119188465178013,6621,6,0.9755333065986633,-400.3216552734375,-11.447893142700195,707.2806396484375
24.637157799996203,0,,220.30523681640625,1.0,0.0,0.015123683959245682,6620,6,0.9756418466567993,-400.3263244628906,-11.444293022155762,706.6690063476562
24.647951699997066,0,,220.4005889892578,1.0,0.0,0.013725473545491695,6624,6,0.9757233262062073,-400.32977294921875,-11.44148063659668,706.2101440429688
24.65900970000075,0,,220.47776794433594,1.0,0.0,0.013818856328725815,6637,6,0.975831925868988,-400.33428955078125,-11.43773365020752,705.59814453125
24.670012699993094,0,,220.55091857910156,1.0,0.0,0.013241970911622047,6650,6,0.9760220050811768,-400.34197998046875,-11.431669235229492,704.526611328125
24.68107869999949,0,,220.6410369873047,1.0,0.0,0.013691826723515987,6659,6,0.9761306047439575,-400.3462219238281,-11.428406715393066,703.9140014648438
24.691998199996306,0,,220.7230682373047,1.0,0.0,0.012968692928552628,6661,6,0.9762392640113831,-400.35040283203125,-11.42514705657959,703.30126953125
24.70271689997753,0,,220.8369903564453,1.0,0.0,0.01699201390147209,6662,6,0.9763206839561462,-400.35345458984375,-11.422688484191895,702.8414916992188
24.71383219998097,0,,220.9232635498047,1.0,0.0,0.015349289402365685,6657,6,0.976510763168335,-400.36138916015625,-11.416377067565918,701.6148681640625
24.725064399972325,0,,221.003173828125,1.0,0.0,0.01493141520768404,6650,6,0.9765923023223877,-400.3642272949219,-11.414053916931152,701.1546020507812
24.735867599985795,0,,221.09884643554688,1.0,0.0,0.014337108470499516,6643,6,0.9766738414764404,-400.36700439453125,-11.411629676818848,700.6942749023438
24.746636199997738,0,,221.1879425048828,1.0,0.0,0.01888853870332241,6643,6,0.9767826199531555,-400.3705749511719,-11.408153533935547,700.0802612304688
24.757461099972716,0,,221.28500366210938,1.0,0.0,0.01828525774180889,6650,6,0.9768913388252258,-400.3740234375,-11.404363632202148,699.4660034179688
24.768462099978933,0,,221.4003448486328,1.0,0.0,0.020124496892094612,6661,6,0.9770815968513489,-400.3797607421875,-11.397542953491211,698.3905029296875
24.77951039999607,0,,221.48265075683594,1.0,0.0,0.019909732043743134,6666,6,0.9771631360054016,-400.3821105957031,-11.39471435546875,697.9293212890625
24.790438699972583,0,,221.5868682861328,1.0,0.0,0.019808776676654816,6666,6,0.9772719144821167,-400.3851013183594,-11.390955924987793,697.3141479492188
24.801519999979064,0,,221.6544189453125,1.0,0.0,0.01816990040242672,6667,6,0.977380633354187,-400.3879699707031,-11.387033462524414,696.6987915039062
24.812794799974654,0,,221.7349395751953,1.0,0.0,0.020571844652295113,6681,6,0.9774622321128845,-400.3900146484375,-11.3840913772583,696.2371215820312
24.823753599979682,0,,221.844970703125,1.0,0.0,0.028040505945682526,6697,6,0.977679967880249,-400.3951416015625,-11.377031326293945,695.0054931640625
24.834802599973045,0,,221.91998291015625,1.0,0.0,0.032114773988723755,6700,6,0.9777615666389465,-400.39691162109375,-11.37475872039795,694.5433349609375
24.84596929998952,0,,222.01536560058594,1.0,0.0,0.025310277938842773,6697,6,0.9778704047203064,-400.39910888671875,-11.371928215026855,693.927001953125
24.856613899988588,0,,222.08938598632812,1.0,0.0,0.02423328533768654,6694,6,0.9779520630836487,-400.401123046875,-11.369319915771484,693.3104248046875
24.86754409997957,0,,222.16790771484375,1.0,0.0,0.022022688761353493,6694,6,0.9781153202056885,-400.4037780761719,-11.365728378295898,692.3851928710938
24.878549399989424,0,,222.2718505859375,1.0,0.0,0.021712005138397217,6696,6,0.9782241582870483,-400.4053039550781,-11.363496780395508,691.76806640625
24.88960899997619,0,,222.35794067382812,1.0,0.0,0.02384134940803051,6697,6,0.9783329963684082,-400.4066162109375,-11.361295700073242,691.1507568359375
24.90045239997562,0,,222.45945739746094,1.0,0.0,0.02360193245112896,6695,6,0.9784146547317505,-400.407470703125,-11.359625816345215,690.6876220703125
24.91116169997258,0,,222.53001403808594,1.0,0.0,0.022944554686546326,6694,6,0.9786322712898254,-400.4090881347656,-11.354907035827637,689.451904296875
24.922738999972353,0,,222.60499572753906,1.0,0.0,0.021943174302577972,6693,6,0.9787139296531677,-400.409423828125,-11.352906227111816,688.98828125
24.933440099994186,0,,222.70733642578125,1.0,0.0,0.02267443761229515,6696,6,0.9788227677345276,-400.4096374511719,-11.349874496459961,688.3699951171875
24.944800099998247,0,,222.8024444580078,1.0,0.0,0.024579878896474838,6702,6,0.9789043664932251,-400.40960693359375,-11.347301483154297,687.9061279296875
24.95556019997457,0,,222.91592407226562,1.0,0.0,0.030381960794329643,6709,6,0.979013204574585,-400.40936279296875,-11.34354305267334,687.2874145507812
24.96673769998597,0,,223.00465393066406,1.0,0.0,0.030931556597352028,6713,6,0.9792036414146423,-400.4084777832031,-11.336749076843262,686.2040405273438
24.97766999999294,0,,223.0921630859375,1.0,0.0,0.032063890248537064,6712,6,0.9793124794960022,-400.4075927734375,-11.332737922668457,685.5845947265625
24.988651399995433,0,,223.1907501220703,1.0,0.0,0.03190949931740761,6707,6,0.9794213175773621,-400.406494140625,-11.328548431396484,684.9649658203125
24.99944039998809,0,,223.26287841796875,1.0,0.0,0.02952640876173973,6715,6,0.9795029163360596,-400.405517578125,-11.3253812789917,684.5000610351562
25.01047569999355,0,,223.34202575683594,1.0,0.0,0.021788032725453377,6732,6,0.9795845746994019,-400.40447998046875,-11.32239055633545,684.0350341796875
25.021380399994086,0,,223.4077606201172,1.0,0.0,0.025702396407723427,6744,6,0.9798021912574768,-400.40093994140625,-11.31527042388916,682.7944946289062
25.032172099978197,0,,223.47764587402344,1.0,0.0,0.021771259605884552,6756,6,0.9798566102981567,-400.3993225097656,-11.312763214111328,682.3291015625
25.043531699979212,0,,223.59814453125,1.0,0.0,0.022275926545262337,6772,6,0.9799654483795166,-400.3969421386719,-11.30954647064209,681.7084350585938
25.054635199980112,0,,223.69448852539062,1.0,0.0,0.026438357308506966,6766,6,0.9800741672515869,-400.3943786621094,-11.306666374206543,681.0875244140625
25.065454099996714,0,,223.8018035888672,1.0,0.0,0.027003999799489975,6740,6,0.9802642464637756,-400.3893127441406,-11.302517890930176,680.000244140625
25.076745499973185,0,,223.87936401367188,1.0,0.0,0.024923011660575867,6719,6,0.9803456664085388,-400.3869323730469,-11.300909042358398,679.5340576171875
25.087549899995793,0,,223.94105529785156,1.0,0.0,0.02308369241654873,6712,6,0.9804542660713196,-400.3835144042969,-11.298816680908203,678.9122314453125
25.09869489999255,0,,224.0376739501953,1.0,0.0,0.03303775191307068,6732,6,0.9805628657341003,-400.37982177734375,-11.296810150146484,678.290283203125
25.10991609998746,0,,224.12008666992188,1.0,0.0,0.03173957020044327,6755,6,0.9806443452835083,-400.37689208984375,-11.295369148254395,677.8236694335938
25.120830299973022,0,,224.21766662597656,1.0,0.0,0.03296547755599022,6772,6,0.9808615446090698,-400.3680725097656,-11.291770935058594,676.5787353515625
25.13202619997901,0,,224.29527282714844,1.0,0.0,0.0414261631667614,6771,6,0.9809423089027405,-400.3644104003906,-11.290444374084473,676.1116943359375
25.143174299999373,0,,224.40036010742188,1.0,0.0,0.042800843715667725,6757,6,0.9810497760772705,-400.35919189453125,-11.288589477539062,675.48876953125
25.153869799978565,0,,224.48338317871094,1.0,0.0,0.044737912714481354,6745,6,0.9811573028564453,-400.3536071777344,-11.286575317382812,674.8656005859375
25.16494619997684,0,,224.5659637451172,1.0,0.0,0.04281589016318321,6738,6,0.981318473815918,-400.3445129394531,-11.28337287902832,673.930419921875
25.17567909997888,0,,224.65472412109375,1.0,0.0,0.03917109593749046,6739,6,0.9814260005950928,-400.33795166015625,-11.281143188476562,673.3067016601562
25.18698939998285,0,,224.73085021972656,1.0,0.0,0.04122805967926979,6747,6,0.9815334677696228,-400.3309631347656,-11.278813362121582,672.6828002929688
25.197695399983786,0,,224.8262939453125,1.0,0.0,0.03400290384888649,6762,6,0.9816140532493591,-400.325439453125,-11.276947975158691,672.2147216796875
25.208412699983455,0,,224.89735412597656,1.0,0.0,0.039019353687763214,6771,6,0.9818292260169983,-400.3095703125,-11.271602630615234,670.9659423828125
25.219427899981383,0,,224.95639038085938,1.0,0.0,0.03589858114719391,6777,6,0.9819099307060242,-400.3031921386719,-11.269466400146484,670.4974365234375
25.230155699973693,0,,225.02914428710938,1.0,0.0,0.035653311759233475,6778,6,0.9820176362991333,-400.29425048828125,-11.266388893127441,669.8726806640625
25.24081540000043,0,,225.13357543945312,1.0,0.0,0.03199394792318344,6775,6,0.982098400592804,-400.2872009277344,-11.263784408569336,669.4039306640625
25.2515344999847,0,,225.2126007080078,1.0,0.0,0.037761006504297256,6772,6,0.982232928276062,-400.27740478515625,-11.259943008422852,668.77880859375
25.26248469998245,0,,225.29981994628906,1.0,0.0,0.03459595888853073,6771,6,0.9823406338691711,-400.26715087890625,-11.25583267211914,668.1534423828125
25.27338709999458,0,,225.4112548828125,1.0,0.0,0.04900101572275162,6774,6,0.9825290441513062,-400.2481384277344,-11.248061180114746,667.0585327148438
25.284533399972133,0,,225.4995880126953,1.0,0.0,0.05123130977153778,6777,6,0.9826374650001526,-400.2367858886719,-11.243423461914062,666.4325561523438
25.295466599985957,0,,225.6035919189453,1.0,0.0,0.048920854926109314,6778,6,0.9826922416687012,-400.2280578613281,-11.239957809448242,665.962890625
25.306496599980164,0,,225.66575622558594,1.0,0.0,0.048815518617630005,6777,6,0.9828019142150879,-400.216064453125,-11.235515594482422,665.3364868164062
25.317581399984192,0,,225.7207794189453,1.0,0.0,0.03899409994482994,6800,6,0.9829937219619751,-400.1941223144531,-11.228196144104004,664.2398681640625
25.32823769998504,0,,225.79205322265625,1.0,0.0,0.03667755797505379,6838,6,0.9830759763717651,-400.1844177246094,-11.225308418273926,663.7697143554688
25.339059199992334,0,,225.88092041015625,1.0,0.0,0.034612078219652176,6861,6,0.9831855893135071,-400.171142578125,-11.221709251403809,663.1427612304688
25.34972439997364,0,,225.9541473388672,1.0,0.0,0.03114536963403225,6852,6,0.983295202255249,-400.157470703125,-11.218432426452637,662.5155639648438
25.360653299983824,0,,226.04502868652344,1.0,0.0,0.03141868859529495,6816,6,0.9833774566650391,-400.14691162109375,-11.21619701385498,662.0450439453125
25.371624199993676,0,,226.1220703125,1.0,0.0,0.030184157192707062,6788,6,0.983594536781311,-400.11761474609375,-11.21045970916748,660.7897338867188
25.382625599973835,0,,226.19821166992188,1.0,0.0,0.029013724997639656,6775,6,0.9836753010749817,-400.1061706542969,-11.208322525024414,660.3187866210938
25.393772699986584,0,,226.29843139648438,1.0,0.0,0.028727291151881218,6782,6,0.9837830066680908,-400.0905456542969,-11.205466270446777,659.690673828125
25.40484779997496,0,,226.38037109375,1.0,0.0,0.03026540018618107,6799,6,0.9838907122612,-400.074462890625,-11.202571868896484,659.0623779296875
25.415551199985202,0,,226.47532653808594,1.0,0.0,0.03450953587889671,6820,6,0.9839714765548706,-400.06207275390625,-11.200373649597168,658.5910034179688
25.426663699996425,0,,226.54930114746094,1.0,0.0,0.03305710479617119,6829,6,0.9841599464416504,-400.0322265625,-11.195293426513672,657.4906616210938
25.43756609997945,0,,226.62554931640625,1.0,0.0,0.037669215351343155,6829,6,0.9842945337295532,-400.0144958496094,-11.192350387573242,656.8616333007812
25.448616799985757,0,,226.71954345703125,1.0,0.0,0.03730274736881256,6821,6,0.9844028353691101,-399.9963073730469,-11.189326286315918,656.232421875
25.459208899992518,0,,226.79736328125,1.0,0.0,0.03712920472025871,6814,6,0.9844843149185181,-399.98236083984375,-11.187040328979492,655.7603759765625
25.469931199972052,0,,226.8738555908203,1.0,0.0,0.013892930932343006,6810,6,0.9845929145812988,-399.96337890625,-11.184050559997559,655.1307983398438
25.480673299985938,0,,226.9623260498047,1.0,0.0,0.024379447102546692,6813,6,0.9847829937934875,-399.9291076660156,-11.178933143615723,654.0286254882812
25.491540999995777,0,,227.0311737060547,1.0,0.0,0.02328721433877945,6819,6,0.9848916530609131,-399.9089050292969,-11.176025390625,653.3984985351562
25.502694599999813,0,,227.0972900390625,1.0,0.0,0.022751588374376297,6828,6,0.9850002527236938,-399.8882751464844,-11.173076629638672,652.7682495117188
25.51362379998318,0,,227.18026733398438,1.0,0.0,0.015691980719566345,6837,6,0.9850817322731018,-399.87249755859375,-11.170814514160156,652.29541015625
25.52481919998536,0,,227.25326538085938,1.0,0.0,0.01776648499071598,6841,6,0.9851903319358826,-399.8510437011719,-11.16767406463623,651.6648559570312
25.535466599976644,0,,227.3496551513672,1.0,0.0,0.020105421543121338,6841,6,0.9853817224502563,-399.8124694824219,-11.161703109741211,650.5609130859375
25.54659569999785,0,,227.43016052246094,1.0,0.0,0.021883055567741394,6839,6,0.985491156578064,-399.7898254394531,-11.157991409301758,649.9298706054688
25.55768669999088,0,,227.51174926757812,1.0,0.0,0.022247180342674255,6837,6,0.9856005907058716,-399.7667236328125,-11.154092788696289,649.298583984375
25.56884859999991,0,,227.6136474609375,1.0,0.0,0.025671960785984993,6837,6,0.9856826066970825,-399.7491149902344,-11.15106201171875,648.824951171875
25.579467199975625,0,,227.69290161132812,1.0,0.0,0.027729110792279243,6837,6,0.9857920408248901,-399.7253112792969,-11.146885871887207,648.1932983398438
25.591113399976166,0,,227.78916931152344,1.0,0.0,0.028105618432164192,6840,6,0.9859835505485535,-399.6827087402344,-11.139328956604004,647.08740234375
25.602442899980815,0,,227.8628692626953,1.0,0.0,0.027532676234841347,6844,6,0.9860928654670715,-399.6578674316406,-11.135022163391113,646.4552001953125
25.61339849999058,0,,227.9531707763672,1.0,0.0,0.026925742626190186,6851,6,0.9862017631530762,-399.6326599121094,-11.130821228027344,645.82275390625
25.624748599977465,0,,228.02670288085938,1.0,0.0,0.026042170822620392,6858,6,0.9862833619117737,-399.6135559082031,-11.127767562866211,645.3483276367188
25.635832999978447,0,,228.1172637939453,1.0,0.0,0.02516123838722706,6865,6,0.9863922595977783,-399.5877685546875,-11.12385082244873,644.715576171875
25.64651349998894,0,,228.1887664794922,1.0,0.0,0.024474620819091797,6870,6,0.9866099953651428,-399.53533935546875,-11.116700172424316,643.4495239257812
25.65736499999184,0,,228.25901794433594,1.0,0.0,0.024143468588590622,6872,6,0.9866915941238403,-399.5153503417969,-11.114267349243164,642.9745483398438
25.668344199977582,0,,228.34890747070312,1.0,0.0,0.022978022694587708,6873,6,0.986800491809845,-399.48846435546875,-11.111184120178223,642.3411254882812
25.67913969999063,0,,228.42315673828125,1.0,0.0,0.022241849452257156,6874,6,0.9869093298912048,-399.46124267578125,-11.108274459838867,641.7074584960938
25.690139999991516,0,,228.51806640625,1.0,0.0,0.021764397621154785,6876,6,0.9869910478591919,-399.440673828125,-11.106215476989746,641.2321166992188
25.70106369999121,0,,228.59364318847656,1.0,0.0,0.02260855957865715,6876,6,0.9871001839637756,-399.4129638671875,-11.103629112243652,640.59814453125
25.71238889999222,0,,228.67015075683594,1.0,0.0,0.022496383637189865,6875,6,0.9872093200683594,-399.38494873046875,-11.10116958618164,639.9639892578125
25.723108199978014,0,,228.76425170898438,1.0,0.0,0.023253845050930977,6874,6,0.9874275326728821,-399.3280029296875,-11.096376419067383,638.6950073242188
25.733876599988434,0,,228.83897399902344,1.0,0.0,0.023230886086821556,6874,6,0.9875093698501587,-399.3063049316406,-11.094584465026855,638.218994140625
25.744766799994977,0,,228.9122314453125,1.0,0.0,0.023606976494193077,6875,6,0.9876185059547424,-399.277099609375,-11.09216594696045,637.5840454101562
25.756356799975038,0,,229.00357055664062,1.0,0.0,0.023508058860898018,6878,6,0.9877548813819885,-399.2475891113281,-11.089674949645996,636.948974609375
25.767169399972772,0,,229.07583618164062,1.0,0.0,0.023006552830338478,6881,6,0.9878367185592651,-399.2252197265625,-11.087738990783691,636.4725341796875
25.77864609999233,0,,229.16578674316406,1.0,0.0,0.022712688893079758,6885,6,0.9880551695823669,-399.1647033691406,-11.082270622253418,635.2014770507812
25.78926729998784,0,,229.23773193359375,1.0,0.0,0.022723864763975143,6888,6,0.9881644248962402,-399.1340026855469,-11.07935619354248,634.565673828125
25.800175499985926,0,,229.3106231689453,1.0,0.0,0.0227266326546669,6891,6,0.9882463216781616,-399.1107482910156,-11.07707691192627,634.0886840820312
25.811047399998643,0,,229.40257263183594,1.0,0.0,0.02261214144527912,6893,6,0.9883555769920349,-399.0794677734375,-11.073905944824219,633.4525756835938
25.82174019998638,0,,229.47763061523438,1.0,0.0,0.022743020206689835,6895,6,0.9884648323059082,-399.0478820800781,-11.07059383392334,632.8162841796875
25.832671499985736,0,,229.57199096679688,1.0,0.0,0.023295357823371887,6897,6,0.9885467290878296,-399.0240173339844,-11.068035125732422,632.3389282226562
25.84431119999499,0,,229.64700317382812,1.0,0.0,0.023538876324892044,6898,6,0.9887644648551941,-398.9595031738281,-11.060966491699219,631.0654296875
25.855390099983197,0,,229.7397918701172,1.0,0.0,0.02376190945506096,6900,6,0.9888724684715271,-398.92681884765625,-11.057328224182129,630.4284057617188
25.866494399990188,0,,229.8131561279297,1.0,0.0,0.023500753566622734,6902,6,0.9889804720878601,-398.8938293457031,-11.053640365600586,629.7911987304688
25.877307899994776,0,,229.88568115234375,1.0,0.0,0.02357160858809948,6905,6,0.9890614748001099,-398.8689270019531,-11.050859451293945,629.3131103515625
25.888544199988246,0,,229.97605895996094,1.0,0.0,0.02284538373351097,6909,6,0.9891695380210876,-398.83544921875,-11.047157287597656,628.6755981445312
25.899439699976938,0,,230.0475311279297,1.0,0.0,0.023137597367167473,6912,6,0.9893855452537537,-398.7762145996094,-11.040772438049316,627.5593872070312
25.91023789998144,0,,230.13626098632812,1.0,0.0,0.022541576996445656,6916,6,0.9894935488700867,-398.74200439453125,-11.037185668945312,626.9213256835938
25.92114049999509,0,,230.20870971679688,1.0,0.0,0.022199546918272972,6918,6,0.9896019697189331,-398.70751953125,-11.03363037109375,626.2830810546875
25.93239679999533,0,,230.2814178466797,1.0,0.0,0.02820589207112789,6920,6,0.9897111058235168,-398.6727600097656,-11.030109405517578,625.6446533203125
25.94323739997344,0,,230.37322998046875,1.0,0.0,0.026331502944231033,6922,6,0.9897928833961487,-398.6465148925781,-11.027497291564941,625.1657104492188
25.954249999980675,0,,230.44583129882812,1.0,0.0,0.025992944836616516,6923,6,0.9899020195007324,-398.61126708984375,-11.024054527282715,624.5269165039062
25.96514709998155,0,,230.51760864257812,1.0,0.0,0.026251478120684624,6924,6,0.9900928735733032,-398.5489196777344,-11.018096923828125,623.4086303710938
25.976030299993,0,,230.60646057128906,1.0,0.0,0.025829534977674484,6926,6,0.990202009677887,-398.5129089355469,-11.014707565307617,622.7693481445312
25.98687989998143,0,,230.67774963378906,1.0,0.0,0.025184066966176033,6928,6,0.9903110861778259,-398.47662353515625,-11.01131534576416,622.1298828125
25.99749549999251,0,,230.74859619140625,1.0,0.0,0.0253345537930727,6931,6,0.9903929233551025,-398.4491882324219,-11.008756637573242,621.650146484375
26.008439400000498,0,,230.8379669189453,1.0,0.0,0.025173598900437355,6934,6,0.9905571937561035,-398.40313720703125,-11.004471778869629,620.8504028320312
26.01916149997851,0,,230.91058349609375,1.0,0.0,0.024726293981075287,6936,6,0.9906394481658936,-398.3752746582031,-11.001876831054688,620.3704223632812
26.030141299997922,0,,230.98358154296875,1.0,0.0,0.025205789133906364,6938,6,0.990858793258667,-398.3001708984375,-10.994845390319824,619.0899658203125
26.04131719999714,0,,231.07595825195312,1.0,0.0,0.025581469759345055,6939,6,0.9909411072731018,-398.271728515625,-10.992169380187988,618.609619140625
26.053115299990168,0,,231.16934204101562,1.0,0.0,0.02658710442483425,6941,6,0.9910507798194885,-398.2335205078125,-10.988598823547363,617.9689331054688
26.06435319999582,0,,231.2446746826172,1.0,0.0,0.02660917118191719,6943,6,0.9911604523658752,-398.19500732421875,-10.985044479370117,617.328125
26.075473599979887,0,,231.3367156982422,1.0,0.0,0.02743234671652317,6946,6,0.9912427067756653,-398.16595458984375,-10.982415199279785,616.8473510742188
26.086778599972604,0,,231.40634155273438,1.0,0.0,0.027430390939116478,6949,6,0.991459846496582,-398.0877685546875,-10.97579288482666,615.5648193359375
26.09751089999918,0,,231.47305297851562,1.0,0.0,0.026543470099568367,6953,6,0.9915679097175598,-398.04827880859375,-10.972758293151855,614.9232177734375
26.108572400000412,0,,231.5540313720703,1.0,0.0,0.025219429284334183,6961,6,0.9916759729385376,-398.01849365234375,-10.970602035522461,614.4419555664062
26.119700199982617,0,,231.62109375,1.0,0.0,0.02376643568277359,6969,6,0.9917840361595154,-397.978515625,-10.96789836883545,613.8001098632812
26.13051399998949,0,,231.7045440673828,1.0,0.0,0.023296702653169632,6974,6,0.9918920993804932,-397.93829345703125,-10.965407371520996,613.1581420898438
26.14125749998493,0,,231.77130126953125,1.0,0.0,0.022268299013376236,6974,6,0.9919731616973877,-397.9079284667969,-10.963656425476074,612.676513671875
26.152350699994713,0,,231.84249877929688,1.0,0.0,0.02214137651026249,6971,6,0.9921890497207642,-397.826171875,-10.959196090698242,611.3917236328125
26.16308199998457,0,,231.93333435058594,1.0,0.0,0.023096812888979912,6966,6,0.9922953844070435,-397.7848205566406,-10.956945419311523,610.7490844726562
26.174159099988174,0,,232.00503540039062,1.0,0.0,0.023510998114943504,6964,6,0.9924283027648926,-397.7431640625,-10.95461654663086,610.1062622070312
26.185038999974495,0,,232.07595825195312,1.0,0.0,0.024007616564631462,6964,6,0.992508053779602,-397.7117004394531,-10.952801704406738,609.6240234375
26.195665299979737,0,,232.16436767578125,1.0,0.0,0.024716218933463097,6968,6,0.9926143288612366,-397.66943359375,-10.950240135192871,608.9808349609375
26.206681199982995,0,,232.2342987060547,1.0,0.0,0.02493342198431492,6973,6,0.9927206635475159,-397.6268615722656,-10.947474479675293,608.3375244140625
26.217536499985727,0,,232.30447387695312,1.0,0.0,0.025615686550736427,6978,6,0.9928269982337952,-397.58392333984375,-10.944499015808105,607.6940307617188
26.22858549997909,0,,232.3944549560547,1.0,0.0,0.026289012283086777,6982,6,0.9930671453475952,-397.4971008300781,-10.937967300415039,606.4065551757812
26.239300199988065,0,,232.4674835205078,1.0,0.0,0.027332166209816933,6983,6,0.993148684501648,-397.46417236328125,-10.935343742370605,605.923583984375
26.250237899977947,0,,232.54043579101562,1.0,0.0,0.027098698541522026,6983,6,0.9932574033737183,-397.4200439453125,-10.931736946105957,605.2794189453125
26.26115999999456,0,,232.6305694580078,1.0,0.0,0.027175422757864,6982,6,0.9933661222457886,-397.37554931640625,-10.928054809570312,604.6350708007812
26.27202359997318,0,,232.7025909423828,1.0,0.0,0.02771385759115219,6982,6,0.9934747815132141,-397.3307800292969,-10.924335479736328,603.9906005859375
26.282795199978864,0,,232.78976440429688,1.0,0.0,0.027126643806695938,6986,6,0.9935563206672668,-397.2969970703125,-10.921553611755371,603.507080078125
26.293836699973326,0,,232.85826110839844,1.0,0.0,0.026648053899407387,6992,6,0.9937737584114075,-397.20611572265625,-10.91443157196045,602.21728515625
26.30499959998997,0,,232.9272918701172,1.0,0.0,0.026629766449332237,6998,6,0.9938824772834778,-397.1602783203125,-10.911114692687988,601.5720825195312
26.31597569998121,0,,233.01315307617188,1.0,0.0,0.026254141703248024,7006,6,0.9940187335014343,-397.1141662597656,-10.908008575439453,600.9267578125
26.326758899987908,0,,233.07733154296875,1.0,0.0,0.025980057194828987,7009,6,0.9941278100013733,-397.06781005859375,-10.905152320861816,600.28125
26.337643599981675,0,,233.13792419433594,1.0,0.0,0.02397175505757332,7011,6,0.9942095875740051,-397.0328369140625,-10.903169631958008,599.7969970703125
26.348676499997964,0,,233.21722412109375,1.0,0.0,0.023072360083460808,7011,6,0.9943459033966064,-396.9742431640625,-10.900053977966309,598.98974609375
26.3596626999788,0,,233.28558349609375,1.0,0.0,0.0223030187189579,7012,6,0.9944276809692383,-396.9388427734375,-10.898240089416504,598.5052490234375
26.370952799974475,0,,233.37718200683594,1.0,0.0,0.022603997960686684,7013,6,0.9945366978645325,-396.8913879394531,-10.895859718322754,597.859130859375
26.38174749998143,0,,233.44845581054688,1.0,0.0,0.024866588413715363,7012,6,0.9947547912597656,-396.7955322265625,-10.891124725341797,596.56640625
26.39249469997594,0,,233.52169799804688,1.0,0.0,0.025800667703151703,7011,6,0.9948362708091736,-396.7592468261719,-10.889276504516602,596.0814819335938
26.40359589998843,0,,233.60964965820312,1.0,0.0,0.0265208687633276,7010,6,0.9949991106987,-396.6983642578125,-10.886042594909668,595.2730102539062
26.41488389999722,0,,233.67735290527344,1.0,0.0,0.026631904765963554,7012,6,0.9950805306434631,-396.6615905761719,-10.884002685546875,594.7877807617188
26.425649599987082,0,,233.75967407226562,1.0,0.0,0.025905976071953773,7014,6,0.9951890707015991,-396.61224365234375,-10.881155014038086,594.1406860351562
26.436750900000334,0,,233.82794189453125,1.0,0.0,0.02604886144399643,7018,6,0.9952976703643799,-396.56256103515625,-10.878156661987305,593.493408203125
26.44763109998894,0,,233.89649963378906,1.0,0.0,0.025546975433826447,7021,6,0.9954062104225159,-396.5125427246094,-10.875024795532227,592.8460083007812
26.458482199988794,0,,233.98263549804688,1.0,0.0,0.025620155036449432,7024,6,0.9956232905387878,-396.4114990234375,-10.868465423583984,591.5506591796875
26.46926529999473,0,,234.0511932373047,1.0,0.0,0.02631034515798092,7026,6,0.9957320690155029,-396.373291015625,-10.865918159484863,591.0647583007812
26.480189199995948,0,,234.12120056152344,1.0,0.0,0.02648976445198059,7027,6,0.9958409070968628,-396.3220520019531,-10.862456321716309,590.4166870117188
26.490937399998074,0,,234.20668029785156,1.0,0.0,0.026190584525465965,7029,6,0.9959497451782227,-396.2705383300781,-10.858943939208984,589.7684936523438
26.50155609997455,0,,234.2742156982422,1.0,0.0,0.026015855371952057,7032,6,0.9960585236549377,-396.2187194824219,-10.855435371398926,589.1201171875
26.512426299974322,0,,234.3419647216797,1.0,0.0,0.018228784203529358,7035,6,0.9961673617362976,-396.1665954589844,-10.851971626281738,588.4715576171875
26.523798199981684,0,,234.4258575439453,1.0,0.0,0.019481858238577843,7040,6,0.9962761998176575,-396.1141662597656,-10.848575592041016,587.8228759765625
26.534965699975146,0,,234.4941864013672,1.0,0.0,0.016164878383278847,7044,6,0.9964938163757324,-396.0217590332031,-10.842881202697754,586.6871948242188
26.545722399983788,0,,234.5781707763672,1.0,0.0,0.018520047888159752,7047,6,0.9966029524803162,-395.9685974121094,-10.839811325073242,586.0380249023438
26.55647829998634,0,,234.6441192626953,1.0,0.0,0.01818758249282837,7048,6,0.9967121481895447,-395.9151611328125,-10.836882591247559,585.3887329101562
26.567613199993502,0,,234.72372436523438,1.0,0.0,0.01819531060755253,7049,6,0.9967940449714661,-395.8749084472656,-10.83476734161377,584.901611328125
26.578558899986092,0,,234.78700256347656,1.0,0.0,0.018107770010828972,7049,6,0.9969305396080017,-395.8074645996094,-10.831331253051758,584.0895385742188
26.58918659997289,0,,234.8528289794922,1.0,0.0,0.017893780022859573,7049,6,0.9970123767852783,-395.7667541503906,-10.829277992248535,583.6022338867188
26.600234199984698,0,,234.92100524902344,1.0,0.0,0.018607262521982193,7051,6,0.9971215724945068,-395.7122497558594,-10.82652473449707,582.9522705078125
26.611068499973044,0,,235.009033203125,1.0,0.0,0.015606625005602837,7054,6,0.997367262840271,-395.60235595703125,-10.820849418640137,581.6519775390625
26.622314399981406,0,,235.0810546875,1.0,0.0,0.015570525079965591,7056,6,0.9974492192268372,-395.56085205078125,-10.818645477294922,581.1641845703125
26.63332329998957,0,,235.1688232421875,1.0,0.0,0.016787772998213768,7058,6,0.9975857734680176,-395.4913330078125,-10.814887046813965,580.3509521484375
26.644616799982032,0,,235.235595703125,1.0,0.0,0.013140635564923286,7058,6,0.997667670249939,-395.4494323730469,-10.812602996826172,579.8629150390625
26.656017299974337,0,,235.31552124023438,1.0,0.0,0.01530135702341795,7059,6,0.9977769255638123,-395.3933410644531,-10.8095121383667,579.2119750976562
26.666959700000007,0,,235.3772430419922,1.0,0.0,0.01415904238820076,7061,6,0.998022735118866,-395.28033447265625,-10.803240776062012,577.9097290039062
26.677714099991135,0,,235.4568634033203,1.0,0.0,0.013806040398776531,7067,6,0.9981046915054321,-395.2377014160156,-10.80088996887207,577.4212036132812
26.68861620000098,0,,235.52127075195312,1.0,0.0,0.01168759260326624,7072,6,0.9982412457466125,-395.1663513183594,-10.79699420928955,576.6068725585938
26.69987639997271,0,,235.5878143310547,1.0,0.0,0.00814555399119854,7075,6,0.9983231425285339,-395.12335205078125,-10.794650077819824,576.1181030273438
26.710903099999996,0,,235.67401123046875,1.0,0.0,0.0034042582847177982,7077,6,0.9984323978424072,-395.0658264160156,-10.791483879089355,575.46630859375
26.721720599976834,0,,235.74278259277344,1.0,0.0,0.003440289758145809,7076,6,0.9985415935516357,-395.0080871582031,-10.788297653198242,574.8143310546875
26.732560199976433,0,,235.81207275390625,1.0,0.0,0.006616651546210051,7076,6,0.9986235499382019,-394.9646301269531,-10.785888671875,574.3252563476562
26.74348839998129,0,,235.89892578125,1.0,0.0,0.00747612165287137,7076,6,0.9988692998886108,-394.8482360839844,-10.779402732849121,573.0205078125
26.75447189999977,0,,235.96871948242188,1.0,0.0,0.008690525777637959,7077,6,0.9989784955978394,-394.7897644042969,-10.776144027709961,572.367919921875
26.765241599990986,0,,236.03683471679688,1.0,0.0,0.009226218797266483,7079,6,0.9990604519844055,-394.74578857421875,-10.773736953735352,571.8782958984375
26.776184999995166,0,,236.1195526123047,1.0,0.0,0.009144545532763004,7083,6,0.9991695284843445,-394.6869812011719,-10.770607948303223,571.225341796875
26.786877899983665,0,,236.17984008789062,1.0,0.0,0.008648128248751163,7086,6,0.9992784261703491,-394.6280212402344,-10.767592430114746,570.572265625
26.797711499995785,0,,236.25192260742188,1.0,0.0,0.008496538735926151,7091,6,0.9993873834609985,-394.56890869140625,-10.764663696289062,569.9190063476562
26.808497699996224,0,,236.3109130859375,1.0,0.0,0.007526119239628315,7096,6,0.9994962811470032,-394.50958251953125,-10.761807441711426,569.2655639648438
26.819620999973267,0,,236.3737335205078,1.0,0.0,0.007319722790271044,7099,6,0.9997140765190125,-394.40545654296875,-10.756881713867188,568.1217041015625
26.830895399994915,0,,236.45709228515625,1.0,0.0,0.005465182941406965,7102,6,0.9998230338096619,-394.3457336425781,-10.754053115844727,567.4678344726562
26.841658499994082,0,,236.52658081054688,1.0,0.0,0.009933113120496273,7102,6,1.0,-394.2858581542969,-10.7511568069458,566.8138427734375
26.8523885999748,0,,236.5927734375,1.0,0.0,0.008795211091637611,7100,6,1.0,-394.2408752441406,-10.748915672302246,566.3232421875
26.863535399985267,0,,236.67445373535156,1.0,0.0,0.006697315722703934,7099,6,1.0,-394.16571044921875,-10.745047569274902,565.5053100585938
26.874738599988632,0,,236.74130249023438,1.0,0.0,0.007069903891533613,7103,6,1.0,-394.1205139160156,-10.742584228515625,565.014404296875
26.885799199983012,1,0.0,236.8249969482422,1.0,0.0,0.007319051306694746,7102,6,0.0,-393.9996643066406,-10.735479354858398,563.7048950195312
26.897189799987245,1,0.01139060000423342,236.8970947265625,1.0,0.0,0.007563757710158825,7103,6,0.0,-393.9390869140625,-10.731804847717285,563.0498657226562
26.907844999979716,1,0.022045799996703863,236.97901916503906,1.0,0.0,0.005566657055169344,7106,6,0.0,-393.8935546875,-10.729021072387695,562.5584716796875
26.918716999993194,1,0.03291780001018196,237.04225158691406,1.0,0.0,0.0068415068089962006,7109,6,0.00012131363473599777,-393.832763671875,-10.72523307800293,561.9031372070312
26.929745999979787,1,0.043946799996774644,237.1040496826172,1.0,0.0,0.006829146295785904,7112,6,0.0002291479759151116,-393.7718811035156,-10.721382141113281,561.2476196289062
26.94050659998902,1,0.054707400006009266,237.1825714111328,1.0,0.0,0.006390869151800871,7118,6,0.00031002372270449996,-393.72613525390625,-10.718494415283203,560.755859375
26.951329799980158,1,0.06553059999714606,237.24461364746094,1.0,0.0,0.005971000529825687,7121,6,0.0005526510067284107,-393.6039123535156,-10.710932731628418,559.444091796875
26.962486399977934,1,0.07668719999492168,237.30929565429688,1.0,0.0,0.006371919997036457,7124,6,0.0006604853551834822,-393.54266357421875,-10.707222938537598,558.7879638671875
26.973317999974824,1,0.08751879999181256,237.39389038085938,1.0,0.0,0.006603069603443146,7126,6,0.0007683197036385536,-393.4813232421875,-10.70352840423584,558.1317138671875
26.984416899998905,1,0.0986177000158932,237.45980834960938,1.0,0.0,0.0061755250208079815,7126,6,0.0008762690704315901,-393.4199523925781,-10.699919700622559,557.4752197265625
26.99521259998437,1,0.10941340000135824,237.54299926757812,1.0,0.0,0.006188293918967247,7126,6,0.0009578351164236665,-393.3738708496094,-10.697279930114746,556.9827270507812
27.00637329998426,1,0.12057410000124946,237.6118927001953,1.0,0.0,0.006703019607812166,7127,6,0.0010665898444131017,-393.3123779296875,-10.693821907043457,556.325927734375
27.01767909998307,1,0.13187990000005811,237.67929077148438,1.0,0.0,0.006303945556282997,7128,6,0.0012025332543998957,-393.25079345703125,-10.690406799316406,555.6689453125
27.028694999986328,1,0.14289580000331625,237.75564575195312,1.0,0.0,0.00626850500702858,7130,6,0.001420042710378766,-393.12750244140625,-10.683976173400879,554.3544311523438
27.039944199990714,1,0.15414500000770204,237.81680297851562,1.0,0.0,0.00635138526558876,7133,6,0.0015016087563708425,-393.0812072753906,-10.681687355041504,553.861328125
27.050979599996936,1,0.16518040001392365,237.89205932617188,1.0,0.0,0.005597395356744528,7137,6,0.0016103634843602777,-393.0194091796875,-10.678661346435547,553.2036743164062
27.061780599993654,1,0.17598140001064166,237.95257568359375,1.0,0.0,0.0055694421753287315,7141,6,0.00174629595130682,-392.9575500488281,-10.675689697265625,552.5458984375
27.072898499987787,1,0.1870993000047747,238.03115844726562,1.0,0.0,0.005519193597137928,7144,6,0.0018549627857282758,-392.8955993652344,-10.672805786132812,551.887939453125
27.083922599995276,1,0.19812340001226403,238.0902557373047,1.0,0.0,0.005277861841022968,7145,6,0.002045129891484976,-392.7870788574219,-10.667769432067871,550.736083984375
27.09489219999523,1,0.2090930000122171,238.1500244140625,1.0,0.0,0.005178061313927174,7145,6,0.00215379660949111,-392.7249755859375,-10.664814949035645,550.0776977539062
27.105648899974767,1,0.2198496999917552,238.2293243408203,1.0,0.0,0.00497245229780674,7146,6,0.0022624635603278875,-392.6783447265625,-10.662524223327637,549.583740234375
27.116374299977906,1,0.23057509999489412,238.2949676513672,1.0,0.0,0.004853098653256893,7147,6,0.0023982971906661987,-392.6005859375,-10.658480644226074,548.7603759765625
27.127292099990882,1,0.24149290000787005,238.35719299316406,1.0,0.0,0.005043797194957733,7149,6,0.0024797972291707993,-392.55389404296875,-10.655928611755371,548.2661743164062
27.13851639998029,1,0.25271719999727793,238.4377899169922,1.0,0.0,0.005466529168188572,7152,6,0.002588464180007577,-392.4915771484375,-10.652403831481934,547.6071166992188
27.1495657999767,1,0.2637665999936871,238.50296020507812,1.0,0.0,0.005668488796800375,7155,6,0.002724583027884364,-392.42919921875,-10.648679733276367,546.9479370117188
27.16109339997638,1,0.27529419999336824,238.58502197265625,1.0,0.0,0.005452012177556753,7157,6,0.0028335032984614372,-392.36676025390625,-10.644740104675293,546.2885131835938
27.1719921999902,1,0.28619300000718795,238.65286254882812,1.0,0.0,0.005473434459418058,7157,6,0.003051344072446227,-392.24169921875,-10.636373519897461,544.96923828125
27.182682599988766,1,0.2968834000057541,238.73826599121094,1.0,0.0,0.005390593782067299,7157,6,0.003133034333586693,-392.19476318359375,-10.633138656616211,544.4743041992188
27.19339729999774,1,0.3075981000147294,238.80625915527344,1.0,0.0,0.009487142786383629,7158,6,0.003269184846431017,-392.1321105957031,-10.628830909729004,543.8142700195312
27.20466329998453,1,0.31886410000151955,238.8686981201172,1.0,0.0,0.0039639780297875404,7159,6,0.0033781053498387337,-392.06939697265625,-10.62460994720459,543.1539916992188
27.215521199977957,1,0.3297219999949448,238.942138671875,1.0,0.0,0.005306585226207972,7163,6,0.003487006761133671,-392.00665283203125,-10.620546340942383,542.4935913085938
27.226560699986294,1,0.340761500003282,238.9988250732422,1.0,0.0,0.005084875971078873,7170,6,0.0036773541942238808,-391.8967590332031,-10.613880157470703,541.33740234375
27.23755349998828,1,0.3517543000052683,239.05433654785156,1.0,0.0,0.005078327842056751,7179,6,0.003813316812738776,-391.83392333984375,-10.610372543334961,540.676513671875
27.24880289999419,1,0.363003700011177,239.1276397705078,1.0,0.0,0.004584238398820162,7187,6,0.003922086674720049,-391.77099609375,-10.607091903686523,540.0155029296875
27.259618499985663,1,0.3738193000026513,239.18795776367188,1.0,0.0,0.004255242645740509,7188,6,0.004030856769531965,-391.70806884765625,-10.604011535644531,539.3543090820312
27.270838299999014,1,0.3850391000160016,239.26878356933594,1.0,0.0,0.004658068530261517,7185,6,0.004139626398682594,-391.6450500488281,-10.601066589355469,538.6929931640625
27.28157389999251,1,0.3957747000094969,239.33204650878906,1.0,0.0,0.004433745983988047,7181,6,0.004248396493494511,-391.5977783203125,-10.598915100097656,538.1968383789062
27.292550399986794,1,0.4067512000037823,239.3904571533203,1.0,0.0,0.008682308718562126,7177,6,0.004384379833936691,-391.5188903808594,-10.595423698425293,537.3697509765625
27.30356759999995,1,0.41776840001693927,239.46621704101562,1.0,0.0,0.004468525294214487,7176,6,0.004465999081730843,-391.4715270996094,-10.59334659576416,536.8734130859375
27.31444799999008,1,0.4286488000070676,239.53179931640625,1.0,0.0,0.004722089972347021,7178,6,0.004710856359452009,-391.34503173828125,-10.58752155303955,535.5492553710938
27.32544119999511,1,0.43964200001209974,239.6129913330078,1.0,0.0,0.00460846209898591,7185,6,0.004819681867957115,-391.28167724609375,-10.584403038024902,534.886962890625
27.336152399977436,1,0.45035319999442436,239.6739959716797,1.0,0.0,0.004903511609882116,7189,6,0.0049013011157512665,-391.234130859375,-10.582029342651367,534.39013671875
27.347469399974216,1,0.46167019999120384,239.73541259765625,1.0,0.0,0.005196009762585163,7192,6,0.0050101266242563725,-391.17071533203125,-10.578812599182129,533.7274780273438
27.358209599973634,1,0.47241039999062195,239.80943298339844,1.0,0.0,0.005165964365005493,7193,6,0.005118952598422766,-391.10723876953125,-10.57544994354248,533.064697265625
27.369256199977826,1,0.4834569999948144,239.869873046875,1.0,0.0,0.005106374621391296,7193,6,0.0053639584220945835,-390.9801025390625,-10.568258285522461,531.7386474609375
27.380178699997487,1,0.4943795000144746,239.93321228027344,1.0,0.0,0.0066770086996257305,7192,6,0.005445658694952726,-390.932373046875,-10.565463066101074,531.2412109375
27.391071699996246,1,0.5052725000132341,240.0124053955078,1.0,0.0,0.003419529879465699,7193,6,0.005554592236876488,-390.8686828613281,-10.561688423156738,530.5778198242188
27.40173319997848,1,0.5159339999954682,240.0749053955078,1.0,0.0,0.005424614064395428,7195,6,0.005690759047865868,-390.804931640625,-10.557899475097656,529.9142456054688
27.412827299995115,1,0.5270281000121031,240.1526336669922,1.0,0.0,0.004434875212609768,7199,6,0.0057724593207240105,-390.7571105957031,-10.555037498474121,529.4164428710938
27.423935200000415,1,0.5381360000174027,240.21438598632812,1.0,0.0,0.0045287818647921085,7202,6,0.005881392862647772,-390.69329833984375,-10.551198959350586,528.7526245117188
27.434917399979895,1,0.549118199996883,240.27288818359375,1.0,0.0,0.005071116611361504,7205,6,0.00612622732296586,-390.5655212402344,-10.543628692626953,527.4243774414062
27.445851099997526,1,0.5600519000145141,240.34405517578125,1.0,0.0,0.004794546402990818,7208,6,0.0062073953449726105,-390.5175476074219,-10.540864944458008,526.9260864257812
27.456894099974306,1,0.5710948999912944,240.40077209472656,1.0,0.0,0.004500997252762318,7211,6,0.006315619684755802,-390.4535217285156,-10.537210464477539,526.2615966796875
27.467868499981705,1,0.5820692999986932,240.47792053222656,1.0,0.0,0.004700106102973223,7214,6,0.006423844024538994,-390.38946533203125,-10.533578872680664,525.5969848632812
27.478590199985774,1,0.5927910000027623,240.54010009765625,1.0,0.0,0.004335195291787386,7215,6,0.0065320683643221855,-390.3414001464844,-10.530889511108398,525.098388671875
27.48946509999223,1,0.6036659000092186,240.60025024414062,1.0,0.0,0.005280072335153818,7216,6,0.0066673485562205315,-390.2611999511719,-10.526483535766602,524.2672119140625
27.50054989999626,1,0.6147507000132464,240.6807861328125,1.0,0.0,0.00518722552806139,7216,6,0.006748516578227282,-390.2130432128906,-10.523857116699219,523.7684326171875
27.51164639997296,1,0.6258471999899484,240.748046875,1.0,0.0,0.004895024932920933,7216,6,0.006992106791585684,-390.0844421386719,-10.516800880432129,522.437744140625
27.522893899993505,1,0.6370947000104934,240.82711791992188,1.0,0.0,0.005468729883432388,7217,6,0.007100558374077082,-390.02008056640625,-10.513352394104004,521.7721557617188
27.53390299997409,1,0.6481037999910768,240.8827362060547,1.0,0.0,0.0054027484729886055,7218,6,0.007181897293776274,-389.9717712402344,-10.510852813720703,521.2728271484375
27.54540159998578,1,0.6596024000027683,240.94813537597656,1.0,0.0,-0.0026928680017590523,7220,6,0.007290349341928959,-389.90728759765625,-10.507575988769531,520.60693359375
27.556000199983828,1,0.6702010000008158,241.00448608398438,1.0,0.0,-0.0005014159251004457,7225,6,0.00742591405287385,-389.8427734375,-10.50429916381836,519.9408569335938
27.566949100000784,1,0.6811499000177719,241.0638427734375,1.0,0.0,-0.00030457504908554256,7232,6,0.007534365635365248,-389.7781982421875,-10.50105094909668,519.274658203125
27.577825499989558,1,0.6920263000065461,241.1348114013672,1.0,0.0,0.00021893344819545746,7237,6,0.007724156603217125,-389.6651611328125,-10.495586395263672,518.1084594726562
27.588612999999896,1,0.7028138000168838,241.1881561279297,1.0,0.0,0.0008494029170833528,7237,6,0.007859737612307072,-389.60052490234375,-10.49250602722168,517.4418334960938
27.599540600000182,1,0.7137414000171702,241.24781799316406,1.0,0.0,0.0008433620096184313,7236,6,0.007968232966959476,-389.5358581542969,-10.489338874816895,516.7750244140625
27.61028609998175,1,0.7244868999987375,241.3282012939453,1.0,0.0,0.0007730959914624691,7234,6,0.008076728321611881,-389.47113037109375,-10.486034393310547,516.1080932617188
27.621125399979064,1,0.7353261999960523,241.39407348632812,1.0,0.0,0.0007744377362541854,7234,6,0.008185223676264286,-389.422607421875,-10.483469009399414,515.6077880859375
27.632201099972008,1,0.7464018999889959,241.4614715576172,1.0,0.0,0.0010391173418611288,7236,6,0.008320843800902367,-389.34161376953125,-10.47910213470459,514.7737426757812
27.643099099979736,1,0.757299899996724,241.54397583007812,1.0,0.0,0.001930066617205739,7238,6,0.00840221531689167,-389.29302978515625,-10.476466178894043,514.273193359375
27.65420789999189,1,0.7684087000088766,241.60409545898438,1.0,0.0,0.002158284652978182,7240,6,0.008646329864859581,-389.1632995605469,-10.469554901123047,512.9378051757812
27.665424599981634,1,0.779625399998622,241.66836547851562,1.0,0.0,0.0016752847004681826,7241,6,0.008754905313253403,-389.098388671875,-10.46621322631836,512.2698364257812
27.676555699988967,1,0.7907565000059549,241.7187957763672,1.0,0.0,0.0016262740828096867,7245,6,0.008836373686790466,-389.0496826171875,-10.463760375976562,511.768798828125
27.687550199974794,1,0.801750999991782,241.77053833007812,1.0,0.0,0.0013043624348938465,7234,1,0.008944997563958168,-388.9847412109375,-10.460604667663574,511.1005859375
27.698543199978303,1,0.8127439999952912,241.7484893798828,1.0,0.0,0.0014945402508601546,7149,1,0.009080777876079082,-388.9197998046875,-10.457621574401855,510.4322509765625
27.70948099999805,1,0.8236818000150379,241.6810302734375,1.0,0.0,0.001805305597372353,7082,1,0.009189401753246784,-388.8548583984375,-10.454780578613281,509.7637939453125
27.720684599975357,1,0.8348853999923449,241.5792999267578,1.0,0.0,0.001652602106332779,6998,1,0.009406650438904762,-388.74127197265625,-10.449997901916504,508.59429931640625
27.731486299977405,1,0.8456870999943931,241.5035400390625,1.0,0.0,0.0018703462556004524,6932,1,0.009515274316072464,-388.6763916015625,-10.447271347045898,507.9263000488281
27.742445999989286,1,0.8566468000062741,241.4274139404297,1.0,0.0,0.002395796589553356,6865,1,0.009623697958886623,-388.611572265625,-10.444490432739258,507.2585144042969
27.753358899994055,1,0.8675597000110429,241.45138549804688,1.0,0.0,0.002210394013673067,6707,7,0.009732001461088657,-388.5467529296875,-10.441670417785645,506.5909729003906
27.764512899972033,1,0.8787136999890208,241.427490234375,1.0,0.0,0.0023040990345180035,6760,7,0.009840304963290691,-388.4981689453125,-10.439518928527832,506.09039306640625
27.775443599995924,1,0.8896444000129122,241.49285888671875,1.0,0.0,0.0014769963454455137,6585,7,0.009975683875381947,-388.4171447753906,-10.435829162597656,505.2560119628906
27.786642699997174,1,0.9008435000141617,241.58692932128906,1.0,0.0,0.001391558675095439,6376,7,0.010056911036372185,-388.3685302734375,-10.433554649353027,504.75537109375
27.797283799998695,1,0.9114846000156831,241.6880645751953,1.0,0.0,0.001806866843253374,6226,7,0.010300593450665474,-388.2388610839844,-10.42745304107666,503.4198303222656
27.808616299997084,1,0.9228171000140719,241.78797912597656,1.0,0.0,0.0017263462068513036,6200,7,0.010408896952867508,-388.17401123046875,-10.424420356750488,502.75164794921875
27.819687499984866,1,0.9338883000018541,241.83587646484375,1.0,0.0,0.0014631764497607946,6292,7,0.01049018558114767,-388.1253662109375,-10.422164916992188,502.2503662109375
27.831131899991306,1,0.9453327000082936,241.8677978515625,1.0,0.0,0.0015833869110792875,6446,7,0.010652788914740086,-388.0442810058594,-10.418475151062012,501.4146728515625
27.84204609997687,1,0.9562468999938574,241.8915252685547,1.0,0.0,0.0009960861643776298,6526,7,0.010734090581536293,-387.9956359863281,-10.416314125061035,500.9131774902344
27.853395399986766,1,0.9675962000037543,241.9376983642578,1.0,0.0,0.000959009921643883,6527,7,0.01097799465060234,-387.865966796875,-10.410776138305664,499.5756530761719
27.86460000000079,1,0.9788008000177797,241.9917449951172,1.0,0.0,0.0016230021137744188,6467,7,0.011086396872997284,-387.8011474609375,-10.408158302307129,498.9067687988281
27.875570499978494,1,0.989771299995482,242.0725555419922,1.0,0.0,0.0013643496204167604,6379,7,0.011167698539793491,-387.7525329589844,-10.406219482421875,498.4049987792969
27.886993899999652,1,1.0011947000166401,242.13946533203125,1.0,0.0,0.0008328569820150733,6342,7,0.011276100762188435,-387.6877136230469,-10.403623580932617,497.73583984375
27.897830099973362,1,1.01203089999035,242.20867919921875,1.0,0.0,0.001019168528728187,6354,7,0.011411880142986774,-387.62286376953125,-10.40101432800293,497.06646728515625
27.908576599991648,1,1.0227774000086356,242.25485229492188,1.0,0.0,0.0009844222804531455,6395,7,0.01152052916586399,-387.5580139160156,-10.398387908935547,496.3969421386719
27.919395399978384,1,1.0335961999953724,242.29359436035156,1.0,0.0,0.0007612984627485275,6439,7,0.011737826280295849,-387.4445495605469,-10.393636703491211,495.22491455078125
27.930349299975205,1,1.0445500999921933,242.3455352783203,1.0,0.0,0.0006158094038255513,6468,7,0.011846475303173065,-387.37969970703125,-10.390763282775879,494.5550231933594
27.94116269997903,1,1.0553634999960195,242.39439392089844,1.0,0.0,0.0007717211847193539,6464,7,0.011955123394727707,-387.31488037109375,-10.387755393981934,493.885009765625
27.95239059999585,1,1.0665914000128396,242.45042419433594,1.0,0.0,0.0005275378352962434,6442,7,0.012090934440493584,-387.25006103515625,-10.384620666503906,493.21490478515625
27.96342519999598,1,1.0776260000129696,242.52659606933594,1.0,0.0,0.0005844418774358928,6412,7,0.012172435410320759,-387.2014465332031,-10.382186889648438,492.7121887207031
27.975031099980697,1,1.089231899997685,242.59127807617188,1.0,0.0,0.0004705087631009519,6400,7,0.012308390811085701,-387.1203918457031,-10.378011703491211,491.8741760253906
27.985668999986956,1,1.099869800003944,242.6667022705078,1.0,0.0,0.0007046436076052487,6406,7,0.012389963492751122,-387.07177734375,-10.375450134277344,491.3712158203125
27.996915600000648,1,1.111116400017636,242.71533203125,1.0,0.0,0.0003209698188584298,6422,7,0.012634683400392532,-386.9421691894531,-10.368757247924805,490.029541015625
28.007980499998666,1,1.1221813000156544,242.76768493652344,1.0,0.0,0.0005437086219899356,6440,7,0.012743446975946426,-386.87738037109375,-10.365560531616211,489.3584899902344
28.019059599988395,1,1.1332604000053834,242.80531311035156,1.0,0.0,0.0007901049684733152,6449,7,0.012852211482822895,-386.82879638671875,-10.363183975219727,488.8551025390625
28.029718499979936,1,1.1439192999969237,242.848388671875,1.0,0.0,0.000645025575067848,6453,7,0.012988166883587837,-386.7478332519531,-10.359291076660156,488.0159912109375
28.040655299992068,1,1.1548561000090558,242.9095458984375,1.0,0.0,0.0006695809424854815,6450,7,0.013069739565253258,-386.6992492675781,-10.35700511932373,487.512451171875
28.051754899992375,1,1.1659557000093628,242.9629364013672,1.0,0.0,0.0007123180548660457,6443,7,0.013178504072129726,-386.6344909667969,-10.353979110717773,486.8409423828125
28.062762699992163,1,1.1769635000091512,243.03460693359375,1.0,0.0,0.0011900060344487429,6436,7,0.013396031223237514,-386.5212097167969,-10.348416328430176,485.66546630859375
28.073830299981637,1,1.188031099998625,243.09054565429688,1.0,0.0,0.0008749875123612583,6437,7,0.013504795730113983,-386.4564514160156,-10.344969749450684,484.9935607910156
28.08469389998936,1,1.198894700006349,243.147216796875,1.0,0.0,0.000904872955288738,6442,7,0.01364075019955635,-386.3916931152344,-10.341325759887695,484.32147216796875
28.09550229998422,1,1.2097031000012066,243.21722412109375,1.0,0.0,0.0009210705757141113,6450,7,0.013749513775110245,-386.326904296875,-10.337446212768555,483.6492614746094
28.106162899988703,1,1.2203637000056915,243.2747039794922,1.0,0.0,0.00021176112932153046,6453,7,0.01383108738809824,-386.2783203125,-10.334397315979004,483.1449890136719
28.117257099976996,1,1.231457899993984,243.32949829101562,1.0,0.0,0.0010605709394440055,6452,7,0.013966952450573444,-386.2135314941406,-10.330160140991211,482.4725036621094
28.12821199998143,1,1.2424127999984194,243.3971710205078,1.0,0.0,0.0005772874574176967,6448,7,0.014157038182020187,-386.1001281738281,-10.322524070739746,481.2952575683594
28.13891449998482,1,1.2531153000018094,243.45054626464844,1.0,0.0,0.0005145921022631228,6444,7,0.014292813837528229,-386.01910400390625,-10.317018508911133,480.4540710449219
28.14965849998407,1,1.2638593000010587,243.50291442871094,1.0,0.0,0.0006317743100225925,6445,7,0.014401433989405632,-385.970458984375,-10.313735008239746,479.94927978515625
28.16045139997732,1,1.274652199994307,243.56402587890625,1.0,0.0,0.0007117684581317008,6452,7,0.01451005507260561,-385.9056396484375,-10.3094482421875,479.27606201171875
28.171449799992843,1,1.2856506000098307,243.61383056640625,1.0,0.0,0.0005613647517748177,6459,7,0.014618675224483013,-385.8408508300781,-10.305281639099121,478.6026916503906
28.18222349998541,1,1.2964243000023998,243.66510009765625,1.0,0.0,0.0006480313604697585,6465,7,0.014727296307682991,-385.792236328125,-10.302221298217773,478.09759521484375
28.19332459999714,1,1.3075254000141285,243.72898864746094,1.0,0.0,0.0005956010427325964,6469,7,0.014944424852728844,-385.6626892089844,-10.294378280639648,476.750244140625
28.204647399979876,1,1.3188481999968644,243.78277587890625,1.0,0.0,0.0007432763813994825,6468,7,0.0150529770180583,-385.6141052246094,-10.291571617126465,476.24481201171875
28.216145299986238,1,1.3303461000032257,243.8538818359375,1.0,0.0,0.0003340235853102058,6465,7,0.015161528252065182,-385.5493469238281,-10.287895202636719,475.5708312988281
28.227416899986565,1,1.3416177000035532,243.91317749023438,1.0,0.0,0.00019557776977308095,6462,7,0.015270080417394638,-385.4845886230469,-10.284270286560059,474.89666748046875
28.238184799993178,1,1.352385600010166,243.9868927001953,1.0,0.0,0.00017615160322748125,6461,7,0.0153514938428998,-385.4360046386719,-10.281606674194336,474.39093017578125
28.248905599990394,1,1.363106400007382,244.04306030273438,1.0,0.0,-6.855407264083624e-08,6463,7,0.015595735050737858,-385.30645751953125,-10.274765014648438,473.0418701171875
28.259597899974324,1,1.3737986999913119,244.09568786621094,1.0,0.0,-0.00014879228547215462,6465,7,0.015704283490777016,-385.24169921875,-10.271482467651367,472.36712646484375
28.270842199999606,1,1.3850430000165943,244.1577606201172,1.0,0.0,-0.00028266748995520175,6468,7,0.0158128309994936,-385.193115234375,-10.269081115722656,471.8609313964844
28.28201509997598,1,1.396215899992967,244.204833984375,1.0,0.0,0.00017430180741939694,6472,7,0.015921376645565033,-385.1283264160156,-10.265949249267578,471.1859130859375
28.293274499999825,1,1.407475300016813,244.2602081298828,1.0,0.0,0.0006986723165027797,6476,7,0.016029924154281616,-385.0635681152344,-10.262918472290039,470.5107727050781
28.3043539999926,1,1.4185548000095878,244.3124237060547,1.0,0.0,0.0006020226865075529,6479,7,0.01613846980035305,-385.0150146484375,-10.260700225830078,470.0043029785156
28.315152499999385,1,1.4293533000163734,244.3684539794922,1.0,0.0,-0.00015864468878135085,6481,7,0.016355562955141068,-384.88555908203125,-10.254837036132812,468.65338134765625
28.32611789999646,1,1.4403187000134494,244.4385986328125,1.0,0.0,0.00017283763736486435,6481,7,0.016491247341036797,-384.8208312988281,-10.251898765563965,467.97772216796875
28.337246199982474,1,1.4514469999994617,244.4915313720703,1.0,0.0,0.00043633440509438515,6480,7,0.01659981906414032,-384.7561340332031,-10.248958587646484,467.3018798828125
28.347871699981624,1,1.4620724999986123,244.5594482421875,1.0,0.0,0.0009111887193284929,6480,7,0.016681252047419548,-384.7076110839844,-10.246719360351562,466.7948913574219
28.358558899984928,1,1.472759700001916,244.6171875,1.0,0.0,0.0008287892560474575,6481,7,0.01681697368621826,-384.64288330078125,-10.243635177612305,466.1187744140625
28.36930689998553,1,1.4835077000025194,244.67315673828125,1.0,0.0,0.0006823122384957969,6483,7,0.017034126445651054,-384.5133972167969,-10.237187385559082,464.76611328125
28.380349799990654,1,1.494550600007642,244.742919921875,1.0,0.0,0.00040057371370494366,6485,7,0.017142703756690025,-384.4648132324219,-10.234755516052246,464.2586975097656
28.391214899980696,1,1.505415699997684,244.80032348632812,1.0,0.0,3.640740760602057e-05,6486,7,0.017251281067728996,-384.4000549316406,-10.23150634765625,463.58203125
28.402210899977945,1,1.5164116999949329,244.8573455810547,1.0,0.0,0.00043514714343473315,6487,7,0.017359858378767967,-384.3352966308594,-10.228259086608887,462.9051818847656
28.413229199999478,1,1.5274300000164658,244.92449951171875,1.0,0.0,0.0004828358069062233,6488,7,0.017468474805355072,-384.2867431640625,-10.225876808166504,462.3974609375
28.424308799993014,1,1.538509600010002,244.97122192382812,1.0,0.0,0.000558514439035207,6490,7,0.01760425604879856,-384.205810546875,-10.222084999084473,461.551025390625
28.435609799984377,1,1.549810600001365,245.02285766601562,1.0,0.0,0.0010238009272143245,6494,7,0.017685724422335625,-384.1572265625,-10.219914436340332,461.0430603027344
28.44656019998365,1,1.5607610000006389,245.07574462890625,1.0,0.0,-1.0194373317062855e-05,6500,7,0.017930127680301666,-384.02777099609375,-10.214354515075684,459.6881408691406
28.457524400000693,1,1.5717252000176813,245.1281280517578,1.0,0.0,-0.0003863549209199846,6505,7,0.018038751557469368,-383.9630432128906,-10.211642265319824,459.010498046875
28.468605199974263,1,1.5828059999912512,245.1887664794922,1.0,0.0,0.0004763665492646396,6507,7,0.01814737729728222,-383.9144592285156,-10.209667205810547,458.5021667480469
28.479312899988145,1,1.5935137000051327,245.2426300048828,1.0,0.0,0.0009436882100999355,6505,7,0.01825600489974022,-383.8497314453125,-10.207030296325684,457.8242492675781
28.49031169997761,1,1.6045124999945983,245.31932067871094,1.0,0.0,0.0007179643725976348,6502,7,0.018364671617746353,-383.78497314453125,-10.204232215881348,457.1462097167969
28.50125579998712,1,1.6154566000041086,245.37672424316406,1.0,0.0,0.000262782268691808,6501,7,0.018473336473107338,-383.7364196777344,-10.201976776123047,456.6375732421875
28.51184699998703,1,1.6260478000040166,245.4321746826172,1.0,0.0,0.00023170419444795698,6502,7,0.018690666183829308,-383.6068420410156,-10.19566822052002,455.28076171875
28.522772699972847,1,1.6369734999898355,245.4832000732422,1.0,0.0,0.0007245487649925053,6505,7,0.01879933290183544,-383.55828857421875,-10.193170547485352,454.77178955078125
28.53387329998077,1,1.648074099997757,245.54879760742188,1.0,0.0,0.0007788066286593676,6507,7,0.01893516443669796,-383.47735595703125,-10.188735008239746,453.9233093261719
28.54486579998047,1,1.659066599997459,245.6068572998047,1.0,0.0,-0.00016575695190113038,6508,7,0.01901666261255741,-383.4288024902344,-10.185935020446777,453.41412353515625
28.555758899979992,1,1.66995969999698,245.67587280273438,1.0,0.0,-0.00011508427269291133,6510,7,0.019152503460645676,-383.36407470703125,-10.182114601135254,452.7350769042969
28.566919799981406,1,1.681120599998394,245.7316131591797,1.0,0.0,0.0005070517072454095,6511,7,0.019369876012206078,-383.234619140625,-10.174503326416016,451.3764953613281
28.577640799980145,1,1.691841599997133,245.78672790527344,1.0,0.0,0.0005087390309199691,6512,7,0.019478563219308853,-383.18609619140625,-10.17165470123291,450.86688232421875
28.588659799977904,1,1.7028605999948923,245.85247802734375,1.0,0.0,0.0005654662381857634,6515,7,0.01958725042641163,-383.1213684082031,-10.167869567871094,450.1872253417969
28.599753099988448,1,1.7139539000054356,245.9046630859375,1.0,0.0,0.0008108962792903185,6516,7,0.019695937633514404,-383.056640625,-10.16416072845459,449.5074462890625
28.610464400000637,1,1.7246652000176255,245.9705810546875,1.0,0.0,0.0006929913070052862,6520,7,0.01980462484061718,-383.0080871582031,-10.161436080932617,448.9975280761719
28.621675399976084,1,1.735876199993072,246.02420043945312,1.0,0.0,-4.808022640645504e-05,6523,7,0.019940482452511787,-382.9271545410156,-10.157041549682617,448.1474609375
28.63256279999041,1,1.746763600007398,246.07542419433594,1.0,0.0,0.0002576200640760362,6524,7,0.020021993666887283,-382.87860107421875,-10.154507637023926,447.6372985839844
28.643628299992997,1,1.7578291000099853,246.14065551757812,1.0,0.0,0.0007504707900807261,6525,7,0.020266516134142876,-382.7491455078125,-10.148025512695312,446.2764892578125
28.654819799994584,1,1.7690206000115722,246.19537353515625,1.0,0.0,0.0006528701051138341,6525,7,0.020348023623228073,-382.7005920410156,-10.14563274383545,445.7660217285156
28.665843499999028,1,1.7800443000160158,246.26513671875,1.0,0.0,-3.159449261147529e-05,6526,7,0.020483868196606636,-382.6358642578125,-10.142475128173828,445.08526611328125
28.677108599978965,1,1.7913093999959528,246.32135009765625,1.0,0.0,0.00020490417955443263,6527,7,0.020592544227838516,-382.57110595703125,-10.139350891113281,444.4043884277344
28.6877268999815,1,1.8019276999984868,246.3852081298828,1.0,0.0,0.000759804155677557,6528,7,0.02072839066386223,-382.5063781738281,-10.136249542236328,443.72332763671875
28.698872899985872,1,1.8130737000028603,246.430419921875,1.0,0.0,0.00098444486502558,6529,7,0.020809898152947426,-382.45782470703125,-10.13392162322998,443.2124328613281
28.709922399983043,1,1.824123200000031,246.47955322265625,1.0,0.0,0.0008048618910834193,6531,7,0.021054336801171303,-382.3283386230469,-10.127521514892578,441.8497009277344
28.720854099985445,1,1.835054900002433,246.54615783691406,1.0,0.0,0.0006165957893244922,6534,7,0.0211629681289196,-382.26361083984375,-10.124103546142578,441.1681213378906
28.7315985999885,1,1.8457994000054896,246.59864807128906,1.0,0.0,0.0006384274456650019,6536,7,0.02127160131931305,-382.1988830566406,-10.120564460754395,440.48638916015625
28.742278999998234,1,1.8564798000152223,246.65264892578125,1.0,0.0,0.0007671953062526882,6539,7,0.021380232647061348,-382.15032958984375,-10.11783504486084,439.9750061035156
28.75332449999405,1,1.8675253000110388,246.71861267089844,1.0,0.0,0.0013102178927510977,6541,7,0.021488865837454796,-382.0856018066406,-10.114039421081543,439.29302978515625
28.76442789999419,1,1.878628700011177,246.77069091796875,1.0,0.0,0.0011686134384945035,6542,7,0.021733280271291733,-381.95611572265625,-10.105843544006348,437.92864990234375
28.775343799992697,1,1.8895446000096854,246.8384552001953,1.0,0.0,0.0009225070243701339,6541,7,0.021814709529280663,-381.90753173828125,-10.102555274963379,437.4168395996094
28.786750200000824,1,1.9009510000178125,246.89300537109375,1.0,0.0,0.0006807373138144612,6542,7,0.02195042185485363,-381.8427734375,-10.097996711730957,436.73431396484375
28.797807899973122,1,1.9120086999901105,246.9666290283203,1.0,0.0,0.0006051129894331098,6543,7,0.022058993577957153,-381.77801513671875,-10.093290328979492,436.0516357421875
28.808716699975776,1,1.9229174999927636,247.02577209472656,1.0,0.0,0.0007428157259710133,6544,7,0.022140420973300934,-381.72943115234375,-10.089705467224121,435.53955078125
28.819673799996963,1,1.9338746000139508,247.08509826660156,1.0,0.0,0.00036811508471146226,6546,7,0.022303277626633644,-381.6484680175781,-10.083718299865723,434.6858215332031
28.830774699978065,1,1.9449754999950528,247.15689086914062,1.0,0.0,0.000811014324426651,6547,7,0.022384706884622574,-381.5998840332031,-10.080146789550781,434.1734619140625
28.841862799978117,1,1.9560635999951046,247.2093505859375,1.0,0.0,0.0008917605155147612,6548,7,0.022628910839557648,-381.47027587890625,-10.071005821228027,432.8067321777344
28.852674800000386,1,1.9668756000173744,247.2707061767578,1.0,0.0,0.0008909947355277836,6552,7,0.022710179910063744,-381.4216613769531,-10.067821502685547,432.2940368652344
28.86361509998096,1,1.9778158999979496,247.3153076171875,1.0,0.0,0.0009135156869888306,6558,7,0.022818537428975105,-381.3568420410156,-10.063817024230957,431.6103515625
28.87475919999997,1,1.9889600000169594,247.3596649169922,1.0,0.0,0.001015720423310995,6567,7,0.022953985258936882,-381.29205322265625,-10.06009292602539,430.926513671875
28.88572769999155,1,1.9999285000085365,247.41726684570312,1.0,0.0,0.0011225646594539285,6574,7,0.023035254329442978,-381.2434387207031,-10.057494163513184,430.4135437011719
28.897359599999618,1,2.011560400016606,247.46499633789062,1.0,0.0,0.0013131776358932257,6572,7,0.023279059678316116,-381.1138610839844,-10.051133155822754,429.0452880859375
28.90847979998216,1,2.0226805999991484,247.53970336914062,1.0,0.0,0.00044354103738442063,6565,7,0.023387417197227478,-381.049072265625,-10.048080444335938,428.3609924316406
28.919433099974412,1,2.0336338999914005,247.60008239746094,1.0,0.0,0.00039516910328529775,6559,7,0.02349584363400936,-381.00048828125,-10.045774459838867,427.8476257324219
28.93039489997318,1,2.044595699990168,247.67160034179688,1.0,0.0,0.001003724755719304,6557,7,0.023631514981389046,-380.91949462890625,-10.041958808898926,426.9918518066406
28.941087999992305,1,2.0552888000092935,247.7241973876953,1.0,0.0,0.0015389970503747463,6560,7,0.023740053176879883,-380.87091064453125,-10.039669036865234,426.4782409667969
28.952340999996522,1,2.0665418000135105,247.7764892578125,1.0,0.0,0.0015869049821048975,6564,7,0.023957129567861557,-380.74127197265625,-10.033269882202148,425.1082458496094
28.96308349998435,1,2.077284300001338,247.84158325195312,1.0,0.0,0.0007421334157697856,6569,7,0.024065667763352394,-380.6926574707031,-10.030725479125977,424.5943603515625
28.974443999992218,1,2.088644800009206,247.8933868408203,1.0,0.0,0.0004930263967253268,6571,7,0.02417420595884323,-380.6278381347656,-10.027302742004395,423.9090270996094
28.985333699994953,1,2.0995345000119414,247.95896911621094,1.0,0.0,0.0007811328396201134,6571,7,0.02428274415433407,-380.5630187988281,-10.023847579956055,423.2235412597656
28.996317299985094,1,2.110518100002082,248.0112762451172,1.0,0.0,0.0008522248826920986,6571,7,0.024391354992985725,-380.514404296875,-10.021210670471191,422.7093505859375
29.007326099992497,1,2.121526900009485,248.0669708251953,1.0,0.0,0.0006449554348364472,6570,7,0.024500008672475815,-380.4496154785156,-10.017602920532227,422.02362060546875
29.018172999989474,1,2.1323738000064623,248.1378631591797,1.0,0.0,0.0001986830320674926,6572,7,0.02474447712302208,-380.32000732421875,-10.010196685791016,420.6517028808594
29.02919239999028,1,2.1433932000072673,248.1897735595703,1.0,0.0,-3.0301365768536925e-05,6574,7,0.024825967848300934,-380.27142333984375,-10.00744342803955,420.1370849609375
29.04035179998027,1,2.1545525999972597,248.2526397705078,1.0,0.0,0.0006872098310850561,6577,7,0.02496178448200226,-380.20660400390625,-10.003803253173828,419.4507751464844
29.051034699979937,1,2.1652354999969248,248.30111694335938,1.0,0.0,0.00043288947199471295,6580,7,0.025070438161492348,-380.1418151855469,-10.000173568725586,418.76434326171875
29.062069999985397,1,2.176270800002385,248.34951782226562,1.0,0.0,0.00029571709455922246,6584,7,0.025151927024126053,-380.0932312011719,-9.997458457946777,418.2494201660156
29.073246699990705,1,2.1874475000076927,248.4112548828125,1.0,0.0,0.0003893100074492395,6586,7,0.02539651282131672,-379.9636535644531,-9.990328788757324,416.87591552734375
29.084508100000676,1,2.198708900017664,248.46530151367188,1.0,0.0,0.0004272678052075207,6587,7,0.02553240768611431,-379.89886474609375,-9.986725807189941,416.18896484375
29.095564799994463,1,2.209765600011451,248.53564453125,1.0,0.0,-1.8194055883213878e-05,6587,7,0.025641122832894325,-379.8341064453125,-9.98305606842041,415.5018615722656
29.10682069999166,1,2.2210215000086464,248.59121704101562,1.0,0.0,0.000516982632689178,6587,7,0.02572265826165676,-379.7855529785156,-9.980268478393555,414.9864196777344
29.117714399995748,1,2.231915200012736,248.66273498535156,1.0,0.0,0.00042657559970393777,6588,7,0.025858553126454353,-379.7207946777344,-9.9764986038208,414.2990417480469
29.12863789999392,1,2.242838700010907,248.71856689453125,1.0,0.0,0.0007283344748429954,6589,7,0.025967268273234367,-379.6560363769531,-9.972647666931152,413.61151123046875
29.13992459999281,1,2.254125400009798,248.7735595703125,1.0,0.0,0.0002724530640989542,6589,7,0.026184681802988052,-379.542724609375,-9.965808868408203,412.4079284667969
29.15090949999285,1,2.2651103000098374,248.8373260498047,1.0,0.0,0.00015986223297659308,6590,7,0.026293383911252022,-379.47796630859375,-9.96192741394043,411.719970703125
29.16218979997211,1,2.2763905999890994,248.88987731933594,1.0,0.0,0.000729862367734313,6591,7,0.02642926014959812,-379.4132080078125,-9.958088874816895,411.0318603515625
29.172916399984388,1,2.2871172000013757,248.95785522460938,1.0,0.0,0.0002649540838319808,6595,7,0.02651078626513481,-379.3646240234375,-9.955246925354004,410.51568603515625
29.183830699999817,1,2.298031500016805,249.01158142089844,1.0,0.0,-5.6592587498016655e-05,6599,7,0.02667383849620819,-379.2836608886719,-9.950684547424316,409.6551818847656
29.1949582999805,1,2.309159099997487,249.05787658691406,1.0,0.0,0.0004177540831733495,6601,7,0.02675536274909973,-379.235107421875,-9.948090553283691,409.1387939453125
29.206020799989346,1,2.3202216000063345,249.11155700683594,1.0,0.0,0.0008167610503733158,6603,7,0.026999887079000473,-379.1055603027344,-9.941627502441406,407.7613220214844
29.216899099992588,1,2.3310999000095762,249.1603240966797,1.0,0.0,0.0001879399933386594,6605,7,0.02708134800195694,-379.0569763183594,-9.939274787902832,407.2446594238281
29.227930599998217,1,2.342131400015205,249.22695922851562,1.0,0.0,0.00014323410869110376,6610,7,0.027189962565898895,-378.9922180175781,-9.936188697814941,406.5556335449219
29.239148900000146,1,2.3533497000171337,249.27978515625,1.0,0.0,0.00019086076645180583,6611,7,0.02732573077082634,-378.9274597167969,-9.93320083618164,405.8664855957031
29.249982799985446,1,2.364183600002434,249.3347625732422,1.0,0.0,0.0006307631265372038,6610,7,0.027434345334768295,-378.8627014160156,-9.930227279663086,405.1771545410156
29.26164639997296,1,2.3758471999899484,249.40081787109375,1.0,0.0,0.000664951279759407,6609,7,0.027678728103637695,-378.73321533203125,-9.924056053161621,403.798095703125
29.272549899993464,1,2.3867507000104524,249.45338439941406,1.0,0.0,0.0006603588699363172,6608,7,0.02778734266757965,-378.68463134765625,-9.92161750793457,403.2807922363281
29.283599199989112,1,2.3978000000061,249.52317810058594,1.0,0.0,0.00026595417875796556,6609,7,0.027896001935005188,-378.619873046875,-9.918241500854492,402.5909118652344
29.29472339997301,1,2.408924199989997,249.57879638671875,1.0,0.0,0.00017936665972229093,6611,7,0.028004666790366173,-378.55511474609375,-9.91473388671875,401.9009094238281
29.305393099988578,1,2.419593900005566,249.64694213867188,1.0,0.0,0.0002875463687814772,6613,7,0.028113331645727158,-378.50653076171875,-9.912069320678711,401.3832702636719
29.31638259999454,1,2.4305834000115283,249.70692443847656,1.0,0.0,0.0003245311963837594,6615,7,0.02822199836373329,-378.4417724609375,-9.908470153808594,400.6929931640625
29.327104799973313,1,2.441305599990301,249.76425170898438,1.0,0.0,0.00035522491089068353,6615,7,0.028466494753956795,-378.3122253417969,-9.901254653930664,399.31195068359375
29.337801399989985,1,2.452002200006973,249.83038330078125,1.0,0.0,0.00026137768873013556,6615,7,0.028547992929816246,-378.2636413574219,-9.898714065551758,398.79388427734375
29.348690099985106,1,2.462890900002094,249.87498474121094,1.0,0.0,0.0002301183994859457,6615,7,0.02868383191525936,-378.1988830566406,-9.895524978637695,398.1029968261719
29.3598657999828,1,2.4740665999997873,249.9095916748047,1.0,0.0,0.0010582318063825369,6622,7,0.028792552649974823,-378.1341247558594,-9.892524719238281,397.4119567871094
29.370803999976488,1,2.485004799993476,249.9601593017578,1.0,0.0,0.000673909904435277,6637,7,0.028901273384690285,-378.0855407714844,-9.890400886535645,396.8936462402344
29.381499599985546,1,2.4957004000025336,250.00674438476562,1.0,0.0,0.0006011540535837412,6644,7,0.029037173837423325,-378.0046081542969,-9.887114524841309,396.02960205078125
29.392265699978452,1,2.5064664999954402,250.0587158203125,1.0,0.0,0.0007219897233881056,6643,7,0.02911871299147606,-377.9560546875,-9.885232925415039,395.5111083984375
29.403344599995762,1,2.51754540001275,250.12806701660156,1.0,0.0,0.0005598957650363445,6634,7,0.02936333417892456,-377.8266296386719,-9.880158424377441,394.1280517578125
29.41464969998924,1,2.5288505000062287,250.18186950683594,1.0,0.0,0.0011172342346981168,6627,7,0.029472054913640022,-377.778076171875,-9.87813949584961,393.6092529296875
29.42571169999428,1,2.539912500011269,250.24569702148438,1.0,0.0,0.0017732582055032253,6625,7,0.02958076447248459,-377.7133483886719,-9.875288009643555,392.9173889160156
29.43685899997945,1,2.5510597999964375,250.29588317871094,1.0,0.0,0.0015829765470698476,6629,7,0.02971663326025009,-377.64862060546875,-9.872154235839844,392.2253723144531
29.44787059997907,1,2.562071399996057,250.361328125,1.0,0.0,0.0005851759342476726,6636,7,0.029825329780578613,-377.5838928222656,-9.86866283416748,391.5332336425781
29.458894299983513,1,2.5730951000005007,250.41563415527344,1.0,0.0,0.0007599101518280804,6641,7,0.030042720958590508,-377.4705505371094,-9.861722946166992,390.3216247558594
29.469810499984305,1,2.5840113000012934,250.47166442871094,1.0,0.0,0.0007916867616586387,6642,7,0.03015141561627388,-377.4057922363281,-9.857372283935547,389.62908935546875
29.480628499994054,1,2.5948293000110425,250.5445556640625,1.0,0.0,0.0006859504501335323,6641,7,0.030260110273957253,-377.3572082519531,-9.853955268859863,389.1095886230469
29.491340099979425,1,2.605540899996413,250.60198974609375,1.0,0.0,0.0001844550424721092,6638,7,0.030395980924367905,-377.2762451171875,-9.848023414611816,388.2435302734375
29.502331299998332,1,2.61653210001532,250.65631103515625,1.0,0.0,0.0006222997326403856,6634,7,0.03050459548830986,-377.2276611328125,-9.84438419342041,387.7237854003906
29.513238199986517,1,2.6274390000035055,250.72132873535156,1.0,0.0,0.0005161509616300464,6633,7,0.03061320073902607,-377.16290283203125,-9.839526176452637,387.0306396484375
29.52396999998018,1,2.6381707999971695,250.76947021484375,1.0,0.0,0.0008513481006957591,6637,7,0.03085756115615368,-377.0334167480469,-9.830048561096191,385.6439208984375
29.535054599982686,1,2.6492553999996744,250.8144073486328,1.0,0.0,0.0007597377407364547,6645,7,0.03093901462852955,-376.9848327636719,-9.826680183410645,385.1237487792969
29.54586859999108,1,2.6600694000080694,250.87034606933594,1.0,0.0,0.0001294177636737004,6654,7,0.031074771657586098,-376.92010498046875,-9.822372436523438,384.4300842285156
29.556908699974883,1,2.6711094999918714,250.91864013671875,1.0,0.0,0.00016290102212224156,6660,7,0.031183376908302307,-376.8553466796875,-9.818224906921387,383.7362976074219
29.567591499973787,1,2.681792299990775,250.96986389160156,1.0,0.0,7.422287308145314e-05,6662,7,0.03129196539521217,-376.8067932128906,-9.81520938873291,383.21588134765625
29.578483499994036,1,2.692684300011024,251.03187561035156,1.0,0.0,0.0004503349482547492,6658,7,0.03142756223678589,-376.725830078125,-9.810407638549805,382.34832763671875
29.58925520000048,1,2.703456000017468,251.0880126953125,1.0,0.0,0.0076814573258161545,6653,7,0.031508918851614,-376.67724609375,-9.807621955871582,381.82769775390625
29.600028699991526,1,2.714229500008514,251.14352416992188,1.0,0.0,0.011149455793201923,6650,7,0.031752992421388626,-376.54766845703125,-9.800225257873535,380.4389343261719
29.610761999996612,1,2.7249628000136,251.21311950683594,1.0,0.0,0.011553790420293808,6650,7,0.03186146914958954,-376.4990539550781,-9.797487258911133,379.91796875
29.62173879999318,1,2.7359396000101697,251.2667999267578,1.0,0.0,0.012858527712523937,6653,7,0.03196994587779045,-376.4342346191406,-9.793862342834473,379.2232666015625
29.63274089997867,1,2.7469416999956593,251.33163452148438,1.0,0.0,0.011000563390552998,6658,7,0.03210553899407387,-376.369384765625,-9.790251731872559,378.52838134765625
29.643531299981987,1,2.757732099998975,251.38668823242188,1.0,0.0,0.009896318428218365,6660,7,0.032214030623435974,-376.30450439453125,-9.78663158416748,377.8333435058594
29.654234899993753,1,2.768435700010741,251.43856811523438,1.0,0.0,0.013521594926714897,6660,7,0.032322533428668976,-376.25579833984375,-9.78393268585205,377.3119812011719
29.66530039999634,1,2.7795012000133283,251.49940490722656,1.0,0.0,0.011004580184817314,6660,7,0.03256665915250778,-376.12591552734375,-9.777053833007812,375.9212951660156
29.676490999991074,1,2.7906918000080623,251.5432891845703,1.0,0.0,0.01029669214040041,6660,7,0.032675158232450485,-376.0609130859375,-9.773756980895996,375.2257385253906
29.687473999976646,1,2.8016747999936342,251.58743286132812,1.0,0.0,0.00989316962659359,6664,7,0.03278366103768349,-375.9958801269531,-9.770502090454102,374.5300598144531
29.69850149998092,1,2.812702299997909,251.64871215820312,1.0,0.0,0.009220734238624573,6669,7,0.03289216011762619,-375.9470520019531,-9.768105506896973,374.00823974609375
29.709253399982117,1,2.823454199999105,251.70108032226562,1.0,0.0,0.009342895820736885,6673,7,0.03300065919756889,-375.8819274902344,-9.76495361328125,373.3123474121094
29.720327899995027,1,2.834528700012015,251.74986267089844,1.0,0.0,0.009525742381811142,6674,7,0.03313632681965828,-375.8167419433594,-9.76181697845459,372.6163024902344
29.73113019997254,1,2.845330999989528,251.81149291992188,1.0,0.0,0.009310737252235413,6672,7,0.033244866877794266,-375.7514953613281,-9.75870418548584,371.920166015625
29.742353899986483,1,2.8565547000034712,251.86175537109375,1.0,0.0,0.009046820923686028,6671,7,0.03348907455801964,-375.6208190917969,-9.752205848693848,370.5274353027344
29.753602099983254,1,2.8678029000002425,251.9256134033203,1.0,0.0,0.009078102186322212,6672,7,0.033597614616155624,-375.57171630859375,-9.749619483947754,370.0050354003906
29.764866699988488,1,2.879067500005476,251.9785919189453,1.0,0.0,0.010022551752626896,6674,7,0.03370615094900131,-375.5062255859375,-9.746057510375977,369.3083801269531
29.775915399979567,1,2.8901161999965552,252.0446014404297,1.0,0.0,0.009973753243684769,6677,7,0.033841822296381,-375.44061279296875,-9.742383003234863,368.611572265625
29.786767899990082,1,2.90096870000707,252.09494018554688,1.0,0.0,0.010168465785682201,6679,7,0.03392327204346657,-375.391357421875,-9.739553451538086,368.0888977050781
29.79796929997974,1,2.912170099996729,252.1596221923828,1.0,0.0,0.010429218411445618,6679,7,0.03403192758560181,-375.32562255859375,-9.735678672790527,367.391845703125
29.809108399989782,1,2.92330920000677,252.20960998535156,1.0,0.0,0.010745875537395477,6679,7,0.03427640348672867,-375.19384765625,-9.727619171142578,365.99737548828125
29.82030969997868,1,2.9345104999956675,252.25735473632812,1.0,0.0,0.0098409503698349,6679,7,0.034385062754154205,-375.14434814453125,-9.724553108215332,365.47430419921875
29.83136879999074,1,2.9455696000077296,252.3114013671875,1.0,0.0,0.009832805022597313,6680,7,0.03452088311314583,-375.06170654296875,-9.719428062438965,364.6023864746094
29.842287999985274,1,2.956488800002262,252.36146545410156,1.0,0.0,0.00989021360874176,6683,7,0.03462953865528107,-375.0120544433594,-9.716307640075684,364.0791320800781
29.853421899984824,1,2.9676227000018116,252.4273681640625,1.0,0.0,0.01045834831893444,6687,7,0.034738194197416306,-374.9457702636719,-9.71207046508789,363.3813781738281
29.864465499995276,1,2.9786663000122644,252.48080444335938,1.0,0.0,0.010414700955152512,6690,7,0.034955549985170364,-374.8294982910156,-9.704561233520508,362.15997314453125
29.87569899999653,1,2.989899800013518,252.54409790039062,1.0,0.0,0.022578274831175804,6691,7,0.03509139642119408,-374.7629089355469,-9.700296401977539,361.46185302734375
29.88688259999617,1,3.001083400013158,252.59518432617188,1.0,0.0,0.01784784346818924,6691,7,0.035200078040361404,-374.6961975097656,-9.695999145507812,360.7635803222656
29.897844199993415,1,3.012045000010403,252.6598663330078,1.0,0.0,0.020513664931058884,6690,7,0.03533592447638512,-374.62939453125,-9.691662788391113,360.065185546875
29.908825499995146,1,3.023026300012134,252.71177673339844,1.0,0.0,0.02219368703663349,6690,7,0.03541743382811546,-374.57916259765625,-9.68842601776123,359.5412902832031
29.91974639997352,1,3.033947199990507,252.7653045654297,1.0,0.0,0.020464759320020676,6692,7,0.03552611172199249,-374.5121154785156,-9.684218406677246,358.8426818847656
29.93088609998813,1,3.045086900005117,252.82940673828125,1.0,0.0,0.022230181843042374,6694,7,0.03574347496032715,-374.3944396972656,-9.677214622497559,357.6197509765625
29.941928699990967,1,3.0561295000079554,252.87335205078125,1.0,0.0,0.017400680109858513,6696,7,0.03590649738907814,-374.3101501464844,-9.672586441040039,356.7459716796875
29.9528403999866,1,3.0670412000035867,252.9243621826172,1.0,0.0,0.0178693737834692,6699,7,0.035988010466098785,-374.25946044921875,-9.669951438903809,356.22161865234375
29.963575199974002,1,3.0777759999909904,252.9649200439453,1.0,0.0,0.016977036371827126,6704,7,0.036123860627412796,-374.1917724609375,-9.666556358337402,355.52239990234375
29.97496819999651,1,3.0891690000134986,253.01116943359375,1.0,0.0,0.015932263806462288,6709,7,0.036232542246580124,-374.1239318847656,-9.66327953338623,354.8230895996094
29.985691999987466,1,3.0998928000044543,253.0690155029297,1.0,0.0,0.01959378644824028,6711,7,0.03634122759103775,-374.0729675292969,-9.660897254943848,354.29852294921875
29.99663299997337,1,3.1108337999903597,253.1158447265625,1.0,0.0,0.015781724825501442,6710,7,0.03658575192093849,-373.9366455078125,-9.65461254119873,352.8993835449219
30.007571399997687,1,3.121772200014675,253.16525268554688,1.0,0.0,0.01649859920144081,6708,7,0.03669442608952522,-373.8681945800781,-9.651326179504395,352.19964599609375
30.01881539999158,1,3.1330162000085693,253.23023986816406,1.0,0.0,0.016924649477005005,6706,7,0.036803096532821655,-373.81671142578125,-9.64873218536377,351.6747741699219
30.030075099988608,1,3.1442759000055958,253.28018188476562,1.0,0.0,0.017742810770869255,6708,7,0.036911770701408386,-373.7479553222656,-9.64509391784668,350.9748229980469
30.04081419997965,1,3.155014999996638,253.34579467773438,1.0,0.0,0.02068578638136387,6711,7,0.0370476096868515,-373.6789855957031,-9.641267776489258,350.2747497558594
30.051898299978347,1,3.1660990999953356,253.39663696289062,1.0,0.0,0.016313588246703148,6713,7,0.03729212284088135,-373.54046630859375,-9.633035659790039,348.874267578125
30.06294549998711,1,3.1771463000040967,253.45497131347656,1.0,0.0,0.018054548650979996,6713,7,0.0373736247420311,-373.4883117675781,-9.629783630371094,348.34893798828125
30.073927699995693,1,3.188128500012681,253.49786376953125,1.0,0.0,0.018209518864750862,6711,7,0.03745511919260025,-373.4360656738281,-9.626471519470215,347.82354736328125
30.08477259997744,1,3.198973399994429,253.54385375976562,1.0,0.0,0.017355632036924362,6711,7,0.03761810436844826,-373.3487243652344,-9.620774269104004,346.9477844238281
30.09591379997437,1,3.210114599991357,253.60528564453125,1.0,0.0,0.016742462292313576,6713,7,0.03769959509372711,-373.2961730957031,-9.617259979248047,346.4222412109375
30.107114599988563,1,3.221315400005551,253.65097045898438,1.0,0.0,0.01724608615040779,6717,7,0.03794407472014427,-373.1554870605469,-9.607677459716797,345.0205078125
30.117999499983853,1,3.232200300000841,253.71372985839844,1.0,0.0,0.017998266965150833,6721,7,0.03805273398756981,-373.1025085449219,-9.604034423828125,344.4947509765625
30.128719399974216,1,3.242920199991204,253.7661590576172,1.0,0.0,0.017513742670416832,6723,7,0.03816138952970505,-373.0317077636719,-9.599096298217773,343.79364013671875
30.139787099993555,1,3.253987900010543,253.81439208984375,1.0,0.0,0.0178590826690197,6723,7,0.03829720616340637,-372.9606628417969,-9.594124794006348,343.0923767089844
30.151767699979246,1,3.2659684999962337,253.8771514892578,1.0,0.0,0.01868855580687523,6722,7,0.03837869316339493,-372.9072570800781,-9.590415954589844,342.5663757324219
30.16306779999286,1,3.2772686000098474,253.93679809570312,1.0,0.0,0.022328317165374756,6722,7,0.038623154163360596,-372.7643127441406,-9.580595016479492,341.163330078125
30.174013699986972,1,3.28821450000396,253.98440551757812,1.0,0.0,0.0167020745575428,6723,7,0.03870464488863945,-372.7104797363281,-9.57697868347168,340.6370849609375
30.185242599982303,1,3.2994433999992907,254.0336456298828,1.0,0.0,0.018404707312583923,6725,7,0.03884045407176018,-372.6385498046875,-9.57225513458252,339.9353332519531
30.19637199997669,1,3.310572799993679,254.0972900390625,1.0,0.0,0.0185758825391531,6729,7,0.038976266980171204,-372.5664367675781,-9.56761646270752,339.2334289550781
30.207166599982884,1,3.321367399999872,254.14427185058594,1.0,0.0,0.018956461921334267,6731,7,0.03905775398015976,-372.5122375488281,-9.564258575439453,338.7069396972656
30.21866169999703,1,3.3328625000140164,254.19686889648438,1.0,0.0,0.01932576298713684,6733,7,0.03930222988128662,-372.3672180175781,-9.555858612060547,337.3026123046875
30.229527699993923,1,3.3437285000109114,254.23716735839844,1.0,0.0,0.004022825974971056,6735,7,0.03941088542342186,-372.29443359375,-9.55188274383545,336.6003112792969
30.24034659998142,1,3.3545473999984097,254.29408264160156,1.0,0.0,0.009078029543161392,6737,7,0.0395195446908474,-372.23968505859375,-9.548978805541992,336.0735168457031
30.251415599981556,1,3.365616399998544,254.33975219726562,1.0,0.0,-0.004595897626131773,6739,7,0.039628200232982635,-372.16656494140625,-9.54517936706543,335.37103271484375
30.26251559998491,1,3.3767164000018965,254.3865509033203,1.0,0.0,-0.009454870596528053,6740,7,0.03976402059197426,-372.0932312011719,-9.54144287109375,334.6684265136719
30.27315749999252,1,3.3873583000095095,254.44873046875,1.0,0.0,-0.0011114382650703192,6739,7,0.03984551504254341,-372.0381164550781,-9.538665771484375,334.14141845703125
30.283892299979925,1,3.3980930999969132,254.5001220703125,1.0,0.0,-0.0001881389762274921,6739,7,0.04009002074599266,-371.89068603515625,-9.53110408782959,332.7357177734375
30.294768099993235,1,3.4089689000102226,254.5481414794922,1.0,0.0,0.0008680727914907038,6738,7,0.04019870609045029,-371.83526611328125,-9.528181076049805,332.20843505859375
30.30559349997202,1,3.4197942999890074,254.61048889160156,1.0,0.0,0.0016138588543981314,6739,7,0.040307387709617615,-371.7611999511719,-9.524215698242188,331.50531005859375
30.316586099972483,1,3.430786899989471,254.6597900390625,1.0,0.0,0.0028943591751158237,6740,7,0.040443241596221924,-371.68701171875,-9.520170211791992,330.80206298828125
30.32749519997742,1,3.4416959999944083,254.70452880859375,1.0,0.0,0.0035027400590479374,6741,7,0.04052475467324257,-371.63128662109375,-9.517098426818848,330.2745361328125
30.33860149999964,1,3.4528023000166286,254.7576141357422,1.0,0.0,0.0037915667053312063,6743,7,0.040769293904304504,-371.48236083984375,-9.508922576904297,328.86749267578125
30.349462199985282,1,3.4636630000022706,254.80801391601562,1.0,0.0,0.003589434316381812,6745,7,0.04090516269207001,-371.4076843261719,-9.504780769348145,328.163818359375
30.360414700000547,1,3.474615500017535,254.87196350097656,1.0,0.0,0.004053560085594654,6749,7,0.04101387411355972,-371.3329162597656,-9.500663757324219,327.4599914550781
30.371409799990943,1,3.4856106000079308,254.92079162597656,1.0,0.0,0.004683787934482098,6751,7,0.04112258180975914,-371.2767639160156,-9.497666358947754,326.93206787109375
30.382255599979544,1,3.496456399996532,254.9652862548828,1.0,0.0,0.004088665824383497,6751,7,0.04123128950595856,-371.2017822265625,-9.493799209594727,326.22802734375
30.393048199999612,1,3.5072490000166,255.01332092285156,1.0,0.0,0.003427243558689952,6750,7,0.04136717692017555,-371.126708984375,-9.49000072479248,325.52386474609375
30.4043630999804,1,3.518563899997389,255.0550994873047,1.0,0.0,0.00349788018502295,6752,7,0.041557420045137405,-370.99505615234375,-9.483442306518555,324.29132080078125
30.41566649999004,1,3.5298673000070266,255.1139373779297,1.0,0.0,0.0031566855031996965,6756,7,0.0416933037340641,-370.9197082519531,-9.479700088500977,323.5868835449219
30.42654709998169,1,3.540747899998678,255.157958984375,1.0,0.0,0.0031925810035318136,6759,7,0.041774965822696686,-370.8631286621094,-9.476879119873047,323.0584716796875
30.43735499997274,1,3.5515557999897283,255.20361328125,1.0,0.0,0.003187419380992651,6761,7,0.04191111400723457,-370.78765869140625,-9.473090171813965,322.35382080078125
30.44843530000071,1,3.5626361000176985,255.26771545410156,1.0,0.0,0.0027299446519464254,6762,7,0.042020030319690704,-370.7121276855469,-9.469179153442383,321.6490478515625
30.4592329999723,1,3.5734337999892887,255.32020568847656,1.0,0.0,0.0027448018081486225,6762,7,0.04215617477893829,-370.63653564453125,-9.46507740020752,320.94415283203125
30.470451499975752,1,3.58465229999274,255.38510131835938,1.0,0.0,0.002929168986156583,6761,7,0.042374007403850555,-370.5041198730469,-9.457613945007324,319.7102355957031
30.4817333999963,1,3.5959342000132892,255.4382781982422,1.0,0.0,0.0031953100115060806,6761,7,0.042482927441596985,-370.42840576171875,-9.453291893005371,319.0049743652344
30.492559999984223,1,3.6067608000012115,255.48898315429688,1.0,0.0,0.002819319721311331,6760,7,0.04259174317121506,-370.37158203125,-9.450037002563477,318.4759216308594
30.503723899979377,1,3.6179246999963652,255.54159545898438,1.0,0.0,0.0026960629038512707,6760,7,0.04269985109567642,-370.2958068847656,-9.445764541625977,317.7703857421875
30.514781399979256,1,3.628982199996244,255.58474731445312,1.0,0.0,0.002109058201313019,6762,7,0.042834989726543427,-370.219970703125,-9.441641807556152,317.0647277832031
30.525791199994273,1,3.6399920000112616,255.64077758789062,1.0,0.0,0.002170012565329671,6769,7,0.043078236281871796,-370.0682678222656,-9.433740615844727,315.6530456542969
30.53644619998522,1,3.650647000002209,255.68832397460938,1.0,0.0,0.0014138147234916687,6775,7,0.04315932095050812,-370.0113525390625,-9.430963516235352,315.12353515625
30.54738509998424,1,3.661585900001228,255.7310333251953,1.0,0.0,0.001862649223767221,6777,7,0.04326742887496948,-369.9544372558594,-9.428330421447754,314.5939636230469
30.558309599990025,1,3.6725104000070132,255.7776641845703,1.0,0.0,0.0016707030590623617,6775,7,0.04342959448695183,-369.8595886230469,-9.424150466918945,313.711181640625
30.569241099990904,1,3.6834419000078924,255.81944274902344,1.0,0.0,0.0010403383057564497,6773,7,0.043510861694812775,-369.8026428222656,-9.421685218811035,313.181396484375
30.580472899979213,1,3.6946736999962013,255.87045288085938,1.0,0.0,0.0008697113953530788,6773,7,0.043754760175943375,-369.6507873535156,-9.415077209472656,311.7684326171875
30.591389699984575,1,3.7055905000015628,255.9333953857422,1.0,0.0,-0.013769950717687607,6775,7,0.04383606091141701,-369.5938415527344,-9.41258430480957,311.2384338378906
30.602111599990167,1,3.716312400007155,255.979248046875,1.0,0.0,-0.04139326140284538,6778,7,0.04397156089544296,-369.5179138183594,-9.409255027770996,310.5316162109375
30.61353319999762,1,3.727734000014607,256.0355224609375,1.0,0.0,-0.030396753922104836,6782,7,0.04410706087946892,-369.44207763671875,-9.405864715576172,309.8246765136719
30.624412699980894,1,3.738613499997882,256.07952880859375,1.0,0.0,-0.02945481799542904,6782,7,0.04418836161494255,-369.38525390625,-9.403204917907715,309.29437255859375
30.63504799999646,1,3.749248800013447,256.13421630859375,1.0,0.0,-0.026969581842422485,6781,7,0.044296763837337494,-369.3096008300781,-9.399487495422363,308.5871887207031
30.645824699982768,1,3.760025499999756,256.17889404296875,1.0,0.0,-0.025542523711919785,6780,7,0.04456809163093567,-369.15869140625,-9.391623497009277,307.17242431640625
30.65668969997205,1,3.7708904999890365,256.2271728515625,1.0,0.0,-0.02400231920182705,6780,7,0.04464949294924736,-369.10223388671875,-9.388507843017578,306.6417541503906
30.66740690000006,1,3.781607700017048,256.2725830078125,1.0,0.0,-0.02355157397687435,6782,7,0.044785164296627045,-369.02703857421875,-9.384184837341309,305.9340515136719
30.678472399973543,1,3.7926731999905314,256.33343505859375,1.0,0.0,-0.022954534739255905,6785,7,0.04489370435476303,-368.95196533203125,-9.379716873168945,305.2262268066406
30.689217199978884,1,3.8034179999958724,256.3788146972656,1.0,0.0,-0.022474993020296097,6786,7,0.04500224068760872,-368.895751953125,-9.376274108886719,304.69525146484375
30.700583999976516,1,3.814784799993504,256.43572998046875,1.0,0.0,-0.018356435000896454,6788,7,0.045246321707963943,-368.7462463378906,-9.366893768310547,303.2789306640625
30.711828299972694,1,3.8260290999896824,256.4812316894531,1.0,0.0,-0.019311290234327316,6788,7,0.0453275665640831,-368.6903381347656,-9.363359451293945,302.7476501464844
30.722707799985074,1,3.8369086000020616,256.5399169921875,1.0,0.0,-0.007996974512934685,6790,7,0.04546298086643219,-368.6159362792969,-9.358656883239746,302.0391540527344
30.73372669998207,1,3.8479274999990594,256.5876159667969,1.0,0.0,-0.012807602994143963,6792,7,0.045571308583021164,-368.5416564941406,-9.35403060913086,301.3305358886719
30.7446264999744,1,3.8588272999913897,256.6354675292969,1.0,0.0,-0.005717832129448652,6793,7,0.045679640024900436,-368.4860534667969,-9.350626945495605,300.7989501953125
30.755573999980697,1,3.8697747999976855,256.69134521484375,1.0,0.0,-0.006474850699305534,6794,7,0.0459233820438385,-368.3381652832031,-9.341941833496094,299.3810119628906
30.766566199978115,1,3.880766999995103,256.7385559082031,1.0,0.0,-0.00534265348687768,6795,7,0.046031709760427475,-368.26446533203125,-9.337812423706055,298.6718444824219
30.77752909998526,1,3.8917299000022467,256.782958984375,1.0,0.0,-0.004756524693220854,6797,7,0.046167176216840744,-368.1908874511719,-9.33386516571045,297.9624938964844
30.788617499987595,1,3.902818300004583,256.8334655761719,1.0,0.0,-0.006527981720864773,6800,7,0.046248458325862885,-368.13580322265625,-9.331046104431152,297.430419921875
30.799252500000875,1,3.9134533000178635,256.8754577636719,1.0,0.0,-0.0016376954736188054,6800,7,0.04638393223285675,-368.0625,-9.327438354492188,296.7208557128906
30.81005929998355,1,3.924260100000538,256.9166564941406,1.0,0.0,-0.004283996298909187,6801,7,0.046519406139850616,-367.9893798828125,-9.323904037475586,296.0111389160156
30.82127529999707,1,3.935476100014057,256.9718017578125,1.0,0.0,-0.008566652424633503,6803,7,0.04660068824887276,-367.93463134765625,-9.321303367614746,295.478759765625
30.83188009998412,1,3.946080900001107,257.0147399902344,1.0,0.0,-0.004882345907390118,6803,7,0.04684453830122948,-367.7891540527344,-9.314445495605469,294.0587463378906
30.84278509998694,1,3.9569859000039287,257.0717468261719,1.0,0.0,-0.00823739729821682,6805,7,0.04695301502943039,-367.73480224609375,-9.311833381652832,293.5260925292969
30.853402199980337,1,3.9676029999973252,257.11602783203125,1.0,0.0,-0.008738359436392784,6806,7,0.04706165939569473,-367.6624755859375,-9.308262825012207,292.8157653808594
30.864698799996404,1,3.978899600013392,257.1578674316406,1.0,0.0,-0.008844126015901566,6807,7,0.04719746857881546,-367.5903625488281,-9.304582595825195,292.10528564453125
30.875603699998464,1,3.9898045000154525,257.21002197265625,1.0,0.0,-0.009336920455098152,6808,7,0.04727894812822342,-367.5364074707031,-9.301743507385254,291.5723571777344
30.886647999985144,1,4.000848800002132,257.2548828125,1.0,0.0,-0.009662582539021969,6809,7,0.04752340167760849,-367.3930969238281,-9.293741226196289,290.1507873535156
30.897320699994452,1,4.01152150001144,257.3013610839844,1.0,0.0,-0.010107768699526787,6810,7,0.04765920341014862,-367.3217468261719,-9.28947925567627,289.4397888183594
30.90794449998066,1,4.022145299997646,257.3645935058594,1.0,0.0,-0.011031746864318848,6811,7,0.047740690410137177,-367.26837158203125,-9.286197662353516,288.90643310546875
30.918670299986843,1,4.032871100003831,257.41668701171875,1.0,0.0,-0.0014743126230314374,6812,7,0.04787641391158104,-367.19732666015625,-9.28173542022705,288.1951904296875
30.929573299974436,1,4.043774099991424,257.4679260253906,1.0,0.0,0.0017783690709620714,6812,7,0.04798496514558792,-367.12646484375,-9.277257919311523,287.4837646484375
30.940727599983802,1,4.05492840000079,257.5240173339844,1.0,0.0,-0.0016526419203728437,6811,7,0.04820207133889198,-367.002685546875,-9.269659042358398,286.2384033203125
30.951307999988785,1,4.065508800005773,257.5602722167969,1.0,0.0,-0.0012239705538377166,6812,7,0.04833776131272316,-366.9320983886719,-9.265565872192383,285.5265808105469
30.96240439999383,1,4.0766052000108175,257.5945129394531,1.0,0.0,-0.0009094361448660493,6817,7,0.04844631254673004,-366.8792419433594,-9.262619018554688,284.99261474609375
30.973029399989173,1,4.087230200006161,257.6417541503906,1.0,0.0,-0.0005744777154177427,6829,7,0.04855486378073692,-366.808837890625,-9.258885383605957,284.2806091308594
30.9838947999815,1,4.098095599998487,257.6806945800781,1.0,0.0,-0.0009175437735393643,6834,7,0.04869059845805168,-366.7385559082031,-9.255372047424316,283.5684814453125
30.99513189998106,1,4.109332699998049,257.7236633300781,1.0,0.0,0.013348737731575966,6832,7,0.04877210035920143,-366.6859130859375,-9.252853393554688,283.0343017578125
31.006278599990765,1,4.120479400007753,257.775390625,1.0,0.0,0.014493697322905064,6826,7,0.04901660978794098,-366.5458068847656,-9.246225357055664,281.6094665527344
31.017009599978337,1,4.131210399995325,257.820556640625,1.0,0.0,0.017499538138508797,6822,7,0.04912528023123741,-366.4933166503906,-9.243671417236328,281.0750427246094
31.02778359997319,1,4.141984399990179,257.88348388671875,1.0,0.0,0.015349632129073143,6822,7,0.049233950674533844,-366.4233703613281,-9.240123748779297,280.3623352050781
31.038581199973123,1,4.152781999990111,257.93426513671875,1.0,0.0,0.01628958061337471,6825,7,0.04936978965997696,-366.3534240722656,-9.236394882202148,279.6495361328125
31.049533399986103,1,4.163734200003091,257.98101806640625,1.0,0.0,0.015317991375923157,6830,7,0.04945129156112671,-366.30096435546875,-9.233509063720703,279.11480712890625
31.06048469999223,1,4.174685500009218,258.0389099121094,1.0,0.0,0.01444984506815672,6833,7,0.049723099917173386,-366.1611022949219,-9.225598335266113,277.68853759765625
31.07176559997606,1,4.185966399993049,258.08685302734375,1.0,0.0,0.014074715785682201,6832,7,0.04980465769767761,-366.108642578125,-9.222514152526855,277.153564453125
31.082622599991737,1,4.196823400008725,258.1311950683594,1.0,0.0,0.013835242949426174,6829,7,0.04994058609008789,-366.0386962890625,-9.218401908874512,276.4401550292969
31.093602099979762,1,4.20780289999675,258.183837890625,1.0,0.0,0.013601378537714481,6826,7,0.050049327313899994,-365.9687194824219,-9.214390754699707,275.7265930175781
31.10505449998891,1,4.219255300005898,258.218994140625,1.0,0.0,0.0017161755822598934,6826,7,0.0501580685377121,-365.91619873046875,-9.211442947387695,275.19134521484375
31.11605869999039,1,4.230259500007378,258.2681884765625,1.0,0.0,-0.007956535555422306,6833,7,0.05040272697806358,-365.7760925292969,-9.203741073608398,273.7637634277344
31.127118399977917,1,4.241319199994905,258.3091735839844,1.0,0.0,-0.009230192750692368,6839,7,0.05048421397805214,-365.7235107421875,-9.200902938842773,273.2283020019531
31.13805309997406,1,4.252253899991047,258.3562316894531,1.0,0.0,-0.006115788593888283,6844,7,0.050620030611753464,-365.6534118652344,-9.197157859802246,272.5142517089844
31.14911349999602,1,4.263314300013008,258.39874267578125,1.0,0.0,-0.0048717656172811985,6845,7,0.050728682428598404,-365.58331298828125,-9.193425178527832,271.80010986328125
31.16008149998379,1,4.2742823000007775,258.4469909667969,1.0,0.0,-0.003255925141274929,6844,7,0.050837334245443344,-365.5307312011719,-9.190560340881348,271.2644348144531
31.17133479999029,1,4.285535600007279,258.50830078125,1.0,0.0,-0.0020276352297514677,6842,7,0.05108179897069931,-365.390380859375,-9.1825590133667,269.8356018066406
31.1822625999921,1,4.296463400009088,258.5547790527344,1.0,0.0,-0.0006262988899834454,6842,7,0.051163289695978165,-365.3376770019531,-9.179488182067871,269.2996826171875
31.193301299994346,1,4.307502100011334,258.61041259765625,1.0,0.0,-0.0002843996335286647,6843,7,0.0512990765273571,-365.2673645019531,-9.175323486328125,268.5849609375
31.204069299972616,1,4.318270099989604,258.65753173828125,1.0,0.0,0.0005357024492695928,6843,7,0.05143480375409126,-365.197021484375,-9.171036720275879,267.8701477050781
31.214963699982036,1,4.329164499999024,258.7021179199219,1.0,0.0,0.0008212937973439693,6843,7,0.05151623860001564,-365.14422607421875,-9.167753219604492,267.3339538574219
31.225863199972082,1,4.34006399998907,258.7532043457031,1.0,0.0,0.0012725023552775383,6844,7,0.05176054686307907,-365.0032653808594,-9.159125328063965,265.9037780761719
31.237051999982214,1,4.351252799999202,258.7917175292969,1.0,0.0,0.0008764512022025883,6845,7,0.05186912789940834,-364.9503479003906,-9.155930519104004,265.3673400878906
31.247865599987563,1,4.362066400004551,258.8436279296875,1.0,0.0,0.0011089640902355313,6848,7,0.05197770893573761,-364.8797607421875,-9.15165901184082,264.6520080566406
31.258935699996073,1,4.373136500013061,258.8890075683594,1.0,0.0,0.0015709403669461608,6851,7,0.05211343616247177,-364.8091125488281,-9.147401809692383,263.9365539550781
31.270085699972697,1,4.384286499989685,258.93792724609375,1.0,0.0,0.0011793671874329448,6854,7,0.052194904536008835,-364.756103515625,-9.144244194030762,263.39990234375
31.280919199984055,1,4.395120000001043,258.99652099609375,1.0,0.0,0.0016520876670256257,6854,7,0.052466489374637604,-364.6146240234375,-9.136126518249512,261.96844482421875
31.291986199998064,1,4.406187000015052,259.0339660644531,1.0,0.0,0.0020635465625673532,6854,7,0.052547965198755264,-364.5615234375,-9.133225440979004,261.4315185546875
31.302910799975507,1,4.417111599992495,259.072265625,1.0,0.0,0.001210084999911487,6852,7,0.052710916846990585,-364.4730224609375,-9.128490447998047,260.5365295410156
31.314101899974048,1,4.428302699991036,259.1118469238281,1.0,0.0,0.0010946431430056691,6854,7,0.052792392671108246,-364.4198913574219,-9.125642776489258,259.99945068359375
31.325332599983085,1,4.439533400000073,259.16827392578125,1.0,0.0,0.001519397716037929,6860,7,0.052901025861501694,-364.3667297363281,-9.122787475585938,259.4623107910156
31.33618669997668,1,4.450387499993667,259.212890625,1.0,0.0,0.0013529148418456316,6863,7,0.05314547196030617,-364.2249450683594,-9.115187644958496,258.0296630859375
31.346947899990482,1,4.46114870000747,259.2615661621094,1.0,0.0,0.001167755457572639,6866,7,0.053226958960294724,-364.1717529296875,-9.11231803894043,257.4923095703125
31.35791329998756,1,4.472114100004546,259.3194274902344,1.0,0.0,0.0012496691197156906,6866,7,0.05338992923498154,-364.08306884765625,-9.107449531555176,256.5965270996094
31.36893979998422,1,4.483140600001207,259.3630676269531,1.0,0.0,0.0017493653576821089,6863,7,0.05349857732653618,-364.02984619140625,-9.104488372802734,256.0589599609375
31.380016199982492,1,4.49421699999948,259.4076843261719,1.0,0.0,0.0017522668931633234,6860,7,0.05360722541809082,-363.9588623046875,-9.100491523742676,255.34210205078125
31.390877799974987,1,4.505078599991975,259.4612731933594,1.0,0.0,0.001348125166259706,6859,7,0.053824521601200104,-363.8346252441406,-9.093507766723633,254.08729553222656
31.401801299973158,1,4.516002099990146,259.5090637207031,1.0,0.0,0.0010252754436805844,6861,7,0.05396031588315964,-363.7635803222656,-9.08963394165039,253.3701171875
31.413162499986356,1,4.527363300003344,259.5630798339844,1.0,0.0,0.0013384773628786206,6865,7,0.05406894534826279,-363.6925354003906,-9.08590316772461,252.6527862548828
31.42385029999423,1,4.5380511000112165,259.5996398925781,1.0,0.0,0.0016798647120594978,6868,7,0.054177574813365936,-363.63922119140625,-9.083230018615723,252.11471557617188
31.434603299974697,1,4.548804099991685,259.6328125,1.0,0.0,0.00130805978551507,6870,7,0.054286204278469086,-363.5681457519531,-9.079800605773926,251.39718627929688
31.445178800000576,1,4.559379600017564,259.6764831542969,1.0,0.0,0.001243968028575182,6875,7,0.05442199483513832,-363.4970397949219,-9.076452255249023,250.6795654296875
31.45592169999145,1,4.570122500008438,259.7179260253906,1.0,0.0,0.0009543102933093905,6878,7,0.05453062430024147,-363.4436950683594,-9.073987007141113,250.14129638671875
31.46668809998664,1,4.580888900003629,259.7573547363281,1.0,0.0,0.0003040330484509468,6878,7,0.054775021970272064,-363.3013916015625,-9.067586898803711,248.70559692382812
31.47759809999843,1,4.591798900015419,259.812744140625,1.0,0.0,0.00038063485408201814,6877,7,0.05485645309090614,-363.2480163574219,-9.065150260925293,248.1671142578125
31.48870749998605,1,4.602908300003037,259.8534240722656,1.0,0.0,0.000987644074484706,6877,7,0.05499216914176941,-363.1768493652344,-9.061816215515137,247.44900512695312
31.499520399986068,1,4.613721200003056,259.8948974609375,1.0,0.0,0.0010313329985365272,6877,7,0.05510074645280838,-363.10565185546875,-9.058332443237305,246.7307891845703
31.510770599998068,1,4.624971400015056,259.9458312988281,1.0,0.0,0.00013757383567281067,6880,7,0.05520932003855705,-363.0522766113281,-9.05559253692627,246.19204711914062
31.52232799999183,1,4.6365288000088185,259.9828796386719,1.0,0.0,0.000505247968249023,6881,7,0.05545361340045929,-362.9099426269531,-9.047629356384277,244.75511169433594
31.533317699999316,1,4.647518500016304,260.0353088378906,1.0,0.0,0.0008160129655152559,6882,7,0.05556218698620796,-362.8565673828125,-9.044382095336914,244.2161407470703
31.54398059999221,1,4.658181400009198,260.0804748535156,1.0,0.0,0.0008498008828610182,6883,7,0.05567074567079544,-362.785400390625,-9.039802551269531,243.49742126464844
31.55488639997202,1,4.669087199989008,260.12603759765625,1.0,0.0,0.0005626097554340959,6884,7,0.05580643191933632,-362.7142639160156,-9.034955978393555,242.77857971191406
31.565695999976015,1,4.679896799993003,260.1818542480469,1.0,0.0,0.0007810692768543959,6884,7,0.055887844413518906,-362.660888671875,-9.031170845031738,242.2393798828125
31.576665399974445,1,4.690866199991433,260.2291259765625,1.0,0.0,0.0005320807103998959,6884,7,0.056159213185310364,-362.5185241699219,-9.020622253417969,240.8011474609375
31.58755569998175,1,4.701756499998737,260.27447509765625,1.0,0.0,0.0006371118943206966,6883,7,0.05626776069402695,-362.44732666015625,-9.01518440246582,240.0818328857422
31.598361599986674,1,4.712562400003662,260.33135986328125,1.0,0.0,0.0008407804416492581,6883,7,0.05637630820274353,-362.3939514160156,-9.011128425598145,239.54226684570312
31.609375599975465,1,4.723576399992453,260.3733215332031,1.0,0.0,0.0007139625959098339,6884,7,0.05648486316204071,-362.32275390625,-9.005820274353027,238.82273864746094
31.620324999996228,1,4.734525800013216,260.4257507324219,1.0,0.0,0.0007335259579122066,6888,7,0.056620609015226364,-362.2515869140625,-9.000700950622559,238.10308837890625
31.631357299978845,1,4.745558099995833,260.46600341796875,1.0,0.0,0.00034703820711001754,6892,7,0.05683780089020729,-362.1270446777344,-8.992331504821777,236.84339904785156
31.642404999991413,1,4.756605800008401,260.49530029296875,1.0,0.0,0.0009056293638423085,6896,7,0.056973543018102646,-362.0558776855469,-8.987967491149902,236.1234130859375
31.653743799979566,1,4.767944599996554,260.5391845703125,1.0,0.0,0.0004887618706561625,6900,7,0.05705499276518822,-362.00250244140625,-8.984884262084961,235.5833740234375
31.664846499974374,1,4.779047299991362,260.5754089355469,1.0,0.0,0.0005302663776092231,6901,7,0.05719073489308357,-361.93133544921875,-8.980921745300293,234.8632354736328
31.67551399997319,1,4.789714799990179,260.6298522949219,1.0,0.0,4.0913357224781066e-05,6901,7,0.057299330830574036,-361.8601379394531,-8.977080345153809,234.1429901123047
31.686942399974214,1,4.801143199991202,260.671875,1.0,0.0,0.00028595200274139643,6899,7,0.05757085233926773,-361.71771240234375,-8.96969985961914,232.70217895507812
31.69783109999844,1,4.812031900015427,260.7239685058594,1.0,0.0,0.0005894493078812957,6897,7,0.0576523095369339,-361.6642761230469,-8.966940879821777,232.16175842285156
31.708734899992123,1,4.822935700009111,260.770751953125,1.0,0.0,-1.9332263036631048e-05,6898,7,0.057760920375585556,-361.61083984375,-8.964128494262695,231.62127685546875
31.71987469997839,1,4.834075499995379,260.8164367675781,1.0,0.0,-0.0003117122105322778,6899,7,0.057896681129932404,-361.5218200683594,-8.959280967712402,230.72030639648438
31.730603599979077,1,4.844804399996065,260.8701477050781,1.0,0.0,-0.000459692208096385,6901,7,0.05800529196858406,-361.4683837890625,-8.956336975097656,230.17962646484375
31.741678199992748,1,4.855879000009736,260.9156799316406,1.0,0.0,-0.00016247507301159203,6901,7,0.05811390280723572,-361.39715576171875,-8.952410697937012,229.45860290527344
31.75261060000048,1,4.866811400017468,260.96112060546875,1.0,0.0,9.37561271712184e-05,6901,7,0.05835827812552452,-361.2725830078125,-8.945481300354004,228.196533203125
31.763908900000388,1,4.878109700017376,261.0142517089844,1.0,0.0,0.0002758275659289211,6900,7,0.058466892689466476,-361.201416015625,-8.941635131835938,227.4751739501953
31.774852299975464,1,4.889053099992452,261.0481262207031,1.0,0.0,-0.015345185995101929,6900,7,0.05860265716910362,-361.1302490234375,-8.937975883483887,226.75367736816406
31.785841599979904,1,4.900042399996892,261.08514404296875,1.0,0.0,-0.009390068240463734,6904,7,0.05871127173304558,-361.05908203125,-8.934484481811523,226.03208923339844
31.796660299994983,1,4.910861100011971,261.12091064453125,1.0,0.0,-0.008245312608778477,6910,7,0.058847036212682724,-360.9879455566406,-8.931108474731445,225.31040954589844
31.80766369999037,1,4.921864500007359,261.1703186035156,1.0,0.0,-0.007268514484167099,6917,7,0.05898280441761017,-360.9168395996094,-8.927840232849121,224.58863830566406
31.81840839999495,1,4.932609200011939,261.2143249511719,1.0,0.0,-0.006212371867150068,6918,7,0.059064265340566635,-360.8635559082031,-8.925457954406738,224.0472412109375
31.829461999994237,1,4.943662800011225,261.2648010253906,1.0,0.0,-0.006746622733771801,6916,7,0.059362929314374924,-360.7037048339844,-8.918492317199707,222.42263793945312
31.840237199998228,1,4.954438000015216,261.30584716796875,1.0,0.0,-0.007175636477768421,6913,7,0.05944438278675079,-360.65045166015625,-8.916247367858887,221.88095092773438
31.851456199976383,1,4.965656999993371,261.3360595703125,1.0,0.0,-0.007090320810675621,6910,7,0.05958013981580734,-360.5794677734375,-8.913267135620117,221.1586151123047
31.862490399973467,1,4.976691199990455,261.37786865234375,1.0,0.0,-0.001912963343784213,6910,7,0.0596887432038784,-360.5085144042969,-8.910078048706055,220.4362030029297
31.873552899982315,1,4.987753699999303,261.42974853515625,1.0,0.0,-0.0037545370869338512,6915,7,0.05982450023293495,-360.4375915527344,-8.906648635864258,219.7136688232422
31.88445879999199,1,4.998659600008978,261.4620361328125,1.0,0.0,-0.004806922748684883,6919,7,0.05993310734629631,-360.3844299316406,-8.904046058654785,219.1717071533203
31.895201699982863,1,5.009402499999851,261.5050964355469,1.0,0.0,-0.00522350799292326,6926,7,0.06006884202361107,-360.2958068847656,-8.899619102478027,218.26828002929688
31.90590779998456,1,5.020108600001549,261.56341552734375,1.0,0.0,0.0021055613178759813,6929,7,0.06017742678523064,-360.24267578125,-8.89674186706543,217.7261505126953
31.917333999997936,1,5.031534800014924,261.60595703125,1.0,0.0,-0.002174603519961238,6926,7,0.06042174622416496,-360.1011962890625,-8.888252258300781,216.2801055908203
31.928008999995654,1,5.0422098000126425,261.6597595214844,1.0,0.0,-0.0018085892079398036,6921,7,0.06055748090147972,-360.0305480957031,-8.883752822875977,215.55690002441406
31.93900849999045,1,5.053209300007438,261.6993103027344,1.0,0.0,-0.0013749292120337486,6917,7,0.0606389194726944,-359.97760009765625,-8.880270957946777,215.014404296875
31.949749699997483,1,5.063950500014471,261.73944091796875,1.0,0.0,-0.0018139411695301533,6915,7,0.06080179661512375,-359.889404296875,-8.874321937561035,214.110107421875
31.960731099999975,1,5.0749319000169635,261.788330078125,1.0,0.0,0.0020332930143922567,6918,7,0.0609104298055172,-359.8365478515625,-8.870716094970703,213.56744384765625
31.971597499999916,1,5.085798300016904,261.8265380859375,1.0,0.0,0.0036027408204972744,6924,7,0.061019062995910645,-359.76605224609375,-8.865903854370117,212.84378051757812
31.98249919997761,1,5.096699999994598,261.864990234375,1.0,0.0,0.001515522482804954,6928,7,0.06123633682727814,-359.64276123046875,-8.857559204101562,211.57711791992188
31.993295399995986,1,5.107496200012974,261.9185791015625,1.0,0.0,0.0011670918902382255,6932,7,0.06137213110923767,-359.57232666015625,-8.852843284606934,210.85316467285156
32.00448989999131,1,5.118690700008301,261.9628601074219,1.0,0.0,0.000749998667743057,6932,7,0.061507925391197205,-359.50189208984375,-8.84819507598877,210.12908935546875
32.015363199985586,1,5.129564000002574,262.0143737792969,1.0,0.0,0.00033103849273175,6931,7,0.06161656230688095,-359.43145751953125,-8.843673706054688,209.40489196777344
32.02632829998038,1,5.140529099997366,262.0528564453125,1.0,0.0,0.0001116328639909625,6929,7,0.0617251954972744,-359.378662109375,-8.840373992919922,208.86166381835938
32.037303299992345,1,5.151504100009333,262.0908203125,1.0,0.0,5.685583164449781e-05,6929,7,0.06188814714550972,-359.2906799316406,-8.834999084472656,207.9561309814453
32.048495600000024,1,5.162696400017012,262.1401672363281,1.0,0.0,0.00045863116974942386,6932,7,0.06196962296962738,-359.2379150390625,-8.831839561462402,207.41273498535156
32.059328799979994,1,5.173529599996982,262.1811828613281,1.0,0.0,0.00046468450454995036,6934,7,0.06224120408296585,-359.0973205566406,-8.823760986328125,205.96336364746094
32.07064309998532,1,5.184843900002306,262.2330322265625,1.0,0.0,-0.00014164588355924934,6937,7,0.06232267990708351,-359.04461669921875,-8.820854187011719,205.41973876953125
32.08164619997842,1,5.19584699999541,262.2737731933594,1.0,0.0,-5.083653377369046e-05,6937,7,0.06245847046375275,-358.974365234375,-8.817081451416016,204.69479370117188
32.09238269997877,1,5.206583499995759,262.3142395019531,1.0,0.0,0.0002907468006014824,6937,7,0.0625670999288559,-358.90411376953125,-8.813393592834473,203.9697265625
32.10320349998074,1,5.217404299997725,262.3586120605469,1.0,0.0,0.0002955666568595916,6937,7,0.06270285695791245,-358.8338928222656,-8.809782028198242,203.24453735351562
32.11417609997443,1,5.228376899991417,262.39434814453125,1.0,0.0,-0.00024557317374274135,6937,7,0.06278430670499802,-358.78125,-8.80713176727295,202.70059204101562
32.125345899985405,1,5.239546700002393,262.4404296875,1.0,0.0,-0.0004708150227088481,6939,7,0.06305582076311111,-358.640869140625,-8.800179481506348,201.249755859375
32.136581499973545,1,5.250782299990533,262.4757080078125,1.0,0.0,9.713164763525128e-05,6942,7,0.06316442787647247,-358.5706787109375,-8.796748161315918,200.52418518066406
32.14733829998295,1,5.261539099999936,262.51409912109375,1.0,0.0,0.0004098396748304367,6944,7,0.06330017745494843,-358.5005187988281,-8.793295860290527,199.7985076904297
32.158185199979926,1,5.272385999996914,262.5635681152344,1.0,0.0,4.578878724714741e-05,6946,7,0.06343592703342438,-358.4303894042969,-8.789755821228027,199.07273864746094
32.16933919998701,1,5.283540000003995,262.6033630371094,1.0,0.0,-7.190019823610783e-05,6947,7,0.06351735442876816,-358.3778076171875,-8.787039756774902,198.52833557128906
32.180237199994735,1,5.2944380000117235,262.651123046875,1.0,0.0,9.518934530206025e-05,6948,7,0.06368020176887512,-358.2901611328125,-8.782394409179688,197.620849609375
32.19126819999656,1,5.305469000013545,262.6906433105469,1.0,0.0,0.00022182264365255833,6948,7,0.0637887641787529,-358.23760986328125,-8.779526710510254,197.07627868652344
32.202154699974926,1,5.316355499991914,262.73077392578125,1.0,0.0,0.0003903377219103277,6948,7,0.06403303891420364,-358.0974426269531,-8.771510124206543,195.62379455566406
32.2130517999758,1,5.327252599992789,262.7836608886719,1.0,0.0,0.00022975685715209693,6949,7,0.06416874378919601,-358.0273742675781,-8.767327308654785,194.8973846435547
32.224014799983706,1,5.338215600000694,262.8285827636719,1.0,0.0,-2.0099585526622832e-05,6949,7,0.0642501711845398,-357.9748229980469,-8.764144897460938,194.35250854492188
32.235027699993225,1,5.349228500010213,262.8728942871094,1.0,0.0,0.00031427538488060236,6950,7,0.06438586860895157,-357.9047546386719,-8.759883880615234,193.62588500976562
32.246025499975076,1,5.360226299992064,262.92156982421875,1.0,0.0,0.0007215189980342984,6951,7,0.06449443101882935,-357.8346862792969,-8.755664825439453,192.89913940429688
32.25684399998863,1,5.37104480000562,262.9580078125,1.0,0.0,-2.6875364710576832e-05,6951,7,0.06463013589382172,-357.7646484375,-8.751537322998047,192.17227172851562
32.26798459998099,1,5.382185399997979,262.99481201171875,1.0,0.0,0.0006909472867846489,6953,7,0.06487439572811127,-357.6245422363281,-8.743592262268066,190.71823120117188
32.27868920000037,1,5.39289000001736,263.02783203125,1.0,0.0,0.0006798994145356119,6957,7,0.06498295813798904,-357.572021484375,-8.740738868713379,190.17286682128906
32.28962429999956,1,5.403825100016547,263.0635070800781,1.0,0.0,0.0006242794916033745,6960,7,0.06511865556240082,-357.50201416015625,-8.737011909484863,189.44564819335938
32.3008968999784,1,5.4150976999953855,263.11376953125,1.0,0.0,0.0005208367365412414,6963,7,0.06522724777460098,-357.4320068359375,-8.733325004577637,188.71832275390625
32.31203229998937,1,5.426233100006357,263.1517333984375,1.0,0.0,0.0005832308088429272,6963,7,0.06536301225423813,-357.36199951171875,-8.729643821716309,187.9908905029297
32.322754499997245,1,5.436955300014233,263.20166015625,1.0,0.0,0.00097779487259686,6963,7,0.06549877673387527,-357.2920227050781,-8.725942611694336,187.26333618164062
32.33338449997245,1,5.447585299989441,263.2382507324219,1.0,0.0,0.0016577673377469182,6963,7,0.06560739129781723,-357.2220153808594,-8.722155570983887,186.5356903076172
32.344713399972534,1,5.458914199989522,263.2798156738281,1.0,0.0,0.000985926715657115,6963,7,0.06587892770767212,-357.0820007324219,-8.714192390441895,185.080078125
32.355808599997545,1,5.470009400014533,263.3343811035156,1.0,0.0,0.0004835516447201371,6963,7,0.06596038490533829,-357.02947998046875,-8.71108627319336,184.5341033935547
32.36689739997382,1,5.481098199990811,263.3774108886719,1.0,0.0,0.0002657923032529652,6964,7,0.06609613448381424,-356.95947265625,-8.706899642944336,183.8060302734375
32.37802159998682,1,5.492222400003811,263.4267578125,1.0,0.0,0.0007680484559386969,6965,7,0.0662318766117096,-356.88946533203125,-8.702723503112793,183.07785034179688
32.38909969999804,1,5.50330050001503,263.4618225097656,1.0,0.0,0.0005926309386268258,6964,7,0.06631331890821457,-356.8369445800781,-8.699603080749512,182.53163146972656
32.4001336999936,1,5.514334500010591,263.5024719238281,1.0,0.0,0.0003847461484838277,6965,7,0.06644906103610992,-356.76690673828125,-8.695441246032715,181.80323791503906
32.41094139998313,1,5.5251422000001185,263.535888671875,1.0,0.0,0.0005278274184092879,6968,7,0.06669338792562485,-356.62689208984375,-8.687196731567383,180.34619140625
32.42196979999426,1,5.536170600011246,263.56988525390625,1.0,0.0,0.0009288283763453364,6971,7,0.0668291300535202,-356.556884765625,-8.683158874511719,179.61752319335938
32.432645399996545,1,5.546846200013533,263.6203918457031,1.0,0.0,0.0005091315251775086,6974,7,0.06696486473083496,-356.4869384765625,-8.679131507873535,178.88876342773438
32.443400599993765,1,5.557601400010753,263.6643371582031,1.0,0.0,1.6639402019791305e-05,6975,7,0.06707344949245453,-356.4169921875,-8.675082206726074,178.15988159179688
32.454602699988754,1,5.5688035000057425,263.7051086425781,1.0,0.0,0.000417981093050912,6975,7,0.0671820342540741,-356.3645324707031,-8.672060012817383,177.61314392089844
32.465397199994186,1,5.579598000011174,263.7531433105469,1.0,0.0,0.0011314695002511144,6976,7,0.06729061901569366,-356.2945861816406,-8.668087005615234,176.88406372070312
32.47644030000083,1,5.5906411000178196,263.7921142578125,1.0,0.0,0.0011099522234871984,6975,7,0.06742635369300842,-356.22467041015625,-8.664114952087402,176.1548614501953
32.48742759999004,1,5.60162840000703,263.8309631347656,1.0,0.0,0.0007285148021765053,6974,7,0.06753493845462799,-356.1722412109375,-8.661117553710938,175.60789489746094
32.498404599988135,1,5.612605400005123,263.8774108886719,1.0,0.0,0.00046352442586794496,6974,7,0.06777925789356232,-356.03240966796875,-8.653246879577637,174.1490020751953
32.50946099997964,1,5.623661799996626,263.91363525390625,1.0,0.0,0.0002506860764697194,6975,7,0.06791500747203827,-355.9624938964844,-8.649446487426758,173.41940307617188
32.520536999974865,1,5.6347377999918535,263.9585266113281,1.0,0.0,0.001017455942928791,6978,7,0.06802360713481903,-355.892578125,-8.645684242248535,172.689697265625
32.531656699982705,1,5.645857499999693,263.993408203125,1.0,0.0,0.0006431358051486313,6980,7,0.06815935671329498,-355.8226623535156,-8.641939163208008,171.95989990234375
32.54266509998706,1,5.65686590000405,264.0365905761719,1.0,0.0,0.0005110310157760978,6982,7,0.06829511374235153,-355.75274658203125,-8.63821792602539,171.22999572753906
32.553435999987414,1,5.667636800004402,264.0715637207031,1.0,0.0,0.0003510713286232203,6984,7,0.06843086332082748,-355.6828308105469,-8.634489059448242,170.49998474121094
32.56490359999589,1,5.679104400012875,264.1103820800781,1.0,0.0,-0.00012313535262364894,6985,7,0.06851231306791306,-355.6304016113281,-8.631675720214844,169.95242309570312
32.57597039997927,1,5.690171199996257,264.1567077636719,1.0,0.0,0.0005542561993934214,6986,7,0.06875663995742798,-355.4905700683594,-8.624011993408203,168.49197387695312
32.587023899977794,1,5.701224699994782,264.1986999511719,1.0,0.0,0.0003138470056001097,6986,7,0.06889237463474274,-355.4206848144531,-8.620071411132812,167.7615966796875
32.597696699987864,1,5.711897500004852,264.251953125,1.0,0.0,0.00020775990560650826,6988,7,0.06900095194578171,-355.3682861328125,-8.617066383361816,167.21372985839844
32.6087062000006,1,5.722907000017585,264.29351806640625,1.0,0.0,0.0002811347658280283,6988,7,0.06916382908821106,-355.28094482421875,-8.61203670501709,166.30047607421875
32.61962459998904,1,5.733825400006026,264.33013916015625,1.0,0.0,0.00047528292634524405,6987,7,0.06924526393413544,-355.2285461425781,-8.609042167663574,165.75244140625
32.63084249998792,1,5.745043300004909,264.36627197265625,1.0,0.0,0.0011679588351398706,6987,7,0.0693809986114502,-355.1587219238281,-8.605087280273438,165.02162170410156
32.64191229999415,1,5.7561131000111345,264.3987731933594,1.0,0.0,0.0008654441335238516,6987,7,0.06962529569864273,-355.01904296875,-8.59725570678711,163.5596923828125
32.65278239999316,1,5.766983200010145,264.4433288574219,1.0,0.0,0.00046072827535681427,6991,7,0.0697338730096817,-354.9666748046875,-8.59432601928711,163.01138305664062
32.66337829999975,1,5.777579100016737,264.4764099121094,1.0,0.0,0.0005627098144032061,6994,7,0.06989672780036926,-354.87939453125,-8.589479446411133,162.097412109375
32.67463299998781,1,5.788833800004795,264.5112609863281,1.0,0.0,0.0008333344594575465,6997,7,0.06997816264629364,-354.8270263671875,-8.586565017700195,161.54896545410156
32.6856112999958,1,5.799812100012787,264.5577087402344,1.0,0.0,0.0010056764585897326,6999,7,0.07011387497186661,-354.7571716308594,-8.582581520080566,160.81759643554688
32.69628629999352,1,5.810487100010505,264.594970703125,1.0,0.0,0.0006356076337397099,6999,7,0.07024959474802017,-354.6873474121094,-8.57844352722168,160.08615112304688
32.70685049999156,1,5.821051300008548,264.6333312988281,1.0,0.0,0.000294893718091771,6999,7,0.07035816460847855,-354.61749267578125,-8.57415771484375,159.35459899902344
32.717664799973136,1,5.831865599990124,264.6831970214844,1.0,0.0,0.00021809728059452027,6999,7,0.07062968611717224,-354.477783203125,-8.565136909484863,157.89117431640625
32.72840759999235,1,5.84260840000934,264.7240295410156,1.0,0.0,0.0003243706014472991,6999,7,0.0707383006811142,-354.407958984375,-8.560437202453613,157.15928649902344
32.739148799999384,1,5.853349600016372,264.76495361328125,1.0,0.0,-0.0027938487473875284,6999,7,0.07084690779447556,-354.3555908203125,-8.556861877441406,156.6103057861328
32.74990689998958,1,5.864107700006571,264.80474853515625,1.0,0.0,-0.0005811500595882535,6999,7,0.07100982218980789,-354.268310546875,-8.550881385803223,155.6951904296875
32.76065099998959,1,5.8748518000065815,264.8554992675781,1.0,0.0,-0.0011731168488040566,6999,7,0.07109127938747406,-354.2159729003906,-8.547303199768066,155.1460418701172
32.77180839999346,1,5.886009200010449,264.89251708984375,1.0,0.0,-0.0030498013366013765,7000,7,0.0712270438671112,-354.14617919921875,-8.542591094970703,154.41372680664062
32.78301479999209,1,5.897215600009076,264.9338073730469,1.0,0.0,-0.002693606074899435,7002,7,0.07136281579732895,-354.076416015625,-8.53803825378418,153.68130493164062
32.794041799992556,1,5.908242600009544,264.96435546875,1.0,0.0,-0.0022275932133197784,7004,7,0.0714714378118515,-354.00665283203125,-8.53367805480957,152.94879150390625
32.80511299998034,1,5.919313799997326,264.9931640625,1.0,0.0,-0.0019376416457816958,7008,7,0.07160720974206924,-353.9369201660156,-8.5294771194458,152.21617126464844
32.81613959997776,1,5.930340399994748,265.031494140625,1.0,0.0,-0.0019445228390395641,7012,7,0.07187876105308533,-353.7974548339844,-8.521502494812012,150.75070190429688
32.8272072999971,1,5.941408100014087,265.0667724609375,1.0,0.0,-0.002325937617570162,7012,7,0.07196022570133209,-353.74517822265625,-8.518597602844238,150.2010498046875
32.83807159998105,1,5.952272399998037,265.1111755371094,1.0,0.0,-0.0017281483160331845,7012,7,0.07212315499782562,-353.6580505371094,-8.513721466064453,149.28485107421875
32.84917089997907,1,5.96337169999606,265.1461181640625,1.0,0.0,-0.0014491634210571647,7012,7,0.07223177701234818,-353.6058044433594,-8.510750770568848,148.7350616455078
32.86025279999012,1,5.974453600007109,265.1842041015625,1.0,0.0,-0.001497926190495491,7013,7,0.07234039157629013,-353.5361328125,-8.50668716430664,148.00192260742188
32.871902199985925,1,5.986103000002913,265.2348937988281,1.0,0.0,-0.001819922006689012,7015,7,0.07247616350650787,-353.46649169921875,-8.502446174621582,147.2686767578125
32.88300299999537,1,5.9972038000123575,265.282470703125,1.0,0.0,-0.0016524071106687188,7016,7,0.07261193543672562,-353.3968811035156,-8.498027801513672,146.5353240966797
32.893789999972796,1,6.007990799989784,265.32177734375,1.0,0.0,-0.0019600188825279474,7016,7,0.07285632193088531,-353.2577209472656,-8.488847732543945,145.0682830810547
32.905264099972555,1,6.0194648999895435,265.3680114746094,1.0,0.0,-0.0020603106822818518,7015,7,0.07299209386110306,-353.18817138671875,-8.484108924865723,144.3345947265625
32.91620789997978,1,6.030408699996769,265.4037170410156,1.0,0.0,-0.0011930387699976563,7013,7,0.07307355105876923,-353.1360168457031,-8.480525016784668,143.7842559814453
32.92739939998137,1,6.041600199998356,265.4387512207031,1.0,0.0,-0.0020643570460379124,7012,7,0.07323646545410156,-353.0491027832031,-8.474530220031738,142.8668975830078
32.938154299976304,1,6.052355099993292,265.47589111328125,1.0,0.0,-0.001832815119996667,7014,7,0.07337222248315811,-352.9796142578125,-8.469741821289062,142.13290405273438
32.94883809998282,1,6.06303889999981,265.5050048828125,1.0,0.0,-0.001752102980390191,7017,7,0.07345367968082428,-352.927490234375,-8.466168403625488,141.5823516845703
32.95969089999562,1,6.073891700012609,265.5396728515625,1.0,0.0,-0.0018064049072563648,7020,7,0.07361659407615662,-352.8406982421875,-8.460186958312988,140.66464233398438
32.970973299990874,1,6.085174100007862,265.5867919921875,1.0,0.0,-0.0020161739084869623,7024,7,0.07372520118951797,-352.7886657714844,-8.45655345916748,140.1139678955078
32.98180379997939,1,6.096004599996377,265.6190185546875,1.0,0.0,-0.0015706216217949986,7026,7,0.07386095821857452,-352.7192687988281,-8.451666831970215,139.37962341308594
32.992726899974514,1,6.106927699991502,265.6669921875,1.0,0.0,-0.0018594185821712017,7027,7,0.07410535216331482,-352.58062744140625,-8.441763877868652,137.91064453125
33.003504799999064,1,6.117705600016052,265.7095642089844,1.0,0.0,-0.0018044833559542894,7027,7,0.07424112409353256,-352.5113525390625,-8.43663501739502,137.17599487304688
33.01491159998113,1,6.129112399998121,265.7532653808594,1.0,0.0,-0.0023785592056810856,7026,7,0.0743768960237503,-352.442138671875,-8.431435585021973,136.44122314453125
33.025650499999756,1,6.139851300016744,265.80621337890625,1.0,0.0,-0.0021862150169909,7024,7,0.07448551058769226,-352.3729248046875,-8.426301956176758,135.7063446044922
33.036408999993,1,6.150609800009988,265.84686279296875,1.0,0.0,-0.0024582091718912125,7022,7,0.07462128251791,-352.3037414550781,-8.421280860900879,134.97132873535156
33.04734369998914,1,6.16154450000613,265.883056640625,1.0,0.0,-0.002437184564769268,7021,7,0.07475705444812775,-352.23455810546875,-8.416431427001953,134.23619079589844
33.05801819998305,1,6.172219000000041,265.9254150390625,1.0,0.0,-0.0021861912682652473,7026,7,0.0748656690120697,-352.1654052734375,-8.411845207214355,133.50096130371094
33.06904879998183,1,6.183249599998817,265.9544677734375,1.0,0.0,-0.0022200855892151594,7033,7,0.07500143349170685,-352.0962829589844,-8.40762710571289,132.76560974121094
33.08004559998517,1,6.194246400002157,265.9774169921875,1.0,0.0,-0.0016453859861940145,7040,7,0.07527296990156174,-351.9580383300781,-8.400450706481934,131.29464721679688
33.0914757999999,1,6.205676600016886,266.0052185058594,1.0,0.0,-0.0012049481738358736,7046,7,0.07527296990156174,-351.9580383300781,-8.400450706481934,131.29464721679688
33.102488099975744,1,6.216688899992732,266.03314208984375,1.0,0.0,-0.0014254264533519745,7047,7,0.07551734894514084,-351.8199462890625,-8.394564628601074,129.82339477539062
33.11318969997228,1,6.227390499989269,266.0786437988281,1.0,0.0,-0.0014477632939815521,7042,7,0.07565310597419739,-351.7509460449219,-8.391862869262695,129.08766174316406
33.124428899987834,1,6.238629700004822,266.1151123046875,1.0,0.0,-0.0015204832889139652,7036,7,0.07573454827070236,-351.69921875,-8.389853477478027,128.53578186035156
33.13521499998751,1,6.249415800004499,266.1622619628906,1.0,0.0,-0.0053598275408148766,7035,7,0.0758974477648735,-351.6130676269531,-8.386431694030762,127.61587524414062
33.14612649998162,1,6.2603272999986075,266.2024841308594,1.0,0.0,-0.011502387002110481,7038,7,0.07603318989276886,-351.5441589355469,-8.383539199829102,126.87982177734375
33.15735679998761,1,6.2715576000045985,266.237548828125,1.0,0.0,-0.008363159373402596,7043,7,0.07614178210496902,-351.4925231933594,-8.381234169006348,126.32771301269531
33.168679299997166,1,6.282880100014154,266.28533935546875,1.0,0.0,-0.010008941404521465,7045,7,0.07627753168344498,-351.4065246582031,-8.377153396606445,125.40738677978516
33.17965249999543,1,6.293853300012415,266.322998046875,1.0,0.0,-0.013340623117983341,7044,7,0.07638612389564514,-351.3549499511719,-8.374553680419922,124.85511016845703
33.190692899981514,1,6.304893699998502,266.372314453125,1.0,0.0,-0.011640816926956177,7040,7,0.07668469846248627,-351.20050048828125,-8.366301536560059,123.19791412353516
33.20177479999256,1,6.315975600009551,266.4073181152344,1.0,0.0,-0.011036229319870472,7036,7,0.07676611840724945,-351.14910888671875,-8.363499641418457,122.6453857421875
33.21266849999665,1,6.326869300013641,266.4381103515625,1.0,0.0,-0.009184456430375576,7035,7,0.07690182328224182,-351.08062744140625,-8.359757423400879,121.90858459472656
33.223752299993066,1,6.337953100010054,266.4693603515625,1.0,0.0,-0.009238367900252342,7036,7,0.07703752815723419,-351.01226806640625,-8.355986595153809,121.17169189453125
33.234724699985236,1,6.348925500002224,266.50531005859375,1.0,0.0,-0.009477862156927586,7042,7,0.07717323303222656,-350.9440002441406,-8.352136611938477,120.43472290039062
33.24557159998221,1,6.359772399999201,266.53753662109375,1.0,0.0,-0.00612207967787981,7048,7,0.07728179544210434,-350.8758239746094,-8.34827995300293,119.69764709472656
33.25644059997285,1,6.370641399989836,266.5681457519531,1.0,0.0,-0.007050562649965286,7052,7,0.07741747796535492,-350.8077087402344,-8.344470977783203,118.9604721069336
33.26740939999581,1,6.381610200012801,266.609130859375,1.0,0.0,-0.008092733100056648,7053,7,0.0775531455874443,-350.73968505859375,-8.340555191040039,118.22322082519531
33.27868559997296,1,6.392886399989948,266.661865234375,1.0,0.0,-0.012573220767080784,7053,7,0.07779736071825027,-350.6039123535156,-8.332138061523438,116.74840545654297
33.28959569998551,1,6.4037965000025,266.69818115234375,1.0,0.0,-0.012440294958651066,7052,7,0.07793303579092026,-350.5361328125,-8.327877044677734,116.01081085205078
33.300283499993384,1,6.414484300010372,266.7476806640625,1.0,0.0,-0.011635209433734417,7051,7,0.07804156839847565,-350.4853820800781,-8.324653625488281,115.4575424194336
33.31152029999066,1,6.4257211000076495,266.78857421875,1.0,0.0,-0.008047431707382202,7049,7,0.07817724347114563,-350.4008483886719,-8.319149017333984,114.53528594970703
33.322377299977234,1,6.436578099994222,266.828857421875,1.0,0.0,-0.009914365597069263,7049,7,0.0782858282327652,-350.3502197265625,-8.31587028503418,113.98184204101562
33.333152499981225,1,6.447353299998213,266.8709716796875,1.0,0.0,-0.013630003668367863,7048,7,0.07842157036066055,-350.28277587890625,-8.311698913574219,113.24380493164062
33.3442526999861,1,6.458453500003088,266.8935241699219,1.0,0.0,-0.0037643227260559797,7048,7,0.0785844549536705,-350.1985778808594,-8.306845664978027,112.32110595703125
33.35534359997837,1,6.469544399995357,266.9190673828125,1.0,0.0,-0.00450839102268219,7055,7,0.07866590470075607,-350.14813232421875,-8.304075241088867,111.76741027832031
33.36656879997463,1,6.480769599991618,266.9477844238281,1.0,0.0,0.003053652588278055,7062,7,0.07893738150596619,-350.013916015625,-8.297061920166016,110.29070281982422
33.37773829998332,1,6.491939100000309,266.9892578125,1.0,0.0,0.00032856821781024337,7066,7,0.07904597371816635,-349.94696044921875,-8.293719291687012,109.5522232055664
33.388616699987324,1,6.502817500004312,267.01959228515625,1.0,0.0,-0.00024128446239046752,7065,7,0.0791817456483841,-349.8800964355469,-8.29039192199707,108.81365203857422
33.39922619998106,1,6.513426999998046,267.0540771484375,1.0,0.0,0.0032957380171865225,7063,7,0.07931751757860184,-349.8133239746094,-8.286978721618652,108.07498168945312
33.41042239998933,1,6.524623200006317,267.10382080078125,1.0,0.0,0.0030278691556304693,7062,7,0.07945329695940018,-349.74664306640625,-8.283387184143066,107.33621215820312
33.42164309998043,1,6.535843899997417,267.14215087890625,1.0,0.0,0.0010289264610037208,7063,7,0.07956191152334213,-349.6800537109375,-8.279595375061035,106.59733581542969
33.43243529999745,1,6.546636100014439,267.1815185546875,1.0,0.0,-0.00037023809272795916,7064,7,0.07969768345355988,-349.6135559082031,-8.275660514831543,105.85833740234375
33.44336009997642,1,6.557560899993405,267.232421875,1.0,0.0,-0.000851097924169153,7065,7,0.07983346283435822,-349.547119140625,-8.27160358428955,105.11922454833984
33.45401709998259,1,6.568217899999581,267.2701416015625,1.0,0.0,-0.00132733304053545,7063,7,0.07996923476457596,-349.48077392578125,-8.267455101013184,104.37998962402344
33.46548949999851,1,6.5796903000155,267.3045959472656,1.0,0.0,-0.0014075085055083036,7059,7,0.08021365106105804,-349.3482666015625,-8.25927734375,102.90118408203125
33.476897899992764,1,6.591098700009752,267.3398132324219,1.0,0.0,-0.0010965425753965974,7058,7,0.08034943789243698,-349.2821044921875,-8.255341529846191,102.16162872314453
33.48758459999226,1,6.601785400009248,267.36700439453125,1.0,0.0,-0.001254833652637899,7060,7,0.08048522472381592,-349.21600341796875,-8.251513481140137,101.42198181152344
33.498437299975194,1,6.612638099992182,267.3984680175781,1.0,0.0,-0.0003861846053041518,7067,7,0.08059385418891907,-349.14996337890625,-8.247796058654785,100.68225860595703
33.509473399986746,1,6.623674200003734,267.4263916015625,1.0,0.0,-0.0002894182689487934,7071,7,0.08070248365402222,-349.1004943847656,-8.24506950378418,100.12741088867188
33.52028349999455,1,6.634484300011536,267.4699401855469,1.0,0.0,-0.0010359857697039843,7074,7,0.08086542040109634,-349.0180969238281,-8.240554809570312,99.20256805419922
33.53145409998251,1,6.645654899999499,267.50433349609375,1.0,0.0,-0.0006991962436586618,7074,7,0.08100119233131409,-348.9522705078125,-8.236875534057617,98.46259307861328
33.542381499981275,1,6.656582299998263,267.5379333496094,1.0,0.0,-0.0006906998460181057,7074,7,0.08108265697956085,-348.9029235839844,-8.234073638916016,97.90753936767578
33.55360019998625,1,6.667801000003237,267.5857238769531,1.0,0.0,-0.0002806962002068758,7075,7,0.08124557882547379,-348.8207092285156,-8.229323387145996,96.98233032226562
33.56471709997277,1,6.678917899989756,267.62408447265625,1.0,0.0,-0.0002444328856654465,7075,7,0.08138135075569153,-348.7550048828125,-8.225367546081543,96.24205780029297
33.57583379998687,1,6.690034600003855,267.671875,1.0,0.0,-0.0007820167811587453,7074,7,0.08165290206670761,-348.6236572265625,-8.217199325561523,94.76116943359375
33.5870243999816,1,6.701225199998589,267.7102355957031,1.0,0.0,-0.0009561870829202235,7072,7,0.08173435926437378,-348.5744323730469,-8.214130401611328,94.20572662353516
33.59811309998622,1,6.71231390000321,267.75531005859375,1.0,0.0,-0.0007276106043718755,7071,7,0.08187012374401093,-348.5087890625,-8.210074424743652,93.46504211425781
33.60899709997466,1,6.723197899991646,267.788330078125,1.0,0.0,-0.0008286772645078599,7071,7,0.08203304558992386,-348.42681884765625,-8.205170631408691,92.53903198242188
33.619969799998216,1,6.734170600015204,267.8154296875,1.0,0.0,-0.0008592614904046059,7072,7,0.08211450278759003,-348.3776550292969,-8.202346801757812,91.98334503173828
33.630782699998235,1,6.744983500015223,267.8471984863281,1.0,0.0,-0.0005971839418634772,7077,7,0.08225026726722717,-348.3121032714844,-8.198731422424316,91.24236297607422
33.64138699998148,1,6.755587799998466,267.87066650390625,1.0,0.0,3.577368624974042e-05,7081,7,0.0824131891131401,-348.2301940917969,-8.194408416748047,90.31602478027344
33.652383599983295,1,6.7665844000002835,267.89984130859375,1.0,0.0,0.0034534907899796963,7084,7,0.08252180367708206,-348.18109130859375,-8.191901206970215,89.76016998291016
33.66366969997762,1,6.777870499994606,267.94122314453125,1.0,0.0,0.0033975671976804733,7085,7,0.08263042569160461,-348.1156311035156,-8.18860912322998,89.01896667480469
33.67504779997398,1,6.7892485999909695,267.9757995605469,1.0,0.0,-0.000613862182945013,7085,7,0.08290199190378189,-347.9847717285156,-8.181903839111328,87.53630065917969
33.68595919999643,1,6.80016000001342,268.0192565917969,1.0,0.0,0.002059635939076543,7086,7,0.08303777873516083,-347.9193420410156,-8.178436279296875,86.7948226928711
33.697128399973735,1,6.811329199990723,268.054931640625,1.0,0.0,0.0019362879684194922,7088,7,0.08314640074968338,-347.85394287109375,-8.174846649169922,86.05325317382812
33.708297199977096,1,6.822497999994084,268.1034240722656,1.0,0.0,0.0012464694445952773,7088,7,0.08328218758106232,-347.7885437011719,-8.17109203338623,85.31157684326172
33.71905849999166,1,6.833259300008649,268.139892578125,1.0,0.0,0.001583862118422985,7086,7,0.08341796696186066,-347.7231140136719,-8.167218208312988,84.5698013305664
33.729943699989235,1,6.844144500006223,268.173583984375,1.0,0.0,0.0013108276762068272,7084,7,0.083553746342659,-347.65771484375,-8.163318634033203,83.82791900634766
33.74101639998844,1,6.855217200005427,268.2153015136719,1.0,0.0,0.0010602998081594706,7082,7,0.08368953317403793,-347.59228515625,-8.159421920776367,83.08594512939453
33.75181889999658,1,6.866019700013567,268.2484130859375,1.0,0.0,0.0015927766216918826,7083,7,0.08379815518856049,-347.52685546875,-8.155515670776367,82.3438720703125
33.76274679999915,1,6.876947600016138,268.2831726074219,1.0,0.0,0.0013578725047409534,7085,7,0.08406971395015717,-347.39599609375,-8.147867202758789,80.85945129394531
33.77378429999226,1,6.887985100009246,268.30865478515625,1.0,0.0,0.0014390659052878618,7088,7,0.08415117859840393,-347.346923828125,-8.145085334777832,80.30270385742188
33.784869700000854,1,6.899070500017842,268.3371887207031,1.0,0.0,-0.0001927327539306134,7091,7,0.08431408554315567,-347.2651672363281,-8.140459060668945,79.37470245361328
33.795719099987764,1,6.909919900004752,268.37603759765625,1.0,0.0,0.00025590439327061176,7094,7,0.08444976061582565,-347.19976806640625,-8.136754989624023,78.63221740722656
33.806697299994994,1,6.920898100011982,268.40997314453125,1.0,0.0,0.0004297666309867054,7095,7,0.08455830812454224,-347.1507263183594,-8.133978843688965,78.0752944946289
33.817760899983114,1,6.931961700000102,268.4576416015625,1.0,0.0,0.0001291804073844105,7097,7,0.08472111821174622,-347.0689697265625,-8.129294395446777,77.14698028564453
33.82886849998613,1,6.943069300003117,268.49517822265625,1.0,0.0,0.0002369088470004499,7097,7,0.0848296582698822,-347.0035705566406,-8.125495910644531,76.40421295166016
33.84008909997647,1,6.954289899993455,268.541748046875,1.0,0.0,0.00047882358194328845,7097,7,0.08496534079313278,-346.93817138671875,-8.12169075012207,75.66134643554688
33.85097039997345,1,6.965171199990436,268.5743103027344,1.0,0.0,0.000423339253757149,7095,7,0.08510101586580276,-346.87274169921875,-8.117907524108887,74.91836547851562
33.861733499972615,1,6.9759342999896035,268.6064453125,1.0,0.0,0.0003501720493659377,7093,7,0.08523673564195633,-346.8073425292969,-8.114187240600586,74.17529296875
33.87280389998341,1,6.987004700000398,268.6358337402344,1.0,0.0,0.0008434384362772107,7093,7,0.08537248522043228,-346.741943359375,-8.110554695129395,73.43212127685547
33.883838799985824,1,6.998039600002812,268.6754150390625,1.0,0.0,0.00032817895407788455,7096,7,0.0856168195605278,-346.6111755371094,-8.103656768798828,71.94551849365234
33.894862399989506,1,7.009063200006494,268.7041931152344,1.0,0.0,0.0005355101311579347,7100,7,0.08575256168842316,-346.5458068847656,-8.100469589233398,71.20207977294922
33.9057089999842,1,7.019909800001187,268.7391662597656,1.0,0.0,0.0007782037137076259,7103,7,0.08588831126689911,-346.48046875,-8.097410202026367,70.45856475830078
33.91671109999879,1,7.030911900015781,268.7657165527344,1.0,0.0,0.0010079238563776016,7104,7,0.08599690347909927,-346.41510009765625,-8.094429016113281,69.7149658203125
33.92765449997387,1,7.041855299990857,268.8011779785156,1.0,0.0,0.0010843751952052116,7104,7,0.08613265305757523,-346.3497619628906,-8.091460227966309,68.9712905883789
33.93865629998618,1,7.052857100003166,268.828125,1.0,0.0,0.0008454892667941749,7105,7,0.08626841008663177,-346.284423828125,-8.088448524475098,68.22754669189453
33.94972279999638,1,7.063923600013368,268.8588562011719,1.0,0.0,0.0009730854071676731,7105,7,0.08640415966510773,-346.21905517578125,-8.085330963134766,67.48371887207031
33.960514699982014,1,7.074715499999002,268.8998107910156,1.0,0.0,0.0009916095295920968,7109,7,0.08653990924358368,-346.1536560058594,-8.08203411102295,66.73981475830078
33.97141469997587,1,7.085615499992855,268.93280029296875,1.0,0.0,0.0006480567972175777,7111,7,0.08664850890636444,-346.0882873535156,-8.078503608703613,65.9958267211914
33.982191699993564,1,7.096392500010552,268.9666748046875,1.0,0.0,0.0004793565603904426,7113,7,0.08678426593542099,-346.02288818359375,-8.074731826782227,65.25175476074219
33.993009099998744,1,7.107209900015732,269.01129150390625,1.0,0.0,0.0002959233243018389,7113,7,0.08692001551389694,-345.9574890136719,-8.070724487304688,64.50758361816406
34.00407149997773,1,7.118272299994715,269.0503234863281,1.0,0.0,3.079765883740038e-05,7110,7,0.08716437965631485,-345.8266906738281,-8.062088012695312,63.018959045410156
34.01516719997744,1,7.129367999994429,269.0849914550781,1.0,0.0,0.0005946527235209942,7107,7,0.0873001292347908,-345.76129150390625,-8.057629585266113,62.27449035644531
34.026034599984996,1,7.140235400001984,269.1195983886719,1.0,0.0,0.0008802586235105991,7104,7,0.08743588626384735,-345.6959228515625,-8.053187370300293,61.52992248535156
34.03712289998657,1,7.151323700003559,269.14544677734375,1.0,0.0,0.0005558283883146942,7104,7,0.0875716432929039,-345.63055419921875,-8.048739433288574,60.785274505615234
34.047977799986256,1,7.162178600003244,269.18389892578125,1.0,0.0,0.0004393833805806935,7109,7,0.08770740032196045,-345.5652160644531,-8.044281959533691,60.040550231933594
34.058640299976105,1,7.172841099993093,269.21533203125,1.0,0.0,0.00045977236004546285,7114,7,0.08781599998474121,-345.4998779296875,-8.03989028930664,59.29574203491211
34.069584299984854,1,7.183785100001842,269.2463073730469,1.0,0.0,0.00081466423580423,7117,7,0.08795174956321716,-345.4345397949219,-8.035595893859863,58.55084991455078
34.08110239999951,1,7.195303200016497,269.2856750488281,1.0,0.0,0.0006536506116390228,7119,7,0.08806034922599792,-345.3855285644531,-8.032408714294434,57.992122650146484
34.09213289999752,1,7.206333700014511,269.3172912597656,1.0,0.0,0.0006222493830136955,7118,7,0.08833185583353043,-345.238525390625,-8.022857666015625,56.315643310546875
34.102958099974785,1,7.217158899991773,269.3582458496094,1.0,0.0,0.0003891059022862464,7116,7,0.08833185583353043,-345.238525390625,-8.022857666015625,56.315643310546875
34.11364979998325,1,7.227850600000238,269.3919372558594,1.0,0.0,0.0003617175680119544,7115,7,0.08860335499048233,-345.10784912109375,-8.014370918273926,54.82506561279297
34.125111699977424,1,7.239312499994412,269.4254150390625,1.0,0.0,0.00030262311338447034,7115,7,0.08871195465326309,-345.058837890625,-8.011207580566406,54.2660026550293
34.13606439999421,1,7.250265200011199,269.4682922363281,1.0,0.0,5.8738034567795694e-05,7117,7,0.08882055431604385,-344.9935302734375,-8.007017135620117,53.520503997802734
34.14674899997772,1,7.260949799994705,269.4990539550781,1.0,0.0,0.0007808011723682284,7118,7,0.0889834463596344,-344.911865234375,-8.001858711242676,52.5884895324707
34.15773319997243,1,7.271933999989415,269.530517578125,1.0,0.0,0.0010796920396387577,7119,7,0.08911919593811035,-344.8465576171875,-7.997823238372803,51.842777252197266
34.16860789997736,1,7.282808699994348,269.5548095703125,1.0,0.0,0.0007306757615879178,7119,7,0.08922779560089111,-344.797607421875,-7.99483585357666,51.283443450927734
34.1795777999796,1,7.293778599996585,269.5821838378906,1.0,0.0,0.0006357461679726839,7121,7,0.08939068764448166,-344.71600341796875,-7.989893913269043,50.35112762451172
34.19056059999275,1,7.304761400009738,269.61810302734375,1.0,0.0,0.0006434786482714117,7123,7,0.08947213739156723,-344.66705322265625,-7.986936092376709,49.79168701171875
34.201670599984936,1,7.3158714000019245,269.646484375,1.0,0.0,0.0007079747738316655,7125,7,0.08960787951946259,-344.6017761230469,-7.982994079589844,49.04570007324219
34.21286909998162,1,7.327069899998605,269.683349609375,1.0,0.0,0.0010752324014902115,7128,7,0.0898793637752533,-344.47125244140625,-7.974941730499268,47.55348205566406
34.22390339997946,1,7.338104199996451,269.7160339355469,1.0,0.0,0.0009629392297938466,7130,7,0.09001510590314865,-344.4059753417969,-7.970717430114746,46.807254791259766
34.235234499996295,1,7.349435300013283,269.7511901855469,1.0,0.0,0.0007500139763578773,7131,7,0.0901779979467392,-344.3243713378906,-7.965224742889404,45.87434387207031
34.246312199975364,1,7.360512999992352,269.7969970703125,1.0,0.0,0.0003700240049511194,7130,7,0.09025944769382477,-344.2754211425781,-7.961842060089111,45.31452941894531
34.25719219999155,1,7.371393000008538,269.8338317871094,1.0,0.0,0.0005823126994073391,7129,7,0.09039518982172012,-344.21014404296875,-7.957294464111328,44.568016052246094
34.268269299995154,1,7.382470100012142,269.8769836425781,1.0,0.0,0.00048406425048597157,7126,7,0.09055809676647186,-344.1285705566406,-7.951613903045654,43.634735107421875
34.279084699985106,1,7.393285500002094,269.9063720703125,1.0,0.0,0.0005141561850905418,7124,7,0.09066669642925262,-344.0796203613281,-7.9482526779174805,43.07469177246094
34.29029279999668,1,7.404493600013666,269.9400634765625,1.0,0.0,0.0006676227203570306,7125,7,0.09077529609203339,-344.01434326171875,-7.943889141082764,42.327880859375
34.30136379998294,1,7.415564599999925,269.96661376953125,1.0,0.0,0.0007219338440336287,7128,7,0.09093820303678513,-343.9327392578125,-7.938643455505371,41.394256591796875
34.31242740000016,1,7.426628200017149,269.9931335449219,1.0,0.0,0.00046014905092306435,7133,7,0.09107395261526108,-343.86749267578125,-7.934638977050781,40.64727020263672
34.323353399988264,1,7.437554200005252,270.0267639160156,1.0,0.0,0.00022068555699661374,7136,7,0.09118255972862244,-343.81854248046875,-7.931755065917969,40.086978912353516
34.33399529999588,1,7.448196100012865,270.0577087402344,1.0,0.0,0.0007182221161201596,7137,7,0.09148120880126953,-343.6717529296875,-7.9234819412231445,38.40585708618164
34.34515049998299,1,7.45935129999998,270.0874328613281,1.0,0.0,0.00021745951380580664,7137,7,0.09158980846405029,-343.60650634765625,-7.919919013977051,37.6585578918457
34.35600539998268,1,7.470206199999666,270.1244812011719,1.0,0.0,0.00033411788172088563,7136,7,0.09172555804252625,-343.5412902832031,-7.9163818359375,36.91117477416992
34.36701929999981,1,7.481220100016799,270.1592102050781,1.0,0.0,0.0004040026105940342,7136,7,0.0918613076210022,-343.4760437011719,-7.912819862365723,36.1637077331543
34.37785079999594,1,7.492051600012928,270.20172119140625,1.0,0.0,0.00033299910137429833,7137,7,0.09199705719947815,-343.41082763671875,-7.909222602844238,35.41615295410156
34.388856999983545,1,7.5030578000005335,270.23052978515625,1.0,0.0,0.00025144399842247367,7138,7,0.09215995669364929,-343.3293151855469,-7.9047956466674805,34.4815673828125
34.400165799976094,1,7.514366599993082,270.2615966796875,1.0,0.0,0.00011739571345970035,7139,7,0.09229570627212524,-343.2641296386719,-7.901273250579834,33.733802795410156
34.41129839999485,1,7.525499200011836,270.2996826171875,1.0,0.0,0.00031320570269599557,7139,7,0.09237715601921082,-343.2152404785156,-7.898603439331055,33.17292404174805
34.42251309999847,1,7.536713900015457,270.3247375488281,1.0,0.0,0.0006170687265694141,7138,7,0.09254006296396255,-343.1337890625,-7.894198894500732,32.23801040649414
34.433577899995726,1,7.547778700012714,270.3568420410156,1.0,0.0,0.0007112881867215037,7139,7,0.09267581254243851,-343.0686340332031,-7.890750408172607,31.489992141723633
34.444577699992806,1,7.558778500009794,270.3822937011719,1.0,0.0,0.0004834917199332267,7141,7,0.09281156212091446,-343.00347900390625,-7.887284755706787,30.74190330505371
34.45554919997812,1,7.569749999995111,270.4129333496094,1.0,0.0,0.0006633630837313831,7143,7,0.09294731169939041,-342.9383544921875,-7.8837761878967285,29.993741989135742
34.46665779998875,1,7.58085860000574,270.4443359375,1.0,0.0,0.000535328290425241,7145,7,0.09305591136217117,-342.87322998046875,-7.8802313804626465,29.245508193969727
34.477589599991916,1,7.591790400008904,270.47802734375,1.0,0.0,0.0003768797032535076,7148,7,0.09319166094064713,-342.8081359863281,-7.876567840576172,28.49720573425293
34.488275199983036,1,7.602476000000024,270.5204772949219,1.0,0.0,0.0008991556242108345,7151,7,0.09349030256271362,-342.66162109375,-7.867796897888184,26.813207626342773
34.49898749997374,1,7.613188299990725,270.5550231933594,1.0,0.0,0.0009239026694558561,7152,7,0.09359890222549438,-342.61279296875,-7.864779949188232,26.251768112182617
34.50971609997214,1,7.623916899989126,270.5910949707031,1.0,0.0,0.0009652948938310146,7150,7,0.09376180171966553,-342.5314025878906,-7.8596601486206055,25.31591796875
34.521163999976125,1,7.635364799993113,270.6332092285156,1.0,0.0,0.0007618799572810531,7146,7,0.09387040138244629,-342.4662780761719,-7.855562686920166,24.56712532043457
34.532309699978214,1,7.646510499995202,270.6628723144531,1.0,0.0,0.0006826899480074644,7143,7,0.09400614351034164,-342.4011535644531,-7.851596832275391,23.818235397338867
34.543254599993816,1,7.657455400010804,270.6917724609375,1.0,0.0,0.0010044804075732827,7142,7,0.0941418781876564,-342.3360595703125,-7.84779167175293,23.069259643554688
34.55407669997658,1,7.668277499993565,270.7102966308594,1.0,0.0,0.0010422065388411283,7146,7,0.09427762031555176,-342.2709655761719,-7.844157695770264,22.320205688476562
34.56483949997346,1,7.679040299990447,270.7292785644531,1.0,0.0,0.0009916989365592599,7151,7,0.09441336244344711,-342.2059020996094,-7.840677738189697,21.571090698242188
34.57585579997976,1,7.690056599996751,270.7687683105469,1.0,0.0,0.0005335272289812565,7157,7,0.09457625448703766,-342.12457275390625,-7.836443901062012,20.63463020324707
34.58669440000085,1,7.70089520001784,270.800537109375,1.0,0.0,0.0009460820583626628,7159,7,0.09471199661493301,-342.0594787597656,-7.833033561706543,19.8853816986084
34.59742579999147,1,7.711626600008458,270.8305358886719,1.0,0.0,0.0010866246884688735,7159,7,0.09482060372829437,-341.9944152832031,-7.829612731933594,19.13604164123535
34.60838709998643,1,7.722587900003418,270.8752136230469,1.0,0.0,0.0010932277655228972,7161,7,0.09495636820793152,-341.9293212890625,-7.826176643371582,18.386615753173828
34.61914309998974,1,7.73334390000673,270.9112854003906,1.0,0.0,0.000548425130546093,7160,7,0.09509213268756866,-341.8642272949219,-7.822638034820557,17.637102127075195
34.63002669997513,1,7.744227499992121,270.94427490234375,1.0,0.0,-1.3824144843965769e-05,7157,7,0.09522788971662521,-341.7991027832031,-7.818991184234619,16.88749122619629
34.641062899987446,1,7.755263700004434,270.977294921875,1.0,0.0,0.00036310424911789596,7152,7,0.09539080411195755,-341.71771240234375,-7.814483642578125,15.950336456298828
34.65179409997654,1,7.7659948999935295,271.00213623046875,1.0,0.0,0.0001440642517991364,7150,7,0.0955265685915947,-341.652587890625,-7.810985565185547,15.200511932373047
34.66294849998667,1,7.777149300003657,271.04205322265625,1.0,0.0,6.212329753907397e-05,7154,7,0.09563516825437546,-341.5875244140625,-7.807527542114258,14.450615882873535
34.67382299999008,1,7.788023800007068,271.0668029785156,1.0,0.0,0.0001843174104578793,7159,7,0.0957980826497078,-341.5061950683594,-7.803295612335205,13.513138771057129
34.68498219997855,1,7.799182999995537,271.0873718261719,1.0,0.0,0.0007914216257631779,7162,7,0.09593383967876434,-341.441162109375,-7.800114154815674,12.763055801391602
34.69604129999061,1,7.810242100007599,271.1227111816406,1.0,0.0,0.0001262034784303978,7165,7,0.0960695892572403,-341.3761291503906,-7.797031402587891,12.012904167175293
34.7068829999771,1,7.821083799994085,271.1484069824219,1.0,0.0,0.0002725349913816899,7165,7,0.09620534628629684,-341.3111572265625,-7.793888092041016,11.262687683105469
34.717734299978474,1,7.831935099995462,271.17803955078125,1.0,0.0,0.0008959796978160739,7165,7,0.0963411033153534,-341.2462158203125,-7.790717124938965,10.512392044067383
34.72895429999335,1,7.8431551000103354,271.2068176269531,1.0,0.0,0.0011897752992808819,7167,7,0.09647686034440994,-341.1812744140625,-7.787522792816162,9.762022018432617
34.73990369998501,1,7.854104500001995,271.2367248535156,1.0,0.0,0.0009180165361613035,7168,7,0.09674836695194244,-341.03521728515625,-7.779717445373535,8.073431968688965
34.75087049999274,1,7.865071300009731,271.2735595703125,1.0,0.0,0.0011117251124233007,7170,7,0.0968841165304184,-340.9703369140625,-7.775886058807373,7.322817325592041
34.76157719999901,1,7.875778000015998,271.30340576171875,1.0,0.0,0.0008631907985545695,7171,7,0.09704701602458954,-340.88922119140625,-7.770809650421143,6.384433269500732
34.77234219998354,1,7.886543000000529,271.33587646484375,1.0,0.0,0.0011186193441972136,7172,7,0.09718277305364609,-340.8243103027344,-7.766489028930664,5.6336350440979
34.783567699982086,1,7.897768499999074,271.3789978027344,1.0,0.0,0.000427023449447006,7170,7,0.09731852263212204,-340.7594299316406,-7.761962890625,4.882748126983643
34.79489529997227,1,7.909096099989256,271.4126281738281,1.0,0.0,0.0008608506759628654,7167,7,0.0974542647600174,-340.6945495605469,-7.757335662841797,4.131765365600586
34.80592079999042,1,7.9201216000074055,271.4546203613281,1.0,0.0,0.0006025988259352744,7164,7,0.09758999943733215,-340.6296691894531,-7.752687931060791,3.3806874752044678
34.8169417999743,1,7.93114259999129,271.48394775390625,1.0,0.0,0.0005331110442057252,7163,7,0.09769859164953232,-340.5647888183594,-7.748086452484131,2.629514455795288
34.83390099997632,1,7.94810179999331,271.52105712890625,1.0,0.0,0.0007381816976703703,7166,7,0.09786148369312286,-340.48370361328125,-7.74251127243042,1.6904209852218628
34.84514229997876,1,7.959343099995749,271.5558166503906,1.0,0.0,0.0005110113997943699,7171,7,0.09799722582101822,-340.4188537597656,-7.738212585449219,0.9390628933906555
34.85661419999087,1,7.97081500000786,271.5943603515625,1.0,0.0,0.000363892933819443,7175,7,0.09816011041402817,-340.33782958984375,-7.733057022094727,-0.00023623743618372828
34.86755059999996,1,7.981751400016947,271.6224670410156,1.0,0.0,0.000135806345497258,7176,7,0.09829585999250412,-340.2729797363281,-7.729166507720947,-0.7517673373222351
34.87967119997484,1,7.993871999991825,271.6583557128906,1.0,0.0,-0.00015318291843868792,7175,7,0.09845875948667526,-340.19195556640625,-7.72463846206665,-1.6913032531738281
34.890561099979095,1,8.004761899996083,271.694580078125,1.0,0.0,0.00037894336855970323,7173,7,0.09875741600990295,-340.0461120605469,-7.717142105102539,-3.3827855587005615
34.901309499982744,1,8.015510299999733,271.72515869140625,1.0,0.0,0.00046637922059744596,7174,7,0.09875741600990295,-340.0461120605469,-7.717142105102539,-3.3827855587005615
34.91216209999402,1,8.026362900011009,271.7541198730469,1.0,0.0,-0.0002709465043153614,7174,7,0.0988931655883789,-339.9812927246094,-7.714094161987305,-4.1346893310546875
34.92352379998192,1,8.03772459999891,271.786376953125,1.0,0.0,-4.902682121610269e-05,7176,7,0.09919183701276779,-339.8355407714844,-7.707880020141602,-5.826783180236816
34.93500299999141,1,8.0492038000084,271.81146240234375,1.0,0.0,0.0004945577820762992,7178,7,0.09919183701276779,-339.8355407714844,-7.707880020141602,-5.826783180236816
34.946094299986726,1,8.060295100003714,271.8369445800781,1.0,0.0,0.0009002762963064015,7179,7,0.09949053823947906,-339.68988037109375,-7.702120780944824,-7.519258975982666
34.95684759999858,1,8.07104840001557,271.8596496582031,1.0,0.0,0.000713289831764996,7180,7,0.09959916025400162,-339.62518310546875,-7.699553966522217,-8.271573066711426
34.96758799999952,1,8.081788800016511,271.8839111328125,1.0,0.0,0.0009315090719610453,7181,7,0.09973493218421936,-339.56048583984375,-7.696872711181641,-9.02394962310791
34.97835689998465,1,8.092557700001635,271.9181823730469,1.0,0.0,0.0007602562545798719,7183,7,0.0998707041144371,-339.49578857421875,-7.694028377532959,-9.776392936706543
34.989204599987715,1,8.103405400004704,271.9484558105469,1.0,0.0,0.0009022054146043956,7186,7,0.10003360360860825,-339.4149475097656,-7.69019079208374,-10.717052459716797
35.00026369999978,1,8.114464500016766,271.98187255859375,1.0,0.0,0.001127774128690362,7189,7,0.10003360360860825,-339.4149475097656,-7.69019079208374,-10.717052459716797
35.01089619999402,1,8.12509700001101,272.00836181640625,1.0,0.0,0.0010432492708787322,7190,7,0.10033224523067474,-339.2694091796875,-7.682420253753662,-12.410553932189941
35.02191389998188,1,8.13611469999887,272.0396728515625,1.0,0.0,0.0005153301754035056,7189,7,0.1004679873585701,-339.2047119140625,-7.678558349609375,-13.163339614868164
35.03290839999681,1,8.147109200013801,272.0808410644531,1.0,0.0,0.00035246595507487655,7186,7,0.1004679873585701,-339.2047119140625,-7.678558349609375,-13.163339614868164
35.04369929997483,1,8.15790009999182,272.1163635253906,1.0,0.0,2.675180439837277e-05,7184,7,0.10060373693704605,-339.1400146484375,-7.674479961395264,-13.91620922088623
35.05475569999544,1,8.168956500012428,272.15283203125,1.0,0.0,6.280310481088236e-05,7183,7,0.1007666289806366,-339.0591735839844,-7.669219493865967,-14.85742473602295
35.06591819997993,1,8.180118999996921,272.1924133300781,1.0,0.0,0.00038354378193616867,7183,7,0.10090236365795135,-338.9945373535156,-7.664968967437744,-15.61050796508789
35.07695769998827,1,8.191158500005258,272.2203369140625,1.0,0.0,0.00029304102645255625,7184,7,0.10101094841957092,-338.9299011230469,-7.660786151885986,-16.36369514465332
35.08800160000101,1,8.202202400017995,272.2503967285156,1.0,0.0,0.0004475602472666651,7187,7,0.10117382556200027,-338.84912109375,-7.655763626098633,-17.30531120300293
35.09911159999319,1,8.213312400010182,272.27313232421875,1.0,0.0,0.0002831884194165468,7191,7,0.10133670270442963,-338.76837158203125,-7.6510443687438965,-18.247051239013672
35.110095199983334,1,8.224296000000322,272.30126953125,1.0,0.0,0.00017838674830272794,7195,7,0.10147243738174438,-338.70379638671875,-7.64758825302124,-19.00052261352539
35.12114359997213,1,8.235344399989117,272.32708740234375,1.0,0.0,6.567122181877494e-05,7196,7,0.10163531452417374,-338.6230773925781,-7.643668174743652,-19.942455291748047
35.131938499980606,1,8.246139299997594,272.3492126464844,1.0,0.0,0.0004564140399452299,7196,7,0.1017710492014885,-338.5585021972656,-7.640772819519043,-20.696073532104492
35.14281629998004,1,8.257017099997029,272.3780212402344,1.0,0.0,0.001098115462809801,7194,7,0.10190678387880325,-338.4939270019531,-7.638046741485596,-21.44976043701172
35.15398109998205,1,8.268181899999036,272.4054260253906,1.0,0.0,0.001370015786960721,7194,7,0.1020696684718132,-338.4132080078125,-7.634761333465576,-22.391963958740234
35.164921999996295,1,8.279122800013283,272.433349609375,1.0,0.0,0.00026464014081284404,7195,7,0.10220540314912796,-338.3486328125,-7.6321187019348145,-23.145797729492188
35.17587789997924,1,8.29007869999623,272.46807861328125,1.0,0.0,0.000637532735709101,7199,7,0.10236828029155731,-338.2679138183594,-7.62864875793457,-24.088191986083984
35.18699889999698,1,8.301199700013967,272.49652099609375,1.0,0.0,0.0008556607645004988,7202,7,0.10253116488456726,-338.18719482421875,-7.624972820281982,-25.03070640563965
35.19781139999395,1,8.31201220001094,272.53228759765625,1.0,0.0,0.0009204543312080204,7205,7,0.10266689956188202,-338.1225891113281,-7.621829032897949,-25.78480339050293
35.208895799994934,1,8.323096600011922,272.5606384277344,1.0,0.0,0.000755803135689348,7204,7,0.10280264168977737,-338.0580139160156,-7.61850643157959,-26.538982391357422
35.219938499998534,1,8.334139300015522,272.5886535644531,1.0,0.0,0.0007497943588532507,7200,7,0.10296552628278732,-337.9772644042969,-7.6141180992126465,-27.481813430786133
35.230867299978854,1,8.345068099995842,272.61865234375,1.0,0.0,-5.298526957631111e-06,7196,7,0.10310126096010208,-337.91265869140625,-7.61040735244751,-28.23616600036621
35.24190949997865,1,8.356110299995635,272.63897705078125,1.0,0.0,0.00034407112980261445,7195,7,0.10320985317230225,-337.8480529785156,-7.60656213760376,-28.9905948638916
35.25286299997242,1,8.36706379998941,272.680908203125,1.0,0.0,0.00043267905130051076,7196,7,0.10339988768100739,-337.767333984375,-7.601583003997803,-29.933725357055664
35.26382819999708,1,8.378029000014067,272.7106018066406,1.0,0.0,0.00047363786143250763,7200,7,0.10350847244262695,-337.7027893066406,-7.597383499145508,-30.68830108642578
35.274899699987145,1,8.389100500004133,272.73822021484375,1.0,0.0,0.0007925322861410677,7203,7,0.1036713495850563,-337.6221008300781,-7.591975688934326,-31.631649017333984
35.28547929998604,1,8.399680100003025,272.7765808105469,1.0,0.0,0.0006799222901463509,7207,7,0.10386137664318085,-337.5414733886719,-7.586496353149414,-32.57512664794922
35.2962493999803,1,8.410450199997285,272.8033142089844,1.0,0.0,0.00023834421881474555,7207,7,0.10396996140480042,-337.4769592285156,-7.582012176513672,-33.33000183105469
35.30710909998743,1,8.421309900004417,272.83087158203125,1.0,0.0,0.0001534140610601753,7203,7,0.10410569608211517,-337.4124450683594,-7.577516078948975,-34.0849609375
35.318167899997206,1,8.432368700014194,272.86993408203125,1.0,0.0,0.00037693159538321197,7201,7,0.10426857322454453,-337.33184814453125,-7.571961879730225,-35.02876281738281
35.32917469998938,1,8.443375500006368,272.900634765625,1.0,0.0,0.0003869278298225254,7201,7,0.10440431535243988,-337.2673645019531,-7.567610740661621,-35.783897399902344
35.34009869999136,1,8.454299500008347,272.932861328125,1.0,0.0,0.0003729058080352843,7203,7,0.10454005748033524,-337.2028503417969,-7.563439846038818,-36.539119720458984
35.350796499988064,1,8.464997300005052,272.9532470703125,1.0,0.0,0.00046568273683078587,7205,7,0.10473009943962097,-337.1061096191406,-7.55755090713501,-37.67211151123047
35.361412300000666,1,8.475613100017654,272.97125244140625,1.0,0.0,0.00011999288835795596,7208,7,0.10486584156751633,-337.0416259765625,-7.553797721862793,-38.42752456665039
35.37254489999032,1,8.486745700007305,272.9932861328125,1.0,0.0,0.00011480774264782667,7210,7,0.10500159114599228,-336.9771423339844,-7.550146102905273,-39.18299102783203
35.38366339998902,1,8.497864200006006,273.0273742675781,1.0,0.0,0.000516149157192558,7212,7,0.10519164055585861,-336.8804626464844,-7.544764995574951,-40.3162956237793
35.39480779998121,1,8.509008599998197,273.0558166503906,1.0,0.0,0.0002322483342140913,7212,7,0.10532741248607635,-336.8160095214844,-7.541175365447998,-41.07192611694336
35.405927299987525,1,8.520128100004513,273.09423828125,1.0,0.0,0.00039213959826156497,7214,7,0.1054631844162941,-336.7515869140625,-7.537542819976807,-41.827632904052734
35.417263599985745,1,8.531464400002733,273.12017822265625,1.0,0.0,0.0009134052088484168,7215,7,0.10565326362848282,-336.6549377441406,-7.531991958618164,-42.96134948730469
35.4280344999861,1,8.542235300003085,273.1522216796875,1.0,0.0,0.0010391260730102658,7214,7,0.10578903555870056,-336.5904846191406,-7.528184413909912,-43.71725845336914
35.439171899983194,1,8.553372700000182,273.1866455078125,1.0,0.0,0.0007527830312028527,7212,7,0.10578903555870056,-336.5904846191406,-7.528184413909912,-43.71725845336914
35.44994459999725,1,8.56414540001424,273.2181396484375,1.0,0.0,0.00047792965779080987,7210,7,0.1059248074889183,-336.52606201171875,-7.524293422698975,-44.473236083984375
35.46105009998428,1,8.575250900001265,273.2523193359375,1.0,0.0,0.0006385369342751801,7210,7,0.10608771443367004,-336.44549560546875,-7.519434928894043,-45.418331146240234
35.47195449998253,1,8.586155299999518,273.2788391113281,1.0,0.0,0.00017643030150793493,7211,7,0.10625061392784119,-336.36492919921875,-7.5147576332092285,-46.363563537597656
35.48288669998874,1,8.597087500005728,273.30816650390625,1.0,0.0,0.00014323400682769716,7213,7,0.10638636350631714,-336.30047607421875,-7.511088848114014,-47.11983871459961
35.49386939997203,1,8.608070199989015,273.3215026855469,1.0,0.0,0.0011458544759079814,7216,7,0.10654927045106888,-336.2198791503906,-7.506617546081543,-48.065284729003906
35.50491519999923,1,8.61911600001622,273.3419494628906,1.0,0.0,0.0012433045776560903,7217,7,0.10671216994524002,-336.1393127441406,-7.502408981323242,-49.010833740234375
35.51556299999356,1,8.62976380001055,273.38116455078125,1.0,0.0,-9.51590045588091e-05,7220,7,0.10684791952371597,-336.0748596191406,-7.499118804931641,-49.76731872558594
35.526172999991104,1,8.640373800008092,273.40655517578125,1.0,0.0,-6.198286428116262e-05,7221,7,0.10701081156730652,-335.99432373046875,-7.494979381561279,-50.7130126953125
35.53710649997811,1,8.651307299995096,273.42462158203125,1.0,0.0,0.0006640920182690024,7223,7,0.10717369616031647,-335.913818359375,-7.490939617156982,-51.65884780883789
35.547956199996406,1,8.662157000013394,273.451904296875,1.0,0.0,0.0008812046144157648,7226,7,0.10730943828821182,-335.84942626953125,-7.487685203552246,-52.415584564208984
35.55879239999922,1,8.672993200016208,273.4609680175781,1.0,0.0,0.0013125988189131021,7225,7,0.10747233033180237,-335.7689514160156,-7.483311653137207,-53.36158752441406
35.56966389997979,1,8.683864699996775,273.4892578125,1.0,0.0,0.0010846760123968124,7224,7,0.10763522237539291,-335.6884460449219,-7.478572368621826,-54.30766296386719
35.58088199998019,1,8.69508279999718,273.5320739746094,1.0,0.0,0.00017979246331378818,7225,7,0.10777096450328827,-335.62408447265625,-7.474413871765137,-55.0645751953125
35.59191999997711,1,8.706120799994096,273.5613098144531,1.0,0.0,-0.0004918486811220646,7228,7,0.10793386399745941,-335.5436096191406,-7.468779563903809,-56.01084899902344
35.60369519999949,1,8.71789600001648,273.59429931640625,1.0,0.0,-0.00651275459676981,7237,7,0.10809676349163055,-335.463134765625,-7.46283483505249,-56.95725631713867
35.61461839999538,1,8.728819200012367,273.6060791015625,1.0,0.0,-0.0046935961581766605,7237,7,0.1082325205206871,-335.3988037109375,-7.4577860832214355,-57.71446990966797
35.62598439998692,1,8.740185200003907,273.64093017578125,1.0,0.0,-0.012797601521015167,7227,7,0.10839542001485825,-335.31842041015625,-7.450973033905029,-58.661048889160156
35.63696069997968,1,8.75116149999667,273.6713562011719,1.0,0.0,-0.013663133606314659,7221,7,0.10855831950902939,-335.23809814453125,-7.443780899047852,-59.60773849487305
35.64779509999789,1,8.761995900014881,273.7093200683594,1.0,0.0,-0.016758300364017487,7218,7,0.10855831950902939,-335.23809814453125,-7.443780899047852,-59.60773849487305
35.65877279997221,1,8.7729735999892,273.7425537109375,1.0,0.0,-0.01310746930539608,7224,7,0.10869407653808594,-335.17388916015625,-7.437960624694824,-60.36518859863281
35.67003019998083,1,8.784230999997817,273.7720642089844,1.0,0.0,-0.013558079488575459,7229,7,0.10885699093341827,-335.09375,-7.430582046508789,-61.312129974365234
35.68113899999298,1,8.79533980000997,273.80560302734375,1.0,0.0,-0.013158105313777924,7232,7,0.10899274796247482,-335.0296936035156,-7.424582004547119,-62.069786071777344
35.69182569999248,1,8.806026500009466,273.8341979980469,1.0,0.0,-0.01314881257712841,7232,7,0.10915566235780716,-334.9496765136719,-7.417140483856201,-63.0169792175293
35.70244339999044,1,8.816644200007431,273.86285400390625,1.0,0.0,-0.013220980763435364,7230,7,0.1093185693025589,-334.8697814941406,-7.40989875793457,-63.96430587768555
35.71360239997739,1,8.827803199994378,273.8970642089844,1.0,0.0,-0.012691721320152283,7227,7,0.10945433378219604,-334.80596923828125,-7.404389381408691,-64.72225952148438
35.7248072999937,1,8.839008100010687,273.92486572265625,1.0,0.0,-0.012709454633295536,7228,7,0.10961724072694778,-334.7262878417969,-7.3979597091674805,-65.66983795166016
35.73583089999738,1,8.85003170001437,273.9543762207031,1.0,0.0,-0.011963056400418282,7231,7,0.10978015512228012,-334.646728515625,-7.392046928405762,-66.61753845214844
35.74706879997393,1,8.86126959999092,273.9790954589844,1.0,0.0,-0.01209601666778326,7234,7,0.10991591215133667,-334.58319091796875,-7.38772439956665,-67.37579345703125
35.757664899982046,1,8.871865699999034,274.0030212402344,1.0,0.0,-0.011303676292300224,7237,7,0.11005166918039322,-334.5197448730469,-7.383764743804932,-68.13412475585938
35.76858309999807,1,8.882783900015056,274.0295104980469,1.0,0.0,-0.01142346765846014,7238,7,0.11021457612514496,-334.4405517578125,-7.379300594329834,-69.08214569091797
35.779383399989456,1,8.893584200006444,274.05828857421875,1.0,0.0,-0.01160790491849184,7238,7,0.1103774830698967,-334.3614807128906,-7.375261306762695,-70.0302734375
35.79070349998074,1,8.904904299997725,274.0936584472656,1.0,0.0,-0.012278331443667412,7236,7,0.11051322519779205,-334.2983093261719,-7.372312068939209,-70.78886413574219
35.80155009997543,1,8.915750899992418,274.1174011230469,1.0,0.0,-0.011876324191689491,7234,7,0.1106761172413826,-334.219482421875,-7.369024753570557,-71.73722839355469
35.81246389998705,1,8.92666470000404,274.13262939453125,1.0,0.0,-0.011294320225715637,7234,7,0.11081185936927795,-334.1565246582031,-7.366619110107422,-72.49601745605469
35.82336809998378,1,8.93756890000077,274.1531982421875,1.0,0.0,-2.2403430193662643e-05,7237,7,0.11094760149717331,-334.09368896484375,-7.364315032958984,-73.25486755371094
35.834276299981866,1,8.948477099998854,274.16925048828125,1.0,0.0,-0.004706605803221464,7239,7,0.11113763600587845,-333.9996643066406,-7.3609089851379395,-74.39324951171875
35.84557809997932,1,8.959778899996309,274.1956787109375,1.0,0.0,0.007445892319083214,7241,7,0.1112733855843544,-333.9371643066406,-7.358581066131592,-75.1522445678711
35.857132599980105,1,8.971333399997093,274.2159423828125,1.0,0.0,0.0016062534414231777,7244,7,0.11140913516283035,-333.8747863769531,-7.35608434677124,-75.91129302978516
35.868055999977514,1,8.982256799994502,274.23590087890625,1.0,0.0,0.0031372280791401863,7250,7,0.11159918457269669,-333.7814025878906,-7.351820945739746,-77.04999542236328
35.8790637999773,1,8.99326459999429,274.2543640136719,1.0,0.0,0.0012327305739745498,7254,7,0.11173493415117264,-333.7192687988281,-7.3485002517700195,-77.80919647216797
35.890086699975654,1,9.004287499992643,274.27496337890625,1.0,0.0,0.0009086763020604849,7255,7,0.11187068372964859,-333.6572265625,-7.344666481018066,-78.5684585571289
35.90116469998611,1,9.0153655000031,274.3000793457031,1.0,0.0,-0.00047852276475168765,7254,7,0.11203358322381973,-333.5798645019531,-7.339098930358887,-79.51761627197266
35.91212069999892,1,9.02632150001591,274.3267822265625,1.0,0.0,-0.0014050439931452274,7254,7,0.11219649016857147,-333.5027160644531,-7.3326497077941895,-80.46688079833984
35.92295589999412,1,9.03715670001111,274.36700439453125,1.0,0.0,-0.0016731761861592531,7256,7,0.11219649016857147,-333.5027160644531,-7.3326497077941895,-80.46688079833984
35.93387559999246,1,9.04807640000945,274.3995666503906,1.0,0.0,-0.0019329701317474246,7256,7,0.11233223974704742,-333.4411315917969,-7.326805591583252,-81.22637176513672
35.94516719999956,1,9.059368000016548,274.4331359863281,1.0,0.0,-0.0023456222843378782,7254,7,0.11249514669179916,-333.3642883300781,-7.3187785148620605,-82.17587280273438
35.95599309998215,1,9.07019389999914,274.4798583984375,1.0,0.0,-0.002238568849861622,7246,7,0.1126580536365509,-333.2875671386719,-7.3101582527160645,-83.1255111694336
35.966963399987435,1,9.081164200004423,274.51171875,1.0,0.0,-0.0024687082041054964,7238,7,0.11279380321502686,-333.2262878417969,-7.302976131439209,-83.88533782958984
35.97766579999006,1,9.091866600007052,274.54730224609375,1.0,0.0,-0.002700238488614559,7234,7,0.1129567101597786,-333.14971923828125,-7.293978214263916,-84.83527374267578
35.988627799990354,1,9.102828600007342,274.56787109375,1.0,0.0,-0.002121806377544999,7237,7,0.11309246718883514,-333.0885314941406,-7.287039279937744,-85.59532165527344
35.99932209998951,1,9.113522900006501,274.579833984375,1.0,0.0,-0.0014072691556066275,7248,7,0.11325536668300629,-333.0121154785156,-7.278860569000244,-86.5455093383789
36.01023489999352,1,9.124435700010508,274.594482421875,1.0,0.0,-0.0008839941583573818,7263,7,0.11341827362775803,-332.93572998046875,-7.271344184875488,-87.49578094482422
36.02149569999892,1,9.13569650001591,274.6208190917969,1.0,0.0,-0.0007138779037632048,7275,7,0.11355402320623398,-332.87469482421875,-7.265811443328857,-88.25605010986328
36.03280689998064,1,9.14700769999763,274.6407470703125,1.0,0.0,-0.00028355245012789965,7271,7,0.11368978023529053,-332.8136901855469,-7.260697841644287,-89.0163803100586
36.043473199999426,1,9.157674000016414,274.6675720214844,1.0,0.0,-0.0010214780922979116,7259,7,0.11387982964515686,-332.7222595214844,-7.253756046295166,-90.15697479248047
36.05407829998876,1,9.168279100005748,274.6993103027344,1.0,0.0,-0.0011801749933511019,7248,7,0.11401557922363281,-332.6613464355469,-7.249331951141357,-90.91744232177734
36.064920599979814,1,9.179121399996802,274.7295837402344,1.0,0.0,-0.0014050353784114122,7242,7,0.11415132880210876,-332.6004638671875,-7.2449822425842285,-91.6780014038086
36.076047899987316,1,9.190248700004304,274.75653076171875,1.0,0.0,-0.0007486675167456269,7247,7,0.11431422084569931,-332.5243835449219,-7.239736557006836,-92.62881469726562
36.086875599983614,1,9.201076400000602,274.774658203125,1.0,0.0,0.00037932253326289356,7255,7,0.11444997042417526,-332.46356201171875,-7.235617637634277,-93.38955688476562
36.09754869999597,1,9.211749500012957,274.8026428222656,1.0,0.0,-0.0006288670119829476,7260,7,0.1146128699183464,-332.3875732421875,-7.230283260345459,-94.3405532836914
36.10819129997981,1,9.222392099996796,274.8426818847656,1.0,0.0,-0.00162017613183707,7262,7,0.11477576196193695,-332.3116149902344,-7.224803447723389,-95.29166412353516
36.119036499992944,1,9.233237300009932,274.86895751953125,1.0,0.0,-0.0013023954816162586,7261,7,0.1149115040898323,-332.2508850097656,-7.2205610275268555,-96.05265045166016
36.1300016999885,1,9.244202500005485,274.9024963378906,1.0,0.0,-0.00044780471944250166,7259,7,0.1149115040898323,-332.2508850097656,-7.2205610275268555,-96.05265045166016
36.14105869998457,1,9.255259500001557,274.932373046875,1.0,0.0,0.00022131478181108832,7254,7,0.1152372732758522,-332.09918212890625,-7.210597038269043,-97.95549011230469
36.15254619999905,1,9.26674700001604,274.9473571777344,1.0,0.0,0.00015614790027029812,7250,7,0.11537301540374756,-332.03851318359375,-7.206921100616455,-98.71676635742188
36.16332379999221,1,9.277524600009201,274.9774169921875,1.0,0.0,-0.00030953052919358015,7257,7,0.11537301540374756,-332.03851318359375,-7.206921100616455,-98.71676635742188
36.17463169997791,1,9.288832499994896,274.9948425292969,1.0,0.0,-0.00047745503252372146,7264,7,0.11567164212465286,-331.9020690917969,-7.199660301208496,-100.42982482910156
36.185441499983426,1,9.299642300000414,275.0107421875,1.0,0.0,0.0003162575594615191,7267,7,0.11580739170312881,-331.84149169921875,-7.196916103363037,-101.19127655029297
36.19646829998237,1,9.310669099999359,275.0331726074219,1.0,0.0,0.0003325067809782922,7266,7,0.11580739170312881,-331.84149169921875,-7.196916103363037,-101.19127655029297
36.207258599984925,1,9.321459400001913,275.0557861328125,1.0,0.0,0.0008149666246026754,7263,7,0.11594313383102417,-331.78094482421875,-7.194246292114258,-101.95277404785156
36.21824099999503,1,9.33244180001202,275.07659912109375,1.0,0.0,0.0017540804110467434,7263,7,0.11624176800251007,-331.6447448730469,-7.188095569610596,-103.66635131835938
36.22915179998381,1,9.343352600000799,275.0946960449219,1.0,0.0,0.000643191859126091,7267,7,0.11624176800251007,-331.6447448730469,-7.188095569610596,-103.66635131835938
36.24032849998912,1,9.354529300006106,275.1138610839844,1.0,0.0,0.00044345256173983216,7271,7,0.11637751013040543,-331.5841979980469,-7.1851701736450195,-104.42802429199219
36.2512141999905,1,9.365415000007488,275.1427917480469,1.0,0.0,0.00218192208558321,7274,7,0.11670330911874771,-331.432861328125,-7.17625093460083,-106.33242797851562
36.26230299999588,1,9.37650380001287,275.1677551269531,1.0,0.0,0.0015438426053151488,7277,7,0.11670330911874771,-331.432861328125,-7.17625093460083,-106.33242797851562
36.27331140000024,1,9.387512200017227,275.1826171875,1.0,0.0,-0.00017629319336265326,7279,7,0.11683905869722366,-331.372314453125,-7.171952724456787,-107.09429168701172
36.284081799996784,1,9.398282600013772,275.1985168457031,1.0,0.0,0.0008048983290791512,7279,7,0.11713770776987076,-331.2360534667969,-7.160663604736328,-108.80867767333984
36.29505169999902,1,9.40925250001601,275.23284912109375,1.0,0.0,0.0002954095834866166,7275,7,0.11713770776987076,-331.2360534667969,-7.160663604736328,-108.80867767333984
36.30595589999575,1,9.42015670001274,275.264892578125,1.0,0.0,0.0007046217797324061,7270,7,0.11727345734834671,-331.175537109375,-7.154670715332031,-109.57068634033203
36.31665969997994,1,9.430860499996925,275.2984924316406,1.0,0.0,0.0011591152288019657,7268,7,0.117572121322155,-331.039306640625,-7.139520645141602,-111.28550720214844
36.32792649997282,1,9.442127299989806,275.3447265625,1.0,0.0,0.00014780819765292108,7271,7,0.117572121322155,-331.039306640625,-7.139520645141602,-111.28550720214844
36.3391319999937,1,9.453332800010685,275.3741760253906,1.0,0.0,0.0005168351344764233,7270,7,0.11770787835121155,-330.9787292480469,-7.132212162017822,-112.04777526855469
36.35016039997572,1,9.464361199992709,275.40765380859375,1.0,0.0,-7.44021890568547e-05,7265,7,0.11800654232501984,-330.8423767089844,-7.115388870239258,-113.76322174072266
36.361058199981926,1,9.475258999998914,275.42950439453125,1.0,0.0,0.0003161303757224232,7264,7,0.11800654232501984,-330.8423767089844,-7.115388870239258,-113.76322174072266
36.371961299999384,1,9.486162100016372,275.4602966308594,1.0,0.0,-6.39497593510896e-05,7271,7,0.11830519884824753,-330.70599365234375,-7.099462985992432,-115.47907257080078
36.383029399992665,1,9.497230200009653,275.4915466308594,1.0,0.0,-0.00024318382202181965,7277,7,0.11844094842672348,-330.6454162597656,-7.09313440322876,-116.2417984008789
36.39388109999709,1,9.508081900014076,275.5113525390625,1.0,0.0,0.00015505324699915946,7280,7,0.11844094842672348,-330.6454162597656,-7.09313440322876,-116.2417984008789
36.404880599991884,1,9.519081400008872,275.525634765625,1.0,0.0,0.00026025099214166403,7284,7,0.11873959004878998,-330.5091857910156,-7.081083297729492,-117.95820617675781
36.41574820000096,1,9.52994900001795,275.5452880859375,1.0,0.0,0.0003839863638859242,7290,7,0.11887533962726593,-330.44866943359375,-7.076669692993164,-118.72113800048828
36.426500199973816,1,9.540700999990804,275.572998046875,1.0,0.0,3.45445005223155e-05,7294,7,0.11887533962726593,-330.44866943359375,-7.076669692993164,-118.72113800048828
36.43762709997827,1,9.55182789999526,275.59967041015625,1.0,0.0,-0.00025520517374388874,7291,7,0.11917396634817123,-330.3125915527344,-7.068655014038086,-120.43795013427734
36.44902189998538,1,9.56322270000237,275.6263427734375,1.0,0.0,-0.00042667967500165105,7279,7,0.1193096935749054,-330.2521667480469,-7.065891265869141,-121.20110321044922
36.46010599998408,1,9.574306800001068,275.64178466796875,1.0,0.0,0.007497996557503939,7270,7,0.11944542825222015,-330.1917419433594,-7.063391208648682,-121.96431732177734
36.4713400999899,1,9.58554090000689,275.66094970703125,1.0,0.0,0.003424696158617735,7267,7,0.1196083053946495,-330.11627197265625,-7.060441970825195,-122.91840362548828
36.481964999984484,1,9.596165800001472,275.6758117675781,1.0,0.0,0.00733495969325304,7270,7,0.11974403262138367,-330.0558776855469,-7.0580925941467285,-123.68172454833984
36.493191499990644,1,9.607392300007632,275.69879150390625,1.0,0.0,0.007048765197396278,7280,7,0.11985261738300323,-329.9954833984375,-7.055633068084717,-124.4450912475586
36.50402559997747,1,9.618226399994455,275.7200622558594,1.0,0.0,0.0068410118110477924,7290,7,0.12004262953996658,-329.91998291015625,-7.052224159240723,-125.39935302734375
36.51518269997905,1,9.629383499996038,275.7441711425781,1.0,0.0,0.007471961434930563,7299,7,0.12015121430158615,-329.8595886230469,-7.049125671386719,-126.16282653808594
36.52625279998756,1,9.640453600004548,275.77117919921875,1.0,0.0,0.007384239695966244,7301,7,0.12028693407773972,-329.79913330078125,-7.045658111572266,-126.92635345458984
36.537232899980154,1,9.651433699997142,275.8001708984375,1.0,0.0,0.006615296937525272,7297,7,0.12044981122016907,-329.7235107421875,-7.040746212005615,-127.88084411621094
36.5481750999752,1,9.662375899992185,275.8352355957031,1.0,0.0,0.005720972083508968,7286,7,0.12058553099632263,-329.6629638671875,-7.036410808563232,-128.64451599121094
36.55885189998662,1,9.673052700003609,275.861083984375,1.0,0.0,0.005539147648960352,7277,7,0.1207212582230568,-329.6023864746094,-7.0318145751953125,-129.40826416015625
36.56956779997563,1,9.683768599992618,275.88970947265625,1.0,0.0,0.00523611344397068,7271,7,0.12088416516780853,-329.5266418457031,-7.025784015655518,-130.36305236816406
36.580486999999266,1,9.694687800016254,275.92236328125,1.0,0.0,0.0049340068362653255,7271,7,0.12101992964744568,-329.46600341796875,-7.02080774307251,-131.12696838378906
36.59133359999396,1,9.705534400010947,275.9483337402344,1.0,0.0,0.004554905463010073,7275,7,0.12115570157766342,-329.4053649902344,-7.015818119049072,-131.8909454345703
36.60264619998634,1,9.716847000003327,275.96783447265625,1.0,0.0,0.0051970635540783405,7281,7,0.12131862342357635,-329.32952880859375,-7.009703159332275,-132.84603881835938
36.6132369999832,1,9.727437800000189,275.989990234375,1.0,0.0,0.009235606528818607,7286,7,0.1214543879032135,-329.26885986328125,-7.004929065704346,-133.61016845703125
36.62402179997298,1,9.738222599989967,276.0096130371094,1.0,0.0,0.0074685788713395596,7288,7,0.12159015238285065,-329.2081604003906,-7.000247478485107,-134.37435913085938
36.63516839998192,1,9.74936919999891,276.0307312011719,1.0,0.0,0.006795887369662523,7288,7,0.12175308167934418,-329.1322326660156,-6.994539260864258,-135.3296661376953
36.64619679999305,1,9.760397600010037,276.0583190917969,1.0,0.0,0.006756703834980726,7287,7,0.12188885360956192,-329.0714111328125,-6.990108489990234,-136.09396362304688
36.65740019999794,1,9.771601000014925,276.0854797363281,1.0,0.0,0.006592379417270422,7287,7,0.12202462553977966,-329.01055908203125,-6.985748767852783,-136.8583221435547
36.6682861999725,1,9.782486999989487,276.1155090332031,1.0,0.0,0.006991191767156124,7288,7,0.1221603974699974,-328.94964599609375,-6.981415271759033,-137.62274169921875
36.67923539999174,1,9.793436200008728,276.12481689453125,1.0,0.0,0.007676191162317991,7289,7,0.12229616940021515,-328.8886413574219,-6.977129936218262,-138.38723754882812
36.690194099996006,1,9.804394900012994,276.14508056640625,1.0,0.0,0.007447853218764067,7289,7,0.12243194133043289,-328.8276062011719,-6.9728593826293945,-139.1517791748047
36.70113509998191,1,9.8153358999989,276.1680908203125,1.0,0.0,0.005900149699300528,7290,7,0.12259486317634583,-328.751220703125,-6.967311382293701,-140.1074981689453
36.71219469999778,1,9.826395500014769,276.1931457519531,1.0,0.0,0.0061833783984184265,7290,7,0.12273062765598297,-328.6900329589844,-6.962650775909424,-140.8721160888672
36.72309899999527,1,9.83729980001226,276.22991943359375,1.0,0.0,0.007845225743949413,7296,7,0.12286638468503952,-328.6288146972656,-6.95784854888916,-141.6367950439453
36.733793499995954,1,9.847994300012942,276.2622375488281,1.0,0.0,0.008804441429674625,7301,7,0.12302929908037186,-328.5521545410156,-6.951681613922119,-142.5927276611328
36.74461779999547,1,9.858818600012455,276.28826904296875,1.0,0.0,0.009397146292030811,7300,7,0.123165063560009,-328.4907531738281,-6.946615695953369,-143.35755920410156
36.755780699983006,1,9.869981499999994,276.3175048828125,1.0,0.0,0.008674058131873608,7291,7,0.12330082058906555,-328.42926025390625,-6.941565036773682,-144.1224822998047
36.76661439999589,1,9.880815200012876,276.3377380371094,1.0,0.0,0.008760412223637104,7287,7,0.12346373498439789,-328.3522644042969,-6.935397624969482,-145.07872009277344
36.77731559998938,1,9.891516400006367,276.3669128417969,1.0,0.0,0.005074614658951759,7290,7,0.12359948456287384,-328.2906188964844,-6.930609703063965,-145.84378051757812
36.78792579998844,1,9.902126600005431,276.394775390625,1.0,0.0,0.0056441896595060825,7294,7,0.1237080916762352,-328.2443542480469,-6.927258014678955,-146.41761779785156
36.79901499999687,1,9.913215800013859,276.4176330566406,1.0,0.0,0.008081057108938694,7297,7,0.12400675565004349,-328.10540771484375,-6.918562889099121,-148.1393585205078
36.81018959998619,1,9.924390400003176,276.4390563964844,1.0,0.0,0.004008508287370205,7299,7,0.12400675565004349,-328.10540771484375,-6.918562889099121,-148.1393585205078
36.82148679997772,1,9.935687599994708,276.45660400390625,1.0,0.0,0.008201279677450657,7300,7,0.12430541962385178,-327.9662170410156,-6.911746025085449,-149.8614044189453
36.832501500000944,1,9.946702300017932,276.471923828125,1.0,0.0,0.0035382695496082306,7299,7,0.12444117665290833,-327.9042663574219,-6.909216403961182,-150.6268310546875
36.843654899974354,1,9.957855699991342,276.50164794921875,1.0,0.0,0.0051627615466713905,7298,7,0.12454978376626968,-327.84222412109375,-6.906833648681641,-151.3922882080078
36.85495589999482,1,9.969156700011808,276.5220947265625,1.0,0.0,0.005441076122224331,7298,7,0.12473984807729721,-327.7646179199219,-6.904049873352051,-152.3491973876953
36.86584699997911,1,9.9800477999961,276.5479736328125,1.0,0.0,0.007058153860270977,7301,7,0.12487560510635376,-327.70245361328125,-6.901909828186035,-153.11477661132812
36.876861899974756,1,9.991062699991744,276.5691833496094,1.0,0.0,0.007092676125466824,7304,7,0.12498421221971512,-327.64019775390625,-6.899695873260498,-153.8804168701172
36.887916999985464,1,10.002117800002452,276.5941467285156,1.0,0.0,0.010425581596791744,7304,7,0.12517426908016205,-327.5622863769531,-6.896722793579102,-154.83753967285156
36.89889279997442,1,10.013093599991407,276.61962890625,1.0,0.0,0.008921000175178051,7304,7,0.125282883644104,-327.4998474121094,-6.894200801849365,-155.60328674316406
36.90958179999143,1,10.023782600008417,276.64312744140625,1.0,0.0,0.008509066887199879,7303,7,0.12541864812374115,-327.4373779296875,-6.891523838043213,-156.3690948486328
36.920963699987624,1,10.035164500004612,276.6694641113281,1.0,0.0,0.0072725447826087475,7303,7,0.12560871243476868,-327.3591613769531,-6.888025760650635,-157.32644653320312
36.931812199996784,1,10.046013000013772,276.6952209472656,1.0,0.0,0.007948892191052437,7304,7,0.12571732699871063,-327.2965087890625,-6.88505744934082,-158.09239196777344
36.94281909998972,1,10.057019900006708,276.71795654296875,1.0,0.0,0.015012524090707302,7303,7,0.12585307657718658,-327.2337646484375,-6.881932735443115,-158.85838317871094
36.953711199981626,1,10.067911999998614,276.745361328125,1.0,0.0,0.01141922827810049,7301,7,0.12598884105682373,-327.1709289550781,-6.878734111785889,-159.62445068359375
36.96521419999772,1,10.079415000014706,276.76513671875,1.0,0.0,0.01665889099240303,7300,7,0.12612459063529968,-327.1080322265625,-6.875491619110107,-160.39056396484375
36.97586259999662,1,10.090063400013605,276.7875671386719,1.0,0.0,0.015070906840264797,7301,7,0.12626034021377563,-327.0450134277344,-6.872207164764404,-161.15672302246094
36.98673219999182,1,10.100933000008808,276.8023681640625,1.0,0.0,0.01824919506907463,7303,7,0.12642323970794678,-326.96612548828125,-6.8680548667907715,-162.114501953125
36.99741339997854,1,10.111614199995529,276.8184509277344,1.0,0.0,0.015680216252803802,7305,7,0.12655898928642273,-326.90289306640625,-6.864680290222168,-162.88075256347656
37.00845389999449,1,10.12265470001148,276.8381652832031,1.0,0.0,0.0150105319917202,7309,7,0.12669473886489868,-326.8395690917969,-6.861210346221924,-163.6470489501953
37.01940009999089,1,10.133600900007877,276.8583679199219,1.0,0.0,0.01513174083083868,7312,7,0.12685763835906982,-326.7602233886719,-6.856628894805908,-164.60496520996094
37.03037389999372,1,10.144574700010708,276.883056640625,1.0,0.0,0.01565968617796898,7317,7,0.1269933581352234,-326.6966552734375,-6.852685451507568,-165.371337890625
37.040980699996,1,10.155181500012986,276.9042053222656,1.0,0.0,0.01576581411063671,7320,7,0.12712909281253815,-326.6329345703125,-6.8484673500061035,-166.13775634765625
37.0517656999873,1,10.165966500004288,276.9296875,1.0,0.0,0.01596204563975334,7321,7,0.1272919625043869,-326.5531005859375,-6.842742919921875,-167.0958251953125
37.06280409998726,1,10.177004900004249,276.9623718261719,1.0,0.0,0.015525584109127522,7317,7,0.12742768228054047,-326.48907470703125,-6.837789058685303,-167.8623504638672
37.073434999998426,1,10.187635800015414,276.99224853515625,1.0,0.0,0.01535875629633665,7312,7,0.12756341695785522,-326.4248962402344,-6.832555770874023,-168.62892150878906
37.0841672999959,1,10.198368100012885,277.021240234375,1.0,0.0,0.015811635181307793,7307,7,0.12772628664970398,-326.344482421875,-6.82574462890625,-169.5872344970703
37.09506499997224,1,10.209265799989225,277.0472717285156,1.0,0.0,0.01567085273563862,7304,7,0.12786203622817993,-326.280029296875,-6.820220947265625,-170.3539581298828
37.106102199992165,1,10.220303000009153,277.0679016113281,1.0,0.0,0.014856104739010334,7303,7,0.12799778580665588,-326.2154541015625,-6.814733028411865,-171.12075805664062
37.11719269998139,1,10.231393499998376,277.08819580078125,1.0,0.0,0.01409517228603363,7305,7,0.12816070020198822,-326.1345520019531,-6.807990074157715,-172.07933044433594
37.128022499993676,1,10.242223300010664,277.1133117675781,1.0,0.0,0.013673920184373856,7312,7,0.12829644978046417,-326.0697021484375,-6.802693843841553,-172.84622192382812
37.13914859999204,1,10.253349400009029,277.13189697265625,1.0,0.0,0.01452239416539669,7316,7,0.12843219935894012,-326.0047302246094,-6.797576904296875,-173.61317443847656
37.1500133999798,1,10.264214199996786,277.1496887207031,1.0,0.0,0.013957533054053783,7318,7,0.12859509885311127,-325.92333984375,-6.791468143463135,-174.57191467285156
37.16077599997516,1,10.274976799992146,277.1776123046875,1.0,0.0,-0.006509147584438324,7317,7,0.1287308633327484,-325.8580627441406,-6.786705493927002,-175.33895874023438
37.17160599998897,1,10.285806800005957,277.2018737792969,1.0,0.0,0.0008533492800779641,7315,7,0.12886661291122437,-325.7926330566406,-6.782009601593018,-176.10604858398438
37.182244299998274,1,10.296445100015262,277.2239074707031,1.0,0.0,-0.005018464755266905,7314,7,0.1290295273065567,-325.7106628417969,-6.77629280090332,-177.06497192382812
37.193556999991415,1,10.307757800008403,277.253662109375,1.0,0.0,-0.0022304104641079903,7314,7,0.12916527688503265,-325.64501953125,-6.771860122680664,-177.83218383789062
37.2041730999772,1,10.318373899994185,277.27288818359375,1.0,0.0,-0.0004714519018307328,7315,7,0.1293010264635086,-325.5792541503906,-6.76749324798584,-178.59945678710938
37.21497869997984,1,10.329179499996826,277.2837219238281,1.0,0.0,0.00036456523230299354,7316,7,0.12946394085884094,-325.4969177246094,-6.76214075088501,-179.55860900878906
37.22609179999563,1,10.340292600012617,277.3089599609375,1.0,0.0,0.001142841880209744,7317,7,0.1295996904373169,-325.43096923828125,-6.757944107055664,-180.32598876953125
37.23713529997622,1,10.351336099993205,277.3316955566406,1.0,0.0,0.00128033640794456,7318,7,0.12973544001579285,-325.3648986816406,-6.7537102699279785,-181.0933837890625
37.24838629999431,1,10.362587100011297,277.35369873046875,1.0,0.0,0.0029442987870424986,7320,7,0.12989835441112518,-325.2821960449219,-6.748400688171387,-182.05271911621094
37.25924889999442,1,10.373449700011406,277.3753967285156,1.0,0.0,0.003487823298200965,7322,7,0.13003410398960114,-325.2159118652344,-6.744156837463379,-182.82022094726562
37.27019260000088,1,10.38439340001787,277.4070739746094,1.0,0.0,0.00332149607129395,7323,7,0.1301698535680771,-325.1495056152344,-6.7398152351379395,-183.58778381347656
37.28128559998004,1,10.395486399997026,277.4339904785156,1.0,0.0,0.0037818667478859425,7322,7,0.13033275306224823,-325.06634521484375,-6.734235763549805,-184.54730224609375
37.292255399981514,1,10.406456199998502,277.4613342285156,1.0,0.0,0.003633340820670128,7320,7,0.13046850264072418,-324.99969482421875,-6.729757308959961,-185.3149871826172
37.30290659997263,1,10.417107399989618,277.4891357421875,1.0,0.0,0.0034584689419716597,7317,7,0.13060425221920013,-324.9329833984375,-6.725397109985352,-186.08273315429688
37.313544299977366,1,10.427745099994354,277.5063781738281,1.0,0.0,0.0038525143172591925,7317,7,0.13076713681221008,-324.8495178222656,-6.720165729522705,-187.0425262451172
37.32464569999138,1,10.438846500008367,277.5221252441406,1.0,0.0,0.0027039411943405867,7321,7,0.13090288639068604,-324.7826843261719,-6.7161478996276855,-187.8104248046875
37.335411499982,1,10.44961229999899,277.5287170410156,1.0,0.0,0.002313243690878153,7327,7,0.131038635969162,-324.7158508300781,-6.712373733520508,-188.578369140625
37.346087499987334,1,10.460288300004322,277.5372009277344,0.8509804606437683,0.988235354423523,0.0033864001743495464,7333,7,0.13120153546333313,-324.6322326660156,-6.708045482635498,-189.53834533691406
37.356991799984826,1,10.471192600001814,277.2915344238281,0.4705882668495178,1.0,0.005314300302416086,7192,7,0.13139156997203827,-324.5486145019531,-6.703893661499023,-190.49835205078125
37.367599899997,1,10.481800700013991,276.6706848144531,0.0,1.0,0.008864374831318855,6895,7,0.13152730464935303,-324.4817199707031,-6.700514316558838,-191.26626586914062
37.37871869999799,1,10.492919500014978,276.065185546875,0.0,1.0,0.011616284027695656,6681,7,0.13169020414352417,-324.39813232421875,-6.696056365966797,-192.224609375
37.38949029997457,1,10.503691099991556,275.39227294921875,0.0,1.0,0.010180926881730556,6673,7,0.13185308873653412,-324.3147277832031,-6.691179275512695,-193.18060302734375
37.40051819998189,1,10.514718999998877,274.4986877441406,0.0,1.0,0.006372652016580105,6870,7,0.13198882341384888,-324.2480773925781,-6.6867170333862305,-193.943359375
37.41153359998134,1,10.525734399998328,273.721435546875,0.0,1.0,0.0039526657201349735,7041,7,0.1321788877248764,-324.1483459472656,-6.678919792175293,-195.0838623046875
37.422578099998645,1,10.536778900015634,272.98614501953125,0.0,1.0,-0.0024502717424184084,7131,7,0.13231463730335236,-324.08203125,-6.673070430755615,-195.84156799316406
37.433205899986206,1,10.547406700003194,272.154296875,0.0,1.0,-0.005267689004540443,7059,7,0.13231463730335236,-324.08203125,-6.673070430755615,-195.84156799316406
37.444158099999186,1,10.558358900016174,271.5321350097656,0.0,1.0,-0.008576557040214539,6893,7,0.1324504017829895,-324.015869140625,-6.666703224182129,-196.59719848632812
37.45552229997702,1,10.569723099994007,270.82708740234375,0.0,1.0,-0.010280108079314232,6686,7,0.13264046609401703,-323.9169921875,-6.656558513641357,-197.72715759277344
37.46660580000025,1,10.58080660001724,270.300537109375,0.0,1.0,-0.012700493447482586,6577,7,0.13277623057365417,-323.851318359375,-6.6496734619140625,-198.4783172607422
37.4773065999907,1,10.591507400007686,269.7612609863281,0.0,1.0,-0.013662232086062431,6515,7,0.13291199505329132,-323.7858581542969,-6.642873287200928,-199.22792053222656
37.48803749997751,1,10.602238299994497,268.9830322265625,0.0,1.0,-0.009170571342110634,6500,7,0.13310205936431885,-323.6879577636719,-6.633310794830322,-200.34957885742188
37.498725499986904,1,10.612926300003892,268.3245544433594,0.0,1.0,-0.00494174612686038,6536,7,0.133237823843956,-323.6229553222656,-6.627538681030273,-201.09544372558594
37.50938539998606,1,10.623586200003047,267.6968078613281,0.0,1.0,-0.0012588966637849808,6578,7,0.13340073823928833,-323.5419616699219,-6.621062755584717,-202.02529907226562
37.52019689997542,1,10.634397699992405,267.09912109375,0.0,1.0,0.002969854511320591,6553,7,0.13356365263462067,-323.4612121582031,-6.615493297576904,-202.9523468017578
37.53090259997407,1,10.645103399991058,266.34014892578125,0.0,1.0,0.006742851808667183,6384,7,0.13367225229740143,-323.3967590332031,-6.611756801605225,-203.69210815429688
37.54195419998723,1,10.656155000004219,265.70318603515625,0.0,1.0,0.008633091114461422,6184,7,0.13383516669273376,-323.3163757324219,-6.608005523681641,-204.6144561767578
37.55265539998072,1,10.66685619999771,264.88873291015625,0.0,1.0,0.0065205153077840805,6026,7,0.13383516669273376,-323.3163757324219,-6.608005523681641,-204.6144561767578
37.5633242999902,1,10.677525100007188,264.21881103515625,0.0,1.0,0.0020727673545479774,5980,7,0.1339980810880661,-323.2361145019531,-6.605188369750977,-205.5341033935547
37.57422629999928,1,10.68842710001627,263.50714111328125,0.0,1.0,0.0005134881939738989,6070,7,0.13416098058223724,-323.156005859375,-6.60316276550293,-206.450927734375
37.585450999991735,1,10.699651800008724,262.5447082519531,0.0,1.0,0.0005963629810139537,6332,7,0.1342967450618744,-323.092041015625,-6.601961612701416,-207.1822967529297
37.59652049999568,1,10.710721300012665,261.7369079589844,0.0,1.0,0.0002653712290339172,6490,7,0.13445964455604553,-323.0122985839844,-6.600714206695557,-208.09376525878906
37.60758919999353,1,10.721790000010515,260.7030334472656,0.0,1.0,0.0007087274570949376,6576,7,0.13462255895137787,-322.9328308105469,-6.599449157714844,-209.0019073486328
37.618707399989944,1,10.732908200006932,259.9368591308594,0.0,1.0,0.00030102403252385557,6574,7,0.13473115861415863,-322.8694763183594,-6.598243713378906,-209.72589111328125
37.62966659999802,1,10.743867400015006,259.20806884765625,0.0,1.0,-0.0003291707544121891,6538,7,0.13489404320716858,-322.7905578613281,-6.596313953399658,-210.62767028808594
37.64034499999252,1,10.75454580000951,258.33502197265625,0.0,1.0,-0.002051885239779949,6476,7,0.13505692780017853,-322.7119140625,-6.593763828277588,-211.52615356445312
37.65101499998127,1,10.76521579999826,257.6384582519531,0.0,1.0,-0.0021856436505913734,6445,7,0.1351655274629593,-322.649169921875,-6.5912604331970215,-212.24270629882812
37.6617354999762,1,10.775936299993191,256.9168395996094,0.0,1.0,1.4103192370384932e-05,6438,7,0.13532841205596924,-322.5710144042969,-6.587619781494141,-213.13568115234375
37.672814499994274,1,10.787015300011262,256.0286865234375,0.0,1.0,0.00045512759243138134,6438,7,0.1354912966489792,-322.49310302734375,-6.583409786224365,-214.02560424804688
37.6835745999997,1,10.79777540001669,255.34329223632812,0.0,1.0,-0.0014727885136380792,6426,7,0.13559988141059875,-322.43096923828125,-6.5795207023620605,-214.73526000976562
37.69471059998614,1,10.808911400003126,254.65066528320312,0.0,1.0,-0.0005389427533373237,6399,7,0.1357627660036087,-322.3535461425781,-6.573993682861328,-215.61965942382812
37.70560299998033,1,10.819803799997317,253.77645874023438,0.0,1.0,0.0020467513240873814,6390,7,0.13589848577976227,-322.29180908203125,-6.569180011749268,-216.32504272460938
37.71720210000058,1,10.831402900017565,253.1144256591797,0.0,1.0,0.001771678333170712,6410,7,0.13603422045707703,-322.21484375,-6.562759876251221,-217.2040252685547
37.728028499986976,1,10.842229300003964,252.28668212890625,0.0,1.0,0.00040149863343685865,6404,7,0.13619709014892578,-322.1380920410156,-6.5558857917785645,-218.080078125
37.738959999987856,1,10.853160800004844,251.6019287109375,0.0,1.0,-0.00020345384837128222,6355,7,0.13630567491054535,-322.07684326171875,-6.550164699554443,-218.77886962890625
37.74977239998407,1,10.863973200001055,250.9686279296875,0.0,1.0,-0.0021388353779911995,6283,7,0.13630567491054535,-322.07684326171875,-6.550164699554443,-218.77886962890625
37.7608188999875,1,10.875019700004486,250.1879119873047,0.0,1.0,-0.006772223394364119,6187,7,0.1364685595035553,-322.00048828125,-6.542945384979248,-219.64971923828125
37.77174249998643,1,10.885943300003419,249.54397583007812,0.0,1.0,-0.008010008372366428,6131,7,0.13663147389888763,-321.92431640625,-6.535783290863037,-220.51776123046875
37.78290389999165,1,10.89710470000864,248.7239227294922,0.0,1.0,-0.007201219908893108,6116,7,0.1367400884628296,-321.8635559082031,-6.530272960662842,-221.21026611328125
37.7938848999911,1,10.908085700008087,248.09742736816406,0.0,1.0,-0.007713604252785444,6116,7,0.13684870302677155,-321.802978515625,-6.525024890899658,-221.9010009765625
37.80471869997564,1,10.918919499992626,247.4410858154297,0.0,1.0,-0.007257611025124788,6077,7,0.13703876733779907,-321.71240234375,-6.5175604820251465,-222.93370056152344
37.8158235999872,1,10.930024400004186,246.56524658203125,0.0,1.0,-0.00616152910515666,5995,7,0.13717451691627502,-321.6522216796875,-6.5129170417785645,-223.61997985839844
37.82677829999011,1,10.940979100007098,245.84519958496094,0.0,1.0,-0.0012869086349382997,5964,7,0.13728313148021698,-321.59222412109375,-6.508601665496826,-224.304443359375
37.837609399983194,1,10.951810200000182,244.9476776123047,0.0,1.0,0.0010168119333684444,5956,7,0.13741889595985413,-321.5174560546875,-6.503641128540039,-225.15728759765625
37.84868109997478,1,10.962881899991771,244.24722290039062,0.0,1.0,0.001392197678796947,5958,7,0.13758179545402527,-321.4429626464844,-6.49898099899292,-226.00701904296875
37.85992419999093,1,10.974125000007916,243.5442352294922,0.0,1.0,0.0003504957421682775,5943,7,0.13769039511680603,-321.3835144042969,-6.495380401611328,-226.6845703125
37.87110969997593,1,10.98531049999292,242.65257263183594,0.0,1.0,0.0013608499430119991,5921,7,0.13785330951213837,-321.30938720703125,-6.490936279296875,-227.52879333496094
37.882395599997835,1,10.996596400014823,241.93814086914062,0.0,1.0,0.0008071657503023744,5932,7,0.13798905909061432,-321.2354431152344,-6.4864912033081055,-228.36993408203125
37.893664599978365,1,11.007865399995353,241.0239715576172,0.0,1.0,0.0019621632527559996,5985,7,0.13809767365455627,-321.17645263671875,-6.482860565185547,-229.04063415527344
37.90493499999866,1,11.019135800015647,240.32064819335938,0.0,1.0,0.0013087968109175563,6033,7,0.13826057314872742,-321.1028747558594,-6.478172779083252,-229.8761749267578
37.91554199997336,1,11.029742799990345,239.46144104003906,0.0,1.0,0.0008687457302585244,6045,7,0.13836917281150818,-321.0441589355469,-6.474232196807861,-230.5423583984375
37.9262347999902,1,11.040435600007186,238.77247619628906,0.0,1.0,0.0006333165802061558,5995,7,0.13850492238998413,-320.970947265625,-6.469067573547363,-231.3723602294922
37.937571599992225,1,11.051772400009213,238.11123657226562,0.0,1.0,-0.0009822695283219218,5928,7,0.13866780698299408,-320.89794921875,-6.463733196258545,-232.19940185546875
37.94836639999994,1,11.062567200016929,237.3234405517578,0.0,1.0,-0.0037852912209928036,5865,7,0.13877640664577484,-320.8396911621094,-6.4593682289123535,-232.85890197753906
37.95917539999937,1,11.073376200016355,236.71006774902344,0.0,1.0,-0.004332028795033693,5838,7,0.1389121562242508,-320.7670593261719,-6.453932762145996,-233.6808319091797
37.97043539999868,1,11.084636200015666,235.9654541015625,0.0,1.0,-0.007818383164703846,5836,7,0.13904790580272675,-320.69464111328125,-6.448746204376221,-234.5000457763672
37.981646100000944,1,11.095846900017932,235.3717803955078,0.0,1.0,-0.008868450298905373,5834,7,0.1392107903957367,-320.6224060058594,-6.444021701812744,-235.3166961669922
37.99267709997366,1,11.10687789999065,234.5810546875,0.0,1.0,-0.008954422548413277,5768,7,0.1392107903957367,-320.6224060058594,-6.444021701812744,-235.3166961669922
38.00398709997535,1,11.118187899992336,233.9352569580078,0.0,1.0,-0.006848165299743414,5666,7,0.13931937515735626,-320.5647888183594,-6.440650939941406,-235.96815490722656
38.01529389998177,1,11.129494699998759,233.11752319335938,0.0,1.0,-0.00640866020694375,5479,7,0.1395636945962906,-320.435791015625,-6.4343037605285645,-237.4275665283203
38.02630009999848,1,11.140500900015468,232.44268798828125,0.0,1.0,-0.004421559628099203,5368,7,0.1395636945962906,-320.435791015625,-6.4343037605285645,-237.4275665283203
38.037358999979915,1,11.151559799996903,231.7245330810547,0.0,1.0,-0.00047640956472605467,5359,7,0.13967227935791016,-320.3787536621094,-6.4318623542785645,-238.0732879638672
38.04855089998455,1,11.162751700001536,230.80148315429688,0.0,1.0,0.0006873476086184382,5532,7,0.1398623138666153,-320.29345703125,-6.428410053253174,-239.0383758544922
38.05955969999195,1,11.173760500008939,230.08380126953125,0.0,1.0,-0.001259553711861372,5746,7,0.13997091352939606,-320.2367858886719,-6.426090717315674,-239.67929077148438
38.07042319999891,1,11.184624000015901,229.15435791015625,0.0,1.0,-0.0005822780658490956,5916,7,0.14007951319217682,-320.1802062988281,-6.423701763153076,-240.3181610107422
38.08133739998448,1,11.195538200001465,228.43264770507812,0.0,1.0,-6.0793212469434366e-05,5897,7,0.14021526277065277,-320.1096496582031,-6.42069149017334,-241.11392211914062
38.09218099998543,1,11.206381800002418,227.77105712890625,0.0,1.0,-0.002328525995835662,5765,7,0.14032384753227234,-320.0533447265625,-6.4182515144348145,-241.74822998046875
38.10284739997587,1,11.21704819999286,226.98922729492188,0.0,1.0,-0.005616532638669014,5524,7,0.1404595971107483,-319.98309326171875,-6.415069103240967,-242.5382843017578
38.11388259998057,1,11.228083399997558,226.33273315429688,0.0,1.0,-0.0034961162600666285,5377,7,0.14059534668922424,-319.91302490234375,-6.411857604980469,-243.32550048828125
38.12518019997515,1,11.239380999992136,225.6916046142578,0.0,1.0,-0.0033442131243646145,5360,7,0.140703946352005,-319.8570861816406,-6.409367084503174,-243.95330810546875
38.13595979998354,1,11.250160600000527,224.87936401367188,0.0,1.0,-0.004153686109930277,5479,7,0.14081254601478577,-319.8013000488281,-6.40692138671875,-244.5792999267578
38.14693579997402,1,11.261136599991005,224.17916870117188,0.0,1.0,-0.0024482980370521545,5587,7,0.14094829559326172,-319.7317199707031,-6.403913497924805,-245.3592987060547
38.15762220000033,1,11.27182300001732,223.28541564941406,0.0,1.0,0.0009006099426187575,5630,7,0.14108404517173767,-319.6623229980469,-6.401087284088135,-246.1364288330078
38.16865509998752,1,11.282855900004506,222.61825561523438,0.0,1.0,-0.00011233264376642182,5579,7,0.14119265973567963,-319.60699462890625,-6.398923873901367,-246.75592041015625
38.179624899988994,1,11.293825700005982,221.9592742919922,0.0,1.0,-0.0009701887029223144,5456,7,0.14132840931415558,-319.5379638671875,-6.39626407623291,-247.52755737304688
38.19048199997633,1,11.304682799993316,221.092041015625,0.0,1.0,0.000563344918191433,5301,7,0.14143700897693634,-319.4828796386719,-6.394216060638428,-248.14279174804688
38.20122039999114,1,11.315421200008132,220.39706420898438,0.0,1.0,0.001637096400372684,5269,7,0.1415456086397171,-319.42791748046875,-6.392237663269043,-248.75616455078125
38.212343899998814,1,11.326544700015802,219.7318878173828,0.0,1.0,-0.00011740688933059573,5324,7,0.1416812241077423,-319.359375,-6.389669895172119,-249.52015686035156
38.223462399997516,1,11.337663200014504,218.8988494873047,0.0,1.0,-0.0017040800303220749,5444,7,0.14178961515426636,-319.3046875,-6.387387752532959,-250.1292266845703
38.23414449999109,1,11.348345300008077,218.19837951660156,0.0,1.0,-0.0015081778401508927,5520,7,0.1418980211019516,-319.2500915527344,-6.3849711418151855,-250.7364501953125
38.24499969999306,1,11.359200500010047,217.48526000976562,0.0,1.0,0.0009526088833808899,5551,7,0.14206060767173767,-319.1684265136719,-6.381333351135254,-251.64376831054688
38.25584259998868,1,11.37004340000567,216.6399383544922,0.0,1.0,0.001926990458741784,5509,7,0.14216899871826172,-319.1141662597656,-6.378888130187988,-252.24618530273438
38.26678139998694,1,11.380982200003928,216.00900268554688,0.0,1.0,-4.433287540450692e-05,5400,7,0.14227738976478577,-319.0600280761719,-6.376338958740234,-252.84669494628906
38.27785199999926,1,11.392052800016245,215.2564697265625,0.0,1.0,-0.0038668294437229633,5212,7,0.14238578081130981,-318.99249267578125,-6.373032569885254,-253.59475708007812
38.288808799989056,1,11.403009600006044,214.63528442382812,0.0,1.0,-0.0035502987448126078,5104,7,0.14249421656131744,-318.9386291503906,-6.370438098907471,-254.19129943847656
38.29996919998666,1,11.41417000000365,213.9573516845703,0.0,1.0,-0.00028760090935975313,5091,7,0.14260293543338776,-318.8848876953125,-6.368026256561279,-254.78616333007812
38.310882699996,1,11.425083500012988,213.064208984375,0.0,1.0,0.002088613575324416,5195,7,0.14273881912231445,-318.8179016113281,-6.3652801513671875,-255.52723693847656
38.32187459999113,1,11.436075400008122,212.36019897460938,0.0,1.0,0.002648751251399517,5295,7,0.14284753799438477,-318.7645263671875,-6.363134384155273,-256.1178894042969
38.33268439999665,1,11.44688520001364,211.5361328125,0.0,1.0,0.0016712667420506477,5291,7,0.1429290622472763,-318.71124267578125,-6.360913276672363,-256.70660400390625
38.34325249999529,1,11.457453300012276,210.84840393066406,0.0,1.0,-0.0020475825294852257,5157,7,0.14309214055538177,-318.6315612792969,-6.357365608215332,-257.58612060546875
38.35418349999236,1,11.468384300009347,210.1252899169922,0.0,1.0,-0.0014000320807099342,5035,7,0.1432008594274521,-318.57861328125,-6.354830265045166,-258.1701354980469
38.36524169999757,1,11.479442500014557,209.23855590820312,0.0,1.0,-0.0002687164815142751,5046,7,0.14328238368034363,-318.52581787109375,-6.352072715759277,-258.7521667480469
38.37627619999694,1,11.490477000013925,208.55535888671875,0.0,1.0,7.585548155475408e-05,5172,7,0.14341825246810913,-318.46002197265625,-6.348170280456543,-259.4769287109375
38.38726009998936,1,11.50146090000635,207.85777282714844,0.0,1.0,-1.7032238247338682e-05,5305,7,0.14352692663669586,-318.40753173828125,-6.344592094421387,-260.0545654296875
38.3981691999943,1,11.512370000011288,207.01284790039062,0.0,1.0,-0.0031320913694798946,5367,7,0.1436356008052826,-318.35516357421875,-6.34063196182251,-260.6302795410156
38.408829799998784,1,11.523030600015773,206.34115600585938,0.0,1.0,-0.0034235245548188686,5309,7,0.14374428987503052,-318.28985595703125,-6.335236072540283,-261.3472595214844
38.41951649999828,1,11.533717300015269,205.70950317382812,0.0,1.0,-0.004332787822932005,5206,7,0.14385296404361725,-318.23773193359375,-6.330660820007324,-261.9187316894531
38.43026470000041,1,11.544465500017395,204.9443359375,0.0,1.0,-0.005501489620655775,5072,7,0.1439344733953476,-318.1857604980469,-6.325907230377197,-262.4884033203125
38.44132329997956,1,11.555524099996546,204.37144470214844,0.0,1.0,-0.008457500487565994,5006,7,0.1440703123807907,-318.1209716796875,-6.319825649261475,-263.1980895996094
38.45204399997601,1,11.566244799993001,203.78335571289062,0.17499999701976776,1.0,-0.008856510743498802,4981,1,0.14417898654937744,-318.06927490234375,-6.314990520477295,-263.7640075683594
38.46299529998214,1,11.577196099999128,203.00755310058594,0.612500011920929,1.0,-0.005317676812410355,5183,1,0.1442604809999466,-318.0177307128906,-6.3103108406066895,-264.3283386230469
38.473674399981974,1,11.587875199998962,202.38662719726562,0.6800000071525574,1.0,-0.004028996452689171,5461,1,0.14439630508422852,-317.9535217285156,-6.3047051429748535,-265.0313415527344
38.485089199995855,1,11.599290000012843,201.7895965576172,0.6499999761581421,1.0,-0.0033220199402421713,5724,1,0.14447779953479767,-317.9023132324219,-6.300403118133545,-265.5918273925781
38.495957199978875,1,11.610157999995863,201.02587890625,0.5899999737739563,1.0,-0.004608348477631807,6024,1,0.144586443901062,-317.8512268066406,-6.296316623687744,-266.150634765625
38.506761099997675,1,11.620961900014663,200.35975646972656,0.5600000023841858,1.0,-0.0040357387624681,6240,1,0.14472226798534393,-317.7875671386719,-6.291628360748291,-266.8468017578125
38.517571999982465,1,11.631772799999453,199.68450927734375,0.5,1.0,-0.000340395316015929,6431,1,0.1448037475347519,-317.7367858886719,-6.288202285766602,-267.4017333984375
38.52861359997769,1,11.642814399994677,198.8764190673828,0.3928571343421936,1.0,0.0005895756767131388,6610,1,0.1449395716190338,-317.6734924316406,-6.284177303314209,-268.0927429199219
38.53944209998008,1,11.653642899997067,198.2425994873047,0.17857137322425842,1.0,-0.0015418530674651265,6660,1,0.14504823088645935,-317.6103820800781,-6.280387878417969,-268.7809753417969
38.55068729998311,1,11.664888100000098,197.4534912109375,0.07142850756645203,1.0,-0.0037082917988300323,6624,1,0.1451297402381897,-317.55999755859375,-6.277529716491699,-269.32952880859375
38.56170399999246,1,11.675904800009448,196.88734436035156,0.0,1.0,-0.005307931452989578,5704,6,0.14523844420909882,-317.5097351074219,-6.274850845336914,-269.8763732910156
38.572739600000205,1,11.686940400017193,196.16436767578125,0.0,1.0,-0.005273623391985893,5563,6,0.14534716308116913,-317.44708251953125,-6.271753311157227,-270.5575866699219
38.58350559999235,1,11.697706400009338,195.55682373046875,0.0,1.0,-0.004219100810587406,5422,6,0.14545586705207825,-317.3970947265625,-6.269470691680908,-271.1007995605469
38.59462409999105,1,11.70882490000804,194.9308319091797,0.0,1.0,-0.0029804648365825415,5311,6,0.14545586705207825,-317.3970947265625,-6.269470691680908,-271.1007995605469
38.60566419997485,1,11.719864999991842,194.09344482421875,0.0,1.0,0.0024640902411192656,5241,6,0.14570046961307526,-317.27264404296875,-6.264361381530762,-272.4514465332031
38.61662219997379,1,11.730822999990778,193.4361114501953,0.0,1.0,0.0012690385337918997,5236,6,0.145782008767128,-317.22308349609375,-6.262439250946045,-272.9885559082031
38.62753719999455,1,11.741738000011537,192.790283203125,0.0,1.0,0.00027772755129262805,5245,6,0.145782008767128,-317.22308349609375,-6.262439250946045,-272.9885559082031
38.63853219998418,1,11.752733000001172,191.973876953125,0.0,1.0,-0.002728121355175972,5239,6,0.14599941670894623,-317.1119384765625,-6.25807523727417,-274.19036865234375
38.64956949997577,1,11.763770299992757,191.26382446289062,0.0,1.0,-0.0026962407864630222,5231,6,0.14608094096183777,-317.062744140625,-6.256064414978027,-274.7215881347656
38.660585899982834,1,11.774786699999822,190.3701934814453,0.0,1.0,0.0013302529696375132,5271,6,0.14608094096183777,-317.062744140625,-6.256064414978027,-274.7215881347656
38.671667099988554,1,11.785867900005542,189.67820739746094,0.0,1.0,0.001660944428294897,5330,6,0.1462983340024948,-316.95257568359375,-6.251269817352295,-275.9096374511719
38.68269029998919,1,11.796891100006178,188.8423309326172,0.0,1.0,0.0010654517682269216,5383,6,0.14637985825538635,-316.9037780761719,-6.248870372772217,-276.4344787597656
38.69364019998466,1,11.807841000001645,188.19589233398438,0.0,1.0,-0.0015703280223533511,5369,6,0.14637985825538635,-316.9037780761719,-6.248870372772217,-276.4344787597656
38.70483939998667,1,11.819040200003656,187.5221405029297,0.0,1.0,-0.0021509903017431498,5295,6,0.1465972512960434,-316.79443359375,-6.242808818817139,-277.608642578125
38.71600479999324,1,11.830205600010231,186.70704650878906,0.0,1.0,-0.0019282976863905787,5180,6,0.14667877554893494,-316.74603271484375,-6.239946365356445,-278.1275329589844
38.72693529998651,1,11.841136100003496,186.06979370117188,0.0,1.0,-0.0017162193544209003,5117,6,0.14676029980182648,-316.6977844238281,-6.236936092376709,-278.6445617675781
38.73797069999273,1,11.852171500009717,185.28651428222656,0.0,1.0,-0.0026077250950038433,5101,6,0.14686894416809082,-316.63763427734375,-6.232974529266357,-279.28839111328125
38.74881859999732,1,11.86301940001431,184.637451171875,0.0,1.0,-0.002590771997347474,5115,6,0.146977499127388,-316.5896911621094,-6.22971773147583,-279.8014831542969
38.75960939997458,1,11.873810199991567,183.97482299804688,0.0,1.0,-0.002689929911866784,5137,6,0.146977499127388,-316.5896911621094,-6.22971773147583,-279.8014831542969
38.77084620000096,1,11.885047000017948,183.16966247558594,0.0,1.0,-0.0009209224372170866,5156,6,0.14716745913028717,-316.4822692871094,-6.222311496734619,-280.9493713378906
38.781689299998106,1,11.895890100015095,182.5587615966797,0.0,1.0,-0.0018796531949192286,5138,6,0.14724886417388916,-316.43475341796875,-6.218991279602051,-281.45660400390625
38.792704599996796,1,11.906905400013784,181.93406677246094,0.0,1.0,-0.003480596235021949,5082,6,0.14724886417388916,-316.43475341796875,-6.218991279602051,-281.45660400390625
38.80396299998392,1,11.918163800000912,181.12393188476562,0.0,1.0,-0.002414517803117633,4986,6,0.14749310910701752,-316.3164978027344,-6.211207389831543,-282.7171630859375
38.815126099972986,1,11.929326899989974,180.48219299316406,0.26249998807907104,1.0,-0.0013315085088834167,4989,1,0.1475745290517807,-316.26947021484375,-6.208314418792725,-283.21832275390625
38.825992099998984,1,11.940192900015973,179.69815063476562,0.699999988079071,1.0,0.00012224738020449877,5245,1,0.1476559340953827,-316.2225646972656,-6.205503940582275,-283.7176818847656
38.83727319998434,1,11.951474000001326,179.05947875976562,0.6800000071525574,1.0,-0.000159889692440629,5522,1,0.14776451885700226,-316.16412353515625,-6.20213508605957,-284.33941650390625
38.84813729999587,1,11.962338100012857,178.2499542236328,0.6200000047683716,1.0,0.0007152534672059119,5842,1,0.14784596860408783,-316.1175231933594,-6.199549674987793,-284.8348388671875
38.85947849997319,1,11.97367929999018,177.58360290527344,0.5899999737739563,1.0,0.0017932577757164836,6078,1,0.1479274332523346,-316.071044921875,-6.197005748748779,-285.3284606933594
38.87080609999248,1,11.985006900009466,176.76708984375,0.5299999713897705,1.0,0.001293941866606474,6337,1,0.14803603291511536,-316.0131530761719,-6.193736553192139,-285.9429016113281
38.88178799999878,1,11.995988800015766,176.1055450439453,0.5,1.0,2.512137871235609e-05,6519,1,0.14811748266220093,-315.9669494628906,-6.191032409667969,-286.43243408203125
38.892665999999736,1,12.006866800016724,175.26953125,0.2857142686843872,1.0,-8.10906058177352e-05,6644,1,0.1482260823249817,-315.9209289550781,-6.188299655914307,-286.9201354980469
38.903896399977384,1,12.018097199994372,174.63577270507812,0.17857137322425842,1.0,-5.008113294024952e-05,6663,1,0.14830753207206726,-315.8635559082031,-6.184774398803711,-287.5271301269531
38.914787099987734,1,12.028987900004722,174.02737426757812,0.0,1.0,-0.0020455680787563324,5987,5,0.14838899672031403,-315.8292236328125,-6.182584762573242,-287.8899841308594
38.92566419998184,1,12.039864999998827,173.45452880859375,0.0,1.0,-0.0031299672555178404,5867,5,0.1484975963830948,-315.772216796875,-6.178865432739258,-288.49261474609375
38.93685359999654,1,12.051054400013527,172.84225463867188,0.0,1.0,-0.0024681594222784042,5703,5,0.14857904613018036,-315.7267150878906,-6.175893306732178,-288.9730529785156
38.94827799999621,1,12.062478800013196,172.09751892089844,0.0,1.0,-0.0005662213079631329,5477,5,0.1486605405807495,-315.68133544921875,-6.172985553741455,-289.4520263671875
38.95935989997815,1,12.073560699995141,171.51222229003906,0.0,1.0,4.194467328488827e-05,5334,5,0.14874203503131866,-315.6361083984375,-6.170098781585693,-289.92938232421875
38.97027379999054,1,12.084474600007525,170.7841796875,0.0,1.0,-0.001775827957317233,5235,5,0.1488506942987442,-315.57977294921875,-6.166515350341797,-290.5237731933594
38.98139699999592,1,12.09559780001291,170.21157836914062,0.0,1.0,-0.0055150785483419895,5210,5,0.14893217384815216,-315.5348205566406,-6.1637349128723145,-290.9974670410156
38.99249379997491,1,12.106694599991897,169.63076782226562,0.0,1.0,-0.006130646448582411,5211,5,0.1490136682987213,-315.4900207519531,-6.161093711853027,-291.4695129394531
39.0037147999974,1,12.117915600014385,168.8585205078125,0.0,1.0,-0.0032638306729495525,5223,5,0.14912232756614685,-315.4342346191406,-6.158088207244873,-292.057373046875
39.014515899994876,1,12.128716700011864,168.2012481689453,0.0,1.0,-0.000719828181900084,5238,5,0.1492038071155548,-315.3897705078125,-6.155911445617676,-292.5258483886719
39.02526009999565,1,12.139460900012637,167.3555450439453,0.0,1.0,0.005747090559452772,5251,5,0.14928530156612396,-315.3454895019531,-6.153855323791504,-292.9925537109375
39.036141099990346,1,12.150341900007334,166.71478271484375,0.0,1.0,0.0045427014119923115,5247,5,0.14936679601669312,-315.29034423828125,-6.151333808898926,-293.5733947753906
39.04706939999596,1,12.16127020001295,166.10670471191406,0.0,1.0,0.002357971388846636,5211,5,0.1494482457637787,-315.24639892578125,-6.149294853210449,-294.03594970703125
39.057789199985564,1,12.171990000002552,165.3323211669922,0.0,1.0,-0.00047306070337072015,5151,5,0.14952951669692993,-315.2025451660156,-6.147216796875,-294.49676513671875
39.06874369998695,1,12.182944500003941,164.6830291748047,0.0,1.0,-0.0017519511748105288,5126,5,0.1496378779411316,-315.1479187011719,-6.144583225250244,-295.07037353515625
39.07966549997218,1,12.193866299989168,164.01693725585938,0.0,1.0,-0.0002587350900284946,5134,5,0.14971916377544403,-315.1043701171875,-6.142435073852539,-295.52734375
39.090558999974746,1,12.204759799991734,163.17843627929688,0.0,1.0,0.0005310080014169216,5184,5,0.14980043470859528,-315.0610046386719,-6.140222072601318,-295.98248291015625
39.101455299998634,1,12.215656100015622,162.5067138671875,0.0,1.0,0.0026424466632306576,5231,5,0.14990879595279694,-315.00701904296875,-6.137335300445557,-296.548828125
39.112518299982185,1,12.226719099999173,161.841552734375,0.0,1.0,0.00202409946359694,5259,5,0.14996297657489777,-314.9640197753906,-6.1349101066589355,-296.99981689453125
39.123357999982545,1,12.237558799999533,161.03042602539062,0.0,1.0,0.0014802664518356323,5237,5,0.150044247508049,-314.9211730957031,-6.132360458374023,-297.4489440917969
39.134068699990166,1,12.248269500007154,160.38711547851562,0.0,1.0,0.0016999124782159925,5171,5,0.15015262365341187,-314.8678283691406,-6.1290082931518555,-298.0077819824219
39.14502579998225,1,12.259226599999238,159.7658233642578,0.0,1.0,0.0011060538236051798,5078,5,0.1502338945865631,-314.8253173828125,-6.126223087310791,-298.4528503417969
39.15562989999307,1,12.269830700010061,158.99378967285156,0.0,1.0,-0.0008252219995483756,4971,1,0.15031522512435913,-314.782958984375,-6.12335729598999,-298.8961181640625
39.16619739998714,1,12.280398200004129,158.3734130859375,0.3499999940395355,1.0,-0.0006613174336962402,5020,1,0.15039685368537903,-314.730224609375,-6.119692802429199,-299.4477844238281
39.17735289997654,1,12.291553699993528,157.73394775390625,0.699999988079071,1.0,0.0007763761095702648,5246,1,0.15047848224639893,-314.688232421875,-6.116735935211182,-299.88720703125
39.18801829998847,1,12.302219100005459,156.9225311279297,0.6700000166893005,1.0,0.0012177538592368364,5593,1,0.15056011080741882,-314.64642333984375,-6.1137776374816895,-300.3249206542969
39.199019099993166,1,12.313219900010154,156.27345275878906,0.6100000143051147,1.0,0.0002988131600432098,5848,1,0.15064173936843872,-314.5943908691406,-6.110060691833496,-300.86956787109375
39.209700199979125,1,12.323900999996113,155.6358642578125,0.5799999833106995,1.0,-0.0008047262672334909,6084,1,0.15072336792945862,-314.5529479980469,-6.107025623321533,-301.3032531738281
39.221135699976,1,12.33533649999299,154.85879516601562,0.5199999809265137,1.0,-0.002262940164655447,6345,1,0.15080499649047852,-314.51165771484375,-6.103865146636963,-301.7351379394531
39.23178069997812,1,12.345981499995105,154.25430297851562,0.4642857313156128,1.0,-0.002470630221068859,6521,1,0.1508866250514984,-314.46026611328125,-6.099738597869873,-302.27252197265625
39.24255349999294,1,12.356754300009925,153.6581573486328,0.3571428656578064,1.0,-0.003152996301651001,6638,1,0.1509682536125183,-314.4193420410156,-6.096333980560303,-302.70050048828125
39.25333849998424,1,12.367539300001226,152.91912841796875,0.1428571343421936,1.0,-0.001524130580946803,6663,1,0.1510498821735382,-314.3785705566406,-6.092916011810303,-303.1268310546875
39.26421669998672,1,12.378417500003707,152.31094360351562,0.03571426868438721,1.0,0.0005545112071558833,6170,4,0.1511315107345581,-314.327880859375,-6.088738441467285,-303.65740966796875
39.27517519998946,1,12.38937600000645,151.72232055664062,0.0,1.0,0.0019388435175642371,6035,4,0.15121299028396606,-314.2874755859375,-6.0855255126953125,-304.0800476074219
39.286078799981624,1,12.400279599998612,151.12249755859375,0.0,1.0,0.002569235395640135,5907,4,0.1512943059206009,-314.2472229003906,-6.082363128662109,-304.5010070800781
39.29689739999594,1,12.41109820001293,150.5382537841797,0.0,1.0,-5.663844058290124e-05,5756,4,0.15137562155723572,-314.1970520019531,-6.0783867835998535,-305.02532958984375
39.30804759997409,1,12.422248399991076,149.8126220703125,0.0,1.0,-0.002568901050835848,5565,4,0.15145693719387054,-314.1570739746094,-6.075176239013672,-305.4429931640625
39.319148499984294,1,12.433349300001282,149.23001098632812,0.0,1.0,-0.0015017612604424357,5434,4,0.15151114761829376,-314.1172180175781,-6.071981906890869,-305.8590393066406
39.33024569999543,1,12.444446500012418,148.46925354003906,0.0,1.0,0.0001971259480342269,5330,4,0.1516195833683014,-314.067626953125,-6.06803035736084,-306.3768310546875
39.34118409999064,1,12.45538490000763,147.8666534423828,0.0,1.0,0.0006697620847262442,5297,4,0.1516737937927246,-314.02813720703125,-6.064907550811768,-306.7892761230469
39.352250899974024,1,12.466451699991012,147.26760864257812,0.0,1.0,-0.0013615547213703394,5302,4,0.15175510942935944,-313.9888000488281,-6.06178092956543,-307.20001220703125
39.36342729997705,1,12.477628099994035,146.5133056640625,0.0,1.0,-0.004751979373395443,5360,4,0.1519177407026291,-313.90081787109375,-6.05479621887207,-308.1180725097656
39.37413529999321,1,12.488336100010201,145.8778839111328,0.0,1.0,-0.005398256704211235,5413,4,0.1519177407026291,-313.90081787109375,-6.05479621887207,-308.1180725097656
39.385276699991664,1,12.499477500008652,145.0623321533203,0.0,1.0,-0.005577426869422197,5468,4,0.15199905633926392,-313.8619689941406,-6.05183744430542,-308.5234069824219
39.39612219997798,1,12.510322999994969,144.3849639892578,0.0,1.0,-0.004544125869870186,5479,4,0.15213483572006226,-313.77520751953125,-6.0453009605407715,-309.4289245605469
39.40711739999824,1,12.52131820001523,143.72703552246094,0.0,1.0,-0.0022277203388512135,5445,4,0.15213483572006226,-313.77520751953125,-6.0453009605407715,-309.4289245605469
39.41825029999018,1,12.532451100007165,142.9769287109375,0.0,1.0,-7.185101276263595e-05,5337,4,0.1522163599729538,-313.7369384765625,-6.0423407554626465,-309.8283996582031
39.429333699983545,1,12.543534500000533,142.40347290039062,0.0,1.0,-0.0004262670991010964,5252,4,0.15237940847873688,-313.6514892578125,-6.03542423248291,-310.720703125
39.44019149997621,1,12.554392299993197,141.66592407226562,0.0,1.0,-0.002126938197761774,5145,4,0.15237940847873688,-313.6514892578125,-6.03542423248291,-310.720703125
39.45085939997807,1,12.56506019999506,141.0502166748047,0.0,1.0,-0.0015916277188807726,5098,4,0.15251527726650238,-313.56671142578125,-6.028388500213623,-311.60479736328125
39.46157719998155,1,12.575777999998536,140.41290283203125,0.0,1.0,-0.001794540206901729,5086,4,0.15259680151939392,-313.5292663574219,-6.025200843811035,-311.9950256347656
39.472796099988045,1,12.586996900005033,139.7541961669922,0.0,1.0,-0.0013948549749329686,5102,4,0.15259680151939392,-313.5292663574219,-6.025200843811035,-311.9950256347656
39.48406879999675,1,12.598269600013737,138.93162536621094,0.0,1.0,-0.00035328231751918793,5147,4,0.152759850025177,-313.44561767578125,-6.017664432525635,-312.8664855957031
39.495103799999924,1,12.609304600016912,138.2865753173828,0.0,1.0,-0.00026709074154496193,5185,4,0.15281419456005096,-313.4087219238281,-6.0141215324401855,-313.2508544921875
39.50599669999792,1,12.62019750001491,137.55007934570312,0.0,1.0,-0.0022760017309337854,5205,4,0.15286855399608612,-313.3719482421875,-6.0105133056640625,-313.6334228515625
39.51680189999752,1,12.631002700014506,136.97286987304688,0.0,1.0,-0.003087089629843831,5189,4,0.15297724306583405,-313.3262023925781,-6.006064414978027,-314.10931396484375
39.52789729999495,1,12.642098100011935,136.24896240234375,0.0,1.0,-0.0022339995484799147,5131,4,0.15303157269954681,-313.28973388671875,-6.0026326179504395,-314.4882507324219
39.53869789998862,1,12.652898700005608,135.6504669189453,0.0,1.0,-0.0013308532070368528,5070,4,0.15308591723442078,-313.2534484863281,-5.9993109703063965,-314.8655700683594
39.54971319998731,1,12.663914000004297,135.076416015625,0.0,1.0,-0.0006023215828463435,5008,4,0.15316742658615112,-313.2082824707031,-5.995264530181885,-315.3349304199219
39.5608355999866,1,12.675036400003592,134.36849975585938,0.26249998807907104,1.0,-0.0010556920897215605,4996,1,0.15322177112102509,-313.1813049316406,-5.992875099182129,-315.6153259277344
39.572028099995805,1,12.686228900012793,133.82528686523438,0.612500011920929,1.0,-0.0014725462533533573,5181,1,0.15330328047275543,-313.1454162597656,-5.989773750305176,-315.98779296875
39.58296359999804,1,12.697164400015026,133.15663146972656,0.6700000166893005,1.0,-0.002349801827222109,5530,1,0.15338480472564697,-313.1007995605469,-5.986051559448242,-316.45123291015625
39.593662100000074,1,12.707862900017062,132.60240173339844,0.6399999856948853,1.0,-0.0008806301630102098,5791,1,0.15346631407737732,-313.0563659667969,-5.98256254196167,-316.9123840332031
39.60485289999633,1,12.719053700013319,132.0287322998047,0.5799999833106995,1.0,0.0012020564172416925,6030,1,0.1534934788942337,-313.0298156738281,-5.980595111846924,-317.18792724609375
39.61586499999976,1,12.730065800016746,131.2886505126953,0.550000011920929,1.0,0.0018025955650955439,6300,1,0.15357498824596405,-312.9857482910156,-5.97749137878418,-317.6452331542969
39.6268842999998,1,12.74108510001679,130.70611572265625,0.4642857313156128,1.0,0.0010019317269325256,6483,1,0.1536565124988556,-312.95062255859375,-5.975109577178955,-318.0092468261719
39.63772989998688,1,12.751930700003868,129.9810791015625,0.3571428656578064,1.0,0.0011531327618286014,6640,1,0.15371084213256836,-312.9156494140625,-5.9727864265441895,-318.37164306640625
39.64869619999081,1,12.762897000007797,129.4211883544922,0.1428571343421936,1.0,0.001071469159796834,6669,1,0.1537923812866211,-312.87213134765625,-5.969991683959961,-318.8223876953125
39.65964209998492,1,12.77384290000191,128.8315887451172,0.03571426868438721,1.0,0.0015777688240632415,6630,1,0.15384678542613983,-312.83746337890625,-5.967833042144775,-319.1811828613281
39.67042809998384,1,12.784628900000826,128.1858673095703,0.0,1.0,0.001963103422895074,6151,3,0.15390118956565857,-312.8029479980469,-5.965734481811523,-319.53839111328125
39.681147399998736,1,12.795348200015724,127.60540008544922,0.0,1.0,0.0029857754707336426,6052,3,0.15398280322551727,-312.7599792480469,-5.963189601898193,-319.9826965332031
39.691961199976504,1,12.806161999993492,127.00834655761719,0.0,1.0,0.0012489648070186377,5939,3,0.15406440198421478,-312.7257385253906,-5.961176872253418,-320.3365173339844
39.70301929998095,1,12.81722009999794,126.26264953613281,0.0,1.0,0.00033781694946810603,5799,3,0.15411882102489471,-312.691650390625,-5.959130764007568,-320.6886901855469
39.713996399979806,1,12.828197199996794,125.6748046875,0.0,1.0,0.0005695908330380917,5705,3,0.15420041978359222,-312.64923095703125,-5.956483840942383,-321.1265869140625
39.725142199982656,1,12.839342999999644,125.08369445800781,0.0,1.0,0.001666214200668037,5634,3,0.15425482392311096,-312.615478515625,-5.954294204711914,-321.4750671386719
39.736124499992,1,12.85032530000899,124.33863067626953,0.0,1.0,0.0019365765620023012,5579,3,0.1543092280626297,-312.59027099609375,-5.952624320983887,-321.7353820800781
39.74687459997949,1,12.86107539999648,123.7485122680664,0.0,1.0,0.003728170646354556,5551,3,0.15436364710330963,-312.5484619140625,-5.949827671051025,-322.1671447753906
39.7578494999907,1,12.872050300007686,123.0161361694336,0.0,1.0,0.0034928489476442337,5521,3,0.15444524586200714,-312.5151672363281,-5.947603225708008,-322.5107116699219
39.76894959999481,1,12.8831504000118,122.40814208984375,0.0,1.0,0.0021738994400948286,5540,3,0.15449965000152588,-312.4820251464844,-5.94541072845459,-322.8526611328125
39.78004549999605,1,12.894246300013037,121.78970336914062,0.0,1.0,0.00045638252049684525,5521,3,0.15463566780090332,-312.40802001953125,-5.9405694007873535,-323.6159973144531
39.79074879997643,1,12.904949599993415,121.00920867919922,0.0,1.0,-0.0003609299601521343,5485,3,0.15463566780090332,-312.40802001953125,-5.9405694007873535,-323.6159973144531
39.80172649997985,1,12.915927299996838,120.40821838378906,0.0,1.0,-0.00037256121868267655,5477,3,0.1546628177165985,-312.3835144042969,-5.938936710357666,-323.8685302734375
39.81305430000066,1,12.927255100017646,119.67084503173828,0.0,1.0,0.007208582013845444,5429,3,0.15479831397533417,-312.3106384277344,-5.933841705322266,-324.620361328125
39.82386149998638,1,12.938062300003367,119.09036254882812,0.0,1.0,0.004059171769768,5369,3,0.1548525094985962,-312.27850341796875,-5.93147611618042,-324.95184326171875
39.8349338999833,1,12.949134700000286,118.50806427001953,0.0,1.0,0.030492449179291725,5367,3,0.15493381023406982,-312.23858642578125,-5.928440093994141,-325.3639221191406
39.84595969997463,1,12.960160499991616,117.78408813476562,0.0,1.0,0.04855959117412567,5315,3,0.15498800575733185,-312.206787109375,-5.925974369049072,-325.6917724609375
39.85690479999175,1,12.971105600008741,117.19995880126953,0.0,1.0,0.03683900088071823,5291,3,0.15504220128059387,-312.1829833984375,-5.924118518829346,-325.93658447265625
39.86814509998658,1,12.982345900003565,116.46028137207031,0.0,1.0,0.05526666343212128,5273,3,0.1550963968038559,-312.1433410644531,-5.921041488647461,-326.3426208496094
39.879291299992474,1,12.993492100009462,115.95668029785156,0.0,1.0,0.04986782744526863,5258,3,0.15515059232711792,-312.1117248535156,-5.918603420257568,-326.66558837890625
39.89035969998804,1,13.004560500005027,115.21224975585938,0.0,1.0,0.059022750705480576,5234,3,0.15520480275154114,-312.080078125,-5.916200637817383,-326.98699951171875
39.9014456999721,1,13.015646499989089,114.62007904052734,0.0,1.0,0.07596759498119354,5210,3,0.15528608858585358,-312.04052734375,-5.913222312927246,-327.3865966796875
39.91246759999194,1,13.02666840000893,114.06355285644531,0.0,1.0,0.07923217117786407,5180,3,0.1553402841091156,-312.0168151855469,-5.9114484786987305,-327.6251220703125
39.9239755999879,1,13.038176400004886,113.30406951904297,0.0,1.0,0.08098158240318298,5129,3,0.15539447963237762,-311.9851379394531,-5.9090657234191895,-327.9417724609375
39.93503699998837,1,13.049237800005358,112.71009063720703,0.0,1.0,0.08014564216136932,5082,3,0.15550288558006287,-311.9136962890625,-5.903523921966553,-328.6481628417969
39.94604479998816,1,13.060245600005146,112.0035629272461,0.0,1.0,0.11321058124303818,5026,3,0.15550288558006287,-311.9136962890625,-5.903523921966553,-328.6481628417969
39.95669259998249,1,13.070893399999477,111.47553253173828,0.0,1.0,0.09898357093334198,4969,3,0.15561127662658691,-311.849853515625,-5.8983588218688965,-329.2690734863281
39.96779329999117,1,13.08199410000816,110.78208923339844,0.0,1.0,0.11575628817081451,4964,3,0.15566547214984894,-311.8176574707031,-5.895767688751221,-329.57720947265625
39.97865589999128,1,13.09285670000827,110.26110076904297,0.0,1.0,0.13826867938041687,4928,3,0.15571966767311096,-311.7852783203125,-5.8931965827941895,-329.8838195800781
39.98942729999544,1,13.103628100012429,109.71344757080078,0.0,1.0,0.1286027580499649,4917,3,0.1557738482952118,-311.7527160644531,-5.890639305114746,-330.1888732910156
40.00049809998018,1,13.114698899997165,109.03632354736328,0.0,1.0,0.1650514304637909,4950,3,0.15582804381847382,-311.7198791503906,-5.888127326965332,-330.492431640625
40.011239599989494,1,13.125440400006482,108.52652740478516,0.0,1.0,0.16230875253677368,4956,3,0.15588223934173584,-311.6867980957031,-5.885649681091309,-330.79443359375
40.02199529999052,1,13.13619610000751,108.0733642578125,0.0,1.0,0.14924673736095428,4968,3,0.15593643486499786,-311.6534423828125,-5.883205890655518,-331.09490966796875
40.03304949999438,1,13.147250300011365,107.43057250976562,0.0,1.0,0.15502749383449554,4959,3,0.1559906303882599,-311.6196594238281,-5.880817890167236,-331.3940734863281
40.04361729999073,1,13.157818100007717,106.91323852539062,0.0,1.0,0.15621446073055267,4949,3,0.1560448259115219,-311.5856018066406,-5.8784661293029785,-331.6917419433594
40.05458369999542,1,13.168784500012407,106.3967514038086,0.0,1.0,0.16868910193443298,4911,3,0.15609902143478394,-311.5425109863281,-5.87558650970459,-332.0617980957031
40.06551769998623,1,13.179718500003219,105.81922149658203,0.0,1.0,0.1689891666173935,4862,3,0.15615321695804596,-311.5076599121094,-5.873322486877441,-332.356201171875
40.07659429998603,1,13.190795100003015,105.30389404296875,0.0,1.0,0.17007052898406982,4822,3,0.15618030726909637,-311.48126220703125,-5.871641159057617,-332.5760498046875
40.08786639999016,1,13.20206720000715,104.78016662597656,0.0,1.0,0.1777264028787613,4771,3,0.15626160800457,-311.4366760253906,-5.868851184844971,-332.94073486328125
40.098700499976985,1,13.212901299993973,104.18439483642578,0.0,1.0,0.17422470450401306,4727,3,0.15631580352783203,-311.4005432128906,-5.866618633270264,-333.2308044433594
40.10991789997206,1,13.224118699989049,103.73202514648438,0.0,1.0,0.17801940441131592,4696,3,0.15636999905109406,-311.3639221191406,-5.864389896392822,-333.5194091796875
40.12064099998679,1,13.234841800003778,103.14598083496094,0.0,1.0,0.16935767233371735,4684,3,0.15645135939121246,-311.2890930175781,-5.859909534454346,-334.0924072265625
40.13167689999682,1,13.245877700013807,102.63664245605469,0.0,1.0,0.17454999685287476,4671,3,0.15650561451911926,-311.2508850097656,-5.8576531410217285,-334.37677001953125
40.142537199979415,1,13.256737999996403,102.18911743164062,0.0,1.0,0.16798368096351624,4672,3,0.15655985474586487,-311.2023620605469,-5.854828357696533,-334.7303161621094
40.15377519998583,1,13.267976000002818,101.62024688720703,0.0,1.0,0.16623486578464508,4665,3,0.15661410987377167,-311.16290283203125,-5.852564811706543,-335.0115661621094
40.16489729998284,1,13.279098099999828,101.10334014892578,0.0,1.0,0.17258618772029877,4657,3,0.15666836500167847,-311.1228942871094,-5.850294589996338,-335.2914123535156
40.17608399997698,1,13.29028479999397,100.49663543701172,0.0,1.0,0.17322424054145813,4663,3,0.15672262012958527,-311.0721435546875,-5.847451210021973,-335.63922119140625
40.187256599980174,1,13.301457399997162,100.06978607177734,0.0,1.0,0.16552865505218506,4639,3,0.15677686035633087,-311.0308532714844,-5.845167636871338,-335.91583251953125
40.198064399999566,1,13.312265200016554,99.52628326416016,0.0,1.0,0.16737189888954163,4646,3,0.15680399537086487,-310.99945068359375,-5.843444347381592,-336.1224365234375
40.20926769997459,1,13.323468499991577,99.04985809326172,0.0,1.0,0.1756891906261444,4613,3,0.15688537061214447,-310.9464416503906,-5.840556621551514,-336.4649658203125
40.22023099998478,1,13.334431800001767,98.55950164794922,0.0,1.0,0.16936145722866058,4591,3,0.15691249072551727,-310.9033508300781,-5.838263511657715,-336.7375183105469
40.23098119997303,1,13.345181999990018,98.12730407714844,0.0,1.0,0.1769212782382965,4569,3,0.15696674585342407,-310.85955810546875,-5.836009979248047,-337.0087890625
40.24202839998179,1,13.35622919999878,97.7531967163086,0.0,1.0,0.1747095286846161,4539,3,0.15702100098133087,-310.80401611328125,-5.833252429962158,-337.3460693359375
40.2534676999785,1,13.367668499995489,97.25009155273438,0.0,1.0,0.1787293404340744,4508,3,0.15707525610923767,-310.7588195800781,-5.831119537353516,-337.614501953125
40.264138699974865,1,13.378339499991853,96.8218765258789,0.0,1.0,0.18080663681030273,4474,3,0.15712949633598328,-310.7130126953125,-5.829047679901123,-337.88165283203125
40.275198999996064,1,13.389399800013052,96.43206787109375,0.0,1.0,0.17499370872974396,4455,3,0.15718375146389008,-310.66650390625,-5.8270440101623535,-338.1476135253906
40.28603549997206,1,13.400236299989047,95.9439468383789,0.0,1.0,0.18363285064697266,4455,3,0.15721087157726288,-310.6193542480469,-5.825104713439941,-338.4122619628906
40.29662749997806,1,13.410828299995046,95.67070770263672,0.0,1.0,0.16948355734348297,4445,3,0.15726511180400848,-310.5713806152344,-5.823213577270508,-338.67584228515625
40.307317899976624,1,13.421518699993612,95.20653533935547,0.0,1.0,0.18088077008724213,4430,3,0.15731929242610931,-310.5105285644531,-5.8209052085876465,-339.00347900390625
40.31864429998677,1,13.43284510000376,94.75749969482422,0.0,1.0,0.17175036668777466,4448,3,0.15737347304821014,-310.4609069824219,-5.81911039352417,-339.26434326171875
40.3294814999972,1,13.443682300014189,94.37774658203125,0.0,1.0,0.18029838800430298,4417,3,0.15742765367031097,-310.41070556640625,-5.817359447479248,-339.52386474609375
40.340511299989885,1,13.454712100006873,93.93112182617188,0.0,1.0,0.17403122782707214,4420,3,0.15750892460346222,-310.3079833984375,-5.813998699188232,-340.03936767578125
40.35152309999103,1,13.465723900008015,93.57627868652344,0.0,1.0,0.17649619281291962,4401,3,0.15756310522556305,-310.2554626464844,-5.812382221221924,-340.29541015625
40.362749499996426,1,13.476950300013414,93.14064025878906,0.0,1.0,0.1808965653181076,4368,3,0.15761728584766388,-310.1888427734375,-5.810398578643799,-340.61370849609375
40.37356499998714,1,13.487765800004127,92.7455062866211,0.0,1.0,0.16988502442836761,4360,3,0.1576443761587143,-310.1347961425781,-5.8088555335998535,-340.86688232421875
40.38434859999688,1,13.498549400013871,92.35873413085938,0.0,1.0,0.17588390409946442,4311,3,0.15769857168197632,-310.07989501953125,-5.807372570037842,-341.1189880371094
40.39554089997546,1,13.509741699992446,91.91339874267578,0.0,1.0,0.17196594178676605,4281,3,0.15775275230407715,-310.02435302734375,-5.80592155456543,-341.3698425292969
40.406301599985454,1,13.520502400002442,91.53511047363281,0.0,1.0,0.1760345697402954,4269,3,0.15777984261512756,-309.9679870605469,-5.80451774597168,-341.61956787109375
40.417100499995286,1,13.531301300012274,91.1751708984375,0.0,1.0,0.17701609432697296,4245,3,0.1578340232372284,-309.9110107421875,-5.803142547607422,-341.86798095703125
40.42804400000023,1,13.542244800017215,90.71232604980469,0.0,1.0,0.17681847512722015,4209,3,0.15788820385932922,-309.8385925292969,-5.801463603973389,-342.1769104003906
40.43894209997961,1,13.553142899996601,90.26525115966797,0.0,1.0,0.18734392523765564,4198,3,0.15794238448143005,-309.77996826171875,-5.800149917602539,-342.4225158691406
40.44968009999138,1,13.563880900008371,89.9717788696289,0.0,1.0,0.1848316639661789,4195,3,0.15796947479248047,-309.73541259765625,-5.799168109893799,-342.60595703125
40.46067299999413,1,13.574873800011119,89.47232055664062,0.0,1.0,0.19137245416641235,4162,3,0.1580236554145813,-309.66033935546875,-5.797512054443359,-342.90997314453125
40.47154309999314,1,13.58574390001013,89.09681701660156,0.0,1.0,0.18094582855701447,4133,3,0.1580507457256317,-309.59930419921875,-5.79617166519165,-343.1518859863281
40.48260809999192,1,13.59680890000891,88.66475677490234,0.0,1.0,0.18458907306194305,4125,3,0.15810492634773254,-309.55303955078125,-5.7951483726501465,-343.33245849609375
40.49344019999262,1,13.607641000009608,88.1503677368164,0.0,1.0,0.1835094392299652,4104,3,0.15818645060062408,-309.4117126464844,-5.791931629180908,-343.8697204589844
40.504390099988086,1,13.618590900005074,87.8468246459961,0.0,1.0,0.17691531777381897,4076,3,0.15818645060062408,-309.4117126464844,-5.791931629180908,-343.8697204589844
40.515425299992785,1,13.629626100009773,87.28128051757812,0.0,1.0,0.2112780660390854,4064,3,0.15829522907733917,-309.26666259765625,-5.7884626388549805,-344.4002380371094
40.52638879997539,1,13.640589599992381,86.98373413085938,0.0,1.0,0.21688692271709442,4044,3,0.15832242369651794,-309.2175598144531,-5.787267684936523,-344.5755615234375
40.53783969997312,1,13.652040499990107,86.65485382080078,0.0,1.0,0.21467305719852448,4033,3,0.15834961831569672,-309.1513366699219,-5.78564977645874,-344.80828857421875
40.54884369997308,1,13.663044499990065,86.22206115722656,0.0,1.0,0.2578141689300537,4023,3,0.15840400755405426,-309.0675048828125,-5.783648490905762,-345.0974426269531
40.559651299990946,1,13.673852100007934,85.97044372558594,0.0,1.0,0.27831020951271057,3989,3,0.15843120217323303,-309.01654052734375,-5.782468795776367,-345.2701416015625
40.57099229999585,1,13.685193100012839,85.5816879272461,0.0,1.0,0.2855011224746704,3975,3,0.15848559141159058,-308.9479064941406,-5.780925273895264,-345.4994201660156
40.58183349997853,1,13.696034299995517,85.19232177734375,0.0,1.0,0.29674437642097473,3978,3,0.15853998064994812,-308.86102294921875,-5.7790727615356445,-345.7843322753906
40.59285279997857,1,13.707053599995561,84.76174926757812,0.0,1.0,0.3029730021953583,3976,3,0.1585671752691269,-308.7906188964844,-5.777642726898193,-346.0108947753906
40.60363159998087,1,13.71783239999786,84.50521087646484,0.0,1.0,0.3077550530433655,3962,3,0.15862156450748444,-308.73724365234375,-5.776602745056152,-346.1800537109375
40.61480949999532,1,13.729010300012305,84.16957092285156,0.0,1.0,0.30774441361427307,3958,3,0.15870314836502075,-308.5928039550781,-5.77388334274292,-346.6277770996094
40.62582289997954,1,13.740023699996527,83.7554702758789,0.0,1.0,0.3130169212818146,3938,3,0.15873034298419952,-308.5193176269531,-5.772541046142578,-346.8498229980469
40.636908199987374,1,13.751109000004362,83.38973999023438,0.0,1.0,0.3194431960582733,3941,3,0.15878473222255707,-308.4263916015625,-5.770876407623291,-347.1256408691406
40.647918499977095,1,13.762119299994083,83.06482696533203,0.0,1.0,0.32470443844795227,3892,3,0.15881192684173584,-308.3700256347656,-5.769890308380127,-347.29022216796875
40.65863759999047,1,13.772838400007458,82.75804901123047,0.0,1.0,0.32149559259414673,3866,3,0.1588391214609146,-308.29412841796875,-5.768590927124023,-347.5086669921875
40.66957959998399,1,13.783780400000978,82.376708984375,0.0,1.0,0.3256910443305969,3844,3,0.15889351069927216,-308.1982116699219,-5.767000198364258,-347.77996826171875
40.68045970000094,1,13.794660500017926,82.0306167602539,0.0,1.0,0.33217886090278625,3792,3,0.15892070531845093,-308.1400451660156,-5.766058444976807,-347.94189453125
40.691080499993404,1,13.805281300010392,81.74885559082031,0.0,1.0,0.3356291353702545,3788,3,0.15897509455680847,-308.0617980957031,-5.7648444175720215,-348.1567077636719
40.70202529997914,1,13.816226099996129,81.43617248535156,0.0,1.0,0.3325794041156769,3753,3,0.15902943909168243,-307.96295166015625,-5.763376235961914,-348.4235534667969
40.71308189997217,1,13.827282699989155,80.9880142211914,0.0,1.0,0.3343751132488251,3768,3,0.1590566188097,-307.9030456542969,-5.7625250816345215,-348.582763671875
40.724144499981776,1,13.838345299998764,80.73424530029297,0.0,1.0,0.3392227590084076,3744,3,0.1590837985277176,-307.82244873046875,-5.7614288330078125,-348.7940368652344
40.73534679997829,1,13.849547599995276,80.4106216430664,0.0,1.0,0.3353683650493622,3772,3,0.15916532278060913,-307.638427734375,-5.759047508239746,-349.2647705078125
40.746195099985925,1,13.860395900002914,79.99859619140625,0.0,1.0,0.3357866704463959,3782,3,0.15916532278060913,-307.638427734375,-5.759047508239746,-349.2647705078125
40.75714750000043,1,13.871348300017416,79.69920349121094,0.0,1.0,0.3399870693683624,3764,3,0.15924684703350067,-307.4715881347656,-5.757020950317383,-349.67791748046875
40.76822089997586,1,13.882421699992847,79.29468536376953,0.0,1.0,0.34083935618400574,3783,3,0.15930119156837463,-307.38702392578125,-5.7560319900512695,-349.8826599121094
40.779175199975725,1,13.893375999992713,79.0299072265625,0.0,1.0,0.33622726798057556,3745,3,0.1593283712863922,-307.32305908203125,-5.755308151245117,-350.0353698730469
40.790116199990734,1,13.904317000007723,78.62760162353516,0.0,1.0,0.33715641498565674,3748,3,0.15938271582126617,-307.215576171875,-5.754076957702637,-350.28826904296875
40.801255300000776,1,13.915456100017764,78.26799011230469,0.0,1.0,0.343092143535614,3722,3,0.15940989553928375,-307.1287536621094,-5.753084182739258,-350.4891357421875
40.81183239998063,1,13.926033199997619,78.07093811035156,0.0,1.0,0.3429308235645294,3674,3,0.15943706035614014,-307.0410461425781,-5.752078056335449,-350.6888122558594
40.82287189998897,1,13.937072700005956,77.65130615234375,0.0,1.0,0.33792224526405334,3668,3,0.1594914197921753,-306.95263671875,-5.751063346862793,-350.8871765136719
40.8337165999983,1,13.947917400015285,77.31871795654297,0.0,1.0,0.33578014373779297,3646,3,0.15951858460903168,-306.86346435546875,-5.750063896179199,-351.0843505859375
40.8443473999796,1,13.958548199996585,77.08235931396484,0.0,1.0,0.3392917513847351,3617,3,0.15954576432704926,-306.7735290527344,-5.749072074890137,-351.2802734375
40.85520469999756,1,13.969405500014545,76.68939971923828,0.0,1.0,0.33680346608161926,3617,3,0.15960010886192322,-306.6828918457031,-5.748122692108154,-351.47491455078125
40.86593770000036,1,13.980138500017347,76.38336181640625,0.0,1.0,0.33197736740112305,3594,3,0.1596272885799408,-306.5915222167969,-5.747203350067139,-351.66839599609375
40.87676299997838,1,13.99096379999537,76.06218719482422,0.0,1.0,0.33614444732666016,3588,3,0.15968163311481476,-306.40679931640625,-5.7455267906188965,-352.0515441894531
40.887868799996795,1,14.002069600013783,75.695068359375,0.0,1.0,0.33639904856681824,3579,3,0.15973599255084991,-306.31341552734375,-5.74476432800293,-352.2412414550781
40.8990692999796,1,14.01327009999659,75.42516326904297,0.0,1.0,0.33251136541366577,3551,3,0.15979033708572388,-306.2193298339844,-5.744049072265625,-352.42974853515625
40.91051979997428,1,14.02472059999127,75.0004653930664,0.0,1.0,0.3368764817714691,3546,3,0.15981751680374146,-306.1008605957031,-5.743184566497803,-352.6634521484375
40.921839899994666,1,14.036040700011654,74.68072509765625,0.0,1.0,0.3444715738296509,3529,3,0.15984468162059784,-306.029296875,-5.742669582366943,-352.80267333984375
40.93275569999241,1,14.0469565000094,74.4371109008789,0.0,1.0,0.3515563905239105,3510,3,0.15989908576011658,-305.93310546875,-5.741964817047119,-352.98724365234375
40.94371069999761,1,14.057911500014598,74.05178833007812,0.0,1.0,0.3510271906852722,3500,3,0.15992628037929535,-305.81201171875,-5.741054058074951,-353.21600341796875
40.95449809997808,1,14.06869889999507,73.70942687988281,0.0,1.0,0.3592537045478821,3452,3,0.15995348989963531,-305.7388610839844,-5.740478038787842,-353.3522644042969
40.96559609999531,1,14.079796900012298,73.32820129394531,0.0,1.0,0.36728817224502563,3427,3,0.16000789403915405,-305.6405944824219,-5.739691734313965,-353.5328369140625
40.976591799990274,1,14.090792600007262,73.0944595336914,0.0,1.0,0.3716663718223572,3396,3,0.16003510355949402,-305.516845703125,-5.738656044006348,-353.75665283203125
40.987471099972026,1,14.101671899989014,72.7591552734375,0.0,1.0,0.3674135208129883,3364,3,0.16006231307983398,-305.442138671875,-5.7379984855651855,-353.88995361328125
40.998946599982446,1,14.113147399999434,72.35981750488281,0.0,1.0,0.3685379922389984,3350,3,0.1601439267396927,-305.2156677246094,-5.7360148429870605,-354.2854309082031
41.00971039998694,1,14.123911200003931,72.13920593261719,0.0,1.0,0.37326228618621826,3331,3,0.16017113626003265,-305.1395568847656,-5.735358238220215,-354.415771484375
41.02112859999761,1,14.135329400014598,71.81723022460938,0.0,1.0,0.37217095494270325,3316,3,0.16019833087921143,-305.0373840332031,-5.7345051765441895,-354.5885314941406
41.031782099977136,1,14.145982899994124,71.44879913330078,0.0,1.0,0.36565765738487244,3323,3,0.16025274991989136,-304.9089050292969,-5.733491897583008,-354.8026123046875
41.04310159999295,1,14.15730240000994,71.04399108886719,0.0,1.0,0.36361414194107056,3352,3,0.16027995944023132,-304.8055419921875,-5.732724666595459,-354.972412109375
41.05417529999977,1,14.168376100016758,70.81651306152344,0.0,1.0,0.367576539516449,3354,3,0.1603071540594101,-304.7275390625,-5.732173442840576,-355.0989685058594
41.06539459998021,1,14.179595399997197,70.47744750976562,0.0,1.0,0.3670229911804199,3348,3,0.16036157310009003,-304.5969543457031,-5.731283664703369,-355.3081359863281
41.07680559999426,1,14.191006400011247,70.09992218017578,0.0,1.0,0.3627551794052124,3348,3,0.16038878262043,-304.4919128417969,-5.730602264404297,-355.47393798828125
41.087843599991174,1,14.202044400008162,69.68174743652344,0.0,1.0,0.36482179164886475,3338,3,0.16041597723960876,-304.4126892089844,-5.730098724365234,-355.5975036621094
41.098915999988094,1,14.213116800005082,69.44276428222656,0.0,1.0,0.36992770433425903,3281,3,0.16049759089946747,-304.17340087890625,-5.72860860824585,-355.96343994140625
41.10985899998923,1,14.224059800006216,69.11722564697266,0.0,1.0,0.36861559748649597,3266,3,0.16052480041980743,-304.0929870605469,-5.728108882904053,-356.08392333984375
41.1208401999902,1,14.235041000007186,68.72272491455078,0.0,1.0,0.3735775649547577,3208,3,0.1605520099401474,-303.9584655761719,-5.727268695831299,-356.28289794921875
41.132168899988756,1,14.246369700005744,68.42964172363281,0.0,1.0,0.3812260031700134,3173,3,0.16057921946048737,-303.85028076171875,-5.726606369018555,-356.44061279296875
41.14323299998068,1,14.25743379999767,68.08201599121094,0.0,1.0,0.38705044984817505,3147,3,0.16060641407966614,-303.7687683105469,-5.72611665725708,-356.5580139160156
41.15490999998292,1,14.269110799999908,67.83733367919922,0.0,1.0,0.38293665647506714,3115,3,0.16066083312034607,-303.63232421875,-5.725327491760254,-356.7520446777344
41.165982899983646,1,14.280183700000634,67.38710021972656,0.0,1.0,0.3867325484752655,3119,3,0.16068802773952484,-303.5227355957031,-5.724729537963867,-356.90570068359375
41.17683539999416,1,14.291036200011149,67.11817932128906,0.0,1.0,0.39236980676651,3091,3,0.1607152372598648,-303.44012451171875,-5.724310874938965,-357.0201721191406
41.18775829998776,1,14.301959100004751,66.73983001708984,0.0,1.0,0.39433494210243225,3104,3,0.16076955199241638,-303.30206298828125,-5.723671913146973,-357.2091979980469
41.198844099999405,1,14.313044900016394,66.47761535644531,0.0,1.0,0.38964831829071045,3072,3,0.16079668700695038,-303.1911926269531,-5.7232208251953125,-357.3589172363281
41.20961819999502,1,14.323819000012008,66.08415222167969,0.0,1.0,0.3913762867450714,3087,3,0.16085097193717957,-302.96820068359375,-5.722486972808838,-357.6544189453125
41.220931799995014,1,14.335132600012003,65.73078155517578,0.0,1.0,0.398283451795578,3081,3,0.16087810695171356,-302.85626220703125,-5.7222161293029785,-357.8001403808594
41.232156199985184,1,14.346357000002172,65.52166748046875,0.0,1.0,0.4035834074020386,3049,3,0.16090525686740875,-302.7438659667969,-5.7220072746276855,-357.944580078125
41.24285260000033,1,14.357053400017321,65.0802001953125,0.0,1.0,0.40254107117652893,3065,3,0.16095952689647675,-302.6310729980469,-5.721838474273682,-358.087646484375
41.25392329998431,1,14.368124100001296,64.72598266601562,0.0,1.0,0.4121316373348236,3054,3,0.16098666191101074,-302.51800537109375,-5.721693515777588,-358.2292785644531
41.264835999987554,1,14.379036800004542,64.47366333007812,0.0,1.0,0.4248798191547394,3029,3,0.16101381182670593,-302.4044189453125,-5.721526145935059,-358.3695373535156
41.27576289998251,1,14.389963699999498,64.00924682617188,0.0,1.0,0.4386182129383087,3030,3,0.16104094684123993,-302.2904357910156,-5.721305847167969,-358.50830078125
41.28660779999336,1,14.40080860001035,63.69835662841797,0.0,1.0,0.4399307370185852,2987,3,0.16106808185577393,-302.1761779785156,-5.720973014831543,-358.6455383300781
41.297730099991895,1,14.411930900008883,63.18814468383789,0.0,1.0,0.45316049456596375,2938,3,0.1611223667860031,-301.9462585449219,-5.719902038574219,-358.9153747558594
41.30905649997294,1,14.423257299989928,62.89910888671875,0.0,1.0,0.4666159152984619,2908,3,0.1611495018005371,-301.8597717285156,-5.7193217277526855,-359.0149230957031
41.31979270000011,1,14.433993500017095,62.68293380737305,0.0,1.0,0.46351391077041626,2822,3,0.1611766517162323,-301.7439880371094,-5.718398094177246,-359.1463317871094
41.33059519997914,1,14.444795999996131,62.174198150634766,0.0,1.0,0.4725189208984375,2732,3,0.1612309217453003,-301.59869384765625,-5.716989040374756,-359.3083801269531
41.34152549999999,1,14.455726300016977,61.794151306152344,0.0,1.0,0.4836640954017639,2684,3,0.16125807166099548,-301.4822082519531,-5.715656757354736,-359.4362487792969
41.35254439999699,1,14.466745200013975,61.62269592285156,0.0,1.0,0.48807501792907715,2624,3,0.16128520667552948,-301.3945007324219,-5.714555263519287,-359.53118896484375
41.36339009998483,1,14.477590900001815,61.18815231323242,0.0,1.0,0.4805900752544403,2539,3,0.16131234169006348,-301.2479248046875,-5.712544918060303,-359.6875
41.37487390000024,1,14.489074700017227,60.80673599243164,0.0,1.0,0.47790881991386414,2499,3,0.16133949160575867,-301.1304931640625,-5.7108154296875,-359.8108825683594
41.38567749998765,1,14.499878300004639,60.419700622558594,0.0,1.0,0.4805346131324768,2494,3,0.16136662662029266,-301.0421447753906,-5.709493637084961,-359.9024963378906
41.39659399999073,1,14.510794800007716,60.1903076171875,0.0,0.8156863451004028,0.4667285084724426,2481,3,0.16139376163482666,-300.8946838378906,-5.707260608673096,-360.0534362792969
41.407512899982976,1,14.521713699999964,59.889156341552734,0.0,0.6705882549285889,0.4645530879497528,2498,3,0.16142089664936066,-300.77667236328125,-5.705503940582275,-360.17266845703125
41.418461299996125,1,14.532662100013113,59.5953369140625,0.0,0.19607844948768616,0.46115773916244507,2577,3,0.16150231659412384,-300.53985595703125,-5.702193737030029,-360.4072570800781
41.42945689999033,1,14.543657700007316,59.394554138183594,0.0,0.0,0.4628157317638397,2664,3,0.16152946650981903,-300.4209899902344,-5.700656890869141,-360.5225830078125
41.44029739999678,1,14.554498200013768,59.226043701171875,0.0,0.0,0.4722568392753601,2778,3,0.16155660152435303,-300.3016357421875,-5.699178218841553,-360.63665771484375
41.451584399997955,1,14.565785200014943,59.099365234375,0.0,0.0,0.47848331928253174,2864,3,0.16158373653888702,-300.1817321777344,-5.697715759277344,-360.74945068359375
41.46284929997637,1,14.577050099993357,58.93669128417969,0.0,0.0,0.4903089106082916,2962,3,0.16161084175109863,-300.0611572265625,-5.6962504386901855,-360.8609619140625
41.474022799986415,1,14.588223600003403,58.80344772338867,0.0,0.0,0.49695873260498047,3016,3,0.16163788735866547,-299.9398498535156,-5.694749355316162,-360.97119140625
41.48503049998544,1,14.59923130000243,58.72675704956055,0.26249998807907104,0.0,0.5018004179000854,3035,1,0.1616649478673935,-299.8177795410156,-5.6931891441345215,-361.080078125
41.495932299993,1,14.610133100009989,58.65995407104492,0.699999988079071,0.0,0.5116661190986633,3259,1,0.16169200837612152,-299.6949768066406,-5.69154691696167,-361.18768310546875
41.506903699977556,1,14.621104499994544,58.63079833984375,0.6800000071525574,0.0,0.5148226618766785,3501,1,0.16171905398368835,-299.5713195800781,-5.6898088455200195,-361.2939758300781
41.51800229999935,1,14.63220310001634,58.573326110839844,0.6200000047683716,0.0,0.5209519267082214,3802,1,0.16174611449241638,-299.4468078613281,-5.687973976135254,-361.3990783691406
41.52903789997799,1,14.643238699994981,58.505218505859375,0.5899999737739563,0.0,0.5244553685188293,4042,1,0.1617731750011444,-299.32147216796875,-5.686048984527588,-361.5029602050781
41.54009679998853,1,14.65429760000552,58.42229080200195,0.5299999713897705,0.0,0.5307161808013916,4270,1,0.16182728111743927,-299.06842041015625,-5.681978225708008,-361.7071228027344
41.55098339999677,1,14.665184200013755,58.35979080200195,0.5,0.0,0.5351117253303528,4534,1,0.1618543267250061,-298.94073486328125,-5.679875373840332,-361.8074035644531
41.56192479998572,1,14.676125600002706,58.34837341308594,0.2857142686843872,0.0,0.5468728542327881,4674,1,0.16188138723373413,-298.81231689453125,-5.677740573883057,-361.9065246582031
41.57476509999833,1,14.688965900015319,58.2910041809082,0.17857137322425842,0.0,0.5511513948440552,4749,1,0.16190844774246216,-298.68316650390625,-5.675605297088623,-362.0044860839844
41.58573819999583,1,14.699939000012819,58.22434616088867,0.0,0.0,0.5621236562728882,4344,2,0.161935493350029,-298.5533447265625,-5.673491954803467,-362.10125732421875
41.59660699998494,1,14.71080780000193,58.35850143432617,0.0,0.0,0.5692914724349976,4203,2,0.16196255385875702,-298.4555358886719,-5.671926975250244,-362.173095703125
41.60744219998014,1,14.72164299999713,58.36424255371094,0.0,0.0,0.5748864412307739,4079,2,0.16201665997505188,-298.15936279296875,-5.667315483093262,-362.3851623535156
41.6186404999753,1,14.732841299992288,58.36271667480469,0.0,0.0,0.5741952657699585,3920,2,0.1620437204837799,-298.0596923828125,-5.665798187255859,-362.45477294921875
41.63005829998292,1,14.744259099999908,58.3636360168457,0.0,0.0,0.5724460482597351,3798,2,0.16207076609134674,-297.89263916015625,-5.663302421569824,-362.5694580078125
41.64122269998188,1,14.75542349999887,58.36954879760742,0.0,0.0,0.5713747143745422,3661,2,0.16209782660007477,-297.7581481933594,-5.661342144012451,-362.6600036621094
41.6521020999935,1,14.766302900010487,58.370079040527344,0.0,0.0,0.5629661083221436,3577,2,0.1621248871088028,-297.6567687988281,-5.65989875793457,-362.7272033691406
41.663050599978305,1,14.777251399995293,58.33012390136719,0.0,0.0,0.5571902990341187,3524,2,0.16215193271636963,-297.48699951171875,-5.657551288604736,-362.8378601074219
41.673866400000406,1,14.788067200017394,58.26224899291992,0.0,0.0,0.549392580986023,3523,2,0.16217899322509766,-297.3846435546875,-5.656200885772705,-362.9034118652344
41.68493909999961,1,14.799139900016598,58.17914962768555,0.0,0.0,0.5481405258178711,3551,2,0.16220605373382568,-297.2476501464844,-5.65445613861084,-362.9898376464844
41.69594639999559,1,14.81014720001258,58.05278015136719,0.0,0.0,0.5470889806747437,3608,2,0.16223309934139252,-297.0756530761719,-5.652381420135498,-363.0962219238281
41.706904799997574,1,14.821105600014562,57.93928909301758,0.0,0.0,0.5473734140396118,3659,2,0.16226015985012054,-296.97210693359375,-5.651198863983154,-363.1591491699219
41.71771089997492,1,14.831911699991906,57.81431579589844,0.0,0.0,0.5513360500335693,3711,2,0.1623142659664154,-296.6601257324219,-5.647886276245117,-363.3435974121094
41.728412599972216,1,14.842613399989204,57.66648483276367,0.0,0.0,0.5590860247612,3760,2,0.16234132647514343,-296.5556945800781,-5.646852016448975,-363.40362548828125
41.7391577999806,1,14.853358599997591,57.55647277832031,0.0,0.0,0.564091145992279,3782,2,0.16236837208271027,-296.4161376953125,-5.645497798919678,-363.4825134277344
41.75033859998803,1,14.864539400005015,57.432064056396484,0.0,0.0,0.5768283009529114,3785,2,0.1623954325914383,-296.2411804199219,-5.643848419189453,-363.5792541503906
41.76148369998555,1,14.875684500002535,57.34334945678711,0.0,0.0,0.58319491147995,3769,2,0.16242249310016632,-296.1358947753906,-5.642867088317871,-363.63629150390625
41.772096499975305,1,14.886297299992293,57.26516342163086,0.0,0.0,0.5940527319908142,3743,2,0.16244953870773315,-295.9951477050781,-5.6415534019470215,-363.7111511230469
41.78354149998631,1,14.897742300003301,57.1794548034668,0.0,0.0,0.5967740416526794,3701,2,0.16247664391994476,-295.85394287109375,-5.640232563018799,-363.7846984863281
41.79479799998808,1,14.908998800005065,57.11637878417969,0.0,0.0,0.5990917086601257,3666,2,0.16250380873680115,-295.7122802734375,-5.638887405395508,-363.8569030761719
41.805906399997184,1,14.920107200014172,57.03750991821289,0.0,0.0,0.5990999937057495,3628,2,0.16255812346935272,-295.4276123046875,-5.636111259460449,-363.997314453125
41.817163699975936,1,14.931364499992924,56.97023010253906,0.0,0.0,0.5972288250923157,3606,2,0.1625852882862091,-295.2845764160156,-5.634679317474365,-364.0655212402344
41.8282408999803,1,14.942441699997289,56.879539489746094,0.0,0.0,0.5968998074531555,3590,2,0.1626124531030655,-295.1770324707031,-5.633585453033447,-364.11578369140625
41.839610899973195,1,14.953811699990183,56.79990768432617,0.0,0.0,0.5979692339897156,3587,2,0.16263960301876068,-294.99725341796875,-5.631722450256348,-364.1978454589844
41.85114229997271,1,14.965343099989695,56.691349029541016,0.0,0.0,0.5987522006034851,3592,2,0.16266676783561707,-294.88909912109375,-5.630577564239502,-364.2460632324219
41.862006199982716,1,14.976206999999704,56.599430084228516,0.0,0.0,0.6044005751609802,3601,2,0.16269393265247345,-294.7445983886719,-5.629018783569336,-364.30914306640625
41.87303930000053,1,14.987240100017516,56.48048782348633,0.0,0.0,0.6082494854927063,3613,2,0.16272109746932983,-294.5634765625,-5.627028942108154,-364.38604736328125
41.8841024999856,1,14.99830330000259,56.38546371459961,0.0,0.0,0.6156824827194214,3621,2,0.16272109746932983,-294.45458984375,-5.6258134841918945,-364.4311218261719
41.89535690000048,1,15.009557700017467,56.293235778808594,0.0,0.0,0.6180984973907471,3625,2,0.1627754122018814,-294.1634521484375,-5.622527122497559,-364.54754638671875
41.906431299983524,1,15.020632100000512,56.18136215209961,0.0,0.0,0.6223969459533691,3625,2,0.1628025770187378,-294.0174865722656,-5.62087869644165,-364.60369873046875
41.91752019998967,1,15.031721000006655,56.095176696777344,0.0,0.0,0.6243611574172974,3620,2,0.16282972693443298,-293.87127685546875,-5.619252681732178,-364.65850830078125
41.92874399997527,1,15.042944799992256,55.99269104003906,0.0,0.0,0.6242412328720093,3608,2,0.16285689175128937,-293.7248229980469,-5.6176605224609375,-364.7120056152344
41.939415000000736,1,15.053615800017724,55.91352462768555,0.0,0.0,0.6215837001800537,3597,2,0.16288405656814575,-293.5781555175781,-5.616106986999512,-364.7641296386719
41.950077499990584,1,15.064278300007572,55.81850814819336,0.0,0.0,0.6184172034263611,3581,2,0.16291120648384094,-293.4679870605469,-5.614975929260254,-364.8023681640625
41.96142599999439,1,15.075626800011378,55.74212646484375,0.0,0.0,0.6178606748580933,3569,2,0.16293837130069733,-293.28411865234375,-5.613149166107178,-364.8644104003906
41.972204599995166,1,15.086405400012154,55.66587448120117,0.0,0.0,0.6146690845489502,3559,2,0.1629655361175537,-293.1736145019531,-5.612090110778809,-364.9006652832031
41.98317569997744,1,15.097376499994425,55.56898498535156,0.0,0.0,0.6121118068695068,3549,2,0.16301985085010529,-292.8414306640625,-5.609061241149902,-365.0047912597656
41.99424579998595,1,15.108446600002935,55.48955154418945,0.0,0.0,0.6122987270355225,3544,2,0.16304701566696167,-292.7304992675781,-5.608091831207275,-365.0379943847656
42.00540779999574,1,15.119608600012725,55.386810302734375,0.0,0.0,0.6112759113311768,3541,2,0.16307416558265686,-292.5823974609375,-5.606809616088867,-365.0810241699219
42.01617229997646,1,15.130373099993449,55.3026123046875,0.0,0.0,0.6102931499481201,3540,2,0.16310133039951324,-292.43414306640625,-5.605532646179199,-365.1226806640625
42.02714459999697,1,15.141345400013961,55.21813201904297,0.0,0.0,0.6123721599578857,3539,2,0.16310133039951324,-292.2857360839844,-5.604232311248779,-365.16290283203125
42.038120799988974,1,15.152321600005962,55.11316680908203,0.0,0.0,0.61474609375,3538,2,0.16312849521636963,-292.1743469238281,-5.6032280921936035,-365.1921081542969
42.049297799996566,1,15.163498600013554,55.02999496459961,0.0,0.0,0.6163750886917114,3535,2,0.1631828099489212,-291.8397521972656,-5.600025653839111,-365.2749328613281
42.0601253999921,1,15.17432620000909,54.92625427246094,0.0,0.0,0.6163864731788635,3530,2,0.1632099747657776,-291.72808837890625,-5.598893642425537,-365.30096435546875
42.071398199972464,1,15.185598999989452,54.84484100341797,0.0,0.0,0.6192615032196045,3524,2,0.16323713958263397,-291.5419006347656,-5.5969462394714355,-365.3425598144531
42.082357899984345,1,15.196558700001333,54.76418685913086,0.0,0.0,0.6206567883491516,3516,2,0.16326428949832916,-291.4301452636719,-5.595742225646973,-365.366455078125
42.09315559998504,1,15.207356400002027,54.66543197631836,0.0,0.0,0.6253066658973694,3505,2,0.16329145431518555,-291.28106689453125,-5.594115734100342,-365.39715576171875
42.104158799978904,1,15.218359599995892,54.587703704833984,0.0,0.0,0.6257706880569458,3496,2,0.16331861913204193,-291.1319580078125,-5.59247350692749,-365.42645263671875
42.11512539998512,1,15.229326200002106,54.51124954223633,0.0,0.0,0.6279732584953308,3487,2,0.16334578394889832,-290.9827880859375,-5.590839385986328,-365.4544372558594
42.126211799972225,1,15.240412599989213,54.41652297973633,0.0470588281750679,0.0,0.6291981339454651,3486,2,0.1633729487657547,-290.87091064453125,-5.589632034301758,-365.47454833984375
42.13731709998683,1,15.251517900003819,54.34425735473633,0.2039215862751007,0.0,0.6299578547477722,3564,2,0.16340011358261108,-290.572509765625,-5.586555004119873,-365.52459716796875
42.14802139997482,1,15.262222199991811,54.247989654541016,0.3450980484485626,0.0,0.629751443862915,3763,2,0.16342729330062866,-290.42333984375,-5.585123062133789,-365.5477294921875
42.15893879998475,1,15.273139600001741,54.183006286621094,0.4901961088180542,0.0,0.6275851726531982,3935,2,0.16345445811748505,-290.2741394042969,-5.583775043487549,-365.5695495605469
42.169584399991436,1,15.283785200008424,54.135658264160156,0.7098039388656616,0.0,0.6266573667526245,4145,2,0.16348163783550262,-290.125,-5.582511901855469,-365.59014892578125
42.18038899998646,1,15.29458980000345,54.12222671508789,0.7098039388656616,0.0,0.6280154585838318,4332,2,0.163508802652359,-290.01312255859375,-5.581613540649414,-365.604736328125
42.19145609997213,1,15.305656899989117,54.18052291870117,0.8862745761871338,0.0,0.6278862953186035,4285,2,0.1635359674692154,-289.8265686035156,-5.580197334289551,-365.62750244140625
42.202273199975025,1,15.316473999992013,54.30913162231445,1.0,0.0,0.6279044151306152,4095,2,0.16356314718723297,-289.6771545410156,-5.579107284545898,-365.6442565917969
42.21293899999,1,15.32713980000699,54.443260192871094,1.0,0.0,0.6283941864967346,3768,2,0.16359031200408936,-289.5648193359375,-5.57829475402832,-365.65606689453125
42.22396149998531,1,15.338162300002296,54.52360534667969,1.0,0.0,0.6284863352775574,3586,2,0.16364465653896332,-289.2640686035156,-5.576045989990234,-365.6842956542969
42.23487889999524,1,15.349079700012226,54.58234786987305,1.0,0.0,0.6248225569725037,3523,2,0.16364465653896332,-289.1131286621094,-5.574880599975586,-365.69659423828125
42.24596869997913,1,15.360169499996118,54.622798919677734,1.0,0.0,0.6182647943496704,3705,2,0.1636718213558197,-288.9619445800781,-5.5736894607543945,-365.7076110839844
42.25689769999008,1,15.371098500007065,54.63768768310547,1.0,0.0,0.6155703067779541,3921,2,0.16369900107383728,-288.8105773925781,-5.572485446929932,-365.7173767089844
42.267952099995455,1,15.382152900012443,54.691226959228516,1.0,0.0,0.6079442501068115,4161,2,0.16372616589069366,-288.6590576171875,-5.571284770965576,-365.725830078125
42.27875169998151,1,15.3929524999985,54.78571319580078,1.0,0.0,0.6039489507675171,4197,2,0.16375333070755005,-288.5074157714844,-5.570088863372803,-365.73297119140625
42.28963279997697,1,15.403833599993959,54.89486312866211,1.0,0.0,0.600744366645813,4142,2,0.16378051042556763,-288.35552978515625,-5.568900108337402,-365.7388916015625
42.30037699997774,1,15.414577799994731,55.02566146850586,1.0,0.0,0.6000568866729736,3962,2,0.163807675242424,-288.24139404296875,-5.568017482757568,-365.7425231933594
42.31137239999953,1,15.425573200016515,55.112464904785156,1.0,0.0,0.5944429636001587,3767,2,0.1638348400592804,-288.0507507324219,-5.566561222076416,-365.7471008300781
42.32217969998601,1,15.436380500002997,55.18618392944336,1.0,0.0,0.5901841521263123,3659,2,0.16386201977729797,-287.9361267089844,-5.565719127655029,-365.7489929199219
42.33316699997522,1,15.447367799992207,55.251895904541016,1.0,0.0,0.5835316777229309,3772,2,0.16391636431217194,-287.5914611816406,-5.563405513763428,-365.750732421875
42.3441222999827,1,15.458323099999689,55.28099060058594,1.0,0.0,0.5801246166229248,3971,2,0.16394352912902832,-287.4764099121094,-5.562727451324463,-365.7499694824219
42.35518509999383,1,15.46938590001082,55.33112716674805,1.0,0.0,0.575140118598938,4127,2,0.1639706939458847,-287.3228759765625,-5.561892509460449,-365.7479553222656
42.366301499976544,1,15.480502299993532,55.439735412597656,1.0,0.0,0.5700393915176392,4207,2,0.16399787366390228,-287.1692810058594,-5.561131477355957,-365.7446594238281
42.37776779997512,1,15.491968599992106,55.54651641845703,1.0,0.0,0.5690014958381653,4184,2,0.16402503848075867,-287.0155029296875,-5.560426235198975,-365.74017333984375
42.388555299985455,1,15.502756100002443,55.684696197509766,1.0,0.0,0.5645855665206909,4048,2,0.16402503848075867,-286.9000244140625,-5.559908390045166,-365.7359924316406
42.399406699987594,1,15.513607500004582,55.775657653808594,1.0,0.0,0.5620748996734619,3890,2,0.16407938301563263,-286.5914001464844,-5.5584821701049805,-365.7213439941406
42.410280499985674,1,15.524481300002662,55.85560607910156,1.0,0.0,0.5580101609230042,3734,2,0.164106547832489,-286.4367980957031,-5.557706356048584,-365.7120666503906
42.42127039999468,1,15.53547120001167,55.9031982421875,1.0,0.0,0.5551690459251404,3767,2,0.1641337275505066,-286.28204345703125,-5.5568742752075195,-365.7014465332031
42.43227689998457,1,15.54647770000156,55.939090728759766,1.0,0.0,0.1782311201095581,3926,2,0.16416089236736298,-286.1272888183594,-5.55598258972168,-365.68951416015625
42.442994499986526,1,15.557195300003514,56.0391960144043,1.0,0.0,0.32730334997177124,4144,2,0.16418805718421936,-285.9725036621094,-5.555047512054443,-365.67620849609375
42.45439569998416,1,15.56859650000115,56.1191291809082,1.0,0.0,-0.11040150374174118,4251,2,0.16421522200107574,-285.81768798828125,-5.554038047790527,-365.66192626953125
42.465327599988086,1,15.579528400005074,56.32907485961914,1.0,0.0,-0.16646774113178253,4288,2,0.16424238681793213,-285.66265869140625,-5.55293083190918,-365.6468200683594
42.47638769997866,1,15.590588499995647,56.50034713745117,1.0,0.0,-0.2736591100692749,4292,2,0.1642695516347885,-285.5462341308594,-5.552064895629883,-365.6352233886719
42.48748329997761,1,15.6016840999946,56.66083526611328,1.0,0.0,-0.3345864713191986,4290,2,0.1643238663673401,-285.2344665527344,-5.549936294555664,-365.60418701171875
42.49893449997762,1,15.61313529999461,56.87398910522461,1.0,0.0,-0.42696860432624817,4307,2,0.16435103118419647,-285.0779113769531,-5.548969745635986,-365.5887145996094
42.509794999990845,1,15.623995800007833,57.04692459106445,1.0,0.0,-0.4651658535003662,4347,2,0.16437819600105286,-284.9208679199219,-5.548111915588379,-365.5733337402344
42.52083080000011,1,15.6350316000171,57.26776123046875,1.0,0.0,-0.5249508023262024,4307,2,0.16440536081790924,-284.7633056640625,-5.547398090362549,-365.5581359863281
42.53225289998227,1,15.646453699999256,57.4499397277832,1.0,0.0,-0.5474177002906799,4165,2,0.16443251073360443,-284.6052551269531,-5.546839237213135,-365.5430603027344
42.54301759999362,1,15.657218400010606,57.67271423339844,1.0,0.0,-0.5806589722633362,3956,2,0.16445967555046082,-284.4466857910156,-5.546438217163086,-365.52813720703125
42.554070499987574,1,15.668271300004562,57.869136810302734,1.0,0.0,-0.5923566222190857,3940,2,0.1644868403673172,-284.2876281738281,-5.546178817749023,-365.51324462890625
42.56523459998425,1,15.679435400001239,58.06669235229492,1.0,0.0,-0.6026706695556641,4106,2,0.16454115509986877,-283.9678955078125,-5.546001434326172,-365.4835205078125
42.576256999978796,1,15.690457799995784,58.29084014892578,0.8705883026123047,0.0,-0.6218266487121582,4285,2,0.16456831991672516,-283.84747314453125,-5.545981407165527,-365.4722900390625
42.587227099982556,1,15.701427899999544,58.52910614013672,0.8705883026123047,0.0,-0.6178321242332458,4339,2,0.16459548473358154,-283.68646240234375,-5.545933723449707,-365.4573059082031
42.59788609997486,1,15.712086899991846,58.868526458740234,0.0,0.0,-0.6409221887588501,3915,2,0.16462264955043793,-283.5248107910156,-5.5457940101623535,-365.4423522949219
42.60893779998878,1,15.723138600005768,59.09882736206055,0.0,0.0,-0.6552042961120605,3537,2,0.16464979946613312,-283.3624267578125,-5.545506000518799,-365.4276123046875
42.6196114999766,1,15.733812299993588,59.21799087524414,0.0,0.0,-0.6839854717254639,3305,2,0.1646769642829895,-283.2401428222656,-5.545163154602051,-365.4167785644531
42.63044660000014,1,15.74464740001713,59.25160598754883,0.0,0.0,-0.7033244967460632,3181,2,0.1647041290998459,-283.03558349609375,-5.544326305389404,-365.3992614746094
42.641081299982034,1,15.755282099999022,59.19720458984375,0.0,0.0,-0.6847052574157715,3181,2,0.16473129391670227,-282.9125671386719,-5.543673038482666,-365.3891906738281
42.65209909999976,1,15.766299900016747,59.10951232910156,0.0,0.0,-0.6766919493675232,3233,2,0.16478560864925385,-282.5434875488281,-5.541301250457764,-365.3616027832031
42.663054199976614,1,15.777254999993602,58.96646499633789,0.0,0.0,-0.6663691401481628,3335,2,0.16481277346611023,-282.4206237792969,-5.540434837341309,-365.3533935546875
42.674143699987326,1,15.788344500004314,58.83443069458008,0.0,0.0,-0.6623957753181458,3426,2,0.1648399382829666,-282.25701904296875,-5.539257049560547,-365.3432922363281
42.68548149999697,1,15.799682300013956,58.70366287231445,0.0,0.0,-0.6573596596717834,3512,2,0.1648670881986618,-282.0937194824219,-5.538079738616943,-365.3341979980469
42.696222300000954,1,15.810423100017942,58.54426574707031,0.0,0.0,-0.6473649740219116,3601,2,0.1648942530155182,-281.93072509765625,-5.536914825439453,-365.3262023925781
42.70727229997283,1,15.821473099989817,58.42095184326172,0.0,0.0,-0.6419762372970581,3656,2,0.16492141783237457,-281.76800537109375,-5.535763740539551,-365.3193054199219
42.71801319997758,1,15.832213999994565,58.27206802368164,0.0,0.0,-0.6308763027191162,3715,2,0.16494858264923096,-281.6056213378906,-5.534613609313965,-365.3135986328125
42.72894799997448,1,15.843148799991468,58.15858459472656,0.0,0.0,-0.6262370347976685,3753,2,0.16497573256492615,-281.44354248046875,-5.533461570739746,-365.3091125488281
42.740061399992555,1,15.854262200009543,58.0523796081543,0.0,0.0,-0.6196305155754089,3779,2,0.16503006219863892,-281.1202697753906,-5.531102180480957,-365.3039245605469
42.75128009999753,1,15.865480900014518,57.93273162841797,0.0,0.0,-0.6175525784492493,3790,2,0.1650572270154953,-280.99932861328125,-5.5301899909973145,-365.30328369140625
42.76255049998872,1,15.876751300005708,57.849037170410156,0.0,0.0,-0.6154820919036865,3784,2,0.1650843620300293,-280.83831787109375,-5.528947353363037,-365.3035888671875
42.77357389999088,1,15.887774700007867,57.75698471069336,0.0,0.0,-0.6158062219619751,3761,2,0.1651115119457245,-280.63739013671875,-5.52735710144043,-365.3058166503906
42.78454919997603,1,15.898749999993015,57.692317962646484,0.0,0.0,-0.6180090308189392,3735,2,0.1651386320590973,-280.51702880859375,-5.526398658752441,-365.3081359863281
42.795423599978676,1,15.909624399995664,57.616519927978516,0.0,0.0,-0.620059609413147,3699,2,0.16516578197479248,-280.3567199707031,-5.525122165679932,-365.3124084472656
42.80648059997475,1,15.920681399991736,57.55555725097656,0.0,0.0,-0.6249515414237976,3673,2,0.16519290208816528,-280.1966247558594,-5.523868560791016,-365.3179931640625
42.81770879999385,1,15.93190960001084,57.4928092956543,0.0,0.0,-0.6283022165298462,3652,2,0.16522005200386047,-280.0367431640625,-5.522658824920654,-365.3249206542969
42.82880479999585,1,15.943005600012839,57.40762710571289,0.0,0.0,-0.6348980665206909,3634,2,0.16527432203292847,-279.71771240234375,-5.520400047302246,-365.3427734375
42.83974959998159,1,15.953950399998575,57.333187103271484,0.0,0.0,-0.6373505592346191,3628,2,0.16530144214630127,-279.5586242675781,-5.519343376159668,-365.35369873046875
42.85073419997934,1,15.96493499999633,57.22957992553711,0.0,0.0,-0.6309642791748047,3627,2,0.16532859206199646,-279.4394836425781,-5.518581390380859,-365.36279296875
42.86176139998133,1,15.975962199998321,57.14142608642578,0.0,0.0,-0.6258951425552368,3632,2,0.16535571217536926,-279.2413330078125,-5.517339706420898,-365.3796691894531
42.873157699999865,1,15.987358500016853,57.02743911743164,0.0,0.0,-0.6199436187744141,3640,2,0.16538286209106445,-279.083251953125,-5.516356945037842,-365.39471435546875
42.88375049998285,1,15.99795129999984,56.9331169128418,0.0,0.0,-0.6189141273498535,3646,2,0.16540998220443726,-278.9649353027344,-5.515615463256836,-365.4069519042969
42.89471679998678,1,16.00891760000377,56.83917236328125,0.0,0.0,-0.6159113645553589,3649,2,0.16543713212013245,-278.76824951171875,-5.514349937438965,-365.4290466308594
42.90576179997879,1,16.01996259999578,56.72304153442383,0.0,0.0,-0.6149685978889465,3649,2,0.16546425223350525,-278.6505432128906,-5.513559818267822,-365.4433898925781
42.91637999998056,1,16.03058079999755,56.63145446777344,0.0,0.0,-0.6156164407730103,3645,2,0.16549140214920044,-278.4940185546875,-5.512466907501221,-365.4637756347656
42.927204899984645,1,16.041405700001633,56.541656494140625,0.0,0.0,-0.6165589690208435,3638,2,0.16554567217826843,-278.1823425292969,-5.5101165771484375,-365.5087890625
42.93809439998586,1,16.052295200002845,56.43252182006836,0.0,0.0,-0.617013156414032,3625,2,0.16554567217826843,-278.1823425292969,-5.5101165771484375,-365.5087890625
42.94902549998369,1,16.06322630000068,56.3465576171875,0.0,0.0,-0.6171510219573975,3613,2,0.16559994220733643,-277.83392333984375,-5.507245063781738,-365.5661926269531
42.960085699975025,1,16.074286499992013,56.261844635009766,0.0,0.0,-0.6168168783187866,3601,2,0.16562706232070923,-277.7183532714844,-5.5062456130981445,-365.5869140625
42.971117299981415,1,16.085318099998403,56.157649993896484,0.0,0.0,-0.6156458854675293,3588,2,0.16565421223640442,-277.5646667480469,-5.504889011383057,-365.6157531738281
42.982070399972145,1,16.096271199989133,56.074806213378906,0.0,0.0,-0.6126632690429688,3579,2,0.16568133234977722,-277.3732604980469,-5.503171920776367,-365.6536865234375
42.99303859999054,1,16.10723940000753,55.97277069091797,0.0,0.0,-0.6077979207038879,3570,2,0.1657084822654724,-277.2587890625,-5.502139091491699,-365.6774597167969
43.00395529999514,1,16.11815610001213,55.89019775390625,0.0,0.0,-0.6050053834915161,3565,2,0.16573560237884521,-277.10662841796875,-5.500775337219238,-365.7103271484375
43.01486529997783,1,16.129066099994816,55.80710983276367,0.0,0.0,-0.6004937291145325,3562,2,0.1657627522945404,-276.91717529296875,-5.4991021156311035,-365.75323486328125
43.02588739999919,1,16.14008820001618,55.70133972167969,0.0,0.0,-0.5943255424499512,3559,2,0.1657898724079132,-276.80389404296875,-5.49812650680542,-365.77996826171875
43.03743249998661,1,16.151633300003596,55.615989685058594,0.0,0.0,-0.5940547585487366,3557,2,0.1658441424369812,-276.4659118652344,-5.495342254638672,-365.864501953125
43.04821280000033,1,16.162413600017317,55.50993347167969,0.0,0.0,-0.5918514132499695,3554,2,0.1658712923526764,-276.3539123535156,-5.4944610595703125,-365.89410400390625
43.05916929998784,1,16.17337010000483,55.425167083740234,0.0,0.0,-0.5895598530769348,3551,2,0.1658984124660492,-276.2050476074219,-5.493321418762207,-365.9347229003906
43.070389499975136,1,16.184590299992124,55.319541931152344,0.0,0.0,-0.589547872543335,3545,2,0.1658984124660492,-276.05682373046875,-5.492222785949707,-365.9765930175781
43.08145059997332,1,16.19565139999031,55.235103607177734,0.0,0.0,-0.5909111499786377,3539,2,0.165952667593956,-275.9091796875,-5.491163730621338,-366.01971435546875
43.09241449998808,1,16.20661530000507,55.1512336730957,0.0,0.0,-0.5918933153152466,3532,2,0.165952667593956,-275.7621765136719,-5.49014139175415,-366.06414794921875
43.103241299977526,1,16.217442099994514,55.04623031616211,0.0,0.0,-0.5904288291931152,3523,2,0.1659797728061676,-275.61578369140625,-5.489151477813721,-366.10980224609375
43.11436569999205,1,16.228566500009038,54.962364196777344,0.0,0.0,-0.5919222235679626,3515,2,0.1660068780183792,-275.4700622558594,-5.488186359405518,-366.1567687988281
43.12530009998591,1,16.239500900002895,54.877296447753906,0.0,0.0,-0.5934553742408752,3508,2,0.16603396832942963,-275.3249816894531,-5.487231254577637,-366.2049865722656
43.136204099981114,1,16.250404899998102,54.77056884765625,0.0,0.0,-0.5963669419288635,3500,2,0.16608816385269165,-275.03692626953125,-5.485299587249756,-366.3052978515625
43.147016399976565,1,16.261217199993553,54.684417724609375,0.0,0.0,-0.5978545546531677,3495,2,0.16608816385269165,-275.03692626953125,-5.485299587249756,-366.3052978515625
43.15782739999122,1,16.272028200008208,54.577674865722656,0.0,0.0,-0.6019315719604492,3488,2,0.16614237427711487,-274.7517395019531,-5.4832539558410645,-366.41082763671875
43.169105599983595,1,16.283306400000583,54.49279022216797,0.0,0.0,-0.6050973534584045,3484,2,0.16616946458816528,-274.6102600097656,-5.482173919677734,-366.4655456542969
43.17989279999165,1,16.294093600008637,54.4080810546875,0.0,0.0,-0.6076968312263489,3480,2,0.1661965698003769,-274.46954345703125,-5.481065273284912,-366.52154541015625
43.19079549997696,1,16.304996299993945,54.30229949951172,0.0,0.0,-0.611646831035614,3475,2,0.1662236750125885,-274.3295593261719,-5.479930400848389,-366.57879638671875
43.20197189997998,1,16.31617269999697,54.21949768066406,0.0,0.0,-0.6145409345626831,3471,2,0.16625076532363892,-274.19036865234375,-5.478791236877441,-366.63726806640625
43.21282219997374,1,16.32702299999073,54.11772537231445,0.0,0.0,-0.6176589727401733,3465,2,0.16627787053585052,-274.0519714355469,-5.477659702301025,-366.6969909667969
43.22373009999865,1,16.337930900015635,54.03663635253906,0.0,0.0,-0.6179872155189514,3460,2,0.16630496084690094,-273.914306640625,-5.476545333862305,-366.7579040527344
43.2349516999966,1,16.349152500013588,53.95635986328125,0.0,0.0,-0.6203822493553162,3455,2,0.16633206605911255,-273.7774353027344,-5.475462436676025,-366.8199768066406
43.24646460000076,1,16.36066540001775,53.85554504394531,0.0,0.0,-0.6230552792549133,3448,2,0.16635917127132416,-273.6413269042969,-5.474419116973877,-366.8832092285156
43.257140099973185,1,16.371340899990173,53.774314880371094,0.0,0.0,-0.6264544725418091,3442,2,0.16638626158237457,-273.3714904785156,-5.4724836349487305,-367.0130615234375
43.26841579997563,1,16.382616599992616,53.67368698120117,0.0,0.0,-0.6271080374717712,3435,2,0.16641336679458618,-273.2377624511719,-5.471589088439941,-367.07965087890625
43.27937799997744,1,16.39357879999443,53.59312057495117,0.0,0.0,-0.63095623254776,3430,2,0.1664404720067978,-273.1048583984375,-5.470739364624023,-367.14739990234375
43.29014849997475,1,16.404349299991736,53.512107849121094,0.0,0.0,-0.6340553760528564,3424,2,0.1664675623178482,-272.9727783203125,-5.469930171966553,-367.21624755859375
43.30109939997783,1,16.415300199994817,53.41046905517578,0.0,0.0,-0.6378691792488098,3419,2,0.16649466753005981,-272.8415222167969,-5.469157695770264,-367.28619384765625
43.312220199994044,1,16.426421000011032,53.33002471923828,0.0,0.0,-0.638805091381073,3414,2,0.16652175784111023,-272.67864990234375,-5.468235492706299,-367.3752136230469
43.32295489998069,1,16.437155699997675,53.22842788696289,0.0,0.0,-0.642379879951477,3409,2,0.16654886305332184,-272.58160400390625,-5.467701435089111,-367.429443359375
43.33420009998372,1,16.448400900000706,53.147212982177734,0.0,0.0,-0.6454929113388062,3405,2,0.16657596826553345,-272.45294189453125,-5.467004299163818,-367.502685546875
43.34538689997862,1,16.45958769999561,53.04563522338867,0.0,0.0,-0.6492102742195129,3400,2,0.16660305857658386,-272.2933654785156,-5.466153621673584,-367.5958251953125
43.356047499983106,1,16.470248300000094,52.96529769897461,0.0,0.0,-0.6498271822929382,3395,2,0.16663016378879547,-272.19830322265625,-5.46565055847168,-367.6524963378906
43.36684089998016,1,16.48104169999715,52.885005950927734,0.0,0.0,-0.652745246887207,3391,2,0.16665726900100708,-272.0723571777344,-5.464986324310303,-367.72900390625
43.377760899980785,1,16.491961699997773,52.78522491455078,0.0,0.0,-0.6569291949272156,3385,2,0.1666843593120575,-271.8232116699219,-5.463681221008301,-367.88525390625
43.38877779999166,1,16.502978600008646,52.70530700683594,0.0,0.0,-0.6577980518341064,3380,2,0.1667114645242691,-271.7000427246094,-5.463037967681885,-367.9649353027344
43.39951699998346,1,16.51371780000045,52.62604522705078,0.0,0.0,-0.6617175936698914,3375,2,0.16673855483531952,-271.5473937988281,-5.462244987487793,-368.0660095214844
43.41062629999942,1,16.52482710001641,52.52659606933594,0.0,0.0,-0.6655372977256775,3368,2,0.16676566004753113,-271.4565124511719,-5.4617767333984375,-368.1274108886719
43.42166919997544,1,16.53586999999243,52.446441650390625,0.0,0.0,-0.6704644560813904,3363,2,0.16679276525974274,-271.336181640625,-5.461158752441406,-368.2101745605469
43.432858199987095,1,16.547059000004083,52.347434997558594,0.0,0.0,-0.6719744205474854,3357,2,0.16681988537311554,-271.1871643066406,-5.460393905639648,-368.3150634765625
43.44387699998333,1,16.55807780000032,52.267852783203125,0.08627451211214066,0.0,-0.6778109669685364,3362,2,0.16684702038764954,-271.0984802246094,-5.459935665130615,-368.37872314453125
43.454596999974456,1,16.568797799991444,52.19367980957031,0.24313727021217346,0.0,-0.6817642450332642,3447,2,0.16687417030334473,-270.9810791015625,-5.459317207336426,-368.4645080566406
43.46567109998432,1,16.579871900001308,52.09022903442383,0.34117648005485535,0.0,-0.6860077977180481,3659,2,0.16690130531787872,-270.8357849121094,-5.458530426025391,-368.5731201171875
43.476834499975666,1,16.591035299992654,52.025177001953125,0.4941176772117615,0.0,-0.6859161257743835,3837,2,0.16690130531787872,-270.74932861328125,-5.4580512046813965,-368.6390075683594
43.48788639999111,1,16.6020872000081,51.97981262207031,0.7137255072593689,0.0,-0.6873210668563843,4104,2,0.1669555902481079,-270.4933776855469,-5.456623077392578,-368.83990478515625
43.49878019999596,1,16.61298100001295,51.984710693359375,0.7137255072593689,0.0,-0.6882190704345703,4226,2,0.1669827252626419,-270.4091491699219,-5.45615816116333,-368.907958984375
43.509538599988446,1,16.623739400005434,52.075599670410156,0.7921569347381592,0.0,-0.686464786529541,4134,2,0.1670098751783371,-270.29754638671875,-5.455549716949463,-368.9996032714844
43.52095069998177,1,16.635151499998756,52.24115753173828,0.8509804606437683,0.0,-0.6740540862083435,3812,2,0.1670370101928711,-270.1590576171875,-5.454787254333496,-369.1156921386719
43.53177129998221,1,16.6459720999992,52.358760833740234,0.8509804606437683,0.0,-0.6695597767829895,3565,2,0.1670641452074051,-270.07635498046875,-5.454319000244141,-369.18621826171875
43.542836599983275,1,16.657037400000263,52.47063064575195,0.8862745761871338,0.0,-0.6674556136131287,3361,2,0.1670641452074051,-269.9665222167969,-5.453670024871826,-369.2812805175781
43.55389769998146,1,16.66809849999845,52.52833557128906,0.8901961445808411,0.0,-0.6690238118171692,3418,2,0.16711843013763428,-269.8301086425781,-5.452832221984863,-369.4017028808594
43.56448499998078,1,16.678685799997766,52.551422119140625,0.8980392813682556,0.0,-0.6748358607292175,3605,2,0.16711843013763428,-269.748779296875,-5.452320575714111,-369.47479248046875
43.575529699999606,1,16.689730500016594,52.5892219543457,0.8980392813682556,0.0,-0.676579475402832,3837,2,0.16714558005332947,-269.6409912109375,-5.451638221740723,-369.5731506347656
43.58640219998779,1,16.700603000004776,52.65270233154297,0.8980392813682556,0.0,-0.6728410124778748,3932,2,0.16719985008239746,-269.42791748046875,-5.450312614440918,-369.77288818359375
43.597241599985864,1,16.711442400002852,52.75243377685547,0.8980392813682556,0.0,-0.6508108377456665,4025,2,0.16719985008239746,-269.42791748046875,-5.450312614440918,-369.77288818359375
43.60829029997694,1,16.72249109999393,52.898658752441406,0.8941177129745483,0.0,-0.5009183883666992,3946,2,0.16725413501262665,-269.2178955078125,-5.44905424118042,-369.976806640625
43.61954679997871,1,16.733747599995695,53.03592300415039,0.8941177129745483,0.0,-0.5456680059432983,3814,2,0.16725413501262665,-269.1138916015625,-5.448423862457275,-370.0804138183594
43.63039179999032,1,16.74459260000731,53.17552947998047,0.8823530077934265,0.0,-0.5010663270950317,3650,2,0.16728128492832184,-269.01043701171875,-5.447772026062012,-370.1850891113281
43.64122309998493,1,16.755423900001915,53.283145904541016,0.874509871006012,0.0,-0.4928218126296997,3606,2,0.16730841994285583,-268.90753173828125,-5.447070121765137,-370.2908020019531
43.65222629997879,1,16.76642709999578,53.37733459472656,0.874509871006012,0.0,-0.5076451897621155,3687,2,0.16733555495738983,-268.8052673339844,-5.446364402770996,-370.3975524902344
43.663015699974494,1,16.777216499991482,53.46828079223633,0.874509871006012,0.0,-0.4008641839027405,3898,2,0.16736270487308502,-268.70361328125,-5.445650100708008,-370.5052490234375
43.673773099988466,1,16.787973900005454,53.590763092041016,0.874509871006012,0.0,-0.36760225892066956,3956,2,0.16738983988761902,-268.5775146484375,-5.444772720336914,-370.6412353515625
43.68483249997371,1,16.799033299990697,53.735084533691406,0.8823530077934265,0.0,-0.3887680768966675,3979,2,0.1674169898033142,-268.5022888183594,-5.444255352020264,-370.7234802246094
43.69563639999251,1,16.809837200009497,53.92352294921875,0.8784314393997192,0.0,-0.3684481084346771,3979,2,0.1674441248178482,-268.4023742675781,-5.443541526794434,-370.8338928222656
43.70658589998493,1,16.820786700001918,54.08620834350586,0.8784314393997192,0.0,-0.36215659976005554,3963,2,0.1674712598323822,-268.27813720703125,-5.4426045417785645,-370.9732360839844
43.71761899997364,1,16.831819799990626,54.25904846191406,0.8784314393997192,0.0,-0.3523963987827301,3947,2,0.1674984097480774,-268.1792297363281,-5.441843032836914,-371.0858154296875
43.728662899986375,1,16.842863700003363,54.47519302368164,0.8784314393997192,0.0,-0.34841904044151306,3937,2,0.16755269467830658,-267.9826354980469,-5.440242290496826,-371.3138427734375
43.73967909999192,1,16.853879900008906,54.65007019042969,0.8784314393997192,0.0,-0.3399936556816101,3938,2,0.16757982969284058,-267.8849792480469,-5.4394097328186035,-371.4293518066406
43.75095089999377,1,16.865151700010756,54.86871337890625,0.8823530077934265,0.0,-0.33080947399139404,3949,2,0.16760696470737457,-267.78778076171875,-5.43855619430542,-371.5458679199219
43.76203990000067,1,16.87624070001766,55.046390533447266,0.8823530077934265,0.0,-0.33921971917152405,3963,2,0.16760696470737457,-267.6910095214844,-5.437684059143066,-371.6633605957031
43.773149699991336,1,16.887350500008324,55.26013946533203,0.8784314393997192,0.0,-0.32935473322868347,3960,2,0.16763411462306976,-267.5947265625,-5.436783313751221,-371.78192138671875
43.784166699973866,1,16.898367499990854,55.43423843383789,0.8823530077934265,0.0,-0.3334314525127411,3952,2,0.16766124963760376,-267.4989318847656,-5.435853481292725,-371.9014587402344
43.79535809997469,1,16.90955889999168,55.60661697387695,0.8823530077934265,0.0,-0.33495384454727173,3941,2,0.16768841445446014,-267.40362548828125,-5.434910774230957,-372.02203369140625
43.80615899999975,1,16.92035980001674,55.822147369384766,0.8823530077934265,0.0,-0.33900654315948486,3945,2,0.16771557927131653,-267.3088684082031,-5.433932781219482,-372.14361572265625
43.816909299988765,1,16.931110100005753,55.994808197021484,0.8823530077934265,0.0,-0.34064197540283203,3973,2,0.1677427440881729,-267.21466064453125,-5.432906150817871,-372.2662353515625
43.82777919998625,1,16.94198000000324,56.222259521484375,0.8823530077934265,0.0,-0.3299182653427124,4025,2,0.1677699089050293,-267.09771728515625,-5.4315409660339355,-372.4210205078125
43.83874300000025,1,16.952943800017238,56.40478515625,0.8941177129745483,0.0,-0.3359086513519287,4071,2,0.16779707372188568,-267.0048522949219,-5.430373668670654,-372.5460205078125
43.849847099976614,1,16.964047899993602,56.584842681884766,0.9098039865493774,0.0,-0.3369443416595459,4089,2,0.16782423853874207,-266.9355773925781,-5.42944860458374,-372.6404724121094
43.86097219999647,1,16.975173000013456,56.840450286865234,0.9333333969116211,0.0,-0.3231041431427002,4146,2,0.16787856817245483,-266.7297058105469,-5.426385402679443,-372.92730712890625
43.87191299998085,1,16.986113799997838,57.057838439941406,0.988235354423523,0.0,-0.3288567066192627,4151,2,0.16787856817245483,-266.7297058105469,-5.426385402679443,-372.92730712890625
43.88325349998195,1,16.997454299998935,57.3254280090332,1.0,0.0,-0.3155876696109772,4157,2,0.1679328978061676,-266.5489501953125,-5.423312664031982,-373.186767578125
43.89413109997986,1,17.008331899996847,57.548126220703125,1.0,0.0,-0.32244884967803955,4131,2,0.167960062623024,-266.45928955078125,-5.421658992767334,-373.3180847167969
43.905137199995806,1,17.019338000012795,57.767574310302734,1.0,0.0,-0.3222578167915344,4116,2,0.16798724234104156,-266.3700866699219,-5.419942378997803,-373.450439453125
43.916142999980366,1,17.030343799997354,58.042396545410156,1.0,0.0,-0.32381707429885864,4115,2,0.16801440715789795,-266.2591857910156,-5.417720794677734,-373.6173400878906
43.92729359999066,1,17.04149440000765,58.266197204589844,1.0,0.0,-0.3245220184326172,4143,2,0.16804157197475433,-266.1929931640625,-5.41636323928833,-373.71826171875
43.93808279998484,1,17.05228360000183,58.542232513427734,1.0,0.0,-0.3257230818271637,4203,2,0.16806873679161072,-266.1051330566406,-5.4145283699035645,-373.85369873046875
43.948788599984255,1,17.062989400001243,58.76093673706055,1.0,0.0,-0.32628291845321655,4238,2,0.1680959016084671,-265.9958801269531,-5.412219047546387,-374.0244140625
43.96000409999397,1,17.074204900010955,58.98637771606445,1.0,0.0,-0.3264898657798767,4252,2,0.1681230664253235,-265.90899658203125,-5.4103803634643555,-374.1621398925781
43.97123070000089,1,17.085431500017876,59.273990631103516,1.0,0.0,-0.32530149817466736,4320,2,0.16815023124217987,-265.82257080078125,-5.4085693359375,-374.3008728027344
43.98222489998443,1,17.09642570000142,59.51089859008789,1.0,0.0,-0.32314369082450867,4286,2,0.16817739605903625,-265.7365417480469,-5.40678596496582,-374.4405822753906
43.99288069998147,1,17.107081499998458,59.800716400146484,1.0,0.0,-0.32110899686813354,4253,2,0.16820456087589264,-265.65093994140625,-5.405015468597412,-374.5813293457031
44.003542799997376,1,17.117743600014364,60.027366638183594,1.0,0.0,-0.3198259472846985,4239,2,0.16823172569274902,-265.5657653808594,-5.4032464027404785,-374.72308349609375
44.01471109999693,1,17.128911900013918,60.24995040893555,1.0,0.0,-0.3180553615093231,4236,2,0.1682589054107666,-265.4599304199219,-5.401035308837891,-374.9017028808594
44.02573179997853,1,17.139932599995518,60.519493103027344,1.0,0.0,-0.3176392912864685,4288,2,0.16828607022762299,-265.37579345703125,-5.39924955368042,-375.0457458496094
44.0367173999839,1,17.150918200000888,60.731693267822266,1.0,0.0,-0.315042644739151,4399,2,0.16831323504447937,-265.31298828125,-5.397897243499756,-375.1544189453125
44.04748599999584,1,17.16168680001283,60.946346282958984,1.0,0.0,-0.31232672929763794,4413,2,0.16839472949504852,-265.1263427734375,-5.393809795379639,-375.4837341308594
44.058727600000566,1,17.172928400017554,61.22234344482422,1.0,0.0,-0.3164345920085907,4380,2,0.1684218943119049,-265.0442199707031,-5.391981601715088,-375.6316833496094
44.0700278999866,1,17.184228700003587,61.43812561035156,1.0,0.0,-0.32806670665740967,4393,2,0.1684490591287613,-264.9422302246094,-5.389686107635498,-375.8179931640625
44.08113059998141,1,17.195331399998395,61.70912551879883,1.0,0.0,-0.3193744122982025,4408,2,0.16847622394561768,-264.8612365722656,-5.387843132019043,-375.9681091308594
44.09189419998438,1,17.20609500000137,61.92241668701172,1.0,0.0,-0.31776148080825806,4416,2,0.16850338876247406,-264.7807922363281,-5.38600492477417,-376.11920166015625
44.1034824999806,1,17.21768329999759,62.18234634399414,1.0,0.0,-0.31383979320526123,4438,2,0.16853055357933044,-264.70086669921875,-5.384184837341309,-376.271240234375
44.11438179999823,1,17.228582600015216,62.385154724121094,1.0,0.0,-0.312662273645401,4463,2,0.16855771839618683,-264.6214599609375,-5.382380485534668,-376.4242248535156
44.1251673999941,1,17.239368200011086,62.63414764404297,1.0,0.0,-0.30877885222435,4486,2,0.16858485341072083,-264.5426330566406,-5.380599021911621,-376.578125
44.13613859997713,1,17.250339399994118,62.83124923706055,1.0,0.0,-0.30656859278678894,4492,2,0.16863913834095,-264.44488525390625,-5.37841272354126,-376.7718200683594
44.14709980000043,1,17.26130060001742,63.02643585205078,1.0,0.0,-0.30615171790122986,4541,2,0.168666273355484,-264.3673400878906,-5.376690864562988,-376.92779541015625
44.15788879999309,1,17.272089600010077,63.27870178222656,1.0,0.0,-0.30389752984046936,4604,2,0.168666273355484,-264.3095703125,-5.37541389465332,-377.04534912109375
44.168730599980336,1,17.282931399997324,63.484222412109375,1.0,0.0,-0.3018491566181183,4579,2,0.1687205582857132,-264.21405029296875,-5.3733110427856445,-377.242431640625
44.179536099982215,1,17.293736899999203,63.689693450927734,1.0,0.0,-0.3018830418586731,4622,2,0.1687477082014084,-264.1383361816406,-5.371643543243408,-377.401123046875
44.190236299997196,1,17.304437100014184,63.95203399658203,1.0,0.0,-0.30141541361808777,4634,2,0.16877484321594238,-264.0632629394531,-5.369979381561279,-377.5607604980469
44.20115539999097,1,17.315356200007955,64.1611328125,1.0,0.0,-0.30083900690078735,4670,2,0.16880197823047638,-263.9703369140625,-5.367898941040039,-377.7616271972656
44.21223839998129,1,17.326439199998276,64.37487030029297,1.0,0.0,-0.29962506890296936,4766,2,0.16882912814617157,-263.9150695800781,-5.3666534423828125,-377.88287353515625
44.22319389999029,1,17.33739470000728,64.63898468017578,1.0,0.0,-0.2969680726528168,4706,2,0.16891054809093475,-263.7515563964844,-5.362920761108398,-378.2497253417969
44.234123599977465,1,17.348324399994453,64.85105895996094,1.0,0.0,-0.2953687012195587,4636,2,0.16893768310546875,-263.67999267578125,-5.361264228820801,-378.414306640625
44.245270099985646,1,17.359470900002634,65.10252380371094,1.0,0.0,-0.2938251793384552,4618,2,0.16896483302116394,-263.60906982421875,-5.359607219696045,-378.579833984375
44.25621189997764,1,17.37041269999463,65.29658508300781,1.0,0.0,-0.29201674461364746,4634,2,0.16899196803569794,-263.5389099121094,-5.357951641082764,-378.7462463378906
44.26722309997422,1,17.381423899991205,65.48650360107422,1.0,0.0,-0.29120421409606934,4649,2,0.16901911795139313,-263.4694519042969,-5.356292247772217,-378.91357421875
44.2782616999757,1,17.39246249999269,65.71528625488281,1.0,0.0,-0.28881263732910156,4694,2,0.16904625296592712,-263.4007873535156,-5.354613304138184,-379.0818176269531
44.28915319999214,1,17.40335400000913,65.88735961914062,1.0,0.0,-0.2881346344947815,4722,2,0.1691005378961563,-263.3161315917969,-5.352468967437744,-379.2933654785156
44.30062389999512,1,17.414824700012105,66.10690307617188,1.0,0.0,-0.2610398232936859,4734,2,0.1691276729106903,-263.2493591308594,-5.350697040557861,-379.46356201171875
44.31143939998583,1,17.425640200002817,66.27732849121094,1.0,0.0,-0.2708284258842468,4723,2,0.1691276729106903,-263.19989013671875,-5.349329471588135,-379.591796875
44.3222606999916,1,17.43646150000859,66.43601989746094,1.0,0.0,-0.24525059759616852,4696,2,0.1691819578409195,-263.1184997558594,-5.347004413604736,-379.8065490722656
44.33335719999741,1,17.447558000014396,66.62477111816406,1.0,0.0,-0.24011972546577454,4660,2,0.1692090928554535,-263.0543518066406,-5.345103740692139,-379.97930908203125
44.34440319999703,1,17.45860400001402,66.7665786743164,1.0,0.0,-0.23666630685329437,4659,2,0.16923624277114868,-262.9910583496094,-5.343196868896484,-380.1528015136719
44.35561479997705,1,17.469815599994035,66.93614196777344,1.0,0.0,-0.24325881898403168,4717,2,0.16929052770137787,-262.91314697265625,-5.340839862823486,-380.3707580566406
44.36681539998972,1,17.481016200006707,67.08062744140625,1.0,0.0,-0.2453533560037613,4865,2,0.16929052770137787,-262.8670349121094,-5.339460372924805,-380.5020446777344
44.37756619998254,1,17.491766999999527,67.23946380615234,1.0,0.0,-0.2331022322177887,5026,2,0.16934479773044586,-262.8063049316406,-5.33768892288208,-380.677734375
44.38875669997651,1,17.5029574999935,67.45730590820312,1.0,0.0,-0.2379671186208725,5048,2,0.16939908266067505,-262.6726989746094,-5.334081172943115,-381.07562255859375
44.39948889997322,1,17.51368969999021,67.6404037475586,1.0,0.0,-0.2365161031484604,4992,2,0.16942623257637024,-262.6146240234375,-5.3326568603515625,-381.25372314453125
44.41034469997976,1,17.524545499996748,67.87507629394531,1.0,0.0,-0.2346501499414444,4879,2,0.16945338249206543,-262.5572814941406,-5.331343650817871,-381.43255615234375
44.42144899998675,1,17.53564980000374,68.04924011230469,1.0,0.0,-0.23441120982170105,4834,2,0.169507697224617,-262.5007019042969,-5.330106735229492,-381.6122131347656
44.43258049999713,1,17.546781300014118,68.20498657226562,1.0,0.0,-0.23492386937141418,4793,2,0.1695348471403122,-262.4449462890625,-5.328920364379883,-381.7926330566406
44.44346729997778,1,17.55766809999477,68.37810516357422,1.0,0.0,-0.227737694978714,4826,2,0.16956199705600739,-262.3901062011719,-5.327753067016602,-381.97381591796875
44.45491099997889,1,17.56911179999588,68.5003890991211,1.0,0.0,-0.2274845987558365,4873,2,0.16958916187286377,-262.33624267578125,-5.326597213745117,-382.15570068359375
44.465824799990514,1,17.580025600007502,68.64085388183594,1.0,0.0,-0.22631609439849854,4921,2,0.16961631178855896,-262.2833557128906,-5.325428009033203,-382.3382568359375
44.47688509998261,1,17.591085899999598,68.73604583740234,1.0,0.0,-0.2260468602180481,4887,2,0.16967061161994934,-262.21875,-5.323912143707275,-382.5673828125
44.48787159999483,1,17.60207240001182,68.82882690429688,1.0,0.0,-0.2263064980506897,4764,2,0.16969777643680573,-262.1807861328125,-5.322959899902344,-382.7052917480469
44.49841929998365,1,17.61262010000064,68.87309265136719,1.0,0.0,-0.22773563861846924,4627,2,0.16972492635250092,-262.1311950683594,-5.321625709533691,-382.88970947265625
44.50932519999333,1,17.623526000010315,68.8996353149414,1.0,0.0,-0.23183642327785492,4581,2,0.1697520762681961,-262.07086181640625,-5.319838523864746,-383.1209411621094
44.52046089997748,1,17.634661699994467,68.90691375732422,1.0,0.0,-0.23411442339420319,4711,2,0.1697792261838913,-262.02392578125,-5.318333148956299,-383.306396484375
44.531241499993484,1,17.645442300010473,68.9282455444336,1.0,0.0,-0.23236703872680664,5046,2,0.16986069083213806,-261.9336242675781,-5.315267086029053,-383.6783752441406
44.54235359997256,1,17.656554399989545,68.99178314208984,1.0,0.0,-0.2281072586774826,5248,2,0.16988784074783325,-261.8902282714844,-5.313775062561035,-383.8648681640625
44.55326819999027,1,17.66746900000726,69.11431121826172,1.0,0.0,-0.22054573893547058,5373,2,0.16991500556468964,-261.84796142578125,-5.312350749969482,-384.0517578125
44.56439479999244,1,17.67859560000943,69.24593353271484,1.0,0.0,-0.21764890849590302,5333,2,0.16994215548038483,-261.80670166015625,-5.311020851135254,-384.2391357421875
44.575471499993,1,17.68967230000999,69.43526458740234,1.0,0.0,-0.2161877453327179,5132,2,0.16996930539608002,-261.76641845703125,-5.3097825050354,-384.42706298828125
44.58664389999467,1,17.700844700011658,69.58594512939453,1.0,0.0,-0.21763993799686432,4946,2,0.1700236201286316,-261.72698974609375,-5.308653354644775,-384.6155700683594
44.59727219998604,1,17.711473000003025,69.72500610351562,1.0,0.0,-0.22057117521762848,4842,2,0.17005077004432678,-261.68841552734375,-5.307668685913086,-384.8047180175781
44.60809129997506,1,17.722292099992046,69.89115142822266,1.0,0.0,-0.2285284399986267,4927,2,0.17007791996002197,-261.65069580078125,-5.306850433349609,-384.99444580078125
44.618944599991664,1,17.733145400008652,70.01890563964844,1.0,0.0,-0.23206862807273865,5092,2,0.17010506987571716,-261.61383056640625,-5.306210517883301,-385.1847229003906
44.629933999996865,1,17.744134800013853,70.15542602539062,1.0,0.0,-0.23895785212516785,5224,2,0.17015938460826874,-261.5691223144531,-5.305653095245361,-385.4233703613281
44.640671499975724,1,17.754872299992712,70.36553955078125,1.0,0.0,-0.2278173565864563,5298,2,0.17018653452396393,-261.5430603027344,-5.305412292480469,-385.56695556640625
44.65162589997635,1,17.76582669999334,70.55731201171875,1.0,0.0,-0.2347581684589386,5288,2,0.17021368443965912,-261.5092468261719,-5.305153846740723,-385.7589416503906
44.66269729999476,1,17.77689810001175,70.75257873535156,1.0,0.0,-0.22198151051998138,5225,2,0.1702679991722107,-261.43695068359375,-5.304720401763916,-386.193359375
44.6742663999903,1,17.78846720000729,70.98387908935547,1.0,0.0,-0.21572968363761902,5092,2,0.17029516398906708,-261.4139709472656,-5.3046088218688965,-386.3389587402344
44.68523619999178,1,17.799437000008766,71.14602661132812,1.0,0.0,-0.2124055027961731,4991,2,0.17034950852394104,-261.3769836425781,-5.304387092590332,-386.58245849609375
44.69609599999967,1,17.81029680001666,71.319580078125,1.0,0.0,-0.19691142439842224,4934,2,0.17037668824195862,-261.3486328125,-5.304132461547852,-386.7779846191406
44.70703809999395,1,17.82123890001094,71.44063568115234,1.0,0.0,-0.19286122918128967,4975,2,0.170403853058815,-261.32818603515625,-5.303882122039795,-386.9250183105469
44.71816399999079,1,17.83236480000778,71.58124542236328,1.0,0.0,-0.18156619369983673,5094,2,0.17043103277683258,-261.295654296875,-5.303323745727539,-387.17071533203125
44.72886639999342,1,17.84306720001041,71.69923400878906,1.0,0.0,-0.16050657629966736,5194,2,0.17048537731170654,-261.2709655761719,-5.3027448654174805,-387.3678283691406
44.73975729997619,1,17.85395809999318,71.82447052001953,1.0,0.0,-0.16084414720535278,5267,2,0.17051255702972412,-261.2532043457031,-5.30223274230957,-387.5159606933594
44.75087609997718,1,17.865076899994165,72.0008316040039,1.0,0.0,-0.15379434823989868,5287,2,0.1705397218465805,-261.2250061035156,-5.30125093460083,-387.7633972167969
44.761602099984884,1,17.875802900001872,72.15958404541016,1.0,0.0,-0.14911118149757385,5264,2,0.17056690156459808,-261.2036437988281,-5.300378322601318,-387.9619140625
44.77251260000048,1,17.88671340001747,72.33128356933594,1.0,0.0,-0.13870485126972198,5248,2,0.17062124609947205,-261.18328857421875,-5.299439430236816,-388.1609191894531
44.78317679997417,1,17.89737759999116,72.53721618652344,1.0,0.0,-0.1455610990524292,5279,2,0.1706756055355072,-261.1456298828125,-5.297472953796387,-388.5606384277344
44.79402659999323,1,17.90822740001022,72.68136596679688,1.0,0.0,-0.1479911357164383,5290,2,0.1706756055355072,-261.1456298828125,-5.297472953796387,-388.5606384277344
44.80512249999447,1,17.919323300011456,72.83114624023438,1.0,0.0,-0.16120611131191254,5256,2,0.17072995007038116,-261.1119079589844,-5.295632839202881,-388.9624938964844
44.81585059998906,1,17.93005140000605,73.02963256835938,1.0,0.0,-0.15572680532932281,5197,2,0.17078429460525513,-261.0965576171875,-5.294881343841553,-389.1641540527344
44.827067799982615,1,17.941268599999603,73.19935607910156,1.0,0.0,-0.16110068559646606,5215,2,0.1708114743232727,-261.08221435546875,-5.2942304611206055,-389.3663635253906
44.83813530000043,1,17.95233610001742,73.3946762084961,1.0,0.0,-0.1694130152463913,5310,2,0.1708386391401291,-261.0690002441406,-5.29364013671875,-389.5690612792969
44.8492486999894,1,17.96344950000639,73.55158233642578,1.0,0.0,-0.17212896049022675,5370,2,0.17086581885814667,-261.0569763183594,-5.293063163757324,-389.7723083496094
44.86000519999652,1,17.97420600001351,73.72035217285156,1.0,0.0,-0.1727188229560852,5396,2,0.17092016339302063,-261.0461730957031,-5.292449474334717,-389.97607421875
44.87123649998102,1,17.98543729999801,73.93079376220703,1.0,0.0,-0.17075350880622864,5460,2,0.1709473431110382,-261.03668212890625,-5.2917585372924805,-390.1803283691406
44.88208399998257,1,17.996284799999557,74.0976333618164,1.0,0.0,-0.16819436848163605,5410,2,0.1709745079278946,-261.0284729003906,-5.290956974029541,-390.3851318359375
44.892884899978526,1,18.007085699995514,74.28558349609375,1.0,0.0,-0.1633087396621704,5270,2,0.17102886736392975,-261.0215759277344,-5.290037631988525,-390.5904235839844
44.90402969997376,1,18.01823049999075,74.40292358398438,1.0,0.0,-0.15008188784122467,5106,2,0.1710832118988037,-261.0116271972656,-5.28786039352417,-391.0024719238281
44.915094600000884,1,18.029295400017872,74.48416137695312,1.0,0.0,-0.14315418899059296,4947,2,0.1711103916168213,-261.0091857910156,-5.286955833435059,-391.15740966796875
44.92583619998186,1,18.040036999998847,74.54978942871094,1.0,0.0,-0.13385091722011566,4904,2,0.17116475105285645,-261.0066833496094,-5.285395622253418,-391.41595458984375
44.937116499990225,1,18.051317300007213,74.59162139892578,1.0,0.0,-0.11131419241428375,5052,2,0.17119194567203522,-261.00604248046875,-5.284134864807129,-391.62298583984375
44.94802789998357,1,18.06222870000056,74.66405487060547,1.0,0.0,-0.12215399742126465,5367,2,0.171219140291214,-261.00634765625,-5.283196926116943,-391.7783203125
44.958739499998046,1,18.072940300015034,74.7342300415039,1.0,0.0,-0.09739457815885544,5611,2,0.17127352952957153,-261.0083923339844,-5.281677722930908,-392.03741455078125
44.969773299992085,1,18.083974100009073,74.8445816040039,1.0,0.0,-0.08097159117460251,5747,2,0.1713007390499115,-261.0113525390625,-5.280496120452881,-392.2448425292969
44.98053539998364,1,18.094736200000625,75.0341567993164,1.0,0.0,-0.06454373896121979,5733,2,0.17132793366909027,-261.014404296875,-5.279633045196533,-392.40057373046875
44.991998899989994,1,18.106199700006982,75.20687103271484,1.0,0.0,-0.0490562841296196,5622,2,0.17138232290744781,-261.02557373046875,-5.27729606628418,-392.8167419433594
45.00297399997362,1,18.117174799990607,75.42794799804688,1.0,0.0,-0.05608107149600983,5425,2,0.17138232290744781,-261.02557373046875,-5.27729606628418,-392.8167419433594
45.013656899973284,1,18.127857699990273,75.59098815917969,1.0,0.0,-0.04725044593214989,5307,2,0.17146392166614532,-261.0431823730469,-5.274482250213623,-393.2869873046875
45.02450209998642,1,18.13870290000341,75.7388687133789,1.0,0.0,-0.04437001422047615,5285,2,0.1714911162853241,-261.0502014160156,-5.273515224456787,-393.4442443847656
45.03532669998822,1,18.149527500005206,75.91358184814453,1.0,0.0,-0.05866343528032303,5388,2,0.17154550552368164,-261.06048583984375,-5.27223539352417,-393.6542053222656
45.046174899995094,1,18.160375700012082,76.05244445800781,1.0,0.0,-0.06173805147409439,5518,2,0.1715727001428604,-261.0748291015625,-5.270669937133789,-393.91717529296875
45.05725619997247,1,18.17145699998946,76.19732666015625,1.0,0.0,-0.064462810754776,5618,2,0.17159990966320038,-261.0842590332031,-5.269767761230469,-394.0751647949219
45.06843499999377,1,18.182635800010758,76.39310455322266,1.0,0.0,-0.06319728493690491,5683,2,0.17162710428237915,-261.09783935546875,-5.268581390380859,-394.2861328125
45.079522699990775,1,18.193723500007764,76.56436157226562,1.0,0.0,-0.05952075123786926,5659,2,0.1716814935207367,-261.116455078125,-5.267077445983887,-394.5503234863281
45.090775899996515,1,18.204976700013503,76.78086853027344,1.0,0.0,-0.0588240809738636,5550,2,0.17170868813991547,-261.1285400390625,-5.266130447387695,-394.7091064453125
45.10164299997268,1,18.21584379998967,76.94715118408203,1.0,0.0,-0.060685642063617706,5457,2,0.17173589766025543,-261.14569091796875,-5.264767646789551,-394.921142578125
45.112703599996166,1,18.226904400013154,77.1417465209961,1.0,0.0,-0.06320109218358994,5381,2,0.17181748151779175,-261.1836853027344,-5.261586666107178,-395.3463439941406
45.1238628999854,1,18.238063700002385,77.29006958007812,1.0,0.0,-0.06936895847320557,5407,2,0.17184467613697052,-261.20452880859375,-5.259793758392334,-395.5594482421875
45.135264999989886,1,18.249465800006874,77.4400863647461,1.0,0.0,-0.07201457023620605,5505,2,0.17189908027648926,-261.2322692871094,-5.257440567016602,-395.82623291015625
45.146588899981,1,18.260789699997986,77.63184356689453,1.0,0.0,-0.07641227543354034,5653,2,0.17192627489566803,-261.24981689453125,-5.255988121032715,-395.98651123046875
45.1573112999904,1,18.271512100007385,77.79766082763672,1.0,0.0,-0.07802306860685349,5731,2,0.1719534695148468,-261.2742614746094,-5.254058837890625,-396.20050048828125
45.16844969999511,1,18.282650500012096,78.03042602539062,1.0,0.0,-0.07909310609102249,5766,2,0.17200785875320435,-261.29986572265625,-5.252166748046875,-396.4147644042969
45.17912929999875,1,18.293330100015737,78.23228454589844,1.0,0.0,-0.07866234332323074,5788,2,0.17203500866889954,-261.3265380859375,-5.250336170196533,-396.6294250488281
45.18974689999595,1,18.30394770001294,78.44725036621094,1.0,0.0,-0.031762998551130295,5818,2,0.17206211388111115,-261.3543395996094,-5.248562335968018,-396.84442138671875
45.20062139999936,1,18.31482220001635,78.73628234863281,1.0,0.0,-0.04461798071861267,5735,2,0.17211632430553436,-261.38323974609375,-5.246812343597412,-397.05987548828125
45.21172319998732,1,18.325924000004306,78.96388244628906,1.0,0.0,-0.03912201151251793,5720,2,0.17214342951774597,-261.4132385253906,-5.245046615600586,-397.2757873535156
45.222836199973244,1,18.337036999990232,79.23936462402344,1.0,0.0,-0.0148390531539917,5665,2,0.1722247302532196,-261.4765625,-5.241366386413574,-397.7090759277344
45.233744799974374,1,18.347945599991363,79.45425415039062,1.0,0.0,-0.008387294597923756,5664,2,0.1722518354654312,-261.50982666015625,-5.239436626434326,-397.9263916015625
45.245215299975825,1,18.359416099992814,79.65961456298828,1.0,0.0,0.026683710515499115,5679,2,0.17230604588985443,-261.5441589355469,-5.237438678741455,-398.1441955566406
45.256183699995745,1,18.370384500012733,79.9135971069336,1.0,0.0,0.0128361526876688,5700,2,0.17233313620090485,-261.5794982910156,-5.2354021072387695,-398.3623962402344
45.26759919998585,1,18.38180000000284,80.1019058227539,1.0,0.0,0.041036538779735565,5799,2,0.17236024141311646,-261.6158447265625,-5.23331880569458,-398.5810241699219
45.27828159998171,1,18.3924823999987,80.33839416503906,1.0,0.0,0.041788678616285324,5834,2,0.17241445183753967,-261.65313720703125,-5.231227874755859,-398.800048828125
45.289191099989694,1,18.40339190000668,80.52803039550781,1.0,0.0,0.047538354992866516,5849,2,0.17244155704975128,-261.6912536621094,-5.229184627532959,-399.0194396972656
45.300104800000554,1,18.414305600017542,80.71745300292969,1.0,0.0,0.06427793204784393,5848,2,0.1724957525730133,-261.73016357421875,-5.227240085601807,-399.2392578125
45.31087269997806,1,18.42507349999505,80.9590072631836,1.0,0.0,0.08051516115665436,5862,2,0.17254996299743652,-261.8102111816406,-5.223745346069336,-399.6800842285156
45.32194269998581,1,18.4361435000028,81.14569854736328,1.0,0.0,0.07045851647853851,5886,2,0.17260415852069855,-261.85125732421875,-5.222236633300781,-399.9010925292969
45.33279919999768,1,18.44700000001467,81.41456604003906,1.0,0.0,0.08923149108886719,5909,2,0.17263126373291016,-261.88250732421875,-5.2211737632751465,-400.067138671875
45.343855799990706,1,18.458056600007694,81.61691284179688,1.0,0.0,0.07698546350002289,5941,2,0.17268547415733337,-261.93548583984375,-5.219542026519775,-400.3444519042969
45.3544591999962,1,18.468660000013188,81.8283462524414,1.0,0.0,0.07352720201015472,5969,2,0.17271257936954498,-261.96783447265625,-5.218672275543213,-400.5111389160156
45.36528059997363,1,18.47948139999062,82.12866973876953,1.0,0.0,0.06459789723157883,5979,2,0.1727396845817566,-262.0115966796875,-5.217592239379883,-400.7337951660156
45.376103499991586,1,18.490304300008575,82.34673309326172,1.0,0.0,0.059875231236219406,5997,2,0.17279388010501862,-262.0561828613281,-5.216517925262451,-400.95697021484375
45.38700199997402,1,18.501202799991006,82.56951904296875,1.0,0.0,0.05875703692436218,6008,2,0.17282098531723022,-262.1016540527344,-5.215451240539551,-401.18060302734375
45.397980699985055,1,18.512181500002043,82.88684844970703,1.0,0.0,0.05644018575549126,6006,2,0.17290231585502625,-262.1950988769531,-5.213383197784424,-401.62921142578125
45.409130199986976,1,18.523331000003964,83.08889770507812,1.0,0.0,0.050721704959869385,6022,2,0.17292946577072144,-262.2310485839844,-5.212550640106201,-401.7979736328125
45.41998989999411,1,18.534190700011095,83.30271911621094,1.0,0.0,0.05232952535152435,6084,2,0.17295661568641663,-262.2796936035156,-5.211483478546143,-402.02337646484375
45.43122619998758,1,18.545427000004565,83.6447525024414,1.0,0.0,0.04976324737071991,6123,2,0.173010915517807,-262.341552734375,-5.210247039794922,-402.3057556152344
45.44231249997392,1,18.55651329999091,83.85733032226562,1.0,0.0,0.044104330241680145,6096,2,0.1730652153491974,-262.3919677734375,-5.209177017211914,-402.5322570800781
45.453730999986874,1,18.567931800003862,84.13457489013672,1.0,0.0,0.049473922699689865,6081,2,0.17309236526489258,-262.4303894042969,-5.208321571350098,-402.70245361328125
45.46475329998066,1,18.578954099997645,84.42465209960938,1.0,0.0,0.04934056103229523,6039,2,0.17314666509628296,-262.49530029296875,-5.206923484802246,-402.9866943359375
45.47567439998966,1,18.589875200006645,84.71531677246094,1.0,0.0,0.034556884318590164,6041,2,0.17317381501197815,-262.54815673828125,-5.205719947814941,-403.21466064453125
45.48667949999799,1,18.60088030001498,84.94393157958984,1.0,0.0,0.03854907304048538,6077,2,0.17320096492767334,-262.5884094238281,-5.204715728759766,-403.3860168457031
45.49759199999971,1,18.6117928000167,85.21354675292969,1.0,0.0,0.03919659182429314,6125,2,0.1733095645904541,-262.7118225097656,-5.201650142669678,-403.90167236328125
45.50856969997403,1,18.62277049999102,85.54354858398438,1.0,0.0,0.027571676298975945,6131,2,0.17333672940731049,-262.7539367675781,-5.200539588928223,-404.0741271972656
45.51982259997749,1,18.634023399994476,85.78548431396484,1.0,0.0,0.027935396879911423,6162,2,0.17339102923870087,-262.82513427734375,-5.1986799240112305,-404.3623046875
45.53073399999994,1,18.644934800016927,86.16008758544922,1.0,0.0,0.02924579381942749,6206,2,0.17341817915439606,-262.868408203125,-5.197671890258789,-404.53558349609375
45.54164649997256,1,18.655847299989546,86.42902374267578,1.0,0.0,0.016771309077739716,6190,2,0.17344532907009125,-262.9267883300781,-5.1962761878967285,-404.7670593261719
45.552628199977335,1,18.666828999994323,86.73101043701172,1.0,0.0,0.016638346016407013,6219,2,0.17349962890148163,-263.00103759765625,-5.194368362426758,-405.0574035644531
45.56359849998262,1,18.677799299999606,87.04576110839844,1.0,0.0,0.018638059496879578,6188,2,0.17352677881717682,-263.0461120605469,-5.1932902336120605,-405.2319641113281
45.574814399995375,1,18.689015200012363,87.37268829345703,1.0,0.0,0.01268899254500866,6233,2,0.1735810786485672,-263.1068420410156,-5.191898822784424,-405.4652099609375
45.585488199983956,1,18.699689000000944,87.66129302978516,1.0,0.0,0.010891694575548172,6328,2,0.1736082285642624,-263.1683654785156,-5.1903557777404785,-405.6991882324219
45.59697569999844,1,18.711176500015426,88.00605773925781,1.0,0.0,0.01645313762128353,6343,2,0.17368967831134796,-263.29339599609375,-5.187411785125732,-406.16900634765625
45.60790899998392,1,18.722109800000908,88.38023376464844,1.0,0.0,0.010562202893197536,6393,2,0.17374397814273834,-263.3569030761719,-5.185920715332031,-406.4049377441406
45.61863129999256,1,18.732832100009546,88.6131820678711,1.0,0.0,0.010491487570106983,6458,2,0.1737976372241974,-263.4211120605469,-5.184329509735107,-406.64166259765625
45.62972779999836,1,18.74392860001535,88.92623138427734,1.0,0.0,0.0155095886439085,6476,2,0.17382435500621796,-263.4858093261719,-5.182869911193848,-406.8788757324219
45.64084949999233,1,18.755050300009316,89.31340026855469,1.0,0.0,0.009196164086461067,6532,2,0.1738777905702591,-263.55108642578125,-5.181408882141113,-407.1167297363281
45.65158349997364,1,18.765784299990628,89.5307388305664,1.0,0.0,0.01037213858217001,6609,2,0.17390450835227966,-263.6169738769531,-5.179826736450195,-407.35546875
45.662854599999264,1,18.777055400016252,89.94073486328125,1.0,0.0,0.018276114016771317,6623,2,0.17393122613430023,-263.66668701171875,-5.178694248199463,-407.5348815917969
45.67403139997623,1,18.788232199993217,90.2337417602539,1.0,0.0,0.014692560769617558,6683,2,0.17398466169834137,-263.7501220703125,-5.176973342895508,-407.8345642089844
45.68568849997246,1,18.799889299989445,90.51749420166016,1.0,0.0,0.012179371900856495,6763,2,0.1740380972623825,-263.8005676269531,-5.1758599281311035,-408.0150451660156
45.69671609997749,1,18.81091689999448,90.87709045410156,1.0,0.0,0.01683838851749897,6750,2,0.1741182506084442,-263.9534606933594,-5.172663688659668,-408.55859375
45.70746939998935,1,18.821670200006338,91.17262268066406,1.0,0.0,0.018514562398195267,6804,2,0.17417168617248535,-264.00494384765625,-5.171599864959717,-408.7405700683594
45.71836419997271,1,18.8325649999897,91.47528839111328,1.0,0.0,0.010732103139162064,6845,2,0.17419841885566711,-264.073974609375,-5.17012357711792,-408.9840087890625
45.72937839999213,1,18.843579200009117,91.84088134765625,1.0,0.0,0.014883331023156643,6831,2,0.17425185441970825,-264.14337158203125,-5.168778896331787,-409.2279968261719
45.740346099977614,1,18.854546899994602,92.19857788085938,1.0,0.0,0.01237949077039957,6890,2,0.1743052899837494,-264.21319580078125,-5.167466163635254,-409.47265625
45.751255399984075,1,18.865456200001063,92.47370910644531,1.0,0.0,0.010980146005749702,6912,2,0.17433200776576996,-264.2835388183594,-5.166112422943115,-409.71826171875
45.762223199999426,1,18.876424000016414,92.86463928222656,1.0,0.0,0.017321769148111343,6886,2,0.1743854433298111,-264.35418701171875,-5.164896488189697,-409.96453857421875
45.773464799975045,1,18.887665599992033,93.1951904296875,1.0,0.0,0.011175017803907394,6931,2,0.17441216111183167,-264.42529296875,-5.163745880126953,-410.2115173339844
45.784134499990614,1,18.898335300007602,93.49141693115234,1.0,0.0,0.010476246476173401,6936,2,0.17451903223991394,-264.5688781738281,-5.161320686340332,-410.7080383300781
45.79559939997853,1,18.909800199995516,93.96302032470703,1.0,0.0,0.012746368534862995,6918,2,0.17457246780395508,-264.6412658691406,-5.1602463722229,-410.9573059082031
45.80638029999682,1,18.920581100013806,94.20970916748047,1.0,0.0,0.007007514126598835,6949,2,0.17459918558597565,-264.6958312988281,-5.159419536590576,-411.1448974609375
45.817457999975886,1,18.931658799992874,94.4993896484375,1.0,0.0,0.009452653117477894,6957,2,0.1746533364057541,-264.78729248046875,-5.1580986976623535,-411.4585266113281
45.82842989999335,1,18.94263070001034,94.95832061767578,1.0,0.0,0.012867076322436333,6967,2,0.17468051612377167,-264.84246826171875,-5.157367706298828,-411.6471862792969
45.839113299996825,1,18.953314100013813,95.19273376464844,1.0,0.0,0.007211117073893547,7005,2,0.17473489046096802,-264.9163818359375,-5.156301975250244,-411.89947509765625
45.85041899999487,1,18.96461980001186,95.58422088623047,1.0,0.0,0.013841910287737846,7012,2,0.1747620850801468,-264.99078369140625,-5.155189514160156,-412.152587890625
45.861147699994035,1,18.975348500011023,95.90519714355469,1.0,0.0,0.013609559275209904,7045,2,0.17481645941734314,-265.06549072265625,-5.154168605804443,-412.4063415527344
45.8721094999928,1,18.98631030000979,96.1606674194336,1.0,0.0,0.00825419370085001,7075,2,0.17492520809173584,-265.2161560058594,-5.152009010314941,-412.9162292480469
45.88309499999741,1,18.9972958000144,96.56841278076172,1.0,0.0,0.01253516785800457,7070,2,0.1749524027109146,-265.29205322265625,-5.150988578796387,-413.1722412109375
45.89425709997886,1,19.008457899995847,96.85359954833984,1.0,0.0,0.012979877181351185,7104,2,0.17500677704811096,-265.3683166503906,-5.149969100952148,-413.42901611328125
45.90547139997943,1,19.01967219999642,97.19951629638672,1.0,0.0,0.008542473427951336,7117,2,0.1750611513853073,-265.4450378417969,-5.148922443389893,-413.6866149902344
45.91620289999992,1,19.030403700016905,97.56800079345703,1.0,0.0,0.010725249536335468,7097,2,0.1750883311033249,-265.5220642089844,-5.147966384887695,-413.94488525390625
45.92744839997613,1,19.041649199993117,97.84811401367188,1.0,0.0,0.006111437454819679,7112,2,0.17514270544052124,-265.580078125,-5.147238254547119,-414.1390686035156
45.93806369998492,1,19.05226450000191,98.23196411132812,1.0,0.0,0.006203655153512955,7100,2,0.1751970797777176,-265.6773376464844,-5.145925998687744,-414.4638366699219
45.94886209999095,1,19.063062900007935,98.59534454345703,1.0,0.0,0.00801131222397089,7083,2,0.17525145411491394,-265.7555236816406,-5.144912242889404,-414.7244567871094
45.96020750000025,1,19.07440830001724,98.87358093261719,1.0,0.0,0.004627808462828398,7082,2,0.1752786487340927,-265.814453125,-5.144143581390381,-414.92047119140625
45.97135989999515,1,19.085560700012138,99.27204895019531,1.0,0.0,0.022873619571328163,7057,2,0.1753873974084854,-265.9925842285156,-5.14178991317749,-415.51123046875
45.98220209998544,1,19.09640290000243,99.59680938720703,1.0,0.0,0.018858537077903748,7060,2,0.17541459202766418,-266.0523986816406,-5.141016006469727,-415.7090148925781
45.993198999989545,1,19.107399800006533,99.97468566894531,1.0,0.0,0.02032002992928028,7056,2,0.17546896636486053,-266.152587890625,-5.139687538146973,-416.0397644042969
46.0044430999842,1,19.11864390000119,100.32709503173828,1.0,0.0,0.019151916727423668,7034,2,0.17552359402179718,-266.21295166015625,-5.1389055252075195,-416.23876953125
46.01547469999059,1,19.12967550000758,100.71289825439453,1.0,0.0,0.013458563946187496,7035,2,0.17555095255374908,-266.29376220703125,-5.137795925140381,-416.50482177734375
46.02655519999098,1,19.14075600000797,101.02456665039062,1.0,0.0,0.012112553231418133,7026,2,0.1756330281496048,-266.3953552246094,-5.136233329772949,-416.8385925292969
46.03758119998383,1,19.15178200000082,101.3687515258789,1.0,0.0,0.02283785305917263,7012,2,0.1756603866815567,-266.4565734863281,-5.135252952575684,-417.0394592285156
46.04869239998516,1,19.162893200002145,101.74173736572266,1.0,0.0,0.024169905111193657,7001,2,0.17571508884429932,-266.53857421875,-5.133857250213623,-417.3079833984375
46.05974040000001,1,19.173941200016998,102.06544494628906,1.0,0.0,0.040124524384737015,6983,2,0.17579716444015503,-266.70361328125,-5.130770206451416,-417.8474426269531
46.07113019999815,1,19.18533100001514,102.4449234008789,1.0,0.0,0.03388292342424393,6983,2,0.17585188150405884,-266.7865905761719,-5.129074573516846,-418.118408203125
46.08184369999799,1,19.196044500014978,102.76354217529297,1.0,0.0,0.04307905212044716,6980,2,0.17590659856796265,-266.869873046875,-5.127217769622803,-418.39019775390625
46.09262049998506,1,19.206821300002048,103.08493041992188,1.0,0.0,0.037882812321186066,6981,2,0.17596131563186646,-266.9533996582031,-5.125229835510254,-418.6628112792969
46.103343299997505,1,19.217544100014493,103.44759368896484,1.0,0.0,0.03584614023566246,7001,2,0.17601603269577026,-267.0372009277344,-5.123120307922363,-418.936279296875
46.11421159998281,1,19.228412399999797,103.74359130859375,1.0,0.0,0.045641809701919556,7020,2,0.17604339122772217,-267.1212158203125,-5.120929718017578,-419.21051025390625
46.125431699998444,1,19.239632500015432,104.11821746826172,1.0,0.0,0.033541031181812286,7051,2,0.17609810829162598,-267.2054748535156,-5.118745803833008,-419.4855651855469
46.136154399981024,1,19.250355199998012,104.4065933227539,1.0,0.0,0.035277511924505234,7074,2,0.1761528104543686,-267.2899475097656,-5.116591930389404,-419.76141357421875
46.147294199996395,1,19.261495000013383,104.69506072998047,1.0,0.0,0.034878287464380264,7098,2,0.1762075275182724,-267.3746032714844,-5.114509582519531,-420.0380554199219
46.15785699998378,1,19.272057800000766,105.04457092285156,1.0,0.0,0.03333405405282974,7131,2,0.1762622445821762,-267.45947265625,-5.112518787384033,-420.3154602050781
46.168988299992634,1,19.283189100009622,105.32568359375,1.0,0.0,0.03368600457906723,7156,2,0.17631696164608002,-267.5445251464844,-5.110599994659424,-420.5936584472656
46.179953299986664,1,19.294154100003652,105.59996795654297,1.0,0.0,0.03308425471186638,7182,2,0.17639896273612976,-267.715087890625,-5.107007026672363,-421.1523742675781
46.1909099999757,1,19.30511079999269,105.92200469970703,1.0,0.0,0.031920284032821655,7219,2,0.1764535903930664,-267.8005676269531,-5.105302810668945,-421.432861328125
46.201766199985286,1,19.315967000002274,106.1756362915039,1.0,0.0,0.031375616788864136,7253,2,0.17650821805000305,-267.88616943359375,-5.103662014007568,-421.7140808105469
46.2127433999849,1,19.32694420000189,106.36345672607422,1.0,0.0,0.030640356242656708,7169,1,0.1765628457069397,-267.9718933105469,-5.10207986831665,-421.9960021972656
46.2240926999948,1,19.338293500011787,106.34139251708984,1.0,0.0,0.030950358137488365,7101,1,0.17661747336387634,-268.05767822265625,-5.1005539894104,-422.2785949707031
46.23530419997405,1,19.34950499999104,106.31096649169922,1.0,0.0,0.03024137392640114,7017,1,0.176672101020813,-268.14337158203125,-5.0991058349609375,-422.561279296875
46.24622219998855,1,19.36042300000554,106.2917251586914,1.0,0.0,0.029770400375127792,6951,1,0.1766994297504425,-268.2289123535156,-5.0977559089660645,-422.843994140625
46.25705429998925,1,19.371255100006238,106.2719955444336,1.0,0.0,0.02928590029478073,6884,1,0.17675405740737915,-268.3143310546875,-5.096508502960205,-423.1266784667969
46.26808939999319,1,19.382290200010175,106.38807678222656,1.0,0.0,0.02940850518643856,6359,3,0.17683598399162292,-268.4208984375,-5.095080852508545,-423.4800109863281
46.279077899991535,1,19.393278700008523,106.63978576660156,1.0,0.0,0.027291687205433846,6589,3,0.17686331272125244,-268.4847412109375,-5.094297409057617,-423.6919860839844
46.28993589998572,1,19.40413670000271,106.79324340820312,1.0,0.0,0.028746778145432472,6659,3,0.17697256803512573,-268.6761474609375,-5.092235565185547,-424.3295593261719
46.301119699986884,1,19.415320500003872,107.09297180175781,1.0,0.0,0.028769753873348236,6463,3,0.17702719569206238,-268.73992919921875,-5.091604232788086,-424.5426940917969
46.31200579999131,1,19.4262066000083,107.40453338623047,1.0,0.0,0.02725515328347683,6166,3,0.17708182334899902,-268.8249816894531,-5.090765953063965,-424.8274841308594
46.322784199990565,1,19.436985000007553,107.7387924194336,1.0,0.0,0.026111163198947906,5839,3,0.17713645100593567,-268.9313659667969,-5.089674949645996,-425.18463134765625
46.33396059999359,1,19.448161400010576,108.19114685058594,1.0,0.0,0.025699159130454063,5499,3,0.1771637499332428,-268.9952697753906,-5.088996887207031,-425.39959716796875
46.34518019997631,1,19.4593809999933,108.55591583251953,1.0,0.0,0.025976048782467842,5346,3,0.17721837759017944,-269.08056640625,-5.088042259216309,-425.6871032714844
46.35593239997979,1,19.47013319999678,108.97380828857422,1.0,0.0,0.01856040768325329,5318,3,0.17729991674423218,-269.1873779296875,-5.086734771728516,-426.04791259765625
46.36694329997408,1,19.48114409999107,109.28765869140625,1.0,0.0,0.02020605467259884,5393,3,0.17732706665992737,-269.2515869140625,-5.085878372192383,-426.2651672363281
46.377680199977476,1,19.491880999994464,109.50836944580078,1.0,0.0,0.03460931032896042,5582,3,0.17738138139247894,-269.3372497558594,-5.084653377532959,-426.55560302734375
46.38837979998789,1,19.502580600004876,109.66475677490234,1.0,0.0,0.02192392572760582,5734,3,0.17746283113956451,-269.4443359375,-5.083020210266113,-426.9197998046875
46.399314799986314,1,19.513515600003302,109.8299331665039,1.0,0.0,0.028244031593203545,5853,3,0.1774899810552597,-269.508544921875,-5.081990718841553,-427.13873291015625
46.41028749998077,1,19.524488299997756,110.06257629394531,1.0,0.0,0.028499731793999672,5936,3,0.17759859561920166,-269.6794128417969,-5.078981876373291,-427.723876953125
46.4213608999853,1,19.53556170000229,110.27618408203125,1.0,0.0,0.028263937681913376,5943,3,0.17765289545059204,-269.76470947265625,-5.077357769012451,-428.0172424316406
46.43265109998174,1,19.546851899998728,110.51738739013672,1.0,0.0,0.027864057570695877,5904,3,0.17770719528198242,-269.8499450683594,-5.075693607330322,-428.31121826171875
46.44352189998608,1,19.55772270000307,110.85055541992188,1.0,0.0,0.027438165619969368,5813,3,0.1777614951133728,-269.93511962890625,-5.073990821838379,-428.60589599609375
46.45415539998794,1,19.568356200004928,111.12870025634766,1.0,0.0,0.03736621141433716,5732,3,0.17781580984592438,-270.0202941894531,-5.07222318649292,-428.90130615234375
46.465133199992124,1,19.579334000009112,111.4765625,1.0,0.0,0.023246893659234047,5648,3,0.17787010967731476,-270.10546875,-5.070345878601074,-429.197509765625
46.475964199984446,1,19.590165000001434,111.74343872070312,1.0,0.0,0.027751432731747627,5611,3,0.17792440950870514,-270.1905822753906,-5.068356990814209,-429.4945068359375
46.48701949999668,1,19.601220300013665,111.99213409423828,1.0,0.0,0.0286796186119318,5611,3,0.17797870934009552,-270.27569580078125,-5.066264629364014,-429.7923278808594
46.49777039999026,1,19.611971200007247,112.27356719970703,1.0,0.0,0.03785335645079613,5658,3,0.1780330240726471,-270.36083984375,-5.064102649688721,-430.0909118652344
46.508432699978584,1,19.622633499995572,112.48390197753906,1.0,0.0,0.03380201756954193,5723,3,0.17814168334007263,-270.5310363769531,-5.059739589691162,-430.6901550292969
46.51956089999294,1,19.633761700009927,112.68513488769531,1.0,0.0,0.027978312224149704,5800,3,0.17819605767726898,-270.6161193847656,-5.057651042938232,-430.99072265625
46.53072749997955,1,19.644928299996536,112.92980194091797,1.0,0.0,0.03886561840772629,5892,3,0.17825041711330414,-270.7011413574219,-5.055657386779785,-431.2919006347656
46.541481599997496,1,19.655682400014484,113.12825012207031,1.0,0.0,0.03298405557870865,5948,3,0.1783047914505005,-270.7861328125,-5.0537428855896,-431.5936584472656
46.55216589997872,1,19.666366699995706,113.33499908447266,1.0,0.0,0.03279402107000351,5983,3,0.17833198606967926,-270.849853515625,-5.052347660064697,-431.8203430175781
46.563197199982824,1,19.677397999999812,113.60885620117188,1.0,0.0,0.03573603555560112,5994,3,0.1784135401248932,-270.9559631347656,-5.050065517425537,-432.1988830566406
46.57432089999202,1,19.688521700009005,113.84256744384766,1.0,0.0,0.022501450031995773,5981,3,0.17846791446208954,-271.04083251953125,-5.048248291015625,-432.50244140625
46.58558169999742,1,19.699782500014408,114.15118408203125,1.0,0.0,0.0356551893055439,5951,3,0.17849509418010712,-271.1044616699219,-5.046885013580322,-432.73052978515625
46.596697799977846,1,19.710898599994835,114.40379333496094,1.0,0.0,0.02102520503103733,5925,3,0.17857666313648224,-271.2104797363281,-5.04459285736084,-433.1115417480469
46.6075708999997,1,19.72177170001669,114.65621185302734,1.0,0.0,0.03436810150742531,5905,3,0.1786310374736786,-271.2953186035156,-5.042750358581543,-433.41717529296875
46.618389599985676,1,19.732590400002664,114.97344207763672,1.0,0.0,0.03101212903857231,5892,3,0.1787397712469101,-271.4649353027344,-5.039122581481934,-434.03057861328125
46.6292800999945,1,19.74348090001149,115.21981048583984,1.0,0.0,0.03170040249824524,5894,3,0.17876696586608887,-271.5285339355469,-5.037777900695801,-434.2613830566406
46.64033309998922,1,19.75453390000621,115.5152359008789,1.0,0.0,0.03278234228491783,5910,3,0.17882134020328522,-271.6133117675781,-5.035984039306641,-434.5697326660156
46.65140859998064,1,19.76560939999763,115.74433898925781,1.0,0.0,0.03341057896614075,5931,3,0.17890289425849915,-271.7192687988281,-5.033720970153809,-434.9561462402344
46.6624257999938,1,19.776626600010786,115.96829986572266,1.0,0.0,0.03342721238732338,5956,3,0.17893007397651672,-271.78277587890625,-5.0323405265808105,-435.1885070800781
46.67380029999185,1,19.78800110000884,116.24330139160156,1.0,0.0,0.023645944893360138,5990,3,0.17901168763637543,-271.8674621582031,-5.0304718017578125,-435.4989318847656
46.68494569999166,1,19.799146500008646,116.45916748046875,1.0,0.0,0.009098246693611145,6016,3,0.17906613647937775,-271.9521179199219,-5.028575897216797,-435.8099670410156
46.69558599998709,1,19.809786800004076,116.72772979736328,1.0,0.0,0.016133040189743042,6045,3,0.17912058532238007,-272.0367431640625,-5.026656150817871,-436.12164306640625
46.706721799972,1,19.82092259998899,116.94929504394531,1.0,0.0,0.012019364163279533,6063,3,0.17917503416538239,-272.1213073730469,-5.024688243865967,-436.4339599609375
46.71764959997381,1,19.8318503999908,117.1733627319336,1.0,0.0,0.013505819253623486,6078,3,0.17928393185138702,-272.2904968261719,-5.020511150360107,-437.0604553222656
46.72886869998183,1,19.84306949999882,117.45999145507812,1.0,0.0,0.01422292273491621,6092,3,0.17933838069438934,-272.3751220703125,-5.018302917480469,-437.3746643066406
46.73984499997459,1,19.85404579999158,117.69257354736328,1.0,0.0,0.005159336607903242,6098,3,0.17942003905773163,-272.4809265136719,-5.015530586242676,-437.7683410644531
46.7507220999978,1,19.86492290001479,117.98574829101562,1.0,0.0,0.010927326045930386,6103,3,0.1794472634792328,-272.5444030761719,-5.013901233673096,-438.0050354003906
46.76192459999584,1,19.876125400012825,118.22333526611328,1.0,0.0,0.011689276434481144,6105,3,0.1795017123222351,-272.62908935546875,-5.01181173324585,-438.3211975097656
46.772985099989455,1,19.887185900006443,118.52171325683594,1.0,0.0,0.014152903109788895,6104,3,0.1795833855867386,-272.7350158691406,-5.009347915649414,-438.7173767089844
46.78361239997321,1,19.897813199990196,118.75279998779297,1.0,0.0,0.01429543923586607,6106,3,0.1796378344297409,-272.8197937011719,-5.007474422454834,-439.0350646972656
46.79472499998519,1,19.90892580000218,118.98059844970703,1.0,0.0,0.014866707846522331,6110,3,0.17969228327274323,-272.8833923339844,-5.006077766418457,-439.2737731933594
46.8056910999876,1,19.919891900004586,119.2576904296875,1.0,0.0,0.0141631830483675,6122,3,0.17974673211574554,-272.9894104003906,-5.00368070602417,-439.6724548339844
46.81680219998816,1,19.93100300000515,119.47783660888672,1.0,0.0,0.01384437084197998,6140,3,0.17980118095874786,-273.0742492675781,-5.001645088195801,-439.9920959472656
46.82743179998943,1,19.941632600006415,119.69517517089844,1.0,0.0,0.01253886241465807,6165,3,0.17985564470291138,-273.15911865234375,-4.99953031539917,-440.3124084472656
46.838095699989935,1,19.952296500006923,119.96598815917969,1.0,0.0,0.012582673691213131,6201,3,0.17991016805171967,-273.2440490722656,-4.997391700744629,-440.63330078125
46.84911939999438,1,19.963320200011367,120.1854248046875,1.0,0.0,0.012402807362377644,6229,3,0.1799919754266739,-273.3289794921875,-4.995306015014648,-440.954833984375
46.86034579999978,1,19.974546600016765,120.46696472167969,1.0,0.0,0.012416422367095947,6257,3,0.18010103702545166,-273.520263671875,-4.991028785705566,-441.6805114746094
46.87166309999884,1,19.98586390001583,120.69298553466797,1.0,0.0,0.013783197849988937,6269,3,0.18015556037425995,-273.5840759277344,-4.989722728729248,-441.923095703125
46.882715099985944,1,19.996915900002932,120.98011016845703,1.0,0.0,0.015016332268714905,6271,3,0.18021009862422943,-273.669189453125,-4.988039493560791,-442.24713134765625
46.89340039997478,1,20.00760119999177,121.20873260498047,1.0,0.0,0.01503212470561266,6267,3,0.18029189109802246,-273.7756652832031,-4.985968112945557,-442.653076171875
46.90424219999113,1,20.01844300000812,121.43925476074219,1.0,0.0,0.014270317740738392,6262,3,0.18034642934799194,-273.86090087890625,-4.984316349029541,-442.9785461425781
46.91516269999556,1,20.02936350001255,121.72721862792969,1.0,0.0,0.01448009628802538,6259,3,0.18040096759796143,-273.92486572265625,-4.983091831207275,-443.2230529785156
46.926235399994766,1,20.040436200011754,121.95429229736328,1.0,0.0,0.014271008782088757,6264,3,0.18045549094676971,-274.03155517578125,-4.9811859130859375,-443.63140869140625
46.937435999978334,1,20.051636799995322,122.17586517333984,1.0,0.0,0.013802772387862206,6277,3,0.1805100291967392,-274.1169738769531,-4.979780197143555,-443.9588317871094
46.94807419998688,1,20.062275000003865,122.44771575927734,1.0,0.0,-0.0003526564687490463,6302,3,0.18059182167053223,-274.20245361328125,-4.978446960449219,-444.286865234375
46.95908209998743,1,20.073282900004415,122.66409301757812,1.0,0.0,-0.00418467354029417,6325,3,0.1806463599205017,-274.3093566894531,-4.976803302764893,-444.6977844238281
46.97008369999821,1,20.0842845000152,122.93684387207031,1.0,0.0,0.0010217061499133706,6354,3,0.1807279735803604,-274.3949890136719,-4.9754438400268555,-445.0271911621094
46.98091359998216,1,20.095114399999147,123.1502685546875,1.0,0.0,-0.006474753841757774,6376,3,0.1807548701763153,-274.4592590332031,-4.974374771118164,-445.2746276855469
46.99160919999122,1,20.105810000008205,123.37007904052734,1.0,0.0,-0.0031005966011434793,6393,3,0.18083555996418,-274.5665283203125,-4.972503185272217,-445.68780517578125
47.00239989999682,1,20.116600700013805,123.59603881835938,1.0,0.0,-0.0030771340243518353,6403,3,0.18088935315608978,-274.6524353027344,-4.971008777618408,-446.01898193359375
47.01363079997827,1,20.12783159999526,123.88540649414062,1.0,0.0,-0.0020311169791966677,6408,3,0.18094316124916077,-274.73846435546875,-4.969581604003906,-446.3507995605469
47.024278400000185,1,20.138479200017173,124.11669158935547,1.0,0.0,-0.001340765506029129,6405,3,0.18102385103702545,-274.8461608886719,-4.967892169952393,-446.76641845703125
47.035307299986016,1,20.149508100003004,124.40567779541016,1.0,0.0,4.629528848454356e-05,6398,3,0.18107764422893524,-274.9324035644531,-4.966572284698486,-447.0996398925781
47.04616159998113,1,20.16036239999812,124.63404083251953,1.0,0.0,0.0002464805729687214,6393,3,0.18113143742084503,-275.0187683105469,-4.96522331237793,-447.4335021972656
47.05700099997921,1,20.171201799996197,124.86015319824219,1.0,0.0,0.00045012988266535103,6394,3,0.1812121421098709,-275.12689208984375,-4.963431358337402,-447.8516845703125
47.06781419998151,1,20.1820149999985,125.13700866699219,1.0,0.0,0.0002941265411209315,6405,3,0.1812928318977356,-275.2135314941406,-4.961901664733887,-448.1869812011719
47.07884039997589,1,20.193041199992876,125.35601806640625,1.0,0.0,0.00010451603156980127,6422,3,0.18134662508964539,-275.30029296875,-4.960314750671387,-448.5228576660156
47.089867299975595,1,20.204068099992583,125.57360076904297,1.0,0.0,-0.00019315717509016395,6446,3,0.18145422637462616,-275.4741516113281,-4.957167148590088,-449.1964416503906
47.10092659998918,1,20.215127400006168,125.8448257446289,1.0,0.0,7.372174150077626e-05,6479,3,0.18145422637462616,-275.4741516113281,-4.957167148590088,-449.1964416503906
47.11193839999032,1,20.22613920000731,126.06015014648438,1.0,0.0,0.0007560296216979623,6504,3,0.18158885836601257,-275.6703186035156,-4.953873634338379,-449.9570617675781
47.12301379998098,1,20.23721459999797,126.32861328125,1.0,0.0,0.0003756487858481705,6528,3,0.18167035281658173,-275.7576599121094,-4.952564716339111,-450.2960510253906
47.13422909998917,1,20.24842990000616,126.5431900024414,1.0,0.0,0.0007723532035015523,6541,3,0.1817246973514557,-275.84515380859375,-4.951371192932129,-450.6356506347656
47.14518949997728,1,20.259390299994266,126.7589340209961,1.0,0.0,0.0016516532050445676,6549,3,0.18180619180202484,-275.9546813964844,-4.9500203132629395,-451.06097412109375
47.156030999991344,1,20.270231800008332,127.02835845947266,1.0,0.0,0.0016372350510209799,6554,3,0.1818605214357376,-276.04241943359375,-4.949021339416504,-451.40191650390625
47.167462299985345,1,20.281663100002334,127.2394027709961,1.0,0.0,0.0012926846975460649,6560,3,0.18191486597061157,-276.13031005859375,-4.948049545288086,-451.743408203125
47.1787865999795,1,20.29298739999649,127.50106048583984,1.0,0.0,0.0010769155342131853,6571,3,0.18199636042118073,-276.2403564453125,-4.9468183517456055,-452.1711120605469
47.18988449999597,1,20.304085300012957,127.71440124511719,1.0,0.0,0.0004917728947475553,6585,3,0.1820507049560547,-276.3285217285156,-4.945777893066406,-452.5138854980469
47.201182599994354,1,20.315383400011342,127.98445892333984,1.0,0.0,-0.0002905618166550994,6604,3,0.18210503458976746,-276.41680908203125,-4.944683074951172,-452.8572692871094
47.212065499974415,1,20.326266299991403,128.20233154296875,1.0,0.0,-0.00025888095842674375,6619,3,0.1821865439414978,-276.5052490234375,-4.943544387817383,-453.2012023925781
47.22324409999419,1,20.337444900011178,128.4766845703125,1.0,0.0,-0.00016354111721739173,6633,3,0.18224087357521057,-276.5938415527344,-4.942359924316406,-453.5457458496094
47.234181399981026,1,20.348382199998014,128.70196533203125,1.0,0.0,3.874176763929427e-05,6636,3,0.18229520320892334,-276.68255615234375,-4.941104888916016,-453.890869140625
47.24532799998997,1,20.359528800006956,128.98416137695312,1.0,0.0,0.0004401672922540456,6635,3,0.1823767125606537,-276.79364013671875,-4.939426898956299,-454.3231201171875
47.256128199980594,1,20.370328999997582,129.21141052246094,1.0,0.0,0.0002984429884236306,6631,3,0.18243104219436646,-276.8826599121094,-4.937990188598633,-454.6695861816406
47.26712449998013,1,20.381325299997116,129.43783569335938,1.0,0.0,0.00017332918650936335,6626,3,0.1825125515460968,-276.97186279296875,-4.93647575378418,-455.0166931152344
47.278103199991165,1,20.392304000008153,129.7167205810547,1.0,0.0,0.00017808667325880378,6624,3,0.18259406089782715,-277.0835266113281,-4.934536457061768,-455.451416015625
47.28900109999813,1,20.40320190001512,129.93560791015625,1.0,0.0,0.0003002372686751187,6628,3,0.18264839053153992,-277.1730651855469,-4.932984352111816,-455.79986572265625
47.29983619999257,1,20.414037000009557,130.14947509765625,1.0,0.0,0.0005020539392717183,6638,3,0.18270273506641388,-277.2627258300781,-4.931423664093018,-456.14892578125
47.310504199995194,1,20.42470500001218,130.41090393066406,1.0,0.0,0.00047186005394905806,6660,3,0.18278424441814423,-277.375,-4.929414749145508,-456.5860900878906
47.32178569998359,1,20.43598650000058,130.6077117919922,1.0,0.0,0.0006261445814743638,6687,3,0.182838574051857,-277.4424743652344,-4.928180694580078,-456.84881591796875
47.33292729998357,1,20.447128100000555,130.8463592529297,1.0,0.0,0.00029047447605989873,6727,3,0.18289291858673096,-277.5325622558594,-4.926514625549316,-457.1996154785156
47.34361879999051,1,20.457819600007497,131.04478454589844,1.0,0.0,0.0010041604982689023,6758,3,0.1830015927553177,-277.6679382324219,-4.924105167388916,-457.726806640625
47.35454599998775,1,20.468746800004737,131.243896484375,1.0,0.0,0.001341501483693719,6787,3,0.18302875757217407,-277.7357177734375,-4.922984600067139,-457.9908447265625
47.3655494999839,1,20.479750300000887,131.49534606933594,1.0,0.0,0.0017062128754332662,6814,3,0.18311026692390442,-277.8262023925781,-4.921597003936768,-458.3433532714844
47.37662129997625,1,20.49082209999324,131.703369140625,1.0,0.0,0.0022483612410724163,6826,3,0.18324610590934753,-278.0302734375,-4.9187397956848145,-459.13848876953125
47.387759999983246,1,20.501960800000234,131.90733337402344,1.0,0.0,0.0020821229554712772,6832,3,0.18324610590934753,-278.0302734375,-4.9187397956848145,-459.13848876953125
47.39883319998626,1,20.513034000003245,132.1722869873047,1.0,0.0,0.002124098129570484,6831,3,0.18338188529014587,-278.2350158691406,-4.91634464263916,-459.9364013671875
47.40997699997388,1,20.524177799990866,132.38400268554688,1.0,0.0,0.0021415299270302057,6827,3,0.18346333503723145,-278.3262634277344,-4.915560245513916,-460.2919616699219
47.42135150000104,1,20.535552300018026,132.65106201171875,1.0,0.0,0.0017974053043872118,6819,3,0.18351761996746063,-278.4176330566406,-4.914879322052002,-460.6480712890625
47.43230769998627,1,20.546508500003256,132.863037109375,1.0,0.0,0.0016406935174018145,6814,3,0.183599054813385,-278.5321044921875,-4.913989543914795,-461.0940246582031
47.443331699992996,1,20.557532500009984,133.12451171875,1.0,0.0,0.0013346100458875299,6815,3,0.1836533546447754,-278.6238098144531,-4.913086414337158,-461.4514465332031
47.454239499988034,1,20.568440300005022,133.3336639404297,1.0,0.0,0.0010571704478934407,6821,3,0.18373478949069977,-278.7156982421875,-4.911931991577148,-461.8094177246094
47.465235599986045,1,20.579436400003033,133.54159545898438,1.0,0.0,0.020501939579844475,6832,3,0.18381622433662415,-278.8307800292969,-4.910224437713623,-462.2576599121094
47.476665099995444,1,20.59086590001243,133.80503845214844,1.0,0.0,0.012025647796690464,6848,3,0.18384337425231934,-278.8999328613281,-4.909106731414795,-462.5270080566406
47.487448699976085,1,20.601649499993073,134.0155487060547,1.0,0.0,0.019137991592288017,6861,3,0.1839248090982437,-279.0153503417969,-4.907148838043213,-462.9766540527344
47.49829659998068,1,20.612497399997665,134.2762451171875,1.0,0.0,0.015346718952059746,6875,3,0.18400625884532928,-279.1078186035156,-4.905464172363281,-463.3370361328125
47.50952769999276,1,20.623728500009747,134.4801025390625,1.0,0.0,0.026102527976036072,6883,3,0.18406054377555847,-279.200439453125,-4.90362024307251,-463.6979675292969
47.52097709997906,1,20.63517789999605,134.72799682617188,1.0,0.0,0.02076234668493271,6892,3,0.18411484360694885,-279.293212890625,-4.901560306549072,-464.0594482421875
47.53184259997215,1,20.64604339998914,134.9318389892578,1.0,0.0,0.03642892837524414,6899,3,0.18419627845287323,-279.4093322753906,-4.898648738861084,-464.5120849609375
47.54304729998694,1,20.657248100003926,135.1843719482422,1.0,0.0,0.03023833967745304,6911,3,0.18427774310112,-279.5023193359375,-4.896155834197998,-464.8747863769531
47.553799199988134,1,20.668000000005122,135.38165283203125,1.0,0.0,0.02795175090432167,6923,3,0.18433205783367157,-279.5953674316406,-4.893567085266113,-465.2380676269531
47.56448019997333,1,20.67868099999032,135.5796661376953,1.0,0.0,0.02746151015162468,6938,3,0.18441352248191833,-279.7117614746094,-4.890229225158691,-465.6929626464844
47.575585299986415,1,20.689786100003403,135.8224334716797,1.0,0.0,0.02613234333693981,6959,3,0.1844949871301651,-279.8049011230469,-4.887488842010498,-466.0575256347656
47.586187099979725,1,20.700387899996713,136.01547241210938,1.0,0.0,0.024854397401213646,6975,3,0.18454930186271667,-279.8981018066406,-4.884700775146484,-466.422607421875
47.59714959998382,1,20.71135040000081,136.21292114257812,1.0,0.0,0.025327060371637344,6990,3,0.18463076651096344,-280.0146484375,-4.881138801574707,-466.8797302246094
47.607995300000766,1,20.722196100017754,136.4652862548828,1.0,0.0,0.025508655235171318,7004,3,0.1847122311592102,-280.10791015625,-4.878171443939209,-467.2460632324219
47.61877859997912,1,20.73297939999611,136.66940307617188,1.0,0.0,0.025175735354423523,7012,3,0.18476653099060059,-280.20123291015625,-4.875131130218506,-467.6129455566406
47.62959869997576,1,20.743799499992747,136.87429809570312,1.0,0.0,0.02586204931139946,7017,3,0.18484799563884735,-280.31793212890625,-4.87132453918457,-468.0723571777344
47.64053899998544,1,20.754739800002426,137.13131713867188,1.0,0.0,0.026712151244282722,7020,3,0.18490231037139893,-280.4113464355469,-4.868375301361084,-468.4405517578125
47.65162839999539,1,20.765829200012377,137.3340301513672,1.0,0.0,0.027308335527777672,7023,3,0.1849837750196457,-280.5047912597656,-4.865570545196533,-468.8092956542969
47.66245350000099,1,20.77665430001798,137.53309631347656,1.0,0.0,0.027045108377933502,7027,3,0.18506523966789246,-280.62164306640625,-4.8623223304748535,-469.27105712890625
47.673528399987845,1,20.787729200004833,137.77183532714844,1.0,0.0,0.027268080040812492,7040,3,0.18511955440044403,-280.71514892578125,-4.859921932220459,-469.64111328125
47.684407199994894,1,20.798608000011882,137.9466094970703,1.0,0.0,0.025919342413544655,7060,3,0.185201033949852,-280.80865478515625,-4.8577094078063965,-470.01171875
47.695430099993246,1,20.809630900010234,138.16053771972656,1.0,0.0,0.023083580657839775,7091,3,0.18528251349925995,-280.925537109375,-4.855179786682129,-470.4757385253906
47.70607119999477,1,20.820272000011755,138.33180236816406,1.0,0.0,0.022128893062472343,7121,3,0.18533682823181152,-281.0190124511719,-4.853292942047119,-470.8475341796875
47.71713129998534,1,20.831332100002328,138.50927734375,1.0,0.0,0.02121204137802124,7151,3,0.18541830778121948,-281.1124267578125,-4.851486682891846,-471.2198486328125
47.728178699995624,1,20.842379500012612,138.7346954345703,1.0,0.0,0.019988063722848892,7181,3,0.18549978733062744,-281.2290954589844,-4.849242687225342,-471.6859130859375
47.73899199999869,1,20.853192800015677,138.92149353027344,1.0,0.0,0.019856521859765053,7194,3,0.18555410206317902,-281.3223876953125,-4.847390651702881,-472.05938720703125
47.74966119998135,1,20.863861999998335,139.1203155517578,1.0,0.0,0.020346665754914284,7195,3,0.18563558161258698,-281.4156188964844,-4.845453262329102,-472.4333801269531
47.76074989998597,1,20.874950700002955,139.37762451171875,1.0,0.0,0.021420668810606003,7181,3,0.18571706116199493,-281.53204345703125,-4.84287166595459,-472.9016418457031
47.771895599988056,1,20.886096400005044,139.5853271484375,1.0,0.0,0.02374713122844696,7161,3,0.1857985258102417,-281.6484069824219,-4.840054035186768,-473.3708190917969
47.78264140000101,1,20.896842200018,139.79502868652344,1.0,0.0,0.02522573433816433,7140,3,0.18585285544395447,-281.7414245605469,-4.837623119354248,-473.7468566894531
47.79354249997414,1,20.907743299991125,140.0587615966797,1.0,0.0,0.026977138593792915,7118,3,0.18596147000789642,-281.85760498046875,-4.8343024253845215,-474.2177734375
47.80451929999981,1,20.9187201000168,140.26638793945312,1.0,0.0,0.027563421055674553,7109,3,0.186015784740448,-281.950439453125,-4.831390857696533,-474.5951843261719
47.815280199982226,1,20.929480999999214,140.51956176757812,1.0,0.0,0.03652855381369591,7112,3,0.18609723448753357,-282.04327392578125,-4.828281879425049,-474.97320556640625
47.82652039997629,1,20.940721199993277,140.71359252929688,1.0,0.0,0.0569097064435482,7126,3,0.18617869913578033,-282.1592102050781,-4.82420015335083,-475.44659423828125
47.837365599989425,1,20.951566400006413,140.90003967285156,1.0,0.0,0.04606466367840767,7147,3,0.1862330138683319,-282.25189208984375,-4.820850849151611,-475.8259582519531
47.8480445999885,1,20.962245400005486,141.12290954589844,1.0,0.0,0.07587433606386185,7180,3,0.18631446361541748,-282.344482421875,-4.81749963760376,-476.2059020996094
47.859152999997605,1,20.973353800014593,141.291015625,1.0,0.0,0.06372059881687164,7211,3,0.18639592826366425,-282.4600830078125,-4.813385963439941,-476.68157958984375
47.86993699998129,1,20.98413779999828,141.45654296875,1.0,0.0,0.09507860988378525,7242,3,0.18645022809505463,-282.5523986816406,-4.810166358947754,-477.062744140625
47.881177299976116,1,20.995378099993104,141.6505126953125,1.0,0.0,0.08062876760959625,7206,1,0.1865316927433014,-282.64453125,-4.807060718536377,-477.44439697265625
47.89179789999616,1,21.00599870001315,141.63748168945312,1.0,0.0,0.14878632128238678,7138,1,0.18661315739154816,-282.75946044921875,-4.803403377532959,-477.9222106933594
47.90271099997335,1,21.01691179999034,141.59918212890625,1.0,0.0,0.14548926055431366,7054,1,0.18666745722293854,-282.8511047363281,-4.800705909729004,-478.30487060546875
47.91350789999706,1,21.027708700014045,141.56077575683594,1.0,0.0,0.14659610390663147,6987,1,0.1867489218711853,-282.94232177734375,-4.798242568969727,-478.68756103515625
47.92419079999672,1,21.03839160001371,141.52122497558594,1.0,0.0,0.14689865708351135,6921,1,0.18683035671710968,-283.0556335449219,-4.795482158660889,-479.16595458984375
47.93511409999337,1,21.04931490001036,141.48236083984375,1.0,0.0,0.13366025686264038,6216,4,0.18691177666187286,-283.1456604003906,-4.793440341949463,-479.5486755371094
47.946055699983845,1,21.060256500000833,141.6961212158203,1.0,0.0,0.124768927693367,6547,4,0.18696606159210205,-283.2350769042969,-4.791506767272949,-479.9314270019531
47.95682559997658,1,21.07102639999357,141.75479125976562,1.0,0.0,0.12423371523618698,6654,4,0.18704749643802643,-283.34613037109375,-4.789236068725586,-480.4101867675781
47.967774299992016,1,21.081975100009004,141.92869567871094,1.0,0.529411792755127,0.11824103444814682,6519,4,0.1871289163827896,-283.4344177246094,-4.787522315979004,-480.7937927246094
47.97887149997405,1,21.093072299991036,141.91241455078125,0.7686275243759155,1.0,0.116998590528965,6170,4,0.1871832013130188,-283.5003356933594,-4.78631591796875,-481.0817565917969
47.989868699980434,1,21.104069499997422,141.7216339111328,0.4117647409439087,1.0,0.12436188012361526,5711,4,0.18726462125778198,-283.6094970703125,-4.784444808959961,-481.562255859375
48.000797999993665,1,21.114998800010653,141.5481414794922,0.0,1.0,0.12272915989160538,4949,4,0.18731890618801117,-283.6961364746094,-4.782939434051514,-481.9467468261719
48.01170249999268,1,21.125903300009668,141.1575469970703,0.26249998807907104,1.0,0.12404022365808487,4964,1,0.18740032613277435,-283.7820129394531,-4.781343936920166,-482.33087158203125
48.02238579999539,1,21.13658660001238,140.76275634765625,0.612500011920929,1.0,0.11334911733865738,5192,1,0.18748176097869873,-283.8881530761719,-4.779109001159668,-482.8106384277344
48.03329799999483,1,21.147498800011817,140.10472106933594,0.6599999666213989,1.0,0.11639855057001114,5608,1,0.18756318092346191,-283.97198486328125,-4.777097225189209,-483.1935119628906
48.044465099985246,1,21.158665900002234,139.59686279296875,0.6299999952316284,1.0,0.09397843480110168,5914,1,0.1876174658536911,-284.0547790527344,-4.774945259094238,-483.575439453125
48.05547949997708,1,21.16968029999407,138.94908142089844,0.5699999928474426,1.0,0.10046420991420746,6259,1,0.18778036534786224,-284.2374267578125,-4.769822120666504,-484.43017578125
48.06625469998107,1,21.18045549999806,138.37799072265625,0.5400000214576721,1.0,0.10057849436998367,6501,1,0.18778036534786224,-284.2374267578125,-4.769822120666504,-484.43017578125
48.07736849997309,1,21.19156929999008,137.84475708007812,0.5099999904632568,1.0,0.10204633325338364,6715,1,0.18791614472866058,-284.3954162597656,-4.764962673187256,-485.1845397949219
48.088190599984955,1,21.202391400001943,137.20639038085938,0.321428507566452,1.0,0.105862557888031,6883,1,0.18797045946121216,-284.4728088378906,-4.762369632720947,-485.5597229003906
48.09906329997466,1,21.213264099991648,136.80816650390625,0.21428564190864563,1.0,0.10643444955348969,6930,1,0.18797045946121216,-284.4728088378906,-4.762369632720947,-485.5597229003906
48.10991559998365,1,21.22411640000064,136.38978576660156,0.0,1.0,0.10970918089151382,6884,1,0.18805192410945892,-284.568115234375,-4.759056568145752,-486.02691650390625
48.12120509997476,1,21.235405899991747,135.9676971435547,0.0,1.0,0.11394800245761871,6465,3,0.18818768858909607,-284.71746826171875,-4.754034519195557,-486.7712097167969
48.1319436999911,1,21.246144500008086,135.56259155273438,0.0,1.0,0.11680854111909866,6369,3,0.18818768858909607,-284.71746826171875,-4.754034519195557,-486.7712097167969
48.14311059997999,1,21.25731139999698,135.00131225585938,0.0,1.0,0.11176256090402603,6225,3,0.1883506178855896,-284.8811950683594,-4.749461650848389,-487.6043701171875
48.15397699997993,1,21.26817779999692,134.51593017578125,0.0,1.0,0.09519796818494797,6143,3,0.18843208253383636,-284.969970703125,-4.747331142425537,-488.06500244140625
48.16529529998661,1,21.2794961000036,134.04537963867188,0.0,1.0,0.091602623462677,6041,3,0.18843208253383636,-284.969970703125,-4.747331142425537,-488.06500244140625
48.1761488999764,1,21.290349699993385,133.40003967285156,0.0,1.0,0.07803546637296677,5990,3,0.18854069709777832,-285.1083679199219,-4.744019985198975,-488.79840087890625
48.187291599984746,1,21.301492400001734,132.89837646484375,0.0,1.0,0.07133043557405472,5954,3,0.18862216174602509,-285.19256591796875,-4.7418317794799805,-489.2543640136719
48.19826379997539,1,21.31246459999238,132.27706909179688,0.0,1.0,0.07123906910419464,5979,3,0.18870361149311066,-285.25872802734375,-4.739990711212158,-489.6177062988281
48.209114699973725,1,21.323315499990713,131.79013061523438,0.0,1.0,0.07439839094877243,6009,3,0.18875791132450104,-285.3238830566406,-4.738126277923584,-489.9798583984375
48.220003800000995,1,21.334204600017983,131.27798461914062,0.0,1.0,0.07996296137571335,6074,3,0.1888393759727478,-285.40374755859375,-4.735832691192627,-490.43084716796875
48.231105299986666,1,21.345306100003654,130.73663330078125,0.0,1.0,0.09637244790792465,6149,3,0.18889367580413818,-285.4508361816406,-4.7344770431518555,-490.7005310058594
48.24220399998012,1,21.356404799997108,130.33538818359375,0.0,1.0,0.11407311260700226,6195,3,0.18897514045238495,-285.5278015136719,-4.732274055480957,-491.148681640625
48.25329039999633,1,21.36749120001332,129.8278350830078,0.0,1.0,0.130468487739563,6225,3,0.18905659019947052,-285.6029357910156,-4.7302069664001465,-491.5952453613281
48.264283999975305,1,21.378484799992293,129.42491149902344,0.0,1.0,0.1294342279434204,6222,3,0.1891108900308609,-285.6617431640625,-4.728686809539795,-491.9515075683594
48.275245999975596,1,21.389446799992584,128.92709350585938,0.0,1.0,0.12093457579612732,6156,3,0.18919235467910767,-285.7334899902344,-4.726922035217285,-492.3955078125
48.286469399987254,1,21.400670200004242,128.41091918945312,0.0,1.0,0.12029580026865005,6061,3,0.18924665451049805,-285.7893981933594,-4.725505828857422,-492.7496337890625
48.2976428999973,1,21.411843700014288,127.8013687133789,0.0,1.0,0.1010248214006424,5908,3,0.18930095434188843,-285.8438415527344,-4.723977088928223,-493.1026611328125
48.30853699997533,1,21.42273779999232,127.40541076660156,0.0,1.0,0.08569774776697159,5756,3,0.1893824189901352,-285.9098815917969,-4.721785068511963,-493.54248046875
48.3193044999789,1,21.433505299995886,126.91511535644531,0.0,1.0,0.07402919977903366,5584,3,0.18946386873722076,-285.96124267578125,-4.71974515914917,-493.89312744140625
48.3300656999927,1,21.44426650000969,126.41290283203125,0.0,1.0,0.0780596062541008,5403,3,0.18951815366744995,-286.0113220214844,-4.717423439025879,-494.2425231933594
48.34101279999595,1,21.45521360001294,125.84736633300781,0.0,1.0,0.08150486648082733,5172,3,0.18959960341453552,-286.0722351074219,-4.714204788208008,-494.6776428222656
48.351831299980404,1,21.466032099997392,125.39628601074219,0.0,1.0,0.08806020021438599,5034,3,0.1896538883447647,-286.11962890625,-4.711472034454346,-495.0244140625
48.3626884999976,1,21.47688930001459,124.93321228027344,0.0,1.0,0.09786014258861542,4967,3,0.1897081881761551,-286.16583251953125,-4.708683490753174,-495.3701477050781
48.373768499994185,1,21.487969300011173,124.44092559814453,0.0,1.0,0.10151652246713638,4995,3,0.18978962302207947,-286.2218933105469,-4.705143928527832,-495.8006896972656
48.38490699999966,1,21.499107800016645,123.9704818725586,0.0,1.0,0.066716268658638,5134,3,0.18984392285346985,-286.26544189453125,-4.702322483062744,-496.14404296875
48.39585919998353,1,21.51006000000052,123.4356918334961,0.0,1.0,0.09396304190158844,5365,3,0.18989822268486023,-286.30792236328125,-4.699525833129883,-496.4862365722656
48.40651799997431,1,21.5207187999913,123.02046203613281,0.0,1.0,0.06188160553574562,5596,3,0.1899796575307846,-286.3595275878906,-4.6960930824279785,-496.9124755859375
48.4173979999905,1,21.531598800007487,122.58979797363281,0.0,1.0,-0.03435591980814934,5795,3,0.190033957362175,-286.399658203125,-4.693434238433838,-497.2522277832031
48.42852449999191,1,21.542725300008897,122.08619689941406,0.0,1.0,-0.008238798938691616,5937,3,0.19008824229240417,-286.43890380859375,-4.690922260284424,-497.5909423828125
48.4393992999976,1,21.55360010001459,121.69194030761719,0.0,1.0,-0.08421778678894043,5947,3,0.19019682705402374,-286.4962158203125,-4.687469005584717,-498.0970764160156
48.450180599989835,1,21.564381400006823,121.16859436035156,0.0,1.0,-0.0619516521692276,5805,3,0.19022397696971893,-286.52435302734375,-4.685911178588867,-498.3492431640625
48.46110089999274,1,21.57530170000973,120.74386596679688,0.0,1.0,-0.060526032000780106,5646,3,0.19027827680110931,-286.5614013671875,-4.684046745300293,-498.6844787597656
48.472647799993865,1,21.586848600010853,120.3311996459961,0.0,1.0,-0.05898081138730049,5446,3,0.1903868466615677,-286.615966796875,-4.681811332702637,-499.1852722167969
48.48360749997664,1,21.59780829999363,119.84086608886719,0.0,1.0,-0.054625093936920166,5276,3,0.19044114649295807,-286.6515197753906,-4.680699825286865,-499.51776123046875
48.494494699989446,1,21.608695500006434,119.47002410888672,0.0,1.0,-0.04902557283639908,5151,3,0.19049543142318726,-286.6864013671875,-4.679872512817383,-499.8492126464844
48.50565709997318,1,21.619857899990166,118.97836303710938,0.0,1.0,-0.043706730008125305,5173,3,0.19057686626911163,-286.7290344238281,-4.679245948791504,-500.2621765136719
48.51678439998068,1,21.630985199997667,118.57709503173828,0.0,1.0,-0.039223313331604004,5258,3,0.19063115119934082,-286.7623291015625,-4.679079055786133,-500.5914001464844
48.527733199996874,1,21.641934000013862,118.11079406738281,0.0,1.0,-0.037536054849624634,5384,3,0.19068543612957,-286.79486083984375,-4.679153919219971,-500.9195861816406
48.53851789998589,1,21.65271870000288,117.46633911132812,0.0,1.0,-0.0377042330801487,5560,3,0.19076687097549438,-286.8343811035156,-4.6794843673706055,-501.32818603515625
48.549285799992504,1,21.66348660000949,116.91842651367188,0.0,1.0,-0.03879110887646675,5656,3,0.19082115590572357,-286.87249755859375,-4.679872989654541,-501.7347412109375
48.56015189999016,1,21.674352700007148,116.25626373291016,0.0,1.0,-0.0340115912258625,5730,3,0.19082115590572357,-286.87249755859375,-4.679872989654541,-501.7347412109375
48.571160199993756,1,21.685361000010744,115.7530517578125,0.0,1.0,-0.35183197259902954,5699,3,0.19087545573711395,-286.9019470214844,-4.680088043212891,-502.058349609375
48.582185299979756,1,21.696386099996744,115.40463256835938,0.0,1.0,-0.4565735459327698,5610,3,0.19101117551326752,-286.9649658203125,-4.679941654205322,-502.781494140625
48.5935411999817,1,21.70774199999869,114.90226745605469,0.0,1.0,-0.48316866159439087,5468,3,0.19101117551326752,-286.9649658203125,-4.679941654205322,-502.781494140625
48.60428469997714,1,21.71848549999413,114.39305114746094,0.0,1.0,-0.5495307445526123,5333,3,0.1910654604434967,-286.9928283691406,-4.6796722412109375,-503.1009216308594
48.6151564999891,1,21.729357300006086,113.98687744140625,0.0,1.0,-0.5182262063026428,5229,3,0.19120119512081146,-287.0570373535156,-4.678456783294678,-503.815185546875
48.62611839998863,1,21.740319200005615,113.47648620605469,0.0,1.0,-0.47876226902008057,5140,3,0.19120119512081146,-287.0570373535156,-4.678456783294678,-503.815185546875
48.636960999981966,1,21.751161799998954,112.99046325683594,0.0,1.0,-0.4786927402019501,5107,3,0.19125548005104065,-287.0863952636719,-4.677481174468994,-504.130615234375
48.64774879999459,1,21.761949600011576,112.40660095214844,0.0,1.0,-0.4573397934436798,5105,3,0.19130977988243103,-287.1238708496094,-4.67575216293335,-504.5231018066406
48.65847419999773,1,21.772675000014715,111.86056518554688,0.0,1.0,-0.4605998396873474,5133,3,0.1913912296295166,-287.16229248046875,-4.673426151275635,-504.9134826660156
48.66916739998851,1,21.783368200005498,111.40788269042969,0.0,1.0,-0.44254791736602783,5180,3,0.19144552946090698,-287.1937255859375,-4.671174049377441,-505.2242126464844
48.680203099997016,1,21.794403900014004,110.78955841064453,0.0,1.0,-0.4328056573867798,5226,3,0.19149981439113617,-287.2340087890625,-4.667930603027344,-505.61065673828125
48.69116009998834,1,21.805360900005326,110.30824279785156,0.0,1.0,-0.44847214221954346,5257,3,0.19155411422252655,-287.26715087890625,-4.665000915527344,-505.91815185546875
48.7022830999922,1,21.81648390000919,109.85662841796875,0.0,1.0,-0.44514840841293335,5270,3,0.19160841405391693,-287.3011169433594,-4.661755084991455,-506.22418212890625
48.713659099972574,1,21.827859899989562,109.38572692871094,0.0,1.0,-0.44361016154289246,5249,3,0.1916898488998413,-287.3447265625,-4.657337188720703,-506.6046447753906
48.72484899999108,1,21.83904980000807,109.04498291015625,0.0,1.0,-0.4297371506690979,5209,3,0.1917441487312317,-287.3804931640625,-4.653666019439697,-506.9075622558594
48.735485799988965,1,21.849686600005953,108.64079284667969,0.0,1.0,-0.19504716992378235,5124,3,0.19177129864692688,-287.41693115234375,-4.650027751922607,-507.2093505859375
48.74662809999427,1,21.860828900011256,108.24795532226562,0.0,1.0,-0.04685141518712044,5051,3,0.19185274839401245,-287.4635009765625,-4.64570951461792,-507.5850830078125
48.757652299973415,1,21.871853099990403,107.77076721191406,0.0,1.0,0.22149021923542023,4964,3,0.19190703332424164,-287.50164794921875,-4.642577648162842,-507.884521484375
48.76918769997428,1,21.88338849999127,107.41297912597656,0.0,1.0,0.15553101897239685,4900,3,0.19196133315563202,-287.5400390625,-4.639677047729492,-508.182861328125
48.78017449998879,1,21.894375300005777,106.93071746826172,0.0,1.0,0.1410837322473526,4861,3,0.19206993281841278,-287.6267395019531,-4.633819103240967,-508.8503112792969
48.79110939998645,1,21.90531020000344,106.40933227539062,0.0,1.0,0.1301671415567398,4825,3,0.19206993281841278,-287.6267395019531,-4.633819103240967,-508.8503112792969
48.80225249999785,1,21.916453300014837,105.94808959960938,0.0,1.0,0.12960216403007507,4800,3,0.19212423264980316,-287.6650085449219,-4.63141393661499,-509.145263671875
48.81300929997815,1,21.927210099995136,105.411865234375,0.0,1.0,0.13219693303108215,4763,3,0.19225996732711792,-287.75982666015625,-4.625455379486084,-509.8769226074219
48.8237193999812,1,21.93792019999819,104.95982360839844,0.0,1.0,0.1309291571378708,4742,3,0.19225996732711792,-287.75982666015625,-4.625455379486084,-509.8769226074219
48.83474779999233,1,21.948948600009317,104.51744079589844,0.0,1.0,0.12921889126300812,4725,3,0.1923142671585083,-287.7974853515625,-4.623100280761719,-510.1674499511719
48.84590839999146,1,21.960109200008446,104.00201416015625,0.0,1.0,0.12704183161258698,4721,3,0.19236856698989868,-287.84454345703125,-4.6203813552856445,-510.5288391113281
48.85671719998936,1,21.97091800000635,103.60983276367188,0.0,1.0,0.12092386931180954,4742,3,0.19242286682128906,-287.8822937011719,-4.6185102462768555,-510.8165283203125
48.867403099982766,1,21.981603899999755,103.26134490966797,0.0,1.0,0.10330177843570709,4783,3,0.19247716665267944,-287.920166015625,-4.61688756942749,-511.10308837890625
48.87852369999746,1,21.992724500014447,102.77616119384766,0.0,1.0,0.08669961988925934,4838,3,0.1925857663154602,-288.0067138671875,-4.614152431488037,-511.74371337890625
48.8893266999803,1,22.00352749999729,102.33997344970703,0.0,1.0,0.057855620980262756,4899,3,0.1925857663154602,-288.0067138671875,-4.614152431488037,-511.74371337890625
48.90004179999232,1,22.01424260000931,101.98233795166016,0.0,1.0,0.05266286060214043,4928,3,0.19264006614685059,-288.046142578125,-4.6131911277771,-512.026611328125
48.9107833999733,1,22.024984199990286,101.53704071044922,0.0,1.0,0.03399625048041344,4934,3,0.19269435107707977,-288.0965270996094,-4.611999988555908,-512.37841796875
48.92170149998856,1,22.035902300005546,101.13247680664062,0.0,1.0,0.015383556485176086,4913,3,0.19274865090847015,-288.1378479003906,-4.610976696014404,-512.658447265625
48.93277939999825,1,22.04698020001524,100.69574737548828,0.0,1.0,-0.002265209797769785,4842,3,0.19280295073986053,-288.18011474609375,-4.609872341156006,-512.9373779296875
48.94345339998836,1,22.057654200005345,100.40779876708984,0.0,1.0,0.0017767632380127907,4761,3,0.19285725057125092,-288.234130859375,-4.608417510986328,-513.284423828125
48.95434349999414,1,22.068544300011126,100.00221252441406,0.0,1.0,0.399310827255249,4683,3,0.1929115504026413,-288.27825927734375,-4.607284069061279,-513.560791015625
48.965431899996474,1,22.079632700013462,99.5579605102539,0.0,1.0,0.4783141016960144,4571,3,0.1929386854171753,-288.32318115234375,-4.6062188148498535,-513.8361206054688
48.97636389997206,1,22.090564699989045,99.12422943115234,0.0,1.0,0.5062656402587891,4514,3,0.19302013516426086,-288.3800354003906,-4.604982852935791,-514.1787109375
48.98748069998692,1,22.101681500003906,98.76830291748047,0.0,1.0,0.5835061073303223,4469,3,0.19304728507995605,-288.4255065917969,-4.604067802429199,-514.4515991210938
48.99864439998055,1,22.112845199997537,98.23765563964844,0.0,1.0,0.598289430141449,4426,3,0.19312871992588043,-288.48175048828125,-4.602892875671387,-514.7911376953125
49.00974889998906,1,22.12394970000605,97.88262939453125,0.0,1.0,0.5696682333946228,4400,3,0.19318300485610962,-288.5369873046875,-4.601714611053467,-515.1292724609375
49.02063719998114,1,22.134837999998126,97.44257354736328,0.0,1.0,0.5628095865249634,4334,3,0.1932373046875,-288.58026123046875,-4.600698947906494,-515.3986206054688
49.031205299979774,1,22.145406099996762,97.1068344116211,0.0,1.0,0.536909818649292,4233,3,0.1932644546031952,-288.62261962890625,-4.599612712860107,-515.6669921875
49.042259199981345,1,22.156459999998333,96.7309799194336,0.0,1.0,0.5376115441322327,4084,3,0.19334588944911957,-288.6742248535156,-4.598211765289307,-516.0012817382812
49.05350839998573,1,22.16770920000272,96.41609954833984,0.0,1.0,0.5274286866188049,3829,3,0.19337303936481476,-288.7143859863281,-4.597073554992676,-516.2678833007812
49.06454279998434,1,22.178743600001326,96.20268249511719,0.0,1.0,0.5151050090789795,3585,3,0.19342733919620514,-288.76336669921875,-4.595614910125732,-516.60009765625
49.075589799991576,1,22.189790600008564,95.86608123779297,0.0,1.0,0.3775952458381653,3283,3,0.19350877404212952,-288.8110046386719,-4.5942463874816895,-516.9312744140625
49.08620209997753,1,22.200402899994515,95.43447875976562,0.0,1.0,0.12252338230609894,3133,3,0.1935359239578247,-288.8482360839844,-4.593331813812256,-517.195556640625
49.09687389997998,1,22.21107469999697,94.95817565917969,0.0,1.0,0.25028541684150696,3091,3,0.1935902088880539,-288.8846130371094,-4.5926618576049805,-517.4591674804688
49.10798239998985,1,22.22218320000684,94.26898193359375,0.0,1.0,-0.1266958862543106,3252,3,0.19364450871944427,-288.9292297363281,-4.5919599533081055,-517.7872314453125
49.11876419998589,1,22.232965000002878,93.87206268310547,0.0,1.0,-0.19412778317928314,3512,3,0.19369879364967346,-288.9643859863281,-4.59137487411499,-518.0479736328125
49.12936739998986,1,22.243568200006848,93.40789794921875,0.0,1.0,-0.16596977412700653,3843,3,0.19375309348106384,-289.0084533691406,-4.590540885925293,-518.3720092773438
49.140378599986434,1,22.254579400003422,92.87472534179688,0.0,1.0,-0.14584146440029144,4250,3,0.19380739331245422,-289.052978515625,-4.589621067047119,-518.694091796875
49.15127249999205,1,22.265473300009035,92.48906707763672,0.0,1.0,-0.13016332685947418,4476,3,0.1938616931438446,-289.08892822265625,-4.588817596435547,-518.950439453125
49.1621324000007,1,22.27633320001769,91.99333953857422,0.0,1.0,-0.13597267866134644,4567,3,0.1938888430595398,-289.1248474121094,-4.587917327880859,-519.2054443359375
49.17346309998538,1,22.28766390000237,91.43990325927734,0.0,1.0,-0.11700376868247986,4480,3,0.19397030770778656,-289.1786804199219,-4.586390972137451,-519.585693359375
49.184624599991366,1,22.298825400008354,90.94189453125,0.0,1.0,-0.10279369354248047,4324,3,0.19399745762348175,-289.2143859863281,-4.585290908813477,-519.8377685546875
49.19551219997811,1,22.3097129999951,90.2726821899414,0.0,1.0,-0.07923553138971329,4084,3,0.19405175745487213,-289.2497863769531,-4.584115505218506,-520.0884399414062
49.20664449999458,1,22.32084530001157,89.82012176513672,0.0,1.0,-0.0650697648525238,3903,3,0.1941060572862625,-289.2933044433594,-4.5825090408325195,-520.3997192382812
49.21790509999846,1,22.33210590001545,89.20144653320312,0.0,1.0,-0.04073241353034973,3798,3,0.1941603571176529,-289.3356018066406,-4.58070707321167,-520.7091064453125
49.229501999972854,1,22.343702799989842,88.70309448242188,0.0,1.0,-0.028331395238637924,3794,3,0.19421465694904327,-289.36846923828125,-4.579139709472656,-520.9552001953125
49.240580999990925,1,22.354781800007913,88.07464599609375,0.0,1.0,-0.009938377887010574,3867,3,0.19426895678043365,-289.4082336425781,-4.577029228210449,-521.2610473632812
49.25147759998799,1,22.36567840000498,87.55992126464844,0.0,1.0,-0.0038329600356519222,3949,3,0.19429610669612885,-289.43890380859375,-4.575216770172119,-521.5043334960938
49.26235049997922,1,22.37655129999621,87.04325866699219,0.0,1.0,0.000707120168954134,4013,3,0.19429610669612885,-289.43890380859375,-4.575216770172119,-521.5043334960938
49.2733528999961,1,22.387553700013086,86.40704345703125,0.0,1.0,0.004784758668392897,4031,3,0.19435040652751923,-289.4759521484375,-4.572807312011719,-521.8065185546875
49.28440239999327,1,22.398603200010257,85.91172790527344,0.0,1.0,0.004691318143159151,3981,3,0.1944047212600708,-289.51153564453125,-4.57025146484375,-522.1066284179688
49.295638499985216,1,22.409839300002204,85.2745132446289,0.0,1.0,0.0016224734717980027,3853,3,0.19445902109146118,-289.53900146484375,-4.568136215209961,-522.3452758789062
49.3065466999833,1,22.42074750000029,84.78211975097656,0.0,1.0,-0.0014130023773759604,3736,3,0.19451332092285156,-289.57220458984375,-4.565473556518555,-522.6416625976562
49.31754329998512,1,22.431744100002106,84.30189514160156,0.0,1.0,-0.0048521738499403,3631,3,0.19454047083854675,-289.6043395996094,-4.562819480895996,-522.93603515625
49.32837479998125,1,22.442575599998236,83.72425079345703,0.0,1.0,-0.00687228050082922,3556,3,0.19459477066993713,-289.6293029785156,-4.560737609863281,-523.1700439453125
49.33909459999995,1,22.45329540001694,83.19805908203125,0.0,1.0,-0.008295077830553055,3544,3,0.19462192058563232,-289.6536865234375,-4.558716297149658,-523.4027709960938
49.35023019998334,1,22.46443100000033,82.72245025634766,0.0,1.0,-0.012102410197257996,3595,3,0.1946762204170227,-289.68341064453125,-4.556276321411133,-523.69189453125
49.36112209997373,1,22.475322899990715,82.0600357055664,0.0,1.0,-0.007331703789532185,3679,3,0.19473053514957428,-289.7123718261719,-4.5539069175720215,-523.9788818359375
49.37218519998714,1,22.48638600000413,81.54534149169922,0.0,1.0,-0.007476042490452528,3777,3,0.19478483498096466,-289.7350158691406,-4.552061080932617,-524.2069702148438
49.382881099998485,1,22.497081900015473,80.9060287475586,0.0,1.0,-0.0011696196161210537,3843,3,0.19481198489665985,-289.76275634765625,-4.549820423126221,-524.4901123046875
49.39352999997209,1,22.507730799989076,80.40740203857422,0.0,1.0,-0.002103431848809123,3877,3,0.19486628472805023,-289.7844543457031,-4.548079490661621,-524.7150268554688
49.404607899981784,1,22.51880869999877,79.88545989990234,0.0,1.0,0.0018406339222565293,3851,3,0.1949205845594406,-289.8110656738281,-4.5459818840026855,-524.9942626953125
49.41544919999433,1,22.529650000011316,79.25066375732422,0.0,1.0,0.004302399232983589,3789,3,0.194947749376297,-289.8370361328125,-4.543961048126221,-525.2713623046875
49.426674199989066,1,22.540875000006054,78.84051513671875,0.0,1.0,0.0029262045864015818,3692,3,0.19500204920768738,-289.8573913574219,-4.5424041748046875,-525.4913940429688
49.43772419999004,1,22.55192500000703,78.29682922363281,0.0,1.0,0.0031636229250580072,3583,3,0.19502919912338257,-289.87738037109375,-4.540900707244873,-525.7102661132812
49.44881169998553,1,22.563012500002515,77.63135528564453,0.0,1.0,0.004234879277646542,3448,3,0.19508349895477295,-289.90185546875,-4.539084434509277,-525.98193359375
49.45972569999867,1,22.57392650001566,77.09906768798828,0.0,1.0,0.0003410922654438764,3358,3,0.19513779878616333,-289.9258117675781,-4.537306308746338,-526.2514038085938
49.47068909998052,1,22.584889899997506,76.37671661376953,0.0,1.0,-0.0007679785485379398,3285,3,0.19516496360301971,-289.9446105957031,-4.535877227783203,-526.4652709960938
49.481627799978014,1,22.595828599995002,75.81790924072266,0.0,1.0,1.3793469406664371e-06,3270,3,0.1952192634344101,-289.9676818847656,-4.534041881561279,-526.73046875
49.49276879997342,1,22.606969599990407,75.0859375,0.0,1.0,-0.0008371956064365804,3290,3,0.19524641335010529,-289.98583984375,-4.5325140953063965,-526.94091796875
49.50390769998194,1,22.618108499998925,74.51274108886719,0.0,1.0,-0.000213345731026493,3315,3,0.19530071318149567,-290.0081787109375,-4.530501365661621,-527.20166015625
49.51528659998439,1,22.62948740000138,73.94528198242188,0.0,1.0,-0.0004037324106320739,3375,3,0.19535501301288605,-290.0301208496094,-4.528364658355713,-527.4599609375
49.52609319999465,1,22.640294000011636,73.25894927978516,0.0,1.0,3.687484422698617e-05,3386,3,0.19538217782974243,-290.0473937988281,-4.526575565338135,-527.664794921875
49.53738229998271,1,22.651583099999698,72.68460083007812,0.0,1.0,0.0006623757653869689,3416,3,0.19538217782974243,-290.0473937988281,-4.526575565338135,-527.664794921875
49.54839949999587,1,22.662600300012855,71.9992904663086,0.0,1.0,0.000749076483771205,3382,3,0.195463627576828,-290.0896301269531,-4.521800518035889,-528.1702880859375
49.5591895999969,1,22.673390400013886,71.45854187011719,0.0,1.0,0.0008818304631859064,3327,3,0.1954907774925232,-290.1061706542969,-4.519808292388916,-528.3697509765625
49.569911200000206,1,22.684112000017194,70.94821166992188,0.0,1.0,0.0019940317142754793,3316,3,0.1954907774925232,-290.1061706542969,-4.519808292388916,-528.3697509765625
49.58073949997197,1,22.694940299988957,70.39927673339844,0.0,1.0,-0.0011492781341075897,3222,1,0.19554507732391357,-290.12249755859375,-4.517819881439209,-528.5677490234375
49.59172609998495,1,22.70592690000194,69.92573547363281,0.3499999940395355,1.0,0.0009849999332800508,3283,1,0.19557222723960876,-290.1426696777344,-4.51540994644165,-528.8132934570312
49.60248299999512,1,22.716683800012106,69.4611587524414,0.699999988079071,1.0,-0.001504111336544156,3495,1,0.19562652707099915,-290.15863037109375,-4.513589859008789,-529.0083618164062
49.61331629997585,1,22.727517099992838,68.85527801513672,0.6700000166893005,1.0,-0.0002559429267421365,3826,1,0.19565367698669434,-290.1744689941406,-4.511894702911377,-529.2020874023438
49.62402889999794,1,22.738229700014926,68.34646606445312,0.6100000143051147,1.0,-0.0019727491308003664,4089,1,0.19570796191692352,-290.1979064941406,-4.509585857391357,-529.4902954101562
49.63534099998651,1,22.7495418000035,67.73653411865234,0.5799999833106995,1.0,-0.0037077320739626884,4403,1,0.1957351118326187,-290.21337890625,-4.508171081542969,-529.6807250976562
49.64595459998236,1,22.76015539999935,67.18792724609375,0.5199999809265137,1.0,-0.0029136715456843376,4633,1,0.1957622617483139,-290.2287292480469,-4.506822109222412,-529.8698120117188
49.65661369997542,1,22.77081449999241,66.73612213134766,0.4642857313156128,1.0,0.0009040725417435169,4837,1,0.19581656157970428,-290.2477111816406,-4.505181312561035,-530.1041870117188
49.66758859998663,1,22.781789400003618,66.16439819335938,0.3571428656578064,1.0,-0.0011961390264332294,4986,1,0.19584371149539948,-290.26275634765625,-4.503875255584717,-530.2901000976562
49.67868189999717,1,22.79288270001416,65.56058502197266,0.1428571343421936,1.0,0.005685537122189999,5044,1,0.19587086141109467,-290.2814025878906,-4.502196788787842,-530.5205688476562
49.689462499984074,1,22.803663300001062,64.99246215820312,0.03571426868438721,1.0,0.001814211718738079,4593,2,0.19592516124248505,-290.2998046875,-4.500461578369141,-530.7487182617188
49.70049289998133,1,22.814693699998315,64.59684753417969,0.0,1.0,0.002698788419365883,4350,2,0.19595231115818024,-290.3143310546875,-4.498993396759033,-530.9296264648438
49.71114589998615,1,22.825346700003138,64.08124542236328,0.0,1.0,0.003086732467636466,4204,2,0.19597946107387543,-290.3287353515625,-4.497467041015625,-531.109130859375
49.72185839997837,1,22.83605919999536,63.57970428466797,0.0,1.0,0.004287185147404671,4030,2,0.1960337609052658,-290.3465881347656,-4.4954657554626465,-531.332275390625
49.732878999988316,1,22.847079800005304,62.94911193847656,0.0,1.0,0.0026400103233754635,3789,2,0.196060910820961,-290.36419677734375,-4.493414402008057,-531.55322265625
49.743783199985046,1,22.857984000002034,62.535797119140625,0.0,1.0,0.0050707547925412655,3607,2,0.1960880607366562,-290.3781433105469,-4.491763591766357,-531.7283325195312
49.75479869998526,1,22.868999500002246,62.05376052856445,0.0,1.0,0.0019030873663723469,3458,2,0.19611521065235138,-290.3953857421875,-4.489722728729248,-531.9454956054688
49.76576099998783,1,22.87996180000482,61.64164352416992,0.0,1.0,0.0024780656676739454,3336,2,0.19616949558258057,-290.4090576171875,-4.488117694854736,-532.1177978515625
49.77719149997574,1,22.89139229999273,61.11811065673828,0.0,1.0,0.00123990373685956,3291,2,0.19619664549827576,-290.422607421875,-4.486571311950684,-532.2889404296875
49.78794769998058,1,22.902148499997566,60.61441421508789,0.0,1.0,0.0022875696886330843,3301,2,0.19622379541397095,-290.44281005859375,-4.484380722045898,-532.5435791015625
49.79875560000073,1,22.91295640001772,60.1153678894043,0.0,1.0,0.0008669060771353543,3374,2,0.19625094532966614,-290.4561462402344,-4.48305082321167,-532.7118530273438
49.80986009998014,1,22.92406089999713,59.742794036865234,0.0,1.0,0.001775590586476028,3405,2,0.19630524516105652,-290.4693908691406,-4.481834888458252,-532.8787841796875
49.821307699981844,1,22.935508499998832,59.11909103393555,0.0,1.0,0.00023428394342772663,3520,2,0.1963323950767517,-290.4858093261719,-4.48046875,-533.0858764648438
49.83211619997746,1,22.94631699999445,58.73292922973633,0.0,1.0,0.0027005032170563936,3577,2,0.1963595449924469,-290.49884033203125,-4.479479789733887,-533.2500610351562
49.84299679999822,1,22.957197600015206,58.20229721069336,0.0,1.0,0.0022480986081063747,3619,2,0.1963866949081421,-290.51177978515625,-4.4785566329956055,-533.4132080078125
49.854131499974756,1,22.968332299991744,57.7142219543457,0.0,1.0,0.002101453486829996,3635,2,0.19644099473953247,-290.5310363769531,-4.4772419929504395,-533.6554565429688
49.8653269999777,1,22.979527799994685,57.25511932373047,0.0,1.0,0.00322693376801908,3579,2,0.19646814465522766,-290.54376220703125,-4.4763617515563965,-533.8154907226562
49.87630619999254,1,22.99050700000953,56.6712646484375,0.0,1.0,0.0009368128958158195,3547,2,0.19649529457092285,-290.556396484375,-4.475500583648682,-533.9743041992188
49.887144599983,1,23.00134539999999,56.35471725463867,0.0,1.0,0.003554074326530099,3468,2,0.19652244448661804,-290.5720520019531,-4.474349021911621,-534.1709594726562
49.89835849998053,1,23.01255929999752,55.65565490722656,0.0,1.0,0.0011768939439207315,3368,2,0.19654959440231323,-290.58447265625,-4.473392963409424,-534.3270263671875
49.90942219999852,1,23.023623000015505,55.34278869628906,0.0,1.0,0.0024428756441920996,3290,2,0.19654959440231323,-290.58447265625,-4.473392963409424,-534.3270263671875
49.92039129999466,1,23.03459210001165,54.68025207519531,0.0,1.0,0.0014501232653856277,3204,2,0.19657672941684723,-290.5968017578125,-4.472357749938965,-534.481689453125
49.931478099984815,1,23.045678900001803,54.30317687988281,0.0,1.0,0.0015682554803788662,3146,2,0.1966310292482376,-290.6272277832031,-4.4695634841918945,-534.8631591796875
49.94265389998327,1,23.056854700000258,53.80482482910156,0.0,1.0,0.001139179803431034,3092,2,0.1966310292482376,-290.6272277832031,-4.4695634841918945,-534.8631591796875
49.954009799985215,1,23.068210600002203,53.302364349365234,0.0,1.0,0.0010468456894159317,3099,2,0.1966581791639328,-290.6392517089844,-4.468384265899658,-535.0137329101562
49.964928099972894,1,23.079128899989882,52.924190521240234,0.0,1.0,0.003243466140702367,3052,2,0.19671247899532318,-290.6659240722656,-4.4658331871032715,-535.347900390625
49.97577579997596,1,23.08997659999295,52.35353469848633,0.0,1.0,0.002308559836819768,3060,2,0.19671247899532318,-290.6659240722656,-4.4658331871032715,-535.347900390625
49.98685939999996,1,23.101060200016946,52.015167236328125,0.0,1.0,0.0021836257074028254,3070,2,0.19673962891101837,-290.6776428222656,-4.464787483215332,-535.4945068359375
49.9980773999996,1,23.11227820001659,51.38286209106445,0.0,1.0,-9.687751298770308e-05,3037,2,0.19679392874240875,-290.6950378417969,-4.463332653045654,-535.7122802734375
50.00881999998819,1,23.12302080000518,51.05812454223633,0.0,1.0,0.0017281868495047092,3078,2,0.19682107865810394,-290.7065124511719,-4.462451457977295,-535.8560791015625
50.019433299981756,1,23.133634099998744,50.52947235107422,0.0,1.0,-0.0012790497858077288,3058,2,0.19684822857379913,-290.7178955078125,-4.461611747741699,-535.99853515625
50.03000309999334,1,23.144203900010325,50.059932708740234,0.0,1.0,-0.00033400781103409827,3019,2,0.19687537848949432,-290.7320251464844,-4.460619926452637,-536.1751708984375
50.0410000999982,1,23.15520090001519,49.5581169128418,0.0,1.0,-0.0017864055698737502,3020,2,0.19690252840518951,-290.74322509765625,-4.459865093231201,-536.3150024414062
50.0519776000001,1,23.16617840001709,49.19871139526367,0.0,1.0,-0.001725686015561223,2977,2,0.1969296783208847,-290.75714111328125,-4.458958148956299,-536.4882202148438
50.06274139997549,1,23.17694219999248,48.64067077636719,0.0,1.0,-0.0004857360036112368,2914,2,0.1969568282365799,-290.7709045410156,-4.458110332489014,-536.6595458984375
50.07372989997384,1,23.18793069999083,48.17788314819336,0.0,1.0,-0.0005762020591646433,2887,2,0.19698397815227509,-290.7818603515625,-4.4574503898620605,-536.7952270507812
50.08439199998975,1,23.198592800006736,47.80046844482422,0.0,1.0,0.00042824161937460303,2856,2,0.19701111316680908,-290.792724609375,-4.456819534301758,-536.9297485351562
50.095264799980214,1,23.209465599997202,47.234004974365234,0.0,1.0,-9.085386409424245e-05,2789,2,0.19703826308250427,-290.8088073730469,-4.455859184265137,-537.1292114257812
50.106006599991815,1,23.220207400008803,46.922698974609375,0.0,1.0,0.001689086202532053,2756,2,0.19706541299819946,-290.8194580078125,-4.455193042755127,-537.2609252929688
50.116869999998016,1,23.231070800015004,46.364627838134766,0.0,1.0,-0.00045828797738067806,2763,2,0.19709256291389465,-290.8299865722656,-4.454524040222168,-537.3912963867188
50.127622100000735,1,23.241822900017723,45.99087142944336,0.0,1.0,0.003533980343490839,2703,2,0.19711971282958984,-290.8430480957031,-4.453648567199707,-537.552734375
50.13878469998599,1,23.25298550000298,45.416526794433594,0.0,1.0,-0.00015617627650499344,2681,2,0.19714686274528503,-290.85595703125,-4.452762603759766,-537.71240234375
50.15005419999943,1,23.26425500001642,45.10395812988281,0.0,1.0,0.0016446001827716827,2690,2,0.19714686274528503,-290.8661804199219,-4.452022552490234,-537.8386840820312
50.161065399996005,1,23.275266200012993,44.454498291015625,0.0,1.0,0.0025573913007974625,2642,2,0.19717401266098022,-290.8788146972656,-4.451095104217529,-537.9949951171875
50.17174599997816,1,23.285946799995145,44.095947265625,0.0,1.0,0.001842801459133625,2633,2,0.19720116257667542,-290.8888244628906,-4.450336456298828,-538.1185913085938
50.182927099987864,1,23.297127900004853,43.52900314331055,0.0,1.0,0.0030869145411998034,2610,2,0.19720116257667542,-290.8888244628906,-4.450336456298828,-538.1185913085938
50.19414839998353,1,23.30834920000052,43.089134216308594,0.0,1.0,0.0028651172760874033,2573,2,0.1972554624080658,-290.91339111328125,-4.448462963104248,-538.4225463867188
50.20533189998241,1,23.3195326999994,42.613590240478516,0.0,1.0,0.003325897268950939,2575,2,0.197282612323761,-290.9230041503906,-4.447707653045654,-538.5420532226562
50.21649229998002,1,23.330693099997006,42.12174987792969,0.0,1.0,0.002577052917331457,2531,2,0.197282612323761,-290.9230041503906,-4.447707653045654,-538.5420532226562
50.22717339999508,1,23.34137420001207,41.812049865722656,0.0,1.0,0.004662267863750458,2494,2,0.19730976223945618,-290.9325256347656,-4.446977615356445,-538.6602783203125
50.23866779997479,1,23.35286859999178,41.15395736694336,0.0,1.0,0.000931297370698303,2515,2,0.19733691215515137,-290.9443054199219,-4.446047306060791,-538.8065185546875
50.24961749999784,1,23.363818300014827,40.90142059326172,0.0,1.0,0.006710049696266651,2450,2,0.19736406207084656,-290.9559631347656,-4.445138931274414,-538.9511108398438
50.26031499999226,1,23.37451580000925,40.23805618286133,0.0,1.0,0.003008404280990362,2415,2,0.19736406207084656,-290.96514892578125,-4.444424629211426,-539.0652465820312
50.27159910000046,1,23.385799900017446,39.88092803955078,0.0,1.0,0.005234274547547102,2426,2,0.19739121198654175,-290.9765930175781,-4.443541049957275,-539.2066040039062
50.28220940000028,1,23.39641020001727,39.43405532836914,0.0,1.0,0.004154654685407877,2359,2,0.19741836190223694,-290.9856262207031,-4.442861080169678,-539.3182373046875
50.29306649998762,1,23.407267300004605,38.94675827026367,0.0,1.0,0.0030523580498993397,2286,2,0.19744551181793213,-290.996826171875,-4.442040920257568,-539.4562377929688
50.30413119998411,1,23.4183320000011,38.50006103515625,0.0,1.0,0.0019054135773330927,2253,2,0.19747266173362732,-291.00787353515625,-4.44125509262085,-539.592529296875
50.31522039999254,1,23.42942120000953,37.9141845703125,0.0,1.0,0.0016537887277081609,2223,2,0.19747266173362732,-291.0166320800781,-4.440637588500977,-539.7001953125
50.326096099975985,1,23.440296899992973,37.55967330932617,0.0,1.0,0.0019118317868560553,2205,2,0.1974998116493225,-291.0252685546875,-4.440036773681641,-539.806640625
50.337185499985935,1,23.451386300002923,37.0277214050293,0.0,1.0,0.0007648759055882692,2189,2,0.1975269615650177,-291.03594970703125,-4.439273357391357,-539.9379272460938
50.34820239999681,1,23.462403200013796,36.62978744506836,0.0,1.0,0.0031697687227278948,2171,2,0.1975541114807129,-291.0465087890625,-4.438511371612549,-540.0674438476562
50.35923799997545,1,23.473438799992437,36.06019973754883,0.0,1.0,6.489190855063498e-05,2157,2,0.1975541114807129,-291.0548400878906,-4.437892913818359,-540.1694946289062
50.37042969997856,1,23.484630499995546,35.69977569580078,0.0,1.0,0.0080735944211483,2141,2,0.19758126139640808,-291.065185546875,-4.43709135055542,-540.2957153320312
50.38126519997604,1,23.49546599999303,35.1794548034668,0.0,1.0,0.0016111540608108044,2129,2,0.19760841131210327,-291.0733642578125,-4.436456203460693,-540.395263671875
50.39207319999696,1,23.506274000013946,34.958274841308594,0.0,1.0,0.0013017527526244521,2117,2,0.19763556122779846,-291.08349609375,-4.4356207847595215,-540.518310546875
50.40317119998508,1,23.51737200000207,34.36545944213867,0.0,1.0,-0.0030517547857016325,2102,2,0.19763556122779846,-291.093505859375,-4.434812545776367,-540.6396484375
50.41389539997908,1,23.52809619999607,34.1075325012207,0.0,1.0,0.010044891387224197,2092,2,0.19766272604465485,-291.1014404296875,-4.434154987335205,-540.7356567382812
50.424841799977,1,23.53904259999399,33.728885650634766,0.0,1.0,-0.009071120992302895,2081,2,0.19768987596035004,-291.10931396484375,-4.433524131774902,-540.8304443359375
50.435915099980775,1,23.550115899997763,33.23805236816406,0.0,1.0,0.005882103927433491,2069,2,0.19768987596035004,-291.11907958984375,-4.432724475860596,-540.9478149414062
50.44658939997316,1,23.56079019999015,32.8673095703125,0.0,1.0,-0.006774005480110645,2060,2,0.19771702587604523,-291.1268005371094,-4.432093143463135,-541.0403442382812
50.4580289000005,1,23.572229700017488,32.33863830566406,0.0,1.0,-0.00015701144002377987,2049,2,0.19774417579174042,-291.1363220214844,-4.43129825592041,-541.1548461914062
50.46869239999796,1,23.58289320001495,32.01397705078125,0.0,1.0,0.000569914816878736,2040,2,0.1977713257074356,-291.14569091796875,-4.43048620223999,-541.267333984375
50.47952839999925,1,23.59372920001624,31.502763748168945,0.0,1.0,-0.004020683467388153,2032,2,0.1977713257074356,-291.15313720703125,-4.42983865737915,-541.3564453125
50.49042649997864,1,23.604627299995627,31.194881439208984,0.0,1.0,0.012307217344641685,2023,2,0.1977984756231308,-291.16046142578125,-4.429169178009033,-541.4441528320312
50.50157229998149,1,23.615773099998478,30.663589477539062,0.0,1.0,-0.00185302528552711,2016,2,0.1977984756231308,-291.1695556640625,-4.428336143493652,-541.5525512695312
50.51237649997347,1,23.62657729999046,30.396364212036133,0.0,1.0,0.009822184219956398,2009,2,0.197825625538826,-291.17669677734375,-4.427642345428467,-541.637939453125
50.52330289999372,1,23.63750370001071,29.83241844177246,0.0,1.0,-0.0012027132324874401,2000,2,0.19785277545452118,-291.1855163574219,-4.426796913146973,-541.7432250976562
50.534315599972615,1,23.648516399989603,29.528650283813477,0.0,1.0,0.0024403403513133526,1994,2,0.19785277545452118,-291.19415283203125,-4.425933361053467,-541.8469848632812
50.54518959997222,1,23.659390399989206,29.2086124420166,0.0,1.0,0.00264271954074502,1988,2,0.19787992537021637,-291.20098876953125,-4.425258636474609,-541.9287719726562
50.556363199983025,1,23.670564000000013,28.631258010864258,0.0,1.0,-0.0005598054267466068,1981,2,0.19787992537021637,-291.2077331542969,-4.4245829582214355,-542.009765625
50.56735639998806,1,23.681557200005045,28.444618225097656,0.0,1.0,0.008863450028002262,1975,2,0.19790707528591156,-291.21600341796875,-4.423759460449219,-542.1091918945312
50.578199599985965,1,23.692400400002953,27.80753517150879,0.0,1.0,-7.921596989035606e-06,1969,2,0.19790707528591156,-291.2225646972656,-4.423125743865967,-542.18798828125
50.58947019997868,1,23.703670999995666,27.62380599975586,0.0,1.0,0.005154244601726532,1964,2,0.19790707528591156,-291.2225646972656,-4.423125743865967,-542.18798828125
50.60016429997631,1,23.7143650999933,26.995161056518555,0.0,1.0,-0.002298740204423666,1958,2,0.19796137511730194,-291.2369079589844,-4.421765327453613,-542.3611450195312
50.611009099986404,1,23.725209900003392,26.77333641052246,0.0,1.0,0.001226214924827218,1954,2,0.19796137511730194,-291.24310302734375,-4.42118501663208,-542.4364013671875
50.622063099988736,1,23.736263900005724,26.34334945678711,0.0,1.0,-0.005881820805370808,1949,2,0.19796137511730194,-291.24310302734375,-4.42118501663208,-542.4364013671875
50.63320479998947,1,23.74740560000646,25.882020950317383,0.0,1.0,-0.0004611713229678571,1944,2,0.19798852503299713,-291.2568359375,-4.419931411743164,-542.6022338867188
50.644166399986716,1,23.758367200003704,25.589492797851562,0.0,1.0,-0.0080875838175416,1940,2,0.19801567494869232,-291.2642517089844,-4.4192609786987305,-542.6920776367188
50.655137999972794,1,23.769338799989782,25.089448928833008,0.0,1.0,-0.00034786772448569536,1937,2,0.19801567494869232,-291.2642517089844,-4.4192609786987305,-542.6920776367188
50.6659687999927,1,23.780169600009685,24.831130981445312,0.0,1.0,-0.004150961525738239,1932,2,0.1980428248643875,-291.2773132324219,-4.4180779457092285,-542.8499755859375
50.67699419998098,1,23.79119499999797,24.289709091186523,0.0,1.0,-0.0021036809775978327,1929,2,0.1980428248643875,-291.28302001953125,-4.417565822601318,-542.9187622070312
50.68799769997713,1,23.80219849999412,24.01314926147461,0.0,1.0,0.004529931582510471,1925,2,0.1980428248643875,-291.28302001953125,-4.417565822601318,-542.9187622070312
50.69928699999582,1,23.81348780001281,23.52023696899414,0.0,1.0,-0.006352236494421959,1922,2,0.1980699747800827,-291.2886047363281,-4.417059898376465,-542.9861450195312
50.710067199979676,1,23.824267999996664,23.162485122680664,0.0,1.0,-0.0003100096946582198,1919,2,0.1980971246957779,-291.3008728027344,-4.415992736816406,-543.1346435546875
50.72113779999199,1,23.83533860000898,22.878711700439453,0.0,1.0,-0.0046910252422094345,1916,2,0.1980971246957779,-291.3008728027344,-4.415992736816406,-543.1346435546875
50.73251519998303,1,23.846716000000015,22.405364990234375,0.0,1.0,-0.0004579222877509892,1913,2,0.1980971246957779,-291.3061828613281,-4.415561676025391,-543.1988525390625
50.743375999998534,1,23.857576800015522,22.280344009399414,0.0,1.0,0.0007742753368802369,1910,2,0.19812427461147308,-291.3191833496094,-4.4145989418029785,-543.3560791015625
50.754298799991375,1,23.868499600008363,21.73101806640625,0.0,1.0,-0.0125453881919384,1908,2,0.19812427461147308,-291.3191833496094,-4.4145989418029785,-543.3560791015625
50.76562909997301,1,23.87982989999,21.28773307800293,0.0,1.0,0.002469373634085059,1905,2,0.19812427461147308,-291.3242492675781,-4.414262294769287,-543.4176025390625
50.77658989999327,1,23.890790700010257,21.233304977416992,0.0,1.0,0.004608227405697107,1903,2,0.19815142452716827,-291.3352966308594,-4.41353178024292,-543.5519409179688
50.78754520000075,1,23.901746000017738,20.679162979125977,0.0,1.0,-0.0030246993992477655,1901,2,0.19815142452716827,-291.3352966308594,-4.41353178024292,-543.5519409179688
50.798681899992516,1,23.912882700009504,20.348649978637695,0.0,1.0,0.0025663012638688087,1898,2,0.19817858934402466,-291.3401184082031,-4.413216590881348,-543.6107788085938
50.80938609997975,1,23.923586899996735,20.12206268310547,0.0,1.0,-0.014008937403559685,1896,2,0.19817858934402466,-291.3506164550781,-4.412545204162598,-543.7387084960938
50.820369900000514,1,23.934570700017503,19.484718322753906,0.0,1.0,-0.00393396383151412,1894,2,0.19817858934402466,-291.3506164550781,-4.412545204162598,-543.7387084960938
50.831165899988264,1,23.945366700005252,19.014591217041016,0.0,1.0,-0.0004996773786842823,1893,2,0.19820573925971985,-291.3551940917969,-4.412236213684082,-543.7946166992188
50.842345899989596,1,23.956546700006584,0.0,0.0,0.0,0.0,0,0,0.19820573925971985,-291.3607177734375,-4.411862850189209,-543.8624877929688
54.03757129999576,1,27.15177210001275,17.20734977722168,0.0,0.0,-0.0013320711441338062,1887,2,0.19823288917541504,-291.36505126953125,-4.411562919616699,-543.915283203125
54.04841809999198,1,27.162618900008965,16.66956329345703,0.0,0.0,-0.0009192207362502813,1886,2,0.19823288917541504,-291.36505126953125,-4.411562919616699,-543.915283203125
54.05922549997922,1,27.17342629999621,17.053787231445312,0.0,0.0,0.0011434907792136073,1885,2,0.19826003909111023,-291.3838195800781,-4.410005569458008,-544.146728515625
54.07001299998956,1,27.184213800006546,16.875852584838867,0.0,0.0,-0.00029451874434016645,1884,2,0.19826003909111023,-291.3857116699219,-4.409842491149902,-544.1700439453125
54.08117739998852,1,27.195378200005507,16.92090606689453,0.0,0.0,-0.0007557363715022802,1883,2,0.19826003909111023,-291.3885803222656,-4.409552574157715,-544.2055053710938
54.09201939997729,1,27.206220199994277,16.90765380859375,0.0,0.0,-0.0007547927089035511,1882,2,0.19828718900680542,-291.3942565917969,-4.409082889556885,-544.2756958007812
54.10369429999264,1,27.217895100009628,16.898099899291992,0.0,0.0,-0.0004376178840175271,1881,2,0.19828718900680542,-291.3980407714844,-4.4088664054870605,-544.322509765625
54.11470519998693,1,27.228906000003917,16.89860725402832,0.0,0.0,-0.0006058269646018744,1881,2,0.1983143538236618,-291.4028015136719,-4.40872859954834,-544.3809814453125
54.12590799998725,1,27.240108800004236,16.887096405029297,0.0,0.0,-0.0007299878052435815,1880,2,0.1983143538236618,-291.4066162109375,-4.408703804016113,-544.4277954101562
54.13672429998405,1,27.25092510000104,16.886388778686523,0.0,0.0,-0.0005837365752086043,1880,2,0.1983143538236618,-291.411376953125,-4.408776760101318,-544.4862670898438
54.147427699994296,1,27.261628500011284,16.877153396606445,0.0,0.0,-0.0005506556481122971,1879,2,0.198341503739357,-291.4161376953125,-4.408940315246582,-544.544677734375
54.15820479998365,1,27.27240560000064,16.874122619628906,0.0,0.0,-0.0005037495866417885,1879,2,0.198341503739357,-291.41998291015625,-4.409109592437744,-544.5914306640625
54.16897979998612,1,27.283180600003107,16.86452293395996,0.0,0.0,-0.0005086424062028527,1879,2,0.198341503739357,-291.4237976074219,-4.409285545349121,-544.6381225585938
54.179767900001025,1,27.293968700018013,16.85736656188965,0.0,0.0,-4.1134830098599195e-05,1878,2,0.19836865365505219,-291.4285888671875,-4.409465312957764,-544.696533203125
54.19055569998454,1,27.30475650000153,16.849756240844727,0.0,0.0,-0.00011833807366201654,1878,2,0.19836865365505219,-291.43243408203125,-4.4095540046691895,-544.7431640625
54.20151139999507,1,27.315712200012058,16.8400821685791,0.0,0.0,-5.928211976424791e-05,1878,2,0.19836865365505219,-291.4362487792969,-4.409561634063721,-544.7898559570312
54.21249619999435,1,27.326697000011336,16.832014083862305,0.0,0.0,-3.2953688787529245e-05,1878,2,0.19839580357074738,-291.4410400390625,-4.409433364868164,-544.84814453125
54.22333369997796,1,27.337534499994945,16.824506759643555,0.0,0.0,-0.0001415525475749746,1878,2,0.19839580357074738,-291.4448547363281,-4.409212589263916,-544.894775390625
54.234468799986644,1,27.348669600003632,16.815174102783203,0.0,0.5333333611488342,-0.00013884982035961002,1877,2,0.19839580357074738,-291.44866943359375,-4.4088873863220215,-544.9413452148438
54.24591179998242,1,27.36011259999941,16.58772850036621,0.0,0.5333333611488342,-5.355003668228164e-05,1877,2,0.19842295348644257,-291.4533996582031,-4.408349990844727,-544.99951171875
54.25703959999373,1,27.37124040001072,16.08648681640625,0.0,1.0,4.430344415595755e-05,1877,2,0.19842295348644257,-291.4571838378906,-4.407832145690918,-545.0458374023438
54.267733599990606,1,27.381934400007594,15.589874267578125,0.0,1.0,-0.0006218362832441926,1877,2,0.19842295348644257,-291.4617614746094,-4.407130718231201,-545.1021118164062
54.27881729998626,1,27.393018100003246,14.966257095336914,0.0,1.0,-0.0013370340457186103,1877,2,0.19842295348644257,-291.4653015136719,-4.406549453735352,-545.1458129882812
54.28984679997666,1,27.404047599993646,14.467477798461914,0.0,1.0,-0.001291499356739223,1877,2,0.19845011830329895,-291.46954345703125,-4.405822277069092,-545.198486328125
54.300660999986576,1,27.414861800003564,13.962196350097656,0.0,1.0,-0.001337513909675181,1877,2,0.19845011830329895,-291.4728088378906,-4.405241966247559,-545.2390747070312
54.31153559999075,1,27.425736400007736,13.32749080657959,0.0,1.0,-0.0010653679491952062,1877,2,0.19845011830329895,-291.47674560546875,-4.404529571533203,-545.2877807617188
54.32255699997768,1,27.436757799994666,12.817959785461426,0.0,1.0,-0.0010306359035894275,1877,2,0.19847726821899414,-291.4797058105469,-4.403963565826416,-545.3252563476562
54.333434100000886,1,27.447634900017874,12.307608604431152,0.0,1.0,-0.00046232534805312753,1877,2,0.19847726821899414,-291.4825744628906,-4.403398036956787,-545.3612670898438
54.34483499999624,1,27.459035800013226,11.673888206481934,0.0,1.0,-0.00032481388188898563,1877,2,0.19847726821899414,-291.4859619140625,-4.4026899337768555,-545.404296875
54.35580299998401,1,27.470003800000995,11.169886589050293,0.0,1.0,-7.582301623187959e-05,1877,2,0.19847726821899414,-291.4885559082031,-4.4021220207214355,-545.4371337890625
54.366859699977795,1,27.481060499994783,10.542261123657227,0.0,1.0,1.19196338346228e-05,1877,2,0.19850441813468933,-291.4909973144531,-4.401557445526123,-545.4685668945312
54.37755579999066,1,27.491756600007648,10.046052932739258,0.0,1.0,-0.00012097939907107502,1877,2,0.19850441813468933,-291.4938659667969,-4.400869369506836,-545.5059204101562
54.38838319998467,1,27.50258400000166,9.438523292541504,0.0,1.0,-0.00013995943299960345,1877,2,0.19850441813468933,-291.49658203125,-4.400228023529053,-545.5411376953125
54.399502999993274,1,27.513703800010262,8.96060562133789,0.0,1.0,-0.0005107145407237113,1877,2,0.19850441813468933,-291.49658203125,-4.400228023529053,-545.5411376953125
54.410620699985884,1,27.524821500002872,8.48851203918457,0.0,1.0,-0.00013105510151945055,1877,2,0.19850441813468933,-291.5009460449219,-4.3992815017700195,-545.5992431640625
54.421739099983824,1,27.535939900000812,7.888149738311768,0.0,1.0,2.862547989934683e-05,1877,2,0.19853156805038452,-291.5027160644531,-4.398972988128662,-545.6229248046875
54.43268239998724,1,27.54688320000423,7.4007344245910645,0.0,1.0,-0.0006750074680894613,1877,2,0.19853156805038452,-291.5027160644531,-4.398972988128662,-545.6229248046875
54.44383399997605,1,27.558034799993038,6.778752326965332,0.0,1.0,-0.000665468571241945,1877,2,0.19853156805038452,-291.5062255859375,-4.398526191711426,-545.6713256835938
54.45465129998047,1,27.568852099997457,6.278984069824219,0.0,1.0,-6.438871787395328e-05,1877,2,0.19853156805038452,-291.50762939453125,-4.39841365814209,-545.6906127929688
54.46592609997606,1,27.580126899993047,5.7729668617248535,0.0,1.0,-0.0007115749758668244,1877,2,0.19853156805038452,-291.50762939453125,-4.39841365814209,-545.6906127929688
54.47724739997648,1,27.591448199993465,5.136012077331543,0.0,1.0,-0.0007792358519509435,1877,2,0.19853156805038452,-291.5105895996094,-4.39824914932251,-545.7327880859375
54.488210599985905,1,27.602411400002893,4.615445613861084,0.0,1.0,-0.00046852027298882604,1877,2,0.19853156805038452,-291.5115661621094,-4.398195743560791,-545.7471923828125
54.4991342999856,1,27.613335100002587,3.958376884460449,0.0,1.0,-0.0005042962729930878,1877,2,0.19853156805038452,-291.5115661621094,-4.398195743560791,-545.7471923828125
54.50984679997782,1,27.62404759999481,3.429190158843994,0.0,1.0,-0.0006526836077682674,1877,2,0.1985587179660797,-291.5133361816406,-4.397992134094238,-545.7743530273438
54.52124579998781,1,27.635446600004798,2.7779624462127686,0.0,1.0,-6.396930984919891e-08,1877,2,0.1985587179660797,-291.5139465332031,-4.397845268249512,-545.7839965820312
54.53208199999062,1,27.64628280000761,2.2665581703186035,0.0,1.0,-6.332925295282621e-10,1877,2,0.1985587179660797,-291.5139465332031,-4.397845268249512,-545.7839965820312
54.54333059999044,1,27.65753140000743,1.7669012546539307,0.0,1.0,-6.206883965131915e-14,1877,2,0.1985587179660797,-291.51446533203125,-4.39766263961792,-545.792236328125
54.55461859999923,1,27.66881940001622,1.163130521774292,0.0,1.0,-6.144783575197377e-16,1877,2,0.1985587179660797,-291.51544189453125,-4.397104263305664,-545.806640625
54.56542069997522,1,27.67962149999221,0.7053393125534058,0.0,1.0,-6.022495244845456e-20,1877,2,0.1985587179660797,-291.51544189453125,-4.397104263305664,-545.806640625
54.576115299976664,1,27.69031609999365,0.1773303747177124,0.0,1.0,-5.9622273824027255e-22,1877,2,0.1985587179660797,-291.5157165527344,-4.396882057189941,-545.81005859375
54.58711039999616,1,27.70131120001315,0.15525980293750763,0.0,1.0,-5.843566041515167e-26,1877,2,0.1985587179660797,-291.5159606933594,-4.396646976470947,-545.8125
54.59789439997985,1,27.71209519999684,0.47937265038490295,0.0,1.0,-5.785123774389934e-28,1877,2,0.1985587179660797,-291.51605224609375,-4.396504878997803,-545.8131103515625
54.60896329997922,1,27.72316409999621,0.9791457653045654,0.0,1.0,-5.669945279439868e-32,1877,2,0.1985587179660797,-291.5160827636719,-4.396435260772705,-545.812744140625
54.619899399986025,1,27.734100200003013,1.3882596492767334,0.0,1.0,-5.613220624046587e-34,1877,2,0.1985587179660797,-291.5159912109375,-4.39644193649292,-545.81103515625
54.63091290000011,1,27.7451137000171,1.7367089986801147,0.0,1.0,-5.501484318473974e-38,1877,2,0.1985587179660797,-291.5158386230469,-4.396503448486328,-545.8084716796875
54.64203109999653,1,27.756231900013518,1.8385237455368042,0.0,1.0,-5.446454767260553e-40,1877,2,0.1985587179660797,-291.5155029296875,-4.396639823913574,-545.8037109375
54.652671199990436,1,27.766872000007425,1.6795464754104614,0.0,1.0,-5.392196490721896e-42,1877,2,0.1985587179660797,-291.5150451660156,-4.3968071937561035,-545.7977294921875
54.66389409999829,1,27.778094900015276,1.2632617950439453,0.0,1.0,0.0,1877,2,0.1985587179660797,-291.5146484375,-4.396949291229248,-545.7926635742188
54.675719999999274,1,27.78992080001626,0.9215560555458069,0.0,1.0,0.0,1877,2,0.1985587179660797,-291.5142517089844,-4.397113800048828,-545.7881469726562
54.686843899980886,1,27.801044699997874,0.5697908401489258,0.0,1.0,0.0,1877,2,0.1985587179660797,-291.5138854980469,-4.397359371185303,-545.7838134765625
54.69780909997644,1,27.812009899993427,0.38100746273994446,0.0,1.0,0.0,1877,2,0.1985587179660797,-291.5137023925781,-4.397616386413574,-545.7813720703125
54.709223499987274,1,27.823424300004262,0.199581116437912,0.0,1.0,0.0,1877,2,0.1985587179660797,-291.5135498046875,-4.398026943206787,-545.7794189453125
54.72018729997217,1,27.834388099989155,0.12689325213432312,0.0,1.0,0.0,1877,2,0.1985587179660797,-291.5134582519531,-4.398530006408691,-545.7783203125
54.731248199997935,1,27.845449000014924,0.11021338403224945,0.0,1.0,0.0,1877,2,0.1985587179660797,-291.513427734375,-4.398921012878418,-545.7779541015625
54.74246270000003,1,27.85666350001702,0.13102564215660095,0.0,1.0,0.0,1877,2,0.1985587179660797,-291.5133972167969,-4.399266719818115,-545.77783203125
54.75342389999423,1,27.86762470001122,0.16869334876537323,0.0,1.0,0.0,1877,2,0.1985587179660797,-291.5133972167969,-4.399622440338135,-545.7780151367188
54.76451729997643,1,27.87871809999342,0.18524467945098877,0.0,1.0,0.0,1877,2,0.1985587179660797,-291.513427734375,-4.39983606338501,-545.7783813476562
54.77562789997319,1,27.889828699990176,0.18379169702529907,0.0,1.0,0.0,1877,2,0.1985587179660797,-291.5134582519531,-4.400025844573975,-545.7789306640625
54.786864499998046,1,27.901065300015034,0.15709103643894196,0.0,1.0,0.0,1877,2,0.1985587179660797,-291.5135498046875,-4.400117874145508,-545.7796020507812
54.797616899973946,1,27.911817699990934,0.12321203202009201,0.0,1.0,0.0,1877,2,0.1985587179660797,-291.5135803222656,-4.4001383781433105,-545.7800903320312
54.808641699986765,1,27.922842500003753,0.07716163992881775,0.0,1.0,0.0,1877,2,0.1985587179660797,-291.5136413574219,-4.400118827819824,-545.7805786132812
54.81976629997371,1,27.933967099990696,0.04408079758286476,0.0,1.0,0.0,1877,2,0.1985587179660797,-291.513671875,-4.400047779083252,-545.781005859375
54.83101659998647,1,27.945217400003457,0.006266004405915737,0.0,1.0,0.0,1877,2,0.1985587179660797,-291.513671875,-4.399994373321533,-545.7811889648438
54.84185069997329,1,27.95605149999028,0.0044687408953905106,0.0,1.0,0.0,1877,2,0.1985587179660797,-291.513671875,-4.399956703186035,-545.7813110351562
54.853092999983346,1,27.967293800000334,0.0038403519429266453,0.0,1.0,0.0,1877,2,0.1985587179660797,-291.513671875,-4.399956226348877,-545.78125
54.86403149997932,1,27.978232299996307,0.0034539259504526854,0.0,1.0,0.0,1877,2,0.1985587179660797,-291.513671875,-4.399955749511719,-545.78125
54.87516249998589,1,27.98936330000288,0.0028423420153558254,0.0,1.0,0.0,1877,2,0.1985587179660797,-291.513671875,-4.399956226348877,-545.78125
54.88612999999896,1,28.000330800015945,0.002996037947013974,0.0,1.0,0.0,1877,2,0.1985587179660797,-291.513671875,-4.399954319000244,-545.78125
54.89746949999244,1,28.011670300009428,0.0024155746214091778,0.0,1.0,0.0,1877,2,0.1985587179660797,-291.513671875,-4.399950981140137,-545.78125
54.90853309998056,1,28.022733899997547,0.002855452010408044,0.0,1.0,0.0,1877,2,0.1985587179660797,-291.513671875,-4.399950981140137,-545.78125
54.919492399989394,1,28.033693200006383,0.0023647642228752375,0.0,1.0,0.0,1877,2,0.1985587179660797,-291.513671875,-4.399948596954346,-545.7811889648438
54.93022439998458,1,28.04442520000157,0.004133101552724838,0.0,1.0,0.0,1877,2,0.1985587179660797,-291.513671875,-4.399949073791504,-545.7811889648438
54.940967299975455,1,28.055168099992443,0.0023772497661411762,0.0,1.0,0.0,1877,2,0.1985587179660797,-291.513671875,-4.39995002746582,-545.7811889648438
54.95203249997576,1,28.066233299992746,0.003932033199816942,0.0,1.0,0.0,1877,2,0.1985587179660797,-291.513671875,-4.399948596954346,-545.7811889648438
54.96320359999663,1,28.07740440001362,0.003016628324985504,0.0,1.0,0.0,1877,2,0.1985587179660797,-291.5136413574219,-4.399947166442871,-545.7811889648438
54.97416179999709,1,28.08836260001408,0.003771717194467783,0.0,1.0,0.0,1877,2,0.1985587179660797,-291.5136413574219,-4.399949073791504,-545.7811889648438
54.985490299994126,1,28.099691100011114,0.0031086443923413754,0.0,1.0,0.0,1877,2,0.1985587179660797,-291.5136413574219,-4.3999481201171875,-545.7811889648438
54.99606369997491,1,28.1102644999919,0.0036460624542087317,0.0,1.0,0.0,1877,2,0.1985587179660797,-291.5136413574219,-4.3999505043029785,-545.7811889648438
55.00726129999384,1,28.12146210001083,0.0031929772812873125,0.0,1.0,0.0,1877,2,0.1985587179660797,-291.5136413574219,-4.399952411651611,-545.7811889648438
55.01795409998158,1,28.132154899998568,0.0025153085589408875,0.0,1.0,0.0,1877,2,0.1985587179660797,-291.5136413574219,-4.399952411651611,-545.7811889648438
55.029187799984356,1,28.143388600001344,0.0032492249738425016,0.0,1.0,0.0,1877,2,0.1985587179660797,-291.5136413574219,-4.399954319000244,-545.7811889648438
55.04012929997407,1,28.154330099991057,0.0025516939349472523,0.0,1.0,0.0,1877,2,0.1985587179660797,-291.5136413574219,-4.399954795837402,-545.7811889648438
55.0512585999968,1,28.165459400013788,0.0033004230353981256,0.0,1.0,0.0,1877,2,0.1985587179660797,-291.5136413574219,-4.3999552726745605,-545.7811889648438
55.06216059997678,1,28.176361399993766,0.0025789483916014433,0.0,1.0,0.0,1877,2,0.1985587179660797,-291.5136413574219,-4.39995813369751,-545.7811889648438
55.07336009998107,1,28.18756089999806,0.0033814474008977413,0.0,1.0,0.0,1877,2,0.1985587179660797,-291.5136413574219,-4.399960517883301,-545.7811889648438
55.08426619999227,1,28.19846700000926,0.0026056135538965464,0.0,1.0,0.0,1877,2,0.1985587179660797,-291.5136413574219,-4.399961471557617,-545.7811279296875
55.095585899980506,1,28.209786699997494,0.003334830515086651,0.0,1.0,0.0,1877,2,0.1985587179660797,-291.5136413574219,-4.399964332580566,-545.7811279296875
55.106827299983706,1,28.221028100000694,0.002623976208269596,0.0,1.0,0.0,1877,2,0.1985587179660797,-291.5136413574219,-4.39996337890625,-545.7811279296875
55.118091499985894,1,28.232292300002882,0.0032925684936344624,0.0,0.7058823704719543,0.0,1877,2,0.1985587179660797,-291.5136413574219,-4.399968147277832,-545.7811279296875
55.12901759997476,1,28.243218399991747,0.002645299071446061,0.0,0.0,0.0,1877,2,0.1985587179660797,-291.51361083984375,-4.399967193603516,-545.7811279296875
55.139970999996876,1,28.254171800013864,0.003036475507542491,0.0,0.0,0.0,1877,2,0.1985587179660797,-291.51361083984375,-4.399971961975098,-545.7811279296875
55.151028399995994,1,28.265229200012982,0.0024502852465957403,0.0,0.0,0.0,1877,2,0.1985587179660797,-291.51361083984375,-4.399973392486572,-545.7811279296875
55.16188179998426,1,28.276082600001246,0.0031102090142667294,0.0,0.0,0.0,1877,2,0.1985587179660797,-291.51361083984375,-4.3999762535095215,-545.7811279296875
55.17319099997985,1,28.28739179999684,0.0033559950534254313,0.0,0.0,0.0,1877,2,0.1985587179660797,-291.51361083984375,-4.3999762535095215,-545.7811279296875
55.18387399998028,1,28.298074799997266,0.00299438601359725,0.0,0.0,0.0,1877,2,0.1985587179660797,-291.51361083984375,-4.3999810218811035,-545.7811279296875
55.19495889998507,1,28.309159700002056,0.003377385903149843,0.0,0.0,0.0,1877,2,0.1985587179660797,-291.51361083984375,-4.399980545043945,-545.7811279296875
55.20608069997979,1,28.32028149999678,0.002995449351146817,0.0,0.0,0.0,1877,2,0.1985587179660797,-291.51361083984375,-4.399984359741211,-545.7811279296875
55.21725439999136,1,28.33145520000835,0.003365802811458707,0.0,0.0,0.0,1877,2,0.1985587179660797,-291.51361083984375,-4.3999857902526855,-545.7811279296875
55.22816599998623,1,28.34236680000322,0.002575512509793043,0.0,0.0,0.0,1877,2,0.1985587179660797,-291.51361083984375,-4.399989128112793,-545.7811279296875
55.23902729997644,1,28.35322809999343,0.0033969131764024496,0.0,0.0,0.0,1877,2,0.1985587179660797,-291.51361083984375,-4.3999924659729,-545.7811279296875
55.24988509999821,1,28.364085900015198,0.0025661869440227747,0.0,0.0,0.0,1877,2,0.1985587179660797,-291.51361083984375,-4.399994373321533,-545.7811279296875
55.2608294999809,1,28.37503029999789,0.002968456828966737,0.0,0.0,0.0,1877,2,0.1985587179660797,-291.51361083984375,-4.399997234344482,-545.7811279296875
55.27202429997851,1,28.3862250999955,0.002606257563456893,0.0,0.0,0.0,1877,2,0.1985587179660797,-291.51361083984375,-4.399999141693115,-545.7811279296875
55.28268199999002,1,28.396882800007006,0.0029386335518211126,0.0,0.0,0.0,1877,2,0.1985587179660797,-291.51361083984375,-4.400002479553223,-545.7811279296875
55.293336299975635,1,28.407537099992624,0.0026142452843487263,0.0,0.0,0.0,1877,2,0.1985587179660797,-291.51361083984375,-4.400002479553223,-545.7811279296875
55.30464029998984,1,28.41884110000683,0.0029396091122180223,0.0,0.0,0.0,1877,2,0.1985587179660797,-291.5135803222656,-4.400007724761963,-545.7811279296875
55.31581509998068,1,28.43001589999767,0.0034290861804038286,0.0,0.0,0.0,1877,2,0.1985587179660797,-291.5135803222656,-4.400009632110596,-545.7811279296875
55.326818899979116,1,28.441019699996104,0.0029249172657728195,0.0,0.0,0.0,1877,2,0.1985587179660797,-291.5135803222656,-4.400013446807861,-545.7811279296875
55.33806619999814,1,28.452267000015127,0.0034506621304899454,0.0,0.0,0.0,1877,2,0.1985587179660797,-291.5135803222656,-4.400012969970703,-545.7811279296875
55.349380199972074,1,28.463580999989063,0.002906754147261381,0.0,0.0,0.0,1877,2,0.1985587179660797,-291.5135803222656,-4.400018692016602,-545.7811279296875
55.360485799988965,1,28.474686600005953,0.0034607539419084787,0.0,0.0,0.0,1877,2,0.1985587179660797,-291.5135803222656,-4.400018692016602,-545.7811279296875
55.37150219999603,1,28.485703000013018,0.00290563958697021,0.0,0.0,0.0,1877,2,0.1985587179660797,-291.5135803222656,-4.400022506713867,-545.7811279296875
55.38244189997204,1,28.496642699989025,0.0034710578620433807,0.0,0.0,0.0,1877,2,0.1985587179660797,-291.5135803222656,-4.4000244140625,-545.7810668945312
55.3933793999895,1,28.507580200006487,0.0,0.0,0.0,0.0,0,0,0.1985587179660797,-291.5135803222656,-4.400028228759766,-545.7810668945312
